model,alias,elapsed_h,delta_mae_24h
DM,negative_3pct,0.0416666666666666,0.00852324476725969
DM,negative_3pct,1.0416666666666667,0.008476692079090997
DM,negative_3pct,2.0416666666666665,0.00844136772720515
DM,negative_3pct,3.0416666666666665,0.008415015150804186
DM,negative_3pct,4.041666666666667,0.00839581801457045
DM,negative_3pct,5.041666666666667,0.008382591663939575
DM,negative_3pct,6.041666666666667,0.008373699509746356
DM,negative_3pct,7.041666666666667,0.008369078611604179
DM,negative_3pct,8.041666666666666,0.008367791161974395
DM,negative_3pct,9.041666666666666,0.008369633726348299
DM,negative_3pct,10.041666666666666,0.00837401839046227
DM,negative_3pct,11.041666666666666,0.008380034148633857
DM,negative_3pct,12.041666666666666,0.008384802619535541
DM,negative_3pct,13.041666666666666,0.008454079232325318
DM,negative_3pct,14.041666666666666,0.007996950063805058
DM,negative_3pct,15.041666666666666,0.008047893570593998
DM,negative_3pct,16.041666666666668,0.008104742268651174
DM,negative_3pct,17.041666666666668,0.008164498365393591
DM,negative_3pct,18.041666666666668,0.008226302973447425
DM,negative_3pct,19.041666666666668,0.008288332658753826
DM,negative_3pct,20.041666666666668,0.008346902848366332
DM,negative_3pct,21.041666666666668,0.008402263948607613
DM,negative_3pct,22.041666666666668,0.008454104886151689
DM,negative_3pct,23.041666666666668,0.008502631752466823
DM,negative_3pct,24.041666666666668,0.008548027094128535
DM,negative_3pct,25.041666666666668,0.00858134480428944
DM,negative_3pct,26.041666666666668,0.008315761649555687
DM,negative_3pct,27.041666666666668,0.00872650627950525
DM,negative_3pct,28.041666666666668,0.008680592759329794
DM,negative_3pct,29.041666666666668,0.00845241472143575
DM,negative_3pct,30.041666666666668,0.00822240152061907
DM,negative_3pct,31.041666666666668,0.007992510707598925
DM,negative_3pct,32.041666666666664,0.00776211303663807
DM,negative_3pct,33.041666666666664,0.007530584265515644
DM,negative_3pct,34.041666666666664,0.007304244685088874
DM,negative_3pct,35.041666666666664,0.007084139499452185
DM,negative_3pct,36.04166666666666,0.006873184703119579
DM,negative_3pct,37.04166666666666,0.0066709692491775646
DM,negative_3pct,38.04166666666666,0.00647071842585159
DM,negative_3pct,39.04166666666666,0.00626922368987958
DM,negative_3pct,40.04166666666666,0.006066371129365258
DM,negative_3pct,41.04166666666666,0.005862282641726223
DM,negative_3pct,42.04166666666666,0.005656908201679515
DM,negative_3pct,43.04166666666666,0.005451547306340543
DM,negative_3pct,44.04166666666666,0.005249736031512842
DM,negative_3pct,45.04166666666666,0.0050514633732814335
DM,negative_3pct,46.04166666666666,0.00485662715808058
DM,negative_3pct,47.04166666666666,0.0046651572217917036
DM,negative_3pct,48.04166666666666,0.004477044205775987
DM,negative_3pct,49.04166666666666,0.0043008332578602405
DM,negative_3pct,50.04166666666666,0.004423769079536558
DM,negative_3pct,51.04166666666666,0.003870157893821614
DM,negative_3pct,52.04166666666666,0.003773188329108605
DM,negative_3pct,53.04166666666666,0.0038587045549166835
DM,negative_3pct,54.04166666666666,0.003946384782653619
DM,negative_3pct,55.04166666666666,0.004034092511861952
DM,negative_3pct,56.04166666666666,0.004122537871704167
DM,negative_3pct,57.04166666666666,0.004211796700151337
DM,negative_3pct,58.04166666666666,0.004296206987460413
DM,negative_3pct,59.04166666666666,0.004376565223609204
DM,negative_3pct,60.04166666666666,0.004453112158984106
DM,negative_3pct,61.04166666666666,0.0045258017120085835
DM,negative_3pct,62.04166666666666,0.00459711941675951
DM,negative_3pct,63.04166666666666,0.004611127549219029
DM,negative_3pct,64.04166666666667,0.004731735100474136
DM,negative_3pct,65.04166666666667,0.005192443875393476
DM,negative_3pct,66.04166666666667,0.005008172180031499
DM,negative_3pct,67.04166666666667,0.004820922646065722
DM,negative_3pct,68.04166666666667,0.004632266851070708
DM,negative_3pct,69.04166666666667,0.004443097623568343
DM,negative_3pct,70.04166666666667,0.004253722573051496
DM,negative_3pct,71.04166666666667,0.004064232568118036
DM,negative_3pct,72.04166666666667,0.003875233730270642
DM,negative_3pct,73.04166666666667,0.0036883244322541164
DM,negative_3pct,74.04166666666667,0.0035033493745930946
DM,negative_3pct,75.04166666666667,0.003320690057580078
DM,negative_3pct,76.04166666666667,0.003140354718461763
DM,negative_3pct,77.04166666666667,0.002961670934029028
DM,negative_3pct,78.04166666666667,0.0027853463487897165
DM,negative_3pct,79.04166666666667,0.0026111674038278663
DM,negative_3pct,80.04166666666667,0.0024392940955854712
DM,negative_3pct,81.04166666666667,0.0022672638073915627
DM,negative_3pct,82.04166666666667,0.0020929492358746516
DM,negative_3pct,83.04166666666667,0.0019227145001953624
DM,negative_3pct,84.04166666666667,0.0017593341286428438
DM,negative_3pct,85.04166666666667,0.0016030034320928378
DM,negative_3pct,86.04166666666667,0.0014535520475015475
DM,negative_3pct,87.04166666666667,0.0013628350862249377
DM,negative_3pct,88.04166666666667,0.0011659251608457065
DM,negative_3pct,89.04166666666667,0.0006293871642611892
DM,negative_3pct,90.04166666666667,0.0007378453231815236
DM,negative_3pct,91.04166666666669,0.0008498487132901309
DM,negative_3pct,92.04166666666669,0.00096380126504711
DM,negative_3pct,93.04166666666669,0.0010785039512655982
DM,negative_3pct,94.04166666666669,0.0011939499401598657
DM,negative_3pct,95.04166666666669,0.0013099039251503167
DM,negative_3pct,96.04166666666669,0.0014253539978538016
DM,negative_3pct,97.04166666666669,0.0015392912911829973
DM,negative_3pct,98.04166666666669,0.0016511770803708397
DM,negative_3pct,99.04166666666669,0.0017610968535326436
DM,negative_3pct,100.04166666666669,0.0017997796293807106
DM,negative_3pct,101.04166666666669,0.001977146868068408
DM,negative_3pct,102.04166666666669,0.0029503357422608753
DM,negative_3pct,103.04166666666669,0.0033095000331856434
DM,negative_3pct,104.04166666666669,0.0036572404701537007
DM,negative_3pct,105.04166666666669,0.0040003913376790035
DM,negative_3pct,106.04166666666669,0.004341306705808483
DM,negative_3pct,107.04166666666669,0.004672993959939834
DM,negative_3pct,108.04166666666669,0.004992268150453552
DM,negative_3pct,109.04166666666669,0.005299506373525605
DM,negative_3pct,110.04166666666669,0.0055953725238034845
DM,negative_3pct,111.04166666666669,0.005886555307952037
DM,negative_3pct,112.04166666666669,0.006173466678969277
DM,negative_3pct,113.04166666666669,0.006456714769040651
DM,negative_3pct,114.04166666666669,0.006736669170317601
DM,negative_3pct,115.04166666666669,0.007012730902229298
DM,negative_3pct,116.04166666666669,0.007284979771391735
DM,negative_3pct,117.04166666666669,0.007553759616082815
DM,negative_3pct,118.04166666666669,0.007818903277563797
DM,negative_3pct,119.04166666666669,0.008080549188073959
DM,negative_3pct,120.04166666666669,0.008339042178979884
DM,negative_3pct,121.04166666666669,0.008593544071555527
DM,negative_3pct,122.04166666666669,0.008845133018519514
DM,negative_3pct,123.04166666666669,0.009093510024906127
DM,negative_3pct,124.04166666666669,0.009407848577043935
DM,negative_3pct,125.04166666666669,0.009578389866724202
DM,negative_3pct,126.04166666666669,0.008947570835714862
DM,negative_3pct,127.04166666666669,0.00892565634617836
DM,negative_3pct,128.04166666666666,0.008909830659205874
DM,negative_3pct,129.04166666666666,0.008897828830278355
DM,negative_3pct,130.04166666666666,0.008892044302285709
DM,negative_3pct,131.04166666666666,0.008891531140561472
DM,negative_3pct,132.04166666666666,0.008896310106527935
DM,negative_3pct,133.04166666666666,0.008906011240662511
DM,negative_3pct,134.04166666666666,0.008920528232803485
DM,negative_3pct,135.04166666666666,0.008936500888328307
DM,negative_3pct,136.04166666666666,0.008952976641256213
DM,negative_3pct,137.04166666666666,0.008967382875102979
DM,negative_3pct,138.04166666666666,0.008759939383029096
DM,negative_3pct,139.04166666666666,0.009221768542635105
DM,negative_3pct,140.04166666666666,0.009551026010774207
DM,negative_3pct,141.04166666666666,0.009201493585413369
DM,negative_3pct,142.04166666666666,0.008935049794951796
DM,negative_3pct,143.04166666666666,0.008761583457078613
DM,negative_3pct,144.04166666666666,0.008681146994591465
DM,negative_3pct,145.04166666666666,0.008694373228421433
DM,negative_3pct,146.04166666666666,0.008800271451353463
DM,negative_3pct,147.04166666666666,0.008999146182410885
DM,negative_3pct,148.04166666666666,0.009291042907576761
DM,negative_3pct,149.04166666666666,0.009676316544747184
DM,negative_3pct,150.04166666666666,0.010154850950075204
DM,negative_3pct,151.04166666666666,0.010726130959909343
DM,negative_3pct,152.04166666666666,0.011390476119253515
DM,negative_3pct,153.04166666666666,0.01214615918293495
DM,negative_3pct,154.04166666666666,0.01298392294272064
DM,negative_3pct,155.04166666666666,0.013777905777895593
DM,negative_3pct,156.04166666666666,0.01447502265384306
DM,negative_3pct,157.04166666666666,0.015075173430887925
DM,negative_3pct,158.04166666666666,0.015578385309136026
DM,negative_3pct,159.04166666666666,0.015987879504363388
DM,negative_3pct,160.04166666666666,0.016305312852493634
DM,negative_3pct,161.04166666666666,0.01653271257080456
DM,negative_3pct,162.04166666666666,0.016889686170884887
DM,negative_3pct,163.04166666666666,0.016485344326323037
DM,negative_3pct,164.04166666666666,0.01612154997241408
DM,negative_3pct,165.04166666666666,0.01634434999868061
DM,negative_3pct,166.04166666666666,0.016391724277688556
DM,negative_3pct,167.04166666666666,0.01624851966767586
DM,negative_3pct,168.04166666666666,0.016180455118118976
DM,negative_3pct,169.04166666666666,0.016080912182746314
DM,negative_3pct,170.04166666666666,0.016040983634006762
DM,negative_3pct,171.04166666666666,0.016037543332505438
DM,negative_3pct,172.04166666666666,0.016025923589865685
DM,negative_3pct,173.04166666666666,0.016118294452661705
DM,negative_3pct,174.04166666666666,0.016136595040902094
DM,negative_3pct,175.04166666666666,0.016287804971164183
DM,negative_3pct,176.04166666666666,0.016208216041287225
DM,negative_3pct,177.04166666666666,0.015972915855321665
DM,negative_3pct,178.04166666666666,0.015432456674772848
DM,negative_3pct,179.04166666666666,0.014926288648973246
DM,negative_3pct,180.04166666666666,0.014246940579754806
DM,negative_3pct,181.04166666666663,0.013650447720850655
DM,negative_3pct,182.04166666666663,0.0129728989807452
DM,negative_3pct,183.04166666666663,0.01261014858151136
DM,negative_3pct,184.04166666666663,0.012555003432837808
DM,negative_3pct,185.04166666666663,0.012621239374339368
DM,negative_3pct,186.04166666666663,0.012805568829853689
DM,negative_3pct,187.04166666666663,0.013107106520911668
DM,negative_3pct,188.04166666666663,0.013526666505481065
DM,negative_3pct,189.04166666666663,0.014064216990452056
DM,negative_3pct,190.04166666666663,0.014720834333077363
DM,negative_3pct,191.04166666666663,0.015503881321603507
DM,negative_3pct,192.04166666666663,0.016019782923424247
DM,negative_3pct,193.04166666666663,0.01620521657963557
DM,negative_3pct,194.04166666666663,0.01598155557043185
DM,negative_3pct,195.04166666666663,0.015586147267946611
DM,negative_3pct,196.04166666666663,0.01510629017194046
DM,negative_3pct,197.04166666666663,0.014431409881175118
DM,negative_3pct,198.04166666666663,0.013730778676794696
DM,negative_3pct,199.04166666666663,0.012804125683997044
DM,negative_3pct,200.04166666666663,0.012015600238420677
DM,negative_3pct,201.04166666666663,0.011299651135016495
DM,negative_3pct,202.04166666666663,0.010824468349616792
DM,negative_3pct,203.04166666666663,0.010344464668904605
DM,negative_3pct,204.04166666666663,0.010211239415780253
DM,negative_3pct,205.04166666666663,0.010198048359304315
DM,negative_3pct,206.04166666666663,0.01049583463341716
DM,negative_3pct,207.04166666666663,0.010711475180982734
DM,negative_3pct,208.04166666666663,0.010435036969888775
DM,negative_3pct,209.04166666666663,0.010129164829162391
DM,negative_3pct,210.04166666666663,0.009796656706710703
DM,negative_3pct,211.04166666666663,0.009438522186706566
DM,negative_3pct,212.04166666666663,0.009053590580860636
DM,negative_3pct,213.04166666666663,0.008641958984059244
DM,negative_3pct,214.04166666666663,0.008203168343230781
DM,negative_3pct,215.04166666666663,0.007735204944467847
DM,negative_3pct,216.04166666666663,0.007365907022289463
DM,negative_3pct,217.04166666666663,0.007264879283890661
DM,negative_3pct,218.04166666666663,0.007420165077620944
DM,negative_3pct,219.04166666666663,0.0076175373024349475
DM,negative_3pct,220.04166666666663,0.007814373310006381
DM,negative_3pct,221.04166666666663,0.00800878524294086
DM,negative_3pct,222.04166666666663,0.008209792626328163
DM,negative_3pct,223.04166666666663,0.008410784290060015
DM,negative_3pct,224.04166666666663,0.008611112740441837
DM,negative_3pct,225.04166666666663,0.008801421543926971
DM,negative_3pct,226.04166666666663,0.008969127028142076
DM,negative_3pct,227.04166666666663,0.009146143540047868
DM,negative_3pct,228.04166666666663,0.00924181606772804
DM,negative_3pct,229.04166666666663,0.009226435193109901
DM,negative_3pct,230.04166666666663,0.009073376588231753
DM,negative_3pct,231.04166666666663,0.00877974155542863
DM,negative_3pct,232.04166666666663,0.008763270564166835
DM,negative_3pct,233.04166666666663,0.008751383606255466
DM,negative_3pct,234.04166666666663,0.008744801223275209
DM,negative_3pct,235.04166666666663,0.008743474859022018
DM,negative_3pct,236.04166666666663,0.008747820909862928
DM,negative_3pct,237.04166666666663,0.008757698717239311
DM,negative_3pct,238.04166666666663,0.00877069379916328
DM,negative_3pct,239.04166666666663,0.008784054331148029
DM,negative_3pct,240.04166666666663,0.008797715848914471
DM,negative_3pct,241.04166666666663,0.008811666923669555
DM,negative_3pct,242.04166666666663,0.008820478076982451
DM,negative_3pct,243.04166666666663,0.00860355503363411
DM,negative_3pct,244.04166666666663,0.009105085431439598
DM,negative_3pct,245.04166666666663,0.009315635938940378
DM,negative_3pct,246.04166666666663,0.009321947195564442
DM,negative_3pct,247.04166666666663,0.00932333439880682
DM,negative_3pct,248.04166666666663,0.009323211278072155
DM,negative_3pct,249.04166666666663,0.009321917306349212
DM,negative_3pct,250.04166666666663,0.009322521345901245
DM,negative_3pct,251.04166666666663,0.009328107061476285
DM,negative_3pct,252.04166666666663,0.009338402667357602
DM,negative_3pct,253.04166666666663,0.009353694705206493
DM,negative_3pct,254.04166666666663,0.009373770955904694
DM,negative_3pct,255.04166666666663,0.009398620581626185
DM,negative_3pct,256.0416666666667,0.009423782596725416
DM,negative_3pct,257.0416666666667,0.009444513377817286
DM,negative_3pct,258.0416666666667,0.009460581394704511
DM,negative_3pct,259.0416666666667,0.009471998566584768
DM,negative_3pct,260.0416666666667,0.00947888852626106
DM,negative_3pct,261.0416666666667,0.00948106630300561
DM,negative_3pct,262.0416666666667,0.009480299935963837
DM,negative_3pct,263.0416666666667,0.009479648760750848
DM,negative_3pct,264.0416666666667,0.009478580356074646
DM,negative_3pct,265.0416666666667,0.009477846027635031
DM,negative_3pct,266.0416666666667,0.009482412651525175
DM,negative_3pct,267.0416666666667,0.009712810402913415
DM,negative_3pct,268.0416666666667,0.009224926316891426
DM,negative_3pct,269.0416666666667,0.009028252146491078
DM,negative_3pct,270.0416666666667,0.009035584586541417
DM,negative_3pct,271.0416666666667,0.00904797269290347
DM,negative_3pct,272.0416666666667,0.009062024583722576
DM,negative_3pct,273.0416666666667,0.009077303057210686
DM,negative_3pct,274.0416666666667,0.009090625953831128
DM,negative_3pct,275.0416666666667,0.009099583707091644
DM,negative_3pct,276.0416666666667,0.009103600502853337
DM,negative_3pct,277.0416666666667,0.00910286418055841
DM,negative_3pct,278.0416666666667,0.009097426941897883
DM,negative_3pct,279.0416666666667,0.009087584669128351
DM,negative_3pct,280.0416666666667,0.00898679636935837
DM,negative_3pct,281.0416666666667,0.009082745087868308
DM,negative_3pct,282.0416666666667,0.009585913932303762
DM,negative_3pct,283.0416666666667,0.009597301444897685
DM,negative_3pct,284.0416666666667,0.00960132680172585
DM,negative_3pct,285.0416666666667,0.00960218749890453
DM,negative_3pct,286.0416666666667,0.009602078819213319
DM,negative_3pct,287.0416666666667,0.009601094568358823
DM,negative_3pct,288.0416666666667,0.009600292637354771
DM,negative_3pct,289.0416666666667,0.009599298943444993
DM,negative_3pct,290.0416666666667,0.00959829639513212
DM,negative_3pct,291.0416666666667,0.009597646172130603
DM,negative_3pct,292.0416666666667,0.009597042430288144
DM,negative_3pct,293.0416666666667,0.009596761518258647
DM,negative_3pct,294.0416666666667,0.009597214282390933
DM,negative_3pct,295.0416666666667,0.00959782266103802
DM,negative_3pct,296.0416666666667,0.009598577360899592
DM,negative_3pct,297.0416666666667,0.009599425631150191
DM,negative_3pct,298.0416666666667,0.009602328971216921
DM,negative_3pct,299.0416666666667,0.00961011362762582
DM,negative_3pct,300.0416666666667,0.00962322765122999
DM,negative_3pct,301.0416666666667,0.009641336186819567
DM,negative_3pct,302.0416666666667,0.009664291046181939
DM,negative_3pct,303.0416666666667,0.0096920137735377
DM,negative_3pct,304.0416666666667,0.00981145203121053
DM,negative_3pct,305.0416666666667,0.009734250876576426
DM,negative_3pct,306.0416666666667,0.009250163542534731
DM,negative_3pct,307.0416666666667,0.009258082143856972
DM,negative_3pct,308.0416666666667,0.009273353428276546
DM,negative_3pct,309.0416666666667,0.009291845946925914
DM,negative_3pct,310.0416666666667,0.009311665090988915
DM,negative_3pct,311.0416666666667,0.009332459768702145
DM,negative_3pct,312.0416666666667,0.009353514002260567
DM,negative_3pct,313.0416666666667,0.009374748339706552
DM,negative_3pct,314.0416666666667,0.009396245214072403
DM,negative_3pct,315.0416666666667,0.009417682623265037
DM,negative_3pct,316.0416666666667,0.009439106659969634
DM,negative_3pct,317.0416666666667,0.009420289413071957
DM,negative_3pct,318.0416666666667,0.009194447328186205
DM,negative_3pct,319.0416666666667,0.009807339839895984
DM,negative_3pct,320.0416666666667,0.009885847016033213
DM,negative_3pct,321.0416666666667,0.00992445133239255
DM,negative_3pct,322.0416666666667,0.009955516815830123
DM,negative_3pct,323.0416666666667,0.009980157323230057
DM,negative_3pct,324.0416666666667,0.010001330579907122
DM,negative_3pct,325.0416666666667,0.010017888330747564
DM,negative_3pct,326.0416666666667,0.010028685275358006
DM,negative_3pct,327.0416666666667,0.01003440809233535
DM,negative_3pct,328.0416666666667,0.0100382882627455
DM,negative_3pct,329.0416666666667,0.01004218152379124
DM,negative_3pct,330.0416666666667,0.010045872148774835
DM,negative_3pct,331.0416666666667,0.010049521598735036
DM,negative_3pct,332.0416666666667,0.010053279607078865
DM,negative_3pct,333.0416666666667,0.010057145675164582
DM,negative_3pct,334.0416666666667,0.010061113087603109
DM,negative_3pct,335.0416666666667,0.010065036958219194
DM,negative_3pct,336.0416666666667,0.010069338897632642
DM,negative_3pct,337.0416666666667,0.010073965355182535
DM,negative_3pct,338.0416666666667,0.010078594879173413
DM,negative_3pct,339.0416666666667,0.010083233763173315
DM,negative_3pct,340.0416666666667,0.010088262401931057
DM,negative_3pct,341.0416666666667,0.010133357935573456
DM,negative_3pct,342.0416666666667,0.010385786238681853
DM,negative_3pct,343.0416666666667,0.009799554324399705
DM,negative_3pct,344.0416666666667,0.00974818169904794
DM,negative_3pct,345.0416666666667,0.009737017568694141
DM,negative_3pct,346.0416666666667,0.00973153238731506
DM,negative_3pct,347.0416666666667,0.00972792325922676
DM,negative_3pct,348.0416666666667,0.009722854731235691
DM,negative_3pct,349.0416666666667,0.009720477666842857
DM,negative_3pct,350.0416666666667,0.009724250502075999
DM,negative_3pct,351.0416666666667,0.00973338663329483
DM,negative_3pct,352.0416666666667,0.009748155222930172
DM,negative_3pct,353.0416666666667,0.009768297758562007
DM,negative_3pct,354.0416666666667,0.009793433289384436
DM,negative_3pct,355.0416666666667,0.009612423672452679
DM,negative_3pct,356.0416666666667,0.009781343175924202
DM,negative_3pct,357.0416666666667,0.01034387472264791
DM,negative_3pct,358.0416666666667,0.01040677302299116
DM,negative_3pct,359.0416666666667,0.010457224708975456
DM,negative_3pct,360.0416666666667,0.010497222273882317
DM,negative_3pct,361.0416666666667,0.010529406041991558
DM,negative_3pct,362.0416666666667,0.010556130563756073
DM,negative_3pct,363.0416666666667,0.010579477119208246
DM,negative_3pct,364.0416666666667,0.010600324418343193
DM,negative_3pct,365.0416666666667,0.010619606856077525
DM,negative_3pct,366.0416666666667,0.010637444429705316
DM,negative_3pct,367.0416666666667,0.0106555347922501
DM,negative_3pct,368.0416666666667,0.010672084262484283
DM,negative_3pct,369.0416666666667,0.010688153203389424
DM,negative_3pct,370.0416666666667,0.010704187082570402
DM,negative_3pct,371.0416666666667,0.01071973693136694
DM,negative_3pct,372.0416666666667,0.01073538893436425
DM,negative_3pct,373.0416666666667,0.010748359646219991
DM,negative_3pct,374.0416666666667,0.010756753987821617
DM,negative_3pct,375.0416666666667,0.010760843741276033
DM,negative_3pct,376.0416666666667,0.010764349257615718
DM,negative_3pct,377.0416666666667,0.010768041252735196
DM,negative_3pct,378.0416666666667,0.01077257561458071
DM,negative_3pct,379.0416666666667,0.010988905580337376
DM,negative_3pct,380.0416666666667,0.010860763372627919
DM,negative_3pct,381.0416666666667,0.01034239242468498
DM,negative_3pct,382.0416666666667,0.010324222834445946
DM,negative_3pct,383.0416666666667,0.010319053377495795
DM,negative_3pct,384.0416666666667,0.010324662394710755
DM,negative_3pct,385.0416666666667,0.010338555751089546
DM,negative_3pct,386.0416666666667,0.01035861257656304
DM,negative_3pct,387.0416666666667,0.010382637205020567
DM,negative_3pct,388.0416666666667,0.010409663060228625
DM,negative_3pct,389.0416666666667,0.010439072120525533
DM,negative_3pct,390.0416666666667,0.010470368196679564
DM,negative_3pct,391.0416666666667,0.010502085244650315
DM,negative_3pct,392.0416666666667,0.010506263453197509
DM,negative_3pct,393.0416666666667,0.010156615421483585
DM,negative_3pct,394.0416666666667,0.010579285283198438
DM,negative_3pct,395.0416666666667,0.011173504456718273
DM,negative_3pct,396.0416666666667,0.010862546772365346
DM,negative_3pct,397.0416666666667,0.010482542673818788
DM,negative_3pct,398.0416666666667,0.01019472915159405
DM,negative_3pct,399.0416666666667,0.009998991092937387
DM,negative_3pct,400.0416666666667,0.00989137712758668
DM,negative_3pct,401.0416666666667,0.009871195642433727
DM,negative_3pct,402.0416666666667,0.009938347408397717
DM,negative_3pct,403.0416666666667,0.01009271512939177
DM,negative_3pct,404.0416666666667,0.010334248035091018
DM,negative_3pct,405.0416666666667,0.010665368640954102
DM,negative_3pct,406.0416666666667,0.011088774090905204
DM,negative_3pct,407.0416666666667,0.01160439698156381
DM,negative_3pct,408.0416666666667,0.012212308092888507
DM,negative_3pct,409.0416666666667,0.012904164625714571
DM,negative_3pct,410.0416666666667,0.013549075666243578
DM,negative_3pct,411.0416666666667,0.014100937316251937
DM,negative_3pct,412.0416666666667,0.014559565544047193
DM,negative_3pct,413.0416666666667,0.014925154051615843
DM,negative_3pct,414.0416666666667,0.01519762282416894
DM,negative_3pct,415.0416666666667,0.01537691085634201
DM,negative_3pct,416.0416666666667,0.015492552088035481
DM,negative_3pct,417.0416666666667,0.01586993277994052
DM,negative_3pct,418.0416666666667,0.015382756145565326
DM,negative_3pct,419.0416666666667,0.01463158550164664
DM,negative_3pct,420.0416666666667,0.014693008581780529
DM,negative_3pct,421.0416666666667,0.01470403949450967
DM,negative_3pct,422.0416666666667,0.014842262411754934
DM,negative_3pct,423.0416666666667,0.014900001646322622
DM,negative_3pct,424.0416666666667,0.015071756241937292
DM,negative_3pct,425.0416666666667,0.015225459578107373
DM,negative_3pct,426.0416666666667,0.01542531480902181
DM,negative_3pct,427.0416666666667,0.015674850785253117
DM,negative_3pct,428.0416666666667,0.01590607460926105
DM,negative_3pct,429.0416666666667,0.01613780693802388
DM,negative_3pct,430.0416666666667,0.016150738032378487
DM,negative_3pct,431.0416666666667,0.015984483376277878
DM,negative_3pct,432.0416666666667,0.015530831851271472
DM,negative_3pct,433.0416666666667,0.01497294475012236
DM,negative_3pct,434.0416666666667,0.014200777216022527
DM,negative_3pct,435.0416666666667,0.013520883166492241
DM,negative_3pct,436.0416666666667,0.012753799897557079
DM,negative_3pct,437.0416666666667,0.012374731430825797
DM,negative_3pct,438.0416666666667,0.012300839351235042
DM,negative_3pct,439.0416666666667,0.012348434866047076
DM,negative_3pct,440.0416666666667,0.012514050328695455
DM,negative_3pct,441.0416666666667,0.012796711341556528
DM,negative_3pct,442.0416666666667,0.013197385587698151
DM,negative_3pct,443.0416666666667,0.013716239299655309
DM,negative_3pct,444.0416666666667,0.014354077341187108
DM,negative_3pct,445.0416666666667,0.015139565815924263
DM,negative_3pct,446.0416666666667,0.01560517804092041
DM,negative_3pct,447.0416666666667,0.015789012394684263
DM,negative_3pct,448.0416666666667,0.015510244817248628
DM,negative_3pct,449.0416666666667,0.015114759835871409
DM,negative_3pct,450.0416666666667,0.01458039590939178
DM,negative_3pct,451.0416666666667,0.013905454656471075
DM,negative_3pct,452.0416666666667,0.013148902843453849
DM,negative_3pct,453.0416666666667,0.01229859651701431
DM,negative_3pct,454.0416666666667,0.011574402436523357
DM,negative_3pct,455.0416666666667,0.010946607485447965
DM,negative_3pct,456.0416666666667,0.010535606415534936
DM,negative_3pct,457.0416666666667,0.01013455986863805
DM,negative_3pct,458.0416666666667,0.010075564617598795
DM,negative_3pct,459.0416666666667,0.010127346779120671
DM,negative_3pct,460.0416666666667,0.010496607840631866
DM,negative_3pct,461.0416666666667,0.010709749650626356
DM,negative_3pct,462.0416666666667,0.010454165315743552
DM,negative_3pct,463.0416666666667,0.010173014670962235
DM,negative_3pct,464.0416666666667,0.00986579569522545
DM,negative_3pct,465.0416666666667,0.009533197906042604
DM,negative_3pct,466.0416666666667,0.009174114204931118
DM,negative_3pct,467.0416666666667,0.008788769445471831
DM,negative_3pct,468.0416666666667,0.00837552966108842
DM,negative_3pct,469.0416666666667,0.007932904754898763
DM,negative_3pct,470.0416666666667,0.007589780341500967
DM,negative_3pct,471.0416666666667,0.007515491258461466
DM,negative_3pct,472.0416666666667,0.007696420946902812
DM,negative_3pct,473.0416666666667,0.007918799747898107
DM,negative_3pct,474.0416666666667,0.008140470740839727
DM,negative_3pct,475.0416666666667,0.00836003794578024
DM,negative_3pct,476.0416666666667,0.008586326438316947
DM,negative_3pct,477.0416666666667,0.008812431851848154
DM,negative_3pct,478.0416666666667,0.009037805403292739
DM,negative_3pct,479.0416666666667,0.00925247688465866
DM,negative_3pct,480.0416666666667,0.009444778248378536
DM,negative_3pct,481.0416666666667,0.009646161271795108
DM,negative_3pct,482.0416666666667,0.0097655187949807
DM,negative_3pct,483.0416666666667,0.009774037243359134
DM,negative_3pct,484.0416666666667,0.009643559558513027
DM,negative_3pct,485.0416666666667,0.00937406245935605
DM,negative_3pct,486.0416666666667,0.009364392245764063
DM,negative_3pct,487.0416666666667,0.009355782368490757
DM,negative_3pct,488.0416666666667,0.009352083247923339
DM,negative_3pct,489.0416666666667,0.009353398128871756
DM,negative_3pct,490.0416666666667,0.009359933241502524
DM,negative_3pct,491.0416666666667,0.009369580260719382
DM,negative_3pct,492.0416666666667,0.009380135667433842
DM,negative_3pct,493.0416666666667,0.009391463650998525
DM,negative_3pct,494.0416666666667,0.009402866147264858
DM,negative_3pct,495.0416666666667,0.009414782364251308
DM,negative_3pct,496.0416666666667,0.009420257014857911
DM,negative_3pct,497.0416666666667,0.009145137561109934
DM,negative_3pct,498.0416666666667,0.009524441230325826
DM,negative_3pct,499.0416666666667,0.009767357677838767
DM,negative_3pct,500.0416666666667,0.009784896087450852
DM,negative_3pct,501.0416666666667,0.00979890649546857
DM,negative_3pct,502.0416666666667,0.009809319694694426
DM,negative_3pct,503.0416666666667,0.009817710512175871
DM,negative_3pct,504.0416666666667,0.00982457891904689
DM,negative_3pct,505.0416666666667,0.009833946485337218
DM,negative_3pct,506.0416666666667,0.009847754128016984
DM,negative_3pct,507.0416666666667,0.009865832587772853
DM,negative_3pct,508.0416666666667,0.009889297450920369
DM,negative_3pct,509.0416666666667,0.009916704368437373
DM,negative_3pct,510.0416666666667,0.0099438199202642
DM,negative_3pct,511.0416666666667,0.009967158223375799
DM,negative_3pct,512.0416666666666,0.009985934409479865
DM,negative_3pct,513.0416666666666,0.010000156124239214
DM,negative_3pct,514.0416666666666,0.010009735459162035
DM,negative_3pct,515.0416666666666,0.010016754622462893
DM,negative_3pct,516.0416666666666,0.010023962424781062
DM,negative_3pct,517.0416666666666,0.010031307133215019
DM,negative_3pct,518.0416666666666,0.01003895984774826
DM,negative_3pct,519.0416666666666,0.010046658063737328
DM,negative_3pct,520.0416666666666,0.010061458610161687
DM,negative_3pct,521.0416666666666,0.010357311902867183
DM,negative_3pct,522.0416666666666,0.009999153526943395
DM,negative_3pct,523.0416666666666,0.009777578650331247
DM,negative_3pct,524.0416666666666,0.009781764315189139
DM,negative_3pct,525.0416666666666,0.009790238211799602
DM,negative_3pct,526.0416666666666,0.009802897626256728
DM,negative_3pct,527.0416666666666,0.009818311416212625
DM,negative_3pct,528.0416666666666,0.009835506766499035
DM,negative_3pct,529.0416666666666,0.009850706947791131
DM,negative_3pct,530.0416666666666,0.009862202539295435
DM,negative_3pct,531.0416666666666,0.009869921940239628
DM,negative_3pct,532.0416666666666,0.00987344069720514
DM,negative_3pct,533.0416666666666,0.009872727305429777
DM,negative_3pct,534.0416666666666,0.009772463773463315
DM,negative_3pct,535.0416666666666,0.009679460204141671
DM,negative_3pct,536.0416666666666,0.010270184657729085
DM,negative_3pct,537.0416666666666,0.010330556717368034
DM,negative_3pct,538.0416666666666,0.010381860316434528
DM,negative_3pct,539.0416666666666,0.01042404771602265
DM,negative_3pct,540.0416666666666,0.010459364103100536
DM,negative_3pct,541.0416666666666,0.010489794252997432
DM,negative_3pct,542.0416666666666,0.010516536923990426
DM,negative_3pct,543.0416666666666,0.010540637634438165
DM,negative_3pct,544.0416666666666,0.010562650996557949
DM,negative_3pct,545.0416666666666,0.01058277137001447
DM,negative_3pct,546.0416666666666,0.010601710444974375
DM,negative_3pct,547.0416666666666,0.010620024172247508
DM,negative_3pct,548.0416666666666,0.010637917475599527
DM,negative_3pct,549.0416666666666,0.01065537311384939
DM,negative_3pct,550.0416666666666,0.010672549394402629
DM,negative_3pct,551.0416666666666,0.010689648723801508
DM,negative_3pct,552.0416666666666,0.010706885218960661
DM,negative_3pct,553.0416666666666,0.010724185870955003
DM,negative_3pct,554.0416666666666,0.010741611854179746
DM,negative_3pct,555.0416666666666,0.010759097106304242
DM,negative_3pct,556.0416666666666,0.010776953446198707
DM,negative_3pct,557.0416666666666,0.010794485399120849
DM,negative_3pct,558.0416666666666,0.010908440547924845
DM,negative_3pct,559.0416666666666,0.011017081588250287
DM,negative_3pct,560.0416666666666,0.010447742507054674
DM,negative_3pct,561.0416666666666,0.010415003037812181
DM,negative_3pct,562.0416666666666,0.010397368659355737
DM,negative_3pct,563.0416666666666,0.0103948261443096
DM,negative_3pct,564.0416666666666,0.010405062964142613
DM,negative_3pct,565.0416666666666,0.010422079179609115
DM,negative_3pct,566.0416666666666,0.010443919979092135
DM,negative_3pct,567.0416666666666,0.010469053749315761
DM,negative_3pct,568.0416666666666,0.010497352165906441
DM,negative_3pct,569.0416666666666,0.010528698931503624
DM,negative_3pct,570.0416666666666,0.010562694068659945
DM,negative_3pct,571.0416666666666,0.010587145825858575
DM,negative_3pct,572.0416666666666,0.010256830379213596
DM,negative_3pct,573.0416666666666,0.010469495911853068
DM,negative_3pct,574.0416666666666,0.01105757041586544
DM,negative_3pct,575.0416666666666,0.011196284512669581
DM,negative_3pct,576.0416666666666,0.011314604608282706
DM,negative_3pct,577.0416666666666,0.011418776313871773
DM,negative_3pct,578.0416666666666,0.011513254020836333
DM,negative_3pct,579.0416666666666,0.01160089475809427
DM,negative_3pct,580.0416666666666,0.011683239132072525
DM,negative_3pct,581.0416666666666,0.011761881466546074
DM,negative_3pct,582.0416666666666,0.011837356252563727
DM,negative_3pct,583.0416666666666,0.011908281173584587
DM,negative_3pct,584.0416666666666,0.01197240685587886
DM,negative_3pct,585.0416666666666,0.012029838484315792
DM,negative_3pct,586.0416666666666,0.01208141152891501
DM,negative_3pct,587.0416666666666,0.012127212588205162
DM,negative_3pct,588.0416666666666,0.012167904440170914
DM,negative_3pct,589.0416666666666,0.012207752381108565
DM,negative_3pct,590.0416666666666,0.012248126779962214
DM,negative_3pct,591.0416666666666,0.012289631638131824
DM,negative_3pct,592.0416666666666,0.012332211912093627
DM,negative_3pct,593.0416666666666,0.012376373901172395
DM,negative_3pct,594.0416666666666,0.012423632466608507
DM,negative_3pct,595.0416666666666,0.012489014344916297
DM,negative_3pct,596.0416666666666,0.012918358666041243
DM,negative_3pct,597.0416666666666,0.012818551549086765
DM,negative_3pct,598.0416666666666,0.012352812978247746
DM,negative_3pct,599.0416666666666,0.012334660351930515
DM,negative_3pct,600.0416666666666,0.012332858195364414
DM,negative_3pct,601.0416666666666,0.01233905588273957
DM,negative_3pct,602.0416666666666,0.01234609015884542
DM,negative_3pct,603.0416666666666,0.012348367474189536
DM,negative_3pct,604.0416666666666,0.01234145044415217
DM,negative_3pct,605.0416666666666,0.01234874807583067
DM,negative_3pct,606.0416666666666,0.012415599303488494
DM,negative_3pct,607.0416666666666,0.012470774994672132
DM,negative_3pct,608.0416666666666,0.012468821285280127
DM,negative_3pct,609.0416666666666,0.011992205285050728
DM,negative_3pct,610.0416666666666,0.01181003912362993
DM,negative_3pct,611.0416666666666,0.012304523511122056
DM,negative_3pct,612.0416666666666,0.012533397401017271
DM,negative_3pct,613.0416666666666,0.012640433185595455
DM,negative_3pct,614.0416666666666,0.012729623846263324
DM,negative_3pct,615.0416666666666,0.012819150545870888
DM,negative_3pct,616.0416666666666,0.01289062211539688
DM,negative_3pct,617.0416666666666,0.012940865819814714
DM,negative_3pct,618.0416666666666,0.012966632906724425
DM,negative_3pct,619.0416666666666,0.012962519207636818
DM,negative_3pct,620.0416666666666,0.012925168793606896
DM,negative_3pct,621.0416666666666,0.012913398961815814
DM,negative_3pct,622.0416666666666,0.012919615577262568
DM,negative_3pct,623.0416666666666,0.012896806079464909
DM,negative_3pct,624.0416666666666,0.012842712266466542
DM,negative_3pct,625.0416666666666,0.012801530776866127
DM,negative_3pct,626.0416666666666,0.01282827311155517
DM,negative_3pct,627.0416666666666,0.01282027372061506
DM,negative_3pct,628.0416666666666,0.01278902550856117
DM,negative_3pct,629.0416666666666,0.01283325816679886
DM,negative_3pct,630.0416666666666,0.01276994246057366
DM,negative_3pct,631.0416666666666,0.012703419757069241
DM,negative_3pct,632.0416666666666,0.012754386590206725
DM,negative_3pct,633.0416666666666,0.013207988533540365
DM,negative_3pct,634.0416666666666,0.013442430537051488
DM,negative_3pct,635.0416666666666,0.012949329610701105
DM,negative_3pct,636.0416666666666,0.012750766592370079
DM,negative_3pct,637.0416666666666,0.012659363831106546
DM,negative_3pct,638.0416666666666,0.012591900443407565
DM,negative_3pct,639.0416666666666,0.012521028016827964
DM,negative_3pct,640.0416666666666,0.012253981586553046
DM,negative_3pct,641.0416666666666,0.011696933367525116
DM,negative_3pct,642.0416666666666,0.011531544351146818
DM,negative_3pct,643.0416666666666,0.01194388327379613
DM,negative_3pct,644.0416666666666,0.012138150629983205
DM,negative_3pct,645.0416666666666,0.011609202496749186
DM,negative_3pct,646.0416666666666,0.011062944569006864
DM,negative_3pct,647.0416666666666,0.010626800052624175
DM,negative_3pct,648.0416666666666,0.010318828465870296
DM,negative_3pct,649.0416666666666,0.010096818368615437
DM,negative_3pct,650.0416666666666,0.009908137075414374
DM,negative_3pct,651.0416666666666,0.009858317503026888
DM,negative_3pct,652.0416666666666,0.009938856161253042
DM,negative_3pct,653.0416666666666,0.010026240790414783
DM,negative_3pct,654.0416666666666,0.010257038374402883
DM,negative_3pct,655.0416666666666,0.010597483752808516
DM,negative_3pct,656.0416666666666,0.01097170273106352
DM,negative_3pct,657.0416666666666,0.011478845676236358
DM,negative_3pct,658.0416666666666,0.011834924765816657
DM,negative_3pct,659.0416666666666,0.012149412621361563
DM,negative_3pct,660.0416666666666,0.012342032312111718
DM,negative_3pct,661.0416666666666,0.012455961951142297
DM,negative_3pct,662.0416666666666,0.0124696742746286
DM,negative_3pct,663.0416666666666,0.012392437066359245
DM,negative_3pct,664.0416666666666,0.012434878499170283
DM,negative_3pct,665.0416666666666,0.012693313440139999
DM,negative_3pct,666.0416666666666,0.012476877542651393
DM,negative_3pct,667.0416666666666,0.011594078312668538
DM,negative_3pct,668.0416666666666,0.011191416447886175
DM,negative_3pct,669.0416666666666,0.011474175403700545
DM,negative_3pct,670.0416666666666,0.012002955855868708
DM,negative_3pct,671.0416666666666,0.012477983363107445
DM,negative_3pct,672.0416666666666,0.013048821943297671
DM,negative_3pct,673.0416666666666,0.013619730649475005
DM,negative_3pct,674.0416666666666,0.014173006050287826
DM,negative_3pct,675.0416666666666,0.014523100051218272
DM,negative_3pct,676.0416666666666,0.014706770677188893
DM,negative_3pct,677.0416666666666,0.014658305688201022
DM,negative_3pct,678.0416666666666,0.014375276828883525
DM,negative_3pct,679.0416666666666,0.013912374873727922
DM,negative_3pct,680.0416666666666,0.013030567217810863
DM,negative_3pct,681.0416666666666,0.012633542044446947
DM,negative_3pct,682.0416666666666,0.01238970729543052
DM,negative_3pct,683.0416666666666,0.012263976198786039
DM,negative_3pct,684.0416666666666,0.012256124561237194
DM,negative_3pct,685.0416666666666,0.01236513111680566
DM,negative_3pct,686.0416666666666,0.012593407044001722
DM,negative_3pct,687.0416666666666,0.012939918744773994
DM,negative_3pct,688.0416666666666,0.013408479724672087
DM,negative_3pct,689.0416666666666,0.013974851413554932
DM,negative_3pct,690.0416666666666,0.014492774249143128
DM,negative_3pct,691.0416666666666,0.014827666600618183
DM,negative_3pct,692.0416666666666,0.014722619638821738
DM,negative_3pct,693.0416666666666,0.014608330727938148
DM,negative_3pct,694.0416666666666,0.014238444065711548
DM,negative_3pct,695.0416666666666,0.013843454787109123
DM,negative_3pct,696.0416666666666,0.013253418838551774
DM,negative_3pct,697.0416666666666,0.01257073219865372
DM,negative_3pct,698.0416666666666,0.011813093446191417
DM,negative_3pct,699.0416666666666,0.011187803187699042
DM,negative_3pct,700.0416666666666,0.01063789504444123
DM,negative_3pct,701.0416666666666,0.01024246380013765
DM,negative_3pct,702.0416666666666,0.010084957798827144
DM,negative_3pct,703.0416666666666,0.010124645594218112
DM,negative_3pct,704.0416666666666,0.010653452502748907
DM,negative_3pct,705.0416666666666,0.01070363368313488
DM,negative_3pct,706.0416666666666,0.010434242142799265
DM,negative_3pct,707.0416666666666,0.010144540092591975
DM,negative_3pct,708.0416666666666,0.009828836190624522
DM,negative_3pct,709.0416666666666,0.00948726913809875
DM,negative_3pct,710.0416666666666,0.009117564019886322
DM,negative_3pct,711.0416666666666,0.008720526492643689
DM,negative_3pct,712.0416666666666,0.008292599747426787
DM,negative_3pct,713.0416666666666,0.007858502744957151
DM,negative_3pct,714.0416666666666,0.007574810454763016
DM,negative_3pct,715.0416666666666,0.007583802016842627
DM,negative_3pct,716.0416666666666,0.007794515488306334
DM,negative_3pct,717.0416666666666,0.008011998983955122
DM,negative_3pct,718.0416666666666,0.008228605867061499
DM,negative_3pct,719.0416666666666,0.008444111582222611
DM,negative_3pct,720.0416666666666,0.008666946852065163
DM,negative_3pct,721.0416666666666,0.008893818655180656
DM,negative_3pct,722.0416666666666,0.009124171026294106
DM,negative_3pct,723.0416666666666,0.009336039838329195
DM,negative_3pct,724.0416666666666,0.009550151142812262
DM,negative_3pct,725.0416666666666,0.009753410385831038
DM,negative_3pct,726.0416666666666,0.009861637066274043
DM,negative_3pct,727.0416666666666,0.009859152480158995
DM,negative_3pct,728.0416666666666,0.009693061831815243
DM,negative_3pct,729.0416666666666,0.009459938797940041
DM,negative_3pct,730.0416666666666,0.009468715182500994
DM,negative_3pct,731.0416666666666,0.009471605529496207
DM,negative_3pct,732.0416666666666,0.009474382308164787
DM,negative_3pct,733.0416666666666,0.009478429222719742
DM,negative_3pct,734.0416666666666,0.009483543532825857
DM,negative_3pct,735.0416666666666,0.009489699959091057
DM,negative_3pct,736.0416666666666,0.009496809471430919
DM,negative_3pct,737.0416666666666,0.009504688767637609
DM,negative_3pct,738.0416666666666,0.009513279067373842
DM,negative_3pct,739.0416666666666,0.00952271305759591
DM,negative_3pct,740.0416666666666,0.009488535670540624
DM,negative_3pct,741.0416666666666,0.009181351639864062
DM,negative_3pct,742.0416666666666,0.009668928329817006
DM,negative_3pct,743.0416666666666,0.009824267938097424
DM,negative_3pct,744.0416666666666,0.009928213324765657
DM,negative_3pct,745.0416666666666,0.010021515411960998
DM,negative_3pct,746.0416666666666,0.010108204389224277
DM,negative_3pct,747.0416666666666,0.01019174573872903
DM,negative_3pct,748.0416666666666,0.01027250633963566
DM,negative_3pct,749.0416666666666,0.010347865405447765
DM,negative_3pct,750.0416666666666,0.01042118068409821
DM,negative_3pct,751.0416666666666,0.010494235909860667
DM,negative_3pct,752.0416666666666,0.010567249352846702
DM,negative_3pct,753.0416666666666,0.010640625969783903
DM,negative_3pct,754.0416666666666,0.010714147313713666
DM,negative_3pct,755.0416666666666,0.010788340851753266
DM,negative_3pct,756.0416666666666,0.010862838748858255
DM,negative_3pct,757.0416666666666,0.010937926646302118
DM,negative_3pct,758.0416666666666,0.011013968478783236
DM,negative_3pct,759.0416666666666,0.011090991864781656
DM,negative_3pct,760.0416666666666,0.011169328273363293
DM,negative_3pct,761.0416666666666,0.011248824449644134
DM,negative_3pct,762.0416666666666,0.01133006429262972
DM,negative_3pct,763.0416666666666,0.011413249683849054
DM,negative_3pct,764.0416666666666,0.011542061790597245
DM,negative_3pct,765.0416666666666,0.01194345304170871
DM,negative_3pct,766.0416666666666,0.011547826533484833
DM,negative_3pct,767.0416666666666,0.011481110304340817
DM,negative_3pct,768.0416666666666,0.011459452965259137
DM,negative_3pct,769.0416666666666,0.011446031349069248
DM,negative_3pct,770.0416666666666,0.0114593314583363
DM,negative_3pct,771.0416666666666,0.011492913937999772
DM,negative_3pct,772.0416666666666,0.01151966472395299
DM,negative_3pct,773.0416666666666,0.011538111143797469
DM,negative_3pct,774.0416666666666,0.011545673854553717
DM,negative_3pct,775.0416666666666,0.011539648180532033
DM,negative_3pct,776.0416666666666,0.011516895751497926
DM,negative_3pct,777.0416666666666,0.011367454657917152
DM,negative_3pct,778.0416666666666,0.01095084879014553
DM,negative_3pct,779.0416666666666,0.01129373540512035
DM,negative_3pct,780.0416666666666,0.01155231441345021
DM,negative_3pct,781.0416666666666,0.01162168923027403
DM,negative_3pct,782.0416666666666,0.011671405046686121
DM,negative_3pct,783.0416666666666,0.011738501742001008
DM,negative_3pct,784.0416666666666,0.011799844458562254
DM,negative_3pct,785.0416666666666,0.011841445670001451
DM,negative_3pct,786.0416666666666,0.011861826406202952
DM,negative_3pct,787.0416666666666,0.011858212525726039
DM,negative_3pct,788.0416666666666,0.011829178949898865
DM,negative_3pct,789.0416666666666,0.01185158353316406
DM,negative_3pct,790.0416666666666,0.01189434142682092
DM,negative_3pct,791.0416666666666,0.01191038901001448
DM,negative_3pct,792.0416666666666,0.011896856381850413
DM,negative_3pct,793.0416666666666,0.011900998900655596
DM,negative_3pct,794.0416666666666,0.011928982799961987
DM,negative_3pct,795.0416666666666,0.011892410625273388
DM,negative_3pct,796.0416666666666,0.011824278052940703
DM,negative_3pct,797.0416666666666,0.011851475296054124
DM,negative_3pct,798.0416666666666,0.011849185240821578
DM,negative_3pct,799.0416666666666,0.01181837861522732
DM,negative_3pct,800.0416666666666,0.011891356662642473
DM,negative_3pct,801.0416666666666,0.012035714621308393
DM,negative_3pct,802.0416666666666,0.012447736732913961
DM,negative_3pct,803.0416666666666,0.012140369174388228
DM,negative_3pct,804.0416666666666,0.011849068772650474
DM,negative_3pct,805.0416666666666,0.01183022252144165
DM,negative_3pct,806.0416666666666,0.01177291653758275
DM,negative_3pct,807.0416666666666,0.011726231230628938
DM,negative_3pct,808.0416666666666,0.011647657502513979
DM,negative_3pct,809.0416666666666,0.011133046559820638
DM,negative_3pct,810.0416666666666,0.01101702607851679
DM,negative_3pct,811.0416666666666,0.011434775418783932
DM,negative_3pct,812.0416666666666,0.011570512854764653
DM,negative_3pct,813.0416666666666,0.011582765158193821
DM,negative_3pct,814.0416666666666,0.011532251087848168
DM,negative_3pct,815.0416666666666,0.011576984049797172
DM,negative_3pct,816.0416666666666,0.011603079088213768
DM,negative_3pct,817.0416666666666,0.011557385959794267
DM,negative_3pct,818.0416666666666,0.011543466621007796
DM,negative_3pct,819.0416666666666,0.011530003250694656
DM,negative_3pct,820.0416666666666,0.011510008144845048
DM,negative_3pct,821.0416666666666,0.011486370126376474
DM,negative_3pct,822.0416666666666,0.0114425797903791
DM,negative_3pct,823.0416666666666,0.01145024826926217
DM,negative_3pct,824.0416666666666,0.011401450367599526
DM,negative_3pct,825.0416666666666,0.011341043916695732
DM,negative_3pct,826.0416666666666,0.011362794435537012
DM,negative_3pct,827.0416666666666,0.011290786677035914
DM,negative_3pct,828.0416666666666,0.011298267973203737
DM,negative_3pct,829.0416666666666,0.011241319384026897
DM,negative_3pct,830.0416666666666,0.011187222086773684
DM,negative_3pct,831.0416666666666,0.011184116095157702
DM,negative_3pct,832.0416666666666,0.011140348350099518
DM,negative_3pct,833.0416666666666,0.011619785682847715
DM,negative_3pct,834.0416666666666,0.011675733160186164
DM,negative_3pct,835.0416666666666,0.011237773511895232
DM,negative_3pct,836.0416666666666,0.01110965992341833
DM,negative_3pct,837.0416666666666,0.011027507526726087
DM,negative_3pct,838.0416666666666,0.010727158230687048
DM,negative_3pct,839.0416666666666,0.010298632265994433
DM,negative_3pct,840.0416666666666,0.010639190451032001
DM,negative_3pct,841.0416666666666,0.010841984495747742
DM,negative_3pct,842.0416666666666,0.010897608542773156
DM,negative_3pct,843.0416666666666,0.010931457630740965
DM,negative_3pct,844.0416666666666,0.010948930204166013
DM,negative_3pct,845.0416666666666,0.010946143147635387
DM,negative_3pct,846.0416666666666,0.010981586999898313
DM,negative_3pct,847.0416666666666,0.01095171405450918
DM,negative_3pct,848.0416666666666,0.010941751641789189
DM,negative_3pct,849.0416666666666,0.010996580756139745
DM,negative_3pct,850.0416666666666,0.010909475824015923
DM,negative_3pct,851.0416666666666,0.010940642006370386
DM,negative_3pct,852.0416666666666,0.010942031912737188
DM,negative_3pct,853.0416666666666,0.01086947936361334
DM,negative_3pct,854.0416666666666,0.010937047127629348
DM,negative_3pct,855.0416666666666,0.01087608901831919
DM,negative_3pct,856.0416666666666,0.01087250454286769
DM,negative_3pct,857.0416666666666,0.010863158314229245
DM,negative_3pct,858.0416666666666,0.010832585903152768
DM,negative_3pct,859.0416666666666,0.010826982571972022
DM,negative_3pct,860.0416666666666,0.010815186548863102
DM,negative_3pct,861.0416666666666,0.010776732553770298
DM,negative_3pct,862.0416666666666,0.011087569590799921
DM,negative_3pct,863.0416666666666,0.011399892756537302
DM,negative_3pct,864.0416666666666,0.011014900192588307
DM,negative_3pct,865.0416666666666,0.010839572401687977
DM,negative_3pct,866.0416666666666,0.010669654234190506
DM,negative_3pct,867.0416666666666,0.010643024866194421
DM,negative_3pct,868.0416666666666,0.010275289851621225
DM,negative_3pct,869.0416666666666,0.010099063872318846
DM,negative_3pct,870.0416666666666,0.010525022772052833
DM,negative_3pct,871.0416666666666,0.010372015587936627
DM,negative_3pct,872.0416666666666,0.009908866186475634
DM,negative_3pct,873.0416666666666,0.009519889977170114
DM,negative_3pct,874.0416666666666,0.009283163647717568
DM,negative_3pct,875.0416666666666,0.009074605614035329
DM,negative_3pct,876.0416666666666,0.008977627082042618
DM,negative_3pct,877.0416666666666,0.009028147109768904
DM,negative_3pct,878.0416666666666,0.009086030219041426
DM,negative_3pct,879.0416666666666,0.0092858385500461
DM,negative_3pct,880.0416666666666,0.009598276755604766
DM,negative_3pct,881.0416666666666,0.009940747124048143
DM,negative_3pct,882.0416666666666,0.010439502879807945
DM,negative_3pct,883.0416666666666,0.01086672844970423
DM,negative_3pct,884.0416666666666,0.0112040231726079
DM,negative_3pct,885.0416666666666,0.011502940842190956
DM,negative_3pct,886.0416666666666,0.01162361264237567
DM,negative_3pct,887.0416666666666,0.011714138120151745
DM,negative_3pct,888.0416666666666,0.011693914604118942
DM,negative_3pct,889.0416666666666,0.011561508136399282
DM,negative_3pct,890.0416666666666,0.011399123893888361
DM,negative_3pct,891.0416666666666,0.01101479305615564
DM,negative_3pct,892.0416666666666,0.01110953443863191
DM,negative_3pct,893.0416666666666,0.011069325350566778
DM,negative_3pct,894.0416666666666,0.010545641477179922
DM,negative_3pct,895.0416666666666,0.010843791058928505
DM,negative_3pct,896.0416666666666,0.011430091324672069
DM,negative_3pct,897.0416666666666,0.012250690580410265
DM,negative_3pct,898.0416666666666,0.01275166744327139
DM,negative_3pct,899.0416666666666,0.013160807121572742
DM,negative_3pct,900.0416666666666,0.013228608617597747
DM,negative_3pct,901.0416666666666,0.0131712285701098
DM,negative_3pct,902.0416666666666,0.012784263692617918
DM,negative_3pct,903.0416666666666,0.012459641938336784
DM,negative_3pct,904.0416666666666,0.012376609647856703
DM,negative_3pct,905.0416666666666,0.012234443450812489
DM,negative_3pct,906.0416666666666,0.012027761467059138
DM,negative_3pct,907.0416666666666,0.011875003706849028
DM,negative_3pct,908.0416666666666,0.011840008001871193
DM,negative_3pct,909.0416666666666,0.011923747098790771
DM,negative_3pct,910.0416666666666,0.012124965365643128
DM,negative_3pct,911.0416666666666,0.012453740605317946
DM,negative_3pct,912.0416666666666,0.012811182527158883
DM,negative_3pct,913.0416666666666,0.013023861549883983
DM,negative_3pct,914.0416666666666,0.013039169397148078
DM,negative_3pct,915.0416666666666,0.013121706881049348
DM,negative_3pct,916.0416666666666,0.01312636168817883
DM,negative_3pct,917.0416666666666,0.01301338870299784
DM,negative_3pct,918.0416666666666,0.012800845944335653
DM,negative_3pct,919.0416666666666,0.012399619552540505
DM,negative_3pct,920.0416666666666,0.011970558488937938
DM,negative_3pct,921.0416666666666,0.011238993651635611
DM,negative_3pct,922.0416666666666,0.010765657778731293
DM,negative_3pct,923.0416666666666,0.01027426992856205
DM,negative_3pct,924.0416666666666,0.010094497619998435
DM,negative_3pct,925.0416666666666,0.010057104118997885
DM,negative_3pct,926.0416666666666,0.010378323605554999
DM,negative_3pct,927.0416666666666,0.010708719843745752
DM,negative_3pct,928.0416666666666,0.010511237251127077
DM,negative_3pct,929.0416666666666,0.010279354664305409
DM,negative_3pct,930.0416666666666,0.010027331062053946
DM,negative_3pct,931.0416666666666,0.009753373423703651
DM,negative_3pct,932.0416666666666,0.009453950360659172
DM,negative_3pct,933.0416666666666,0.009127545753309442
DM,negative_3pct,934.0416666666666,0.008775219770696499
DM,negative_3pct,935.0416666666666,0.008387124591709726
DM,negative_3pct,936.0416666666666,0.00806232470013411
DM,negative_3pct,937.0416666666666,0.007974079977654579
DM,negative_3pct,938.0416666666666,0.00817538725097999
DM,negative_3pct,939.0416666666666,0.008453103557936712
DM,negative_3pct,940.0416666666666,0.008730045605483962
DM,negative_3pct,941.0416666666666,0.00900588780123249
DM,negative_3pct,942.0416666666666,0.009286004166934408
DM,negative_3pct,943.0416666666666,0.009568695705405935
DM,negative_3pct,944.0416666666666,0.009851427728907474
DM,negative_3pct,945.0416666666666,0.010129405915248892
DM,negative_3pct,946.0416666666666,0.010374056194071253
DM,negative_3pct,947.0416666666666,0.010632909032886401
DM,negative_3pct,948.0416666666666,0.010825336252824851
DM,negative_3pct,949.0416666666666,0.010903297892549915
DM,negative_3pct,950.0416666666666,0.010854297277073552
DM,negative_3pct,951.0416666666666,0.010635297944561358
DM,negative_3pct,952.0416666666666,0.010622104031086843
DM,negative_3pct,953.0416666666666,0.010633092684957742
DM,negative_3pct,954.0416666666666,0.010646601381489366
DM,negative_3pct,955.0416666666666,0.01064941523937541
DM,negative_3pct,956.0416666666666,0.010643140319595177
DM,negative_3pct,957.0416666666666,0.01062668499477764
DM,negative_3pct,958.0416666666666,0.010598132911579336
DM,negative_3pct,959.0416666666666,0.010555328115921369
DM,negative_3pct,960.0416666666666,0.010508461232768352
DM,negative_3pct,961.0416666666666,0.010517221395871513
DM,negative_3pct,962.0416666666666,0.010249690499935928
DM,negative_3pct,963.0416666666666,0.010127212743700749
DM,negative_3pct,964.0416666666666,0.010543916666036284
DM,negative_3pct,965.0416666666666,0.010622520063490971
DM,negative_3pct,966.0416666666666,0.010669386891195022
DM,negative_3pct,967.0416666666666,0.010691113884701798
DM,negative_3pct,968.0416666666666,0.010689767839315434
DM,negative_3pct,969.0416666666666,0.010703786593032567
DM,negative_3pct,970.0416666666666,0.010763254210101776
DM,negative_3pct,971.0416666666666,0.010808141224883635
DM,negative_3pct,972.0416666666666,0.010834634688903196
DM,negative_3pct,973.0416666666666,0.010842122400586879
DM,negative_3pct,974.0416666666666,0.010836549504588622
DM,negative_3pct,975.0416666666666,0.010903168822770558
DM,negative_3pct,976.0416666666666,0.010954922261919584
DM,negative_3pct,977.0416666666666,0.01095469709933888
DM,negative_3pct,978.0416666666666,0.010916010142018323
DM,negative_3pct,979.0416666666666,0.010904556946092762
DM,negative_3pct,980.0416666666666,0.010953991529845457
DM,negative_3pct,981.0416666666666,0.010980301774659846
DM,negative_3pct,982.0416666666666,0.010983386242978944
DM,negative_3pct,983.0416666666666,0.011025989111200547
DM,negative_3pct,984.0416666666666,0.011117281167512401
DM,negative_3pct,985.0416666666666,0.01111381415864158
DM,negative_3pct,986.0416666666666,0.011347653120583771
DM,negative_3pct,987.0416666666666,0.011513809036381424
DM,negative_3pct,988.0416666666666,0.01112613243130544
DM,negative_3pct,989.0416666666666,0.011031147408120612
DM,negative_3pct,990.0416666666666,0.010992874790611683
DM,negative_3pct,991.0416666666666,0.011016769645989948
DM,negative_3pct,992.0416666666666,0.011014570815067605
DM,negative_3pct,993.0416666666666,0.010990976304765632
DM,negative_3pct,994.0416666666666,0.010700937771861851
DM,negative_3pct,995.0416666666666,0.010440451724600057
DM,negative_3pct,996.0416666666666,0.010815328402056353
DM,negative_3pct,997.0416666666666,0.010900570438507944
DM,negative_3pct,998.0416666666666,0.01094816743709362
DM,negative_3pct,999.0416666666666,0.010891063411978779
DM,negative_3pct,1000.0416666666666,0.010905017230135785
DM,negative_3pct,1001.0416666666666,0.010919354007439885
DM,negative_3pct,1002.0416666666666,0.010921048194017145
DM,negative_3pct,1003.0416666666666,0.010897527520977165
DM,negative_3pct,1004.0416666666666,0.010888969970951325
DM,negative_3pct,1005.0416666666666,0.010870532854034826
DM,negative_3pct,1006.0416666666666,0.01084446888576461
DM,negative_3pct,1007.0416666666666,0.010868978710052343
DM,negative_3pct,1008.0416666666666,0.010832699372653293
DM,negative_3pct,1009.0416666666666,0.01078788669203464
DM,negative_3pct,1010.0416666666666,0.010821223024976491
DM,negative_3pct,1011.0416666666666,0.010798195329869713
DM,negative_3pct,1012.0416666666666,0.010739683115287672
DM,negative_3pct,1013.0416666666666,0.010743440348422237
DM,negative_3pct,1014.0416666666666,0.010762862409839586
DM,negative_3pct,1015.0416666666666,0.010691446926247739
DM,negative_3pct,1016.0416666666666,0.010679790368682603
DM,negative_3pct,1017.0416666666666,0.010720038120012218
DM,negative_3pct,1018.0416666666666,0.010927680683308828
DM,negative_3pct,1019.0416666666666,0.011141556248017994
DM,negative_3pct,1020.0416666666666,0.010776601649454105
DM,negative_3pct,1021.0416666666666,0.010667127579159379
DM,negative_3pct,1022.0416666666666,0.010650974189557804
DM,negative_3pct,1023.0416666666666,0.010686277844262055
DM,negative_3pct,1024.0416666666667,0.010521858876686387
DM,negative_3pct,1025.0416666666667,0.010088225868987903
DM,negative_3pct,1026.0416666666667,0.010384324311297564
DM,negative_3pct,1027.0416666666667,0.010515822349996932
DM,negative_3pct,1028.0416666666667,0.010520738413155388
DM,negative_3pct,1029.0416666666667,0.010515700257187944
DM,negative_3pct,1030.0416666666667,0.010526788338736303
DM,negative_3pct,1031.0416666666667,0.010535049781843437
DM,negative_3pct,1032.0416666666667,0.010515568402190235
DM,negative_3pct,1033.0416666666667,0.010495943340474259
DM,negative_3pct,1034.0416666666667,0.010509587800556736
DM,negative_3pct,1035.0416666666667,0.010485883250820881
DM,negative_3pct,1036.0416666666667,0.010460985971378243
DM,negative_3pct,1037.0416666666667,0.010470996800782954
DM,negative_3pct,1038.0416666666667,0.010444747538335158
DM,negative_3pct,1039.0416666666667,0.010418188571698813
DM,negative_3pct,1040.0416666666667,0.01042696379144844
DM,negative_3pct,1041.0416666666667,0.01039901803994843
DM,negative_3pct,1042.0416666666667,0.010370147123749254
DM,negative_3pct,1043.0416666666667,0.010378257131442224
DM,negative_3pct,1044.0416666666667,0.010348389991166726
DM,negative_3pct,1045.0416666666667,0.010318598495966655
DM,negative_3pct,1046.0416666666667,0.010325746436411895
DM,negative_3pct,1047.0416666666667,0.010294738610852207
DM,negative_3pct,1048.0416666666667,0.010344693244571004
DM,negative_3pct,1049.0416666666667,0.010779034589349624
DM,negative_3pct,1050.0416666666667,0.010478230965570491
DM,negative_3pct,1051.0416666666667,0.010323418419204571
DM,negative_3pct,1052.0416666666667,0.01029981943779738
DM,negative_3pct,1053.0416666666667,0.01026747104590355
DM,negative_3pct,1054.0416666666667,0.010115345527097499
DM,negative_3pct,1055.0416666666667,0.009776723864193992
DM,negative_3pct,1056.0416666666667,0.0101012240407631
DM,negative_3pct,1057.0416666666667,0.010186702469436634
DM,negative_3pct,1058.0416666666667,0.010137078187355838
DM,negative_3pct,1059.0416666666667,0.010152994284341065
DM,negative_3pct,1060.0416666666667,0.010212694851994806
DM,negative_3pct,1061.0416666666667,0.010168788020129414
DM,negative_3pct,1062.0416666666667,0.010134203503211581
DM,negative_3pct,1063.0416666666667,0.010193930673945436
DM,negative_3pct,1064.0416666666667,0.010153400740117318
DM,negative_3pct,1065.0416666666667,0.01010994248036376
DM,negative_3pct,1066.0416666666667,0.010171087340501202
DM,negative_3pct,1067.0416666666667,0.010119817243347418
DM,negative_3pct,1068.0416666666667,0.010089111933537377
DM,negative_3pct,1069.0416666666667,0.01014961804846911
DM,negative_3pct,1070.0416666666667,0.010075868628803003
DM,negative_3pct,1071.0416666666667,0.010072398785081971
DM,negative_3pct,1072.0416666666667,0.010122038888310838
DM,negative_3pct,1073.0416666666667,0.010025244148581589
DM,negative_3pct,1074.0416666666667,0.010057607523175721
DM,negative_3pct,1075.0416666666667,0.010076466710376328
DM,negative_3pct,1076.0416666666667,0.00998977131845086
DM,negative_3pct,1077.0416666666667,0.010043299286598285
DM,negative_3pct,1078.0416666666667,0.010180259770345713
DM,negative_3pct,1079.0416666666667,0.010454536497738792
DM,negative_3pct,1080.0416666666667,0.010128911792573839
DM,negative_3pct,1081.0416666666667,0.01002760590314349
DM,negative_3pct,1082.0416666666667,0.010072610313041994
DM,negative_3pct,1083.0416666666667,0.00998209760512232
DM,negative_3pct,1084.0416666666667,0.009553713071884337
DM,negative_3pct,1085.0416666666667,0.009831173238113017
DM,negative_3pct,1086.0416666666667,0.009805508231091708
DM,negative_3pct,1087.0416666666667,0.009358872662070118
DM,negative_3pct,1088.0416666666667,0.009039460095111538
DM,negative_3pct,1089.0416666666667,0.008808030159966127
DM,negative_3pct,1090.0416666666667,0.00862121415155021
DM,negative_3pct,1091.0416666666667,0.008584073345218476
DM,negative_3pct,1092.0416666666667,0.00862237446768597
DM,negative_3pct,1093.0416666666667,0.008720059208374832
DM,negative_3pct,1094.0416666666667,0.008970293133927085
DM,negative_3pct,1095.0416666666667,0.009267733781041702
DM,negative_3pct,1096.0416666666667,0.009651894563789863
DM,negative_3pct,1097.0416666666667,0.01006617094220687
DM,negative_3pct,1098.0416666666667,0.010307470891364093
DM,negative_3pct,1099.0416666666667,0.010493866835362986
DM,negative_3pct,1100.0416666666667,0.010622093654216657
DM,negative_3pct,1101.0416666666667,0.01058048970922347
DM,negative_3pct,1102.0416666666667,0.010510498443924871
DM,negative_3pct,1103.0416666666667,0.010324641229043642
DM,negative_3pct,1104.0416666666667,0.009993848255338554
DM,negative_3pct,1105.0416666666667,0.009753562216207856
DM,negative_3pct,1106.0416666666667,0.009580193660704872
DM,negative_3pct,1107.0416666666667,0.009557228971933958
DM,negative_3pct,1108.0416666666667,0.010097995969148621
DM,negative_3pct,1109.0416666666667,0.009991355938881015
DM,negative_3pct,1110.0416666666667,0.010398442620522981
DM,negative_3pct,1111.0416666666667,0.01097462817166947
DM,negative_3pct,1112.0416666666667,0.01147697324000431
DM,negative_3pct,1113.0416666666667,0.011625220558888566
DM,negative_3pct,1114.0416666666667,0.011662535054994242
DM,negative_3pct,1115.0416666666667,0.011397409656621608
DM,negative_3pct,1116.0416666666667,0.011328499389126997
DM,negative_3pct,1117.0416666666667,0.011434402186034672
DM,negative_3pct,1118.0416666666667,0.011478157192325748
DM,negative_3pct,1119.0416666666667,0.011455076521197411
DM,negative_3pct,1120.0416666666667,0.01136725734275284
DM,negative_3pct,1121.0416666666667,0.011334340458359227
DM,negative_3pct,1122.0416666666667,0.011419621511538115
DM,negative_3pct,1123.0416666666667,0.011623166105254538
DM,negative_3pct,1124.0416666666667,0.011951895793871471
DM,negative_3pct,1125.0416666666667,0.0122891732442556
DM,negative_3pct,1126.0416666666667,0.01246308443573997
DM,negative_3pct,1127.0416666666667,0.012456062325188005
DM,negative_3pct,1128.0416666666667,0.012519615826250007
DM,negative_3pct,1129.0416666666667,0.012556148464705395
DM,negative_3pct,1130.0416666666667,0.012444077826956466
DM,negative_3pct,1131.0416666666667,0.012262160174306081
DM,negative_3pct,1132.0416666666667,0.011861387992436783
DM,negative_3pct,1133.0416666666667,0.011454402020744096
DM,negative_3pct,1134.0416666666667,0.01082951408683992
DM,negative_3pct,1135.0416666666667,0.010443803434689834
DM,negative_3pct,1136.0416666666667,0.010044502107965555
DM,negative_3pct,1137.0416666666667,0.009980264378021226
DM,negative_3pct,1138.0416666666667,0.01004475133836738
DM,negative_3pct,1139.0416666666667,0.010449483796823061
DM,negative_3pct,1140.0416666666667,0.01071667609423018
DM,negative_3pct,1141.0416666666667,0.010523361343331365
DM,negative_3pct,1142.0416666666667,0.01030088976367428
DM,negative_3pct,1143.0416666666667,0.010045609993074005
DM,negative_3pct,1144.0416666666667,0.009756826495116909
DM,negative_3pct,1145.0416666666667,0.009432371487433243
DM,negative_3pct,1146.0416666666667,0.009070924117150202
DM,negative_3pct,1147.0416666666667,0.008671234914744528
DM,negative_3pct,1148.0416666666667,0.008227252901124076
DM,negative_3pct,1149.0416666666667,0.007903520958336099
DM,negative_3pct,1150.0416666666667,0.007863276487248504
DM,negative_3pct,1151.0416666666667,0.008080689920976138
DM,negative_3pct,1152.0416666666667,0.008336221829105359
DM,negative_3pct,1153.0416666666667,0.008572562035613945
DM,negative_3pct,1154.0416666666667,0.008786301810583319
DM,negative_3pct,1155.0416666666667,0.009046231250085036
DM,negative_3pct,1156.0416666666667,0.009338716271715
DM,negative_3pct,1157.0416666666667,0.009606335077812955
DM,negative_3pct,1158.0416666666667,0.009840508106490668
DM,negative_3pct,1159.0416666666667,0.010020759608990302
DM,negative_3pct,1160.0416666666667,0.01028120585039436
DM,negative_3pct,1161.0416666666667,0.010470092075194623
DM,negative_3pct,1162.0416666666667,0.010514669408047362
DM,negative_3pct,1163.0416666666667,0.01039328363498841
DM,negative_3pct,1164.0416666666667,0.01018423772109913
DM,negative_3pct,1165.0416666666667,0.010171468969615249
DM,negative_3pct,1166.0416666666667,0.01011636825481916
DM,negative_3pct,1167.0416666666667,0.010046959794809867
DM,negative_3pct,1168.0416666666667,0.01006738657903205
DM,negative_3pct,1169.0416666666667,0.010056774620645286
DM,negative_3pct,1170.0416666666667,0.010011324851836322
DM,negative_3pct,1171.0416666666667,0.009845398320713492
DM,negative_3pct,1172.0416666666667,0.009700451540596925
DM,negative_3pct,1173.0416666666667,0.009989759991892465
DM,negative_3pct,1174.0416666666667,0.009968177521577653
DM,negative_3pct,1175.0416666666667,0.009948231442252039
DM,negative_3pct,1176.0416666666667,0.010000125758309573
DM,negative_3pct,1177.0416666666667,0.010026086212282142
DM,negative_3pct,1178.0416666666667,0.01002654013089783
DM,negative_3pct,1179.0416666666667,0.010049087066538384
DM,negative_3pct,1180.0416666666667,0.010036466396616695
DM,negative_3pct,1181.0416666666667,0.009997400378981783
DM,negative_3pct,1182.0416666666667,0.01001885019237224
DM,negative_3pct,1183.0416666666667,0.010088545745578227
DM,negative_3pct,1184.0416666666667,0.010036093619596884
DM,negative_3pct,1185.0416666666667,0.01002167631942819
DM,negative_3pct,1186.0416666666667,0.010050631291051363
DM,negative_3pct,1187.0416666666667,0.010054106282769835
DM,negative_3pct,1188.0416666666667,0.010073192836149797
DM,negative_3pct,1189.0416666666667,0.01005663812259303
DM,negative_3pct,1190.0416666666667,0.010041890787256908
DM,negative_3pct,1191.0416666666667,0.0101249003636616
DM,negative_3pct,1192.0416666666667,0.010055135864755108
DM,negative_3pct,1193.0416666666667,0.010079545344707012
DM,negative_3pct,1194.0416666666667,0.010127593448200802
DM,negative_3pct,1195.0416666666667,0.010294084840095113
DM,negative_3pct,1196.0416666666667,0.010492747447900103
DM,negative_3pct,1197.0416666666667,0.010155929333866224
DM,negative_3pct,1198.0416666666667,0.01018484465276628
DM,negative_3pct,1199.0416666666667,0.010149382147068228
DM,negative_3pct,1200.0416666666667,0.009898479582757767
DM,negative_3pct,1201.0416666666667,0.00972887584705785
DM,negative_3pct,1202.0416666666667,0.009969919132377537
DM,negative_3pct,1203.0416666666667,0.009943153956538019
DM,negative_3pct,1204.0416666666667,0.009950389358574487
DM,negative_3pct,1205.0416666666667,0.009935189784435076
DM,negative_3pct,1206.0416666666667,0.009932333501072105
DM,negative_3pct,1207.0416666666667,0.009888824325366
DM,negative_3pct,1208.0416666666667,0.009871959669821486
DM,negative_3pct,1209.0416666666667,0.00987001809791874
DM,negative_3pct,1210.0416666666667,0.009785127908192423
DM,negative_3pct,1211.0416666666667,0.009844329188955918
DM,negative_3pct,1212.0416666666667,0.009747405945438629
DM,negative_3pct,1213.0416666666667,0.009751570667583415
DM,negative_3pct,1214.0416666666667,0.009734998046810491
DM,negative_3pct,1215.0416666666667,0.009694703764259526
DM,negative_3pct,1216.0416666666667,0.00967643604202476
DM,negative_3pct,1217.0416666666667,0.009654905805185791
DM,negative_3pct,1218.0416666666667,0.009602922700531279
DM,negative_3pct,1219.0416666666667,0.009624360507600535
DM,negative_3pct,1220.0416666666667,0.009539441314225355
DM,negative_3pct,1221.0416666666667,0.009591409794901133
DM,negative_3pct,1222.0416666666667,0.00948938244668236
DM,negative_3pct,1223.0416666666667,0.009534651631745128
DM,negative_3pct,1224.0416666666667,0.009689830253160649
DM,negative_3pct,1225.0416666666667,0.009838424863934532
DM,negative_3pct,1226.0416666666667,0.009611640776758619
DM,negative_3pct,1227.0416666666667,0.009272196575800966
DM,negative_3pct,1228.0416666666667,0.009259072328002115
DM,negative_3pct,1229.0416666666667,0.00940746084102995
DM,negative_3pct,1230.0416666666667,0.009419931788313102
DM,negative_3pct,1231.0416666666667,0.009385254600121747
DM,negative_3pct,1232.0416666666667,0.00943872687382584
DM,negative_3pct,1233.0416666666667,0.009364239764009104
DM,negative_3pct,1234.0416666666667,0.00942931629150163
DM,negative_3pct,1235.0416666666667,0.009348281583735626
DM,negative_3pct,1236.0416666666667,0.009395201065255458
DM,negative_3pct,1237.0416666666667,0.009335515794763601
DM,negative_3pct,1238.0416666666667,0.00935312923535485
DM,negative_3pct,1239.0416666666667,0.009319640860356653
DM,negative_3pct,1240.0416666666667,0.009306086078711133
DM,negative_3pct,1241.0416666666667,0.009295050190191738
DM,negative_3pct,1242.0416666666667,0.009279727998691817
DM,negative_3pct,1243.0416666666667,0.009256801683718813
DM,negative_3pct,1244.0416666666667,0.009276528930397447
DM,negative_3pct,1245.0416666666667,0.009200514915556408
DM,negative_3pct,1246.0416666666667,0.009249323507693911
DM,negative_3pct,1247.0416666666667,0.009185071800780749
DM,negative_3pct,1248.0416666666667,0.009184458466627955
DM,negative_3pct,1249.0416666666667,0.009174379263667458
DM,negative_3pct,1250.0416666666667,0.00913645471827723
DM,negative_3pct,1251.0416666666667,0.009446265458891226
DM,negative_3pct,1252.0416666666667,0.009205026382369596
DM,negative_3pct,1253.0416666666667,0.008858764254715728
DM,negative_3pct,1254.0416666666667,0.009065261333789319
DM,negative_3pct,1255.0416666666667,0.009107145090303616
DM,negative_3pct,1256.0416666666667,0.009101595378093305
DM,negative_3pct,1257.0416666666667,0.009130457426701207
DM,negative_3pct,1258.0416666666667,0.009099088690578856
DM,negative_3pct,1259.0416666666667,0.009132519736039468
DM,negative_3pct,1260.0416666666667,0.009076633309375394
DM,negative_3pct,1261.0416666666667,0.009115374398956443
DM,negative_3pct,1262.0416666666667,0.009084309437185002
DM,negative_3pct,1263.0416666666667,0.009078363305414401
DM,negative_3pct,1264.0416666666667,0.009105291983442655
DM,negative_3pct,1265.0416666666667,0.009039459954669756
DM,negative_3pct,1266.0416666666667,0.00908068250299582
DM,negative_3pct,1267.0416666666667,0.009054174339603063
DM,negative_3pct,1268.0416666666667,0.009016797494848357
DM,negative_3pct,1269.0416666666667,0.009048906976538183
DM,negative_3pct,1270.0416666666667,0.009016720951956249
DM,negative_3pct,1271.0416666666667,0.009000900400625409
DM,negative_3pct,1272.0416666666667,0.008992284939130632
DM,negative_3pct,1273.0416666666667,0.008979123186779637
DM,negative_3pct,1274.0416666666667,0.00898068968686096
DM,negative_3pct,1275.0416666666667,0.008935527072308897
DM,negative_3pct,1276.0416666666667,0.009102346241350513
DM,negative_3pct,1277.0416666666667,0.008925501434506199
DM,negative_3pct,1278.0416666666667,0.008782195605245817
DM,negative_3pct,1279.0416666666667,0.008903062045225604
DM,negative_3pct,1280.0416666666667,0.00848243508234432
DM,negative_3pct,1281.0416666666667,0.008143851829159264
DM,negative_3pct,1282.0416666666667,0.007892010494417949
DM,negative_3pct,1283.0416666666667,0.007731036495546081
DM,negative_3pct,1284.0416666666667,0.007701152924795061
DM,negative_3pct,1285.0416666666667,0.007706967607075084
DM,negative_3pct,1286.0416666666667,0.007857848593354444
DM,negative_3pct,1287.0416666666667,0.00807467791240818
DM,negative_3pct,1288.0416666666667,0.008381281933749832
DM,negative_3pct,1289.0416666666667,0.008811512132154711
DM,negative_3pct,1290.0416666666667,0.009142091084743821
DM,negative_3pct,1291.0416666666667,0.009396658580674407
DM,negative_3pct,1292.0416666666667,0.009591819793315715
DM,negative_3pct,1293.0416666666667,0.009648782166983312
DM,negative_3pct,1294.0416666666667,0.00962409656520826
DM,negative_3pct,1295.0416666666667,0.00953497162389136
DM,negative_3pct,1296.0416666666667,0.009303905039880257
DM,negative_3pct,1297.0416666666667,0.009010238924666795
DM,negative_3pct,1298.0416666666667,0.008930164363585071
DM,negative_3pct,1299.0416666666667,0.008892457634484853
DM,negative_3pct,1300.0416666666667,0.00909286743149403
DM,negative_3pct,1301.0416666666667,0.009655609672919984
DM,negative_3pct,1302.0416666666667,0.009918694192852103
DM,negative_3pct,1303.0416666666667,0.00993329028563094
DM,negative_3pct,1304.0416666666667,0.010478124421360292
DM,negative_3pct,1305.0416666666667,0.010746507632099262
DM,negative_3pct,1306.0416666666667,0.010873656273957706
DM,negative_3pct,1307.0416666666667,0.010749177670924315
DM,negative_3pct,1308.0416666666667,0.010756145008719705
DM,negative_3pct,1309.0416666666667,0.01098569044461643
DM,negative_3pct,1310.0416666666667,0.01115506131676791
DM,negative_3pct,1311.0416666666667,0.011257304680391898
DM,negative_3pct,1312.0416666666667,0.01129152428069344
DM,negative_3pct,1313.0416666666667,0.011267982487852997
DM,negative_3pct,1314.0416666666667,0.011320156087678716
DM,negative_3pct,1315.0416666666667,0.011489925133340831
DM,negative_3pct,1316.0416666666667,0.011786994853298807
DM,negative_3pct,1317.0416666666667,0.012106861249382546
DM,negative_3pct,1318.0416666666667,0.01227645034108735
DM,negative_3pct,1319.0416666666667,0.012252844830973227
DM,negative_3pct,1320.0416666666667,0.012281368390587848
DM,negative_3pct,1321.0416666666667,0.01235691489592845
DM,negative_3pct,1322.0416666666667,0.012244098743710092
DM,negative_3pct,1323.0416666666667,0.012101512554667347
DM,negative_3pct,1324.0416666666667,0.011701072805560955
DM,negative_3pct,1325.0416666666667,0.011299222595256038
DM,negative_3pct,1326.0416666666667,0.010704963716414613
DM,negative_3pct,1327.0416666666667,0.010356182191181245
DM,negative_3pct,1328.0416666666667,0.009991208973648157
DM,negative_3pct,1329.0416666666667,0.009924910409189237
DM,negative_3pct,1330.0416666666667,0.010017477065633695
DM,negative_3pct,1331.0416666666667,0.01039323316425772
DM,negative_3pct,1332.0416666666667,0.010705457499188433
DM,negative_3pct,1333.0416666666667,0.01056080525110104
DM,negative_3pct,1334.0416666666667,0.010306128046269753
DM,negative_3pct,1335.0416666666667,0.009998694753031048
DM,negative_3pct,1336.0416666666667,0.009631549244726345
DM,negative_3pct,1337.0416666666667,0.009194836977850687
DM,negative_3pct,1338.0416666666667,0.008676282783539546
DM,negative_3pct,1339.0416666666667,0.008062968926066595
DM,negative_3pct,1340.0416666666667,0.007322832376640721
DM,negative_3pct,1341.0416666666667,0.0065953896384526286
DM,negative_3pct,1342.0416666666667,0.006175079039093164
DM,negative_3pct,1343.0416666666667,0.006209088147948177
DM,negative_3pct,1344.0416666666667,0.006386258517141033
HDM,negative_3pct,0.0416666666666666,-0.006282436900363666
HDM,negative_3pct,1.0416666666666667,-0.006494911383307116
HDM,negative_3pct,2.0416666666666665,-0.006675677356977913
HDM,negative_3pct,3.0416666666666665,-0.006830999326322871
HDM,negative_3pct,4.041666666666667,-0.00696546764012733
HDM,negative_3pct,5.041666666666667,-0.007082839761650241
HDM,negative_3pct,6.041666666666667,-0.007185282045097862
HDM,negative_3pct,7.041666666666667,-0.007275861390930442
HDM,negative_3pct,8.041666666666666,-0.007356069080704976
HDM,negative_3pct,9.041666666666666,-0.007427705438519522
HDM,negative_3pct,10.041666666666666,-0.007491776841293919
HDM,negative_3pct,11.041666666666666,-0.007549382983743485
HDM,negative_3pct,12.041666666666666,-0.007601100105553839
HDM,negative_3pct,13.041666666666666,-0.008251012629937299
HDM,negative_3pct,14.041666666666666,-0.009029065526243284
HDM,negative_3pct,15.041666666666666,-0.009005741462810461
HDM,negative_3pct,16.041666666666668,-0.008990988659884467
HDM,negative_3pct,17.041666666666668,-0.0089844054692816
HDM,negative_3pct,18.041666666666668,-0.008971929645339456
HDM,negative_3pct,19.041666666666668,-0.008948957532861939
HDM,negative_3pct,20.041666666666668,-0.008911896169371873
HDM,negative_3pct,21.041666666666668,-0.008860542889315494
HDM,negative_3pct,22.041666666666668,-0.008794675010180032
HDM,negative_3pct,23.041666666666668,-0.008715985821661996
HDM,negative_3pct,24.041666666666668,-0.008626330654078548
HDM,negative_3pct,25.041666666666668,-0.00852018360557494
HDM,negative_3pct,26.041666666666668,-0.008283793250746097
HDM,negative_3pct,27.041666666666668,-0.008772660766405505
HDM,negative_3pct,28.041666666666668,-0.008963422949463264
HDM,negative_3pct,29.041666666666668,-0.00896747316808779
HDM,negative_3pct,30.041666666666668,-0.008966603037641248
HDM,negative_3pct,31.041666666666668,-0.00896363538659429
HDM,negative_3pct,32.041666666666664,-0.008961299204079542
HDM,negative_3pct,33.041666666666664,-0.008963230529475306
HDM,negative_3pct,34.041666666666664,-0.008970002890924157
HDM,negative_3pct,35.041666666666664,-0.008981491391327773
HDM,negative_3pct,36.04166666666666,-0.008998047624104276
HDM,negative_3pct,37.04166666666666,-0.009018920275113383
HDM,negative_3pct,38.04166666666666,-0.009036914162039776
HDM,negative_3pct,39.04166666666666,-0.009049028420064685
HDM,negative_3pct,40.04166666666666,-0.009054925919697034
HDM,negative_3pct,41.04166666666666,-0.009054488233001775
HDM,negative_3pct,42.04166666666666,-0.009061323424900406
HDM,negative_3pct,43.04166666666666,-0.009078698157668645
HDM,negative_3pct,44.04166666666666,-0.00910932207582545
HDM,negative_3pct,45.04166666666666,-0.009153274566177792
HDM,negative_3pct,46.04166666666666,-0.009210254582889522
HDM,negative_3pct,47.04166666666666,-0.009278889802153191
HDM,negative_3pct,48.04166666666666,-0.009357639000048917
HDM,negative_3pct,49.04166666666666,-0.009451988362918945
HDM,negative_3pct,50.04166666666666,-0.009676273868972612
HDM,negative_3pct,51.04166666666666,-0.009174651530947445
HDM,negative_3pct,52.04166666666666,-0.00897072489772261
HDM,negative_3pct,53.04166666666666,-0.008953573637278717
HDM,negative_3pct,54.04166666666666,-0.00894167246659392
HDM,negative_3pct,55.04166666666666,-0.008932016831457674
HDM,negative_3pct,56.04166666666666,-0.008921675515267347
HDM,negative_3pct,57.04166666666666,-0.00890643791015283
HDM,negative_3pct,58.04166666666666,-0.008886002492222196
HDM,negative_3pct,59.04166666666666,-0.008860016117384349
HDM,negative_3pct,60.04166666666666,-0.008828020565718776
HDM,negative_3pct,61.04166666666666,-0.008789866423932088
HDM,negative_3pct,62.04166666666666,-0.008749091399887029
HDM,negative_3pct,63.04166666666666,-0.00862556242702325
HDM,negative_3pct,64.04166666666667,-0.008830046254590617
HDM,negative_3pct,65.04166666666667,-0.00921537062587887
HDM,negative_3pct,66.04166666666667,-0.009231809314816175
HDM,negative_3pct,67.04166666666667,-0.009245159883257274
HDM,negative_3pct,68.04166666666667,-0.009258050155782682
HDM,negative_3pct,69.04166666666667,-0.009271467315526524
HDM,negative_3pct,70.04166666666667,-0.009285622684886133
HDM,negative_3pct,71.04166666666667,-0.009300739243687326
HDM,negative_3pct,72.04166666666667,-0.009316736007937082
HDM,negative_3pct,73.04166666666667,-0.009333362890273013
HDM,negative_3pct,74.04166666666667,-0.009350571233547001
HDM,negative_3pct,75.04166666666667,-0.009368570826127073
HDM,negative_3pct,76.04166666666667,-0.009387373591718574
HDM,negative_3pct,77.04166666666667,-0.009405896891069816
HDM,negative_3pct,78.04166666666667,-0.00942480448960009
HDM,negative_3pct,79.04166666666667,-0.00944382777347091
HDM,negative_3pct,80.04166666666667,-0.009463483453152842
HDM,negative_3pct,81.04166666666667,-0.009487316576434522
HDM,negative_3pct,82.04166666666667,-0.009516747519519805
HDM,negative_3pct,83.04166666666667,-0.009552163700796677
HDM,negative_3pct,84.04166666666667,-0.009594108526649913
HDM,negative_3pct,85.04166666666667,-0.009642817509437853
HDM,negative_3pct,86.04166666666667,-0.009697724031028079
HDM,negative_3pct,87.04166666666667,-0.009837194305921608
HDM,negative_3pct,88.04166666666667,-0.009650295633810133
HDM,negative_3pct,89.04166666666667,-0.009284425848991489
HDM,negative_3pct,90.04166666666667,-0.009288808099790916
HDM,negative_3pct,91.04166666666669,-0.009298427505356779
HDM,negative_3pct,92.04166666666669,-0.009310472025910772
HDM,negative_3pct,93.04166666666669,-0.00932337551514238
HDM,negative_3pct,94.04166666666669,-0.009336912037869988
HDM,negative_3pct,95.04166666666669,-0.009350588064032939
HDM,negative_3pct,96.04166666666669,-0.009364248212162684
HDM,negative_3pct,97.04166666666669,-0.009378358958659516
HDM,negative_3pct,98.04166666666669,-0.009392323147362195
HDM,negative_3pct,99.04166666666669,-0.009406326425397927
HDM,negative_3pct,100.04166666666669,-0.009378773216264756
HDM,negative_3pct,101.04166666666669,-0.009039713579457997
HDM,negative_3pct,102.04166666666669,-0.008759782733407696
HDM,negative_3pct,103.04166666666669,-0.008452129287510214
HDM,negative_3pct,104.04166666666669,-0.008136144283326093
HDM,negative_3pct,105.04166666666669,-0.00781626171732103
HDM,negative_3pct,106.04166666666669,-0.0074910048515336
HDM,negative_3pct,107.04166666666669,-0.007160649131443423
HDM,negative_3pct,108.04166666666669,-0.006824843673056437
HDM,negative_3pct,109.04166666666669,-0.006484202008273561
HDM,negative_3pct,110.04166666666669,-0.006139723333177857
HDM,negative_3pct,111.04166666666669,-0.005796043663553111
HDM,negative_3pct,112.04166666666669,-0.005453943076831481
HDM,negative_3pct,113.04166666666669,-0.00511412732593797
HDM,negative_3pct,114.04166666666669,-0.004777104526029251
HDM,negative_3pct,115.04166666666669,-0.0044424580084206616
HDM,negative_3pct,116.04166666666669,-0.004110677303629689
HDM,negative_3pct,117.04166666666669,-0.003782580070609539
HDM,negative_3pct,118.04166666666669,-0.0034581963433272557
HDM,negative_3pct,119.04166666666669,-0.0031376408484888475
HDM,negative_3pct,120.04166666666669,-0.0028210338672949265
HDM,negative_3pct,121.04166666666669,-0.0025080491013232506
HDM,negative_3pct,122.04166666666669,-0.0021986732880177468
HDM,negative_3pct,123.04166666666669,-0.001892771635628419
HDM,negative_3pct,124.04166666666669,-0.0016317235887716524
HDM,negative_3pct,125.04166666666669,-0.0016857401407248782
HDM,negative_3pct,126.04166666666669,-0.0016833980004169846
HDM,negative_3pct,127.04166666666669,-0.0017105980254742562
HDM,negative_3pct,128.04166666666666,-0.001746838712738762
HDM,negative_3pct,129.04166666666666,-0.0017839414850049076
HDM,negative_3pct,130.04166666666666,-0.001820842915656866
HDM,negative_3pct,131.04166666666666,-0.0018566917658698967
HDM,negative_3pct,132.04166666666666,-0.0018918042422699727
HDM,negative_3pct,133.04166666666666,-0.0019255420230984293
HDM,negative_3pct,134.04166666666666,-0.001957144976047835
HDM,negative_3pct,135.04166666666666,-0.0019857736469875566
HDM,negative_3pct,136.04166666666666,-0.002011411776199689
HDM,negative_3pct,137.04166666666666,-0.0020332151240249623
HDM,negative_3pct,138.04166666666666,-0.0020060974255791462
HDM,negative_3pct,139.04166666666666,-0.0019450050985030953
HDM,negative_3pct,140.04166666666666,-0.0019554459766869215
HDM,negative_3pct,141.04166666666666,-0.0018917424551929507
HDM,negative_3pct,142.04166666666666,-0.0018540963860802858
HDM,negative_3pct,143.04166666666666,-0.001845135431594157
HDM,negative_3pct,144.04166666666666,-0.001861487737819451
HDM,negative_3pct,145.04166666666666,-0.0018950135374514979
HDM,negative_3pct,146.04166666666666,-0.0019361921186210086
HDM,negative_3pct,147.04166666666666,-0.001975550960675048
HDM,negative_3pct,148.04166666666666,-0.002002692263798879
HDM,negative_3pct,149.04166666666666,-0.0020058628526592433
HDM,negative_3pct,150.04166666666666,-0.001971479930906556
HDM,negative_3pct,151.04166666666666,-0.0018905906650580366
HDM,negative_3pct,152.04166666666666,-0.0017585765596859109
HDM,negative_3pct,153.04166666666666,-0.0015794147265838952
HDM,negative_3pct,154.04166666666666,-0.001162131777465781
HDM,negative_3pct,155.04166666666666,-0.0009906235510088884
HDM,negative_3pct,156.04166666666666,-0.0008988850281152822
HDM,negative_3pct,157.04166666666666,-0.0008163896541364326
HDM,negative_3pct,158.04166666666666,-0.0007193222062888867
HDM,negative_3pct,159.04166666666666,-0.0005926448083745179
HDM,negative_3pct,160.04166666666666,-0.0004319519252201638
HDM,negative_3pct,161.04166666666666,-0.00024326499728950443
HDM,negative_3pct,162.04166666666666,-8.358280724340251e-05
HDM,negative_3pct,163.04166666666666,4.7311640454471115e-05
HDM,negative_3pct,164.04166666666666,0.00024082698818580752
HDM,negative_3pct,165.04166666666666,0.00034072729157783163
HDM,negative_3pct,166.04166666666666,0.0004380543295073077
HDM,negative_3pct,167.04166666666666,0.00052719922467239
HDM,negative_3pct,168.04166666666666,0.000714359100958449
HDM,negative_3pct,169.04166666666666,0.00095142229711774
HDM,negative_3pct,170.04166666666666,0.0012594043402259269
HDM,negative_3pct,171.04166666666666,0.0016295718552985232
HDM,negative_3pct,172.04166666666666,0.0020405969620279868
HDM,negative_3pct,173.04166666666666,0.0025433512829531194
HDM,negative_3pct,174.04166666666666,0.0030558161599677476
HDM,negative_3pct,175.04166666666666,0.003681645355378559
HDM,negative_3pct,176.04166666666666,0.004153183071334497
HDM,negative_3pct,177.04166666666666,0.004552906083483512
HDM,negative_3pct,178.04166666666666,0.004635683206526511
HDM,negative_3pct,179.04166666666666,0.004988840912569454
HDM,negative_3pct,180.04166666666666,0.005274348068126145
HDM,negative_3pct,181.04166666666663,0.005572623133259138
HDM,negative_3pct,182.04166666666663,0.005732671452567357
HDM,negative_3pct,183.04166666666663,0.006031878497449276
HDM,negative_3pct,184.04166666666663,0.00645861722879205
HDM,negative_3pct,185.04166666666663,0.006873359741119276
HDM,negative_3pct,186.04166666666663,0.00729740753284343
HDM,negative_3pct,187.04166666666663,0.007747637478048713
HDM,negative_3pct,188.04166666666663,0.008246184080477732
HDM,negative_3pct,189.04166666666663,0.008810165282304142
HDM,negative_3pct,190.04166666666663,0.009453362242033171
HDM,negative_3pct,191.04166666666663,0.010192558261927642
HDM,negative_3pct,192.04166666666663,0.010799664144117857
HDM,negative_3pct,193.04166666666663,0.011146410879826903
HDM,negative_3pct,194.04166666666663,0.011181131140392694
HDM,negative_3pct,195.04166666666663,0.01111086765156733
HDM,negative_3pct,196.04166666666663,0.010990232855792344
HDM,negative_3pct,197.04166666666663,0.010758114709068508
HDM,negative_3pct,198.04166666666663,0.010473380494508543
HDM,negative_3pct,199.04166666666663,0.010029462044353323
HDM,negative_3pct,200.04166666666663,0.009688918067836004
HDM,negative_3pct,201.04166666666663,0.009382589297733359
HDM,negative_3pct,202.04166666666663,0.00917655415220258
HDM,negative_3pct,203.04166666666663,0.008933770853973122
HDM,negative_3pct,204.04166666666663,0.0089197650467272
HDM,negative_3pct,205.04166666666663,0.009013363111796721
HDM,negative_3pct,206.04166666666663,0.009369234141770018
HDM,negative_3pct,207.04166666666663,0.009697366334862097
HDM,negative_3pct,208.04166666666663,0.00957834879315148
HDM,negative_3pct,209.04166666666663,0.009439998103951205
HDM,negative_3pct,210.04166666666663,0.009265851870569414
HDM,negative_3pct,211.04166666666663,0.009049791216867399
HDM,negative_3pct,212.04166666666663,0.008780453059210162
HDM,negative_3pct,213.04166666666663,0.00844914072436594
HDM,negative_3pct,214.04166666666663,0.008049480962100872
HDM,negative_3pct,215.04166666666663,0.007571368483011999
HDM,negative_3pct,216.04166666666663,0.007133441201897047
HDM,negative_3pct,217.04166666666663,0.006903244202539534
HDM,negative_3pct,218.04166666666663,0.006901997813449332
HDM,negative_3pct,219.04166666666663,0.006922566780248406
HDM,negative_3pct,220.04166666666663,0.006921834292185464
HDM,negative_3pct,221.04166666666663,0.0068986951658254955
HDM,negative_3pct,222.04166666666663,0.006862817264926896
HDM,negative_3pct,223.04166666666663,0.006808531624114804
HDM,negative_3pct,224.04166666666663,0.006736083730350572
HDM,negative_3pct,225.04166666666663,0.006636892368463123
HDM,negative_3pct,226.04166666666663,0.006498434401890952
HDM,negative_3pct,227.04166666666663,0.006354829729384132
HDM,negative_3pct,228.04166666666663,0.006113703264941512
HDM,negative_3pct,229.04166666666663,0.005746741081760672
HDM,negative_3pct,230.04166666666663,0.005227636070358147
HDM,negative_3pct,231.04166666666663,0.00455566997023205
HDM,negative_3pct,232.04166666666663,0.004159217950396546
HDM,negative_3pct,233.04166666666663,0.003757415857448593
HDM,negative_3pct,234.04166666666663,0.003359278566080137
HDM,negative_3pct,235.04166666666663,0.0029698235268000887
HDM,negative_3pct,236.04166666666663,0.002593522414751
HDM,negative_3pct,237.04166666666663,0.0022340718634574295
HDM,negative_3pct,238.04166666666663,0.001893690849799336
HDM,negative_3pct,239.04166666666663,0.0015731149250768604
HDM,negative_3pct,240.04166666666663,0.0012722601713991346
HDM,negative_3pct,241.04166666666663,0.0009921741934905608
HDM,negative_3pct,242.04166666666663,0.0007325445396016518
HDM,negative_3pct,243.04166666666663,0.0005205791803283692
HDM,negative_3pct,244.04166666666663,0.0002882232148261026
HDM,negative_3pct,245.04166666666663,6.0442755931891446e-05
HDM,negative_3pct,246.04166666666663,-0.0001151642319710308
HDM,negative_3pct,247.04166666666663,-0.0002634112727145909
HDM,negative_3pct,248.04166666666663,-0.0003936515257423849
HDM,negative_3pct,249.04166666666663,-0.0005054056025661236
HDM,negative_3pct,250.04166666666663,-0.0005986360150017308
HDM,negative_3pct,251.04166666666663,-0.0006727446575894057
HDM,negative_3pct,252.04166666666663,-0.0007283494528304012
HDM,negative_3pct,253.04166666666663,-0.0007668100055589251
HDM,negative_3pct,254.04166666666663,-0.0007892463393202051
HDM,negative_3pct,255.04166666666663,-0.0007974760431829386
HDM,negative_3pct,256.0416666666667,-0.0007936213937543927
HDM,negative_3pct,257.0416666666667,-0.0007804708904435207
HDM,negative_3pct,258.0416666666667,-0.0007597376043666784
HDM,negative_3pct,259.0416666666667,-0.0007330055885727971
HDM,negative_3pct,260.0416666666667,-0.000701564653227559
HDM,negative_3pct,261.0416666666667,-0.0006670413964778394
HDM,negative_3pct,262.0416666666667,-0.0006308135075876155
HDM,negative_3pct,263.0416666666667,-0.0005929612552013124
HDM,negative_3pct,264.0416666666667,-0.0005543172100121798
HDM,negative_3pct,265.0416666666667,-0.000515644900566803
HDM,negative_3pct,266.0416666666667,-0.0004776245751646627
HDM,negative_3pct,267.0416666666667,-0.0004687024703243183
HDM,negative_3pct,268.0416666666667,-0.0004218611026625222
HDM,negative_3pct,269.0416666666667,-0.0003629671781696993
HDM,negative_3pct,270.0416666666667,-0.00034036518727417774
HDM,negative_3pct,271.0416666666667,-0.0003305311475775704
HDM,negative_3pct,272.0416666666667,-0.00032497916770765726
HDM,negative_3pct,273.0416666666667,-0.0003252632540296486
HDM,negative_3pct,274.0416666666667,-0.0003319314757744621
HDM,negative_3pct,275.0416666666667,-0.00034604165356052704
HDM,negative_3pct,276.0416666666667,-0.00036766838100479334
HDM,negative_3pct,277.0416666666667,-0.0003964449616570253
HDM,negative_3pct,278.0416666666667,-0.00043187542454746144
HDM,negative_3pct,279.0416666666667,-0.0004736280298075128
HDM,negative_3pct,280.0416666666667,-0.0005080445802334507
HDM,negative_3pct,281.0416666666667,-0.0005725572838130587
HDM,negative_3pct,282.0416666666667,-0.0006656381697068594
HDM,negative_3pct,283.0416666666667,-0.0007503715253493126
HDM,negative_3pct,284.0416666666667,-0.0008451888482339886
HDM,negative_3pct,285.0416666666667,-0.0009485975269486652
HDM,negative_3pct,286.0416666666667,-0.0010589508204342875
HDM,negative_3pct,287.0416666666667,-0.0011745991023171846
HDM,negative_3pct,288.0416666666667,-0.0012939671661768612
HDM,negative_3pct,289.0416666666667,-0.0014164385615340073
HDM,negative_3pct,290.0416666666667,-0.0015407660313321164
HDM,negative_3pct,291.0416666666667,-0.0016662811128365454
HDM,negative_3pct,292.0416666666667,-0.0017921146478247685
HDM,negative_3pct,293.0416666666667,-0.0019179779315803458
HDM,negative_3pct,294.0416666666667,-0.002043333471162293
HDM,negative_3pct,295.0416666666667,-0.0021677048657596292
HDM,negative_3pct,296.0416666666667,-0.00229062765196999
HDM,negative_3pct,297.0416666666667,-0.0024115197846151493
HDM,negative_3pct,298.0416666666667,-0.002530147513983468
HDM,negative_3pct,299.0416666666667,-0.0026455812953325667
HDM,negative_3pct,300.0416666666667,-0.0027568772844467275
HDM,negative_3pct,301.0416666666667,-0.002864218061535644
HDM,negative_3pct,302.0416666666667,-0.00296781116802585
HDM,negative_3pct,303.0416666666667,-0.0030681092866913433
HDM,negative_3pct,304.0416666666667,-0.003177717723520686
HDM,negative_3pct,305.0416666666667,-0.003259421802993401
HDM,negative_3pct,306.0416666666667,-0.003314723763685829
HDM,negative_3pct,307.0416666666667,-0.0033804058502943015
HDM,negative_3pct,308.0416666666667,-0.003438135068713123
HDM,negative_3pct,309.0416666666667,-0.0034894496923044962
HDM,negative_3pct,310.0416666666667,-0.00353569872709134
HDM,negative_3pct,311.0416666666667,-0.003578245576042045
HDM,negative_3pct,312.0416666666667,-0.00361850555756388
HDM,negative_3pct,313.0416666666667,-0.003657432670026218
HDM,negative_3pct,314.0416666666667,-0.0036959193765691836
HDM,negative_3pct,315.0416666666667,-0.003734563352535936
HDM,negative_3pct,316.0416666666667,-0.0037738798615762495
HDM,negative_3pct,317.0416666666667,-0.0037957717748277144
HDM,negative_3pct,318.0416666666667,-0.0037205117764690537
HDM,negative_3pct,319.0416666666667,-0.003910090781007754
HDM,negative_3pct,320.0416666666667,-0.003976488037061469
HDM,negative_3pct,321.0416666666667,-0.00400651951503073
HDM,negative_3pct,322.0416666666667,-0.0040236507869929865
HDM,negative_3pct,323.0416666666667,-0.004033775231871206
HDM,negative_3pct,324.0416666666667,-0.004041425546495752
HDM,negative_3pct,325.0416666666667,-0.004047802380591339
HDM,negative_3pct,326.0416666666667,-0.004055241049887172
HDM,negative_3pct,327.0416666666667,-0.004064110516522304
HDM,negative_3pct,328.0416666666667,-0.004074853499049639
HDM,negative_3pct,329.0416666666667,-0.004087008935939854
HDM,negative_3pct,330.0416666666667,-0.004101402310393189
HDM,negative_3pct,331.0416666666667,-0.004118315072543133
HDM,negative_3pct,332.0416666666667,-0.004137486045597737
HDM,negative_3pct,333.0416666666667,-0.004158704696417941
HDM,negative_3pct,334.0416666666667,-0.004181925625564975
HDM,negative_3pct,335.0416666666667,-0.004207477223120155
HDM,negative_3pct,336.0416666666667,-0.004235381995783303
HDM,negative_3pct,337.0416666666667,-0.004265516354566581
HDM,negative_3pct,338.0416666666667,-0.00429799525973146
HDM,negative_3pct,339.0416666666667,-0.004332903794762343
HDM,negative_3pct,340.0416666666667,-0.004370375222763898
HDM,negative_3pct,341.0416666666667,-0.004428334226181599
HDM,negative_3pct,342.0416666666667,-0.004587341819317459
HDM,negative_3pct,343.0416666666667,-0.004485748170761729
HDM,negative_3pct,344.0416666666667,-0.004512050314741935
HDM,negative_3pct,345.0416666666667,-0.004580258989532144
HDM,negative_3pct,346.0416666666667,-0.004666931297589585
HDM,negative_3pct,347.0416666666667,-0.004767594932852758
HDM,negative_3pct,348.0416666666667,-0.004878914806303148
HDM,negative_3pct,349.0416666666667,-0.005001815548732911
HDM,negative_3pct,350.0416666666667,-0.0051318716497954706
HDM,negative_3pct,351.0416666666667,-0.005267348489052684
HDM,negative_3pct,352.0416666666667,-0.005408149508371578
HDM,negative_3pct,353.0416666666667,-0.0055530302579830035
HDM,negative_3pct,354.0416666666667,-0.005700544784532158
HDM,negative_3pct,355.0416666666667,-0.005696233058985636
HDM,negative_3pct,356.0416666666667,-0.005915770412014983
HDM,negative_3pct,357.0416666666667,-0.006248447564427782
HDM,negative_3pct,358.0416666666667,-0.006423994617837499
HDM,negative_3pct,359.0416666666667,-0.0065931310284874116
HDM,negative_3pct,360.0416666666667,-0.006756891821107951
HDM,negative_3pct,361.0416666666667,-0.006911852182507978
HDM,negative_3pct,362.0416666666667,-0.007057042577476437
HDM,negative_3pct,363.0416666666667,-0.0071919378621954095
HDM,negative_3pct,364.0416666666667,-0.007316446294776032
HDM,negative_3pct,365.0416666666667,-0.007431254108943559
HDM,negative_3pct,366.0416666666667,-0.00753622921978852
HDM,negative_3pct,367.0416666666667,-0.007634913078106366
HDM,negative_3pct,368.0416666666667,-0.0077281966084325315
HDM,negative_3pct,369.0416666666667,-0.00781582785710908
HDM,negative_3pct,370.0416666666667,-0.007898374442113606
HDM,negative_3pct,371.0416666666667,-0.007977201190156625
HDM,negative_3pct,372.0416666666667,-0.008053252250787324
HDM,negative_3pct,373.0416666666667,-0.008125397852997507
HDM,negative_3pct,374.0416666666667,-0.008196980672046293
HDM,negative_3pct,375.0416666666667,-0.008269312902826861
HDM,negative_3pct,376.0416666666667,-0.008343890754121164
HDM,negative_3pct,377.0416666666667,-0.00841978202656272
HDM,negative_3pct,378.0416666666667,-0.008497015159596222
HDM,negative_3pct,379.0416666666667,-0.008728918380238164
HDM,negative_3pct,380.0416666666667,-0.008738923911460314
HDM,negative_3pct,381.0416666666667,-0.008635848262901731
HDM,negative_3pct,382.0416666666667,-0.008692573894520168
HDM,negative_3pct,383.0416666666667,-0.008758160619102902
HDM,negative_3pct,384.0416666666667,-0.008831343171916506
HDM,negative_3pct,385.0416666666667,-0.008915925682187527
HDM,negative_3pct,386.0416666666667,-0.009012578310388495
HDM,negative_3pct,387.0416666666667,-0.009121907014342793
HDM,negative_3pct,388.0416666666667,-0.00924481507715058
HDM,negative_3pct,389.0416666666667,-0.009381145184687573
HDM,negative_3pct,390.0416666666667,-0.009530864670569184
HDM,negative_3pct,391.0416666666667,-0.009688955016407938
HDM,negative_3pct,392.0416666666667,-0.009814603420216254
HDM,negative_3pct,393.0416666666667,-0.009549664928142652
HDM,negative_3pct,394.0416666666667,-0.010109955663743954
HDM,negative_3pct,395.0416666666667,-0.010301659721651635
HDM,negative_3pct,396.0416666666667,-0.010067493676830385
HDM,negative_3pct,397.0416666666667,-0.00975212881787873
HDM,negative_3pct,398.0416666666667,-0.009532273771246786
HDM,negative_3pct,399.0416666666667,-0.009397549665546356
HDM,negative_3pct,400.0416666666667,-0.009325252325431108
HDM,negative_3pct,401.0416666666667,-0.00930550176214846
HDM,negative_3pct,402.0416666666667,-0.009335199609306141
HDM,negative_3pct,403.0416666666667,-0.009413793620212139
HDM,negative_3pct,404.0416666666667,-0.009536926645370751
HDM,negative_3pct,405.0416666666667,-0.009696171193740244
HDM,negative_3pct,406.0416666666667,-0.009875985352807176
HDM,negative_3pct,407.0416666666667,-0.010063243114597633
HDM,negative_3pct,408.0416666666667,-0.010248676388932013
HDM,negative_3pct,409.0416666666667,-0.010207988334296609
HDM,negative_3pct,410.0416666666667,-0.010413615772705038
HDM,negative_3pct,411.0416666666667,-0.01056331087963305
HDM,negative_3pct,412.0416666666667,-0.01061630925826211
HDM,negative_3pct,413.0416666666667,-0.010559152373289213
HDM,negative_3pct,414.0416666666667,-0.010388356973035475
HDM,negative_3pct,415.0416666666667,-0.01011575538629202
HDM,negative_3pct,416.0416666666667,-0.009801312431062635
HDM,negative_3pct,417.0416666666667,-0.009826454804782522
HDM,negative_3pct,418.0416666666667,-0.008991461035577707
HDM,negative_3pct,419.0416666666667,-0.008496444215199944
HDM,negative_3pct,420.0416666666667,-0.008402530785636046
HDM,negative_3pct,421.0416666666667,-0.008365800529965854
HDM,negative_3pct,422.0416666666667,-0.008240890127522545
HDM,negative_3pct,423.0416666666667,-0.008019826097892232
HDM,negative_3pct,424.0416666666667,-0.007726898067869553
HDM,negative_3pct,425.0416666666667,-0.007355677055187266
HDM,negative_3pct,426.0416666666667,-0.006926184804166008
HDM,negative_3pct,427.0416666666667,-0.006398992388061594
HDM,negative_3pct,428.0416666666667,-0.005772235166829502
HDM,negative_3pct,429.0416666666667,-0.004962857759673024
HDM,negative_3pct,430.0416666666667,-0.0044005288748775176
HDM,negative_3pct,431.0416666666667,-0.0038151832045987782
HDM,negative_3pct,432.0416666666667,-0.0031806715985025252
HDM,negative_3pct,433.0416666666667,-0.0027587839843166936
HDM,negative_3pct,434.0416666666667,-0.002081051667626662
HDM,negative_3pct,435.0416666666667,-0.0014583283598713697
HDM,negative_3pct,436.0416666666667,-0.0009326693538406607
HDM,negative_3pct,437.0416666666667,-0.00048344965092473886
HDM,negative_3pct,438.0416666666667,-8.658855737402704e-05
HDM,negative_3pct,439.0416666666667,0.00019968188810686707
HDM,negative_3pct,440.0416666666667,0.0004124606470176125
HDM,negative_3pct,441.0416666666667,0.0005721429472455475
HDM,negative_3pct,442.0416666666667,0.0007004006367769627
HDM,negative_3pct,443.0416666666667,0.0008090792807294601
HDM,negative_3pct,444.0416666666667,0.0009077165900477605
HDM,negative_3pct,445.0416666666667,0.0010149894459802024
HDM,negative_3pct,446.0416666666667,0.001144188763894844
HDM,negative_3pct,447.0416666666667,0.0012619442942247243
HDM,negative_3pct,448.0416666666667,0.0013417793435189012
HDM,negative_3pct,449.0416666666667,0.0013978336846946428
HDM,negative_3pct,450.0416666666667,0.0014567482350658207
HDM,negative_3pct,451.0416666666667,0.00147925084306369
HDM,negative_3pct,452.0416666666667,0.001454786162123623
HDM,negative_3pct,453.0416666666667,0.0012936712223165295
HDM,negative_3pct,454.0416666666667,0.0014142837367006702
HDM,negative_3pct,455.0416666666667,0.0015399357346043664
HDM,negative_3pct,456.0416666666667,0.0016456117062218568
HDM,negative_3pct,457.0416666666667,0.0017484693668154143
HDM,negative_3pct,458.0416666666667,0.0019201242634181877
HDM,negative_3pct,459.0416666666667,0.0021999988118630268
HDM,negative_3pct,460.0416666666667,0.0026056865557140974
HDM,negative_3pct,461.0416666666667,0.003107840866924215
HDM,negative_3pct,462.0416666666667,0.003347425156979086
HDM,negative_3pct,463.0416666666667,0.0036016104343442757
HDM,negative_3pct,464.0416666666667,0.0038507525652628997
HDM,negative_3pct,465.0416666666667,0.004097052260263236
HDM,negative_3pct,466.0416666666667,0.004331738643988253
HDM,negative_3pct,467.0416666666667,0.004550336631739262
HDM,negative_3pct,468.0416666666667,0.004745884544560987
HDM,negative_3pct,469.0416666666667,0.004901416652422831
HDM,negative_3pct,470.0416666666667,0.005036095470520358
HDM,negative_3pct,471.0416666666667,0.005166165696028025
HDM,negative_3pct,472.0416666666667,0.005322598097154329
HDM,negative_3pct,473.0416666666667,0.0054744294912017
HDM,negative_3pct,474.0416666666667,0.005612575688951608
HDM,negative_3pct,475.0416666666667,0.005738572463327051
HDM,negative_3pct,476.0416666666667,0.005857267918964137
HDM,negative_3pct,477.0416666666667,0.00596636711768585
HDM,negative_3pct,478.0416666666667,0.006066224241272779
HDM,negative_3pct,479.0416666666667,0.006151820238565243
HDM,negative_3pct,480.0416666666667,0.00621458569624652
HDM,negative_3pct,481.0416666666667,0.006276765488478497
HDM,negative_3pct,482.0416666666667,0.00627211291278026
HDM,negative_3pct,483.0416666666667,0.006171150887339728
HDM,negative_3pct,484.0416666666667,0.005959016984694089
HDM,negative_3pct,485.0416666666667,0.005633618599082886
HDM,negative_3pct,486.0416666666667,0.005531984591910321
HDM,negative_3pct,487.0416666666667,0.005449669185910933
HDM,negative_3pct,488.0416666666667,0.005391851340315631
HDM,negative_3pct,489.0416666666667,0.005357791898056887
HDM,negative_3pct,490.0416666666667,0.005351473555708759
HDM,negative_3pct,491.0416666666667,0.005374610795911348
HDM,negative_3pct,492.0416666666667,0.005424063696561113
HDM,negative_3pct,493.0416666666667,0.005497930875291438
HDM,negative_3pct,494.0416666666667,0.005596195878471999
HDM,negative_3pct,495.0416666666667,0.005716753074117703
HDM,negative_3pct,496.0416666666667,0.005851501284778283
HDM,negative_3pct,497.0416666666667,0.005744014195745303
HDM,negative_3pct,498.0416666666667,0.006330413705075225
HDM,negative_3pct,499.0416666666667,0.00678299034849788
HDM,negative_3pct,500.0416666666667,0.007025348470897131
HDM,negative_3pct,501.0416666666667,0.007266231381597617
HDM,negative_3pct,502.0416666666667,0.0075043088692401845
HDM,negative_3pct,503.0416666666667,0.007740250902867578
HDM,negative_3pct,504.0416666666667,0.007973708506058056
HDM,negative_3pct,505.0416666666667,0.008207815989896543
HDM,negative_3pct,506.0416666666667,0.008443389291249437
HDM,negative_3pct,507.0416666666667,0.008679692090224506
HDM,negative_3pct,508.0416666666667,0.008916489690992962
HDM,negative_3pct,509.0416666666667,0.009151716114187627
HDM,negative_3pct,510.0416666666667,0.009379330659853937
HDM,negative_3pct,511.0416666666667,0.009591991261271943
HDM,negative_3pct,512.0416666666666,0.009786343947881157
HDM,negative_3pct,513.0416666666666,0.009963577725733152
HDM,negative_3pct,514.0416666666666,0.010123392953568634
HDM,negative_3pct,515.0416666666666,0.010264422373976179
HDM,negative_3pct,516.0416666666666,0.010391874946612253
HDM,negative_3pct,517.0416666666666,0.010507269347946026
HDM,negative_3pct,518.0416666666666,0.010610456185024176
HDM,negative_3pct,519.0416666666666,0.0107021628146656
HDM,negative_3pct,520.0416666666666,0.01078939692887971
HDM,negative_3pct,521.0416666666666,0.011127736766273856
HDM,negative_3pct,522.0416666666666,0.010779720265403112
HDM,negative_3pct,523.0416666666666,0.01057043952673227
HDM,negative_3pct,524.0416666666666,0.01057542165474691
HDM,negative_3pct,525.0416666666666,0.010585438072529181
HDM,negative_3pct,526.0416666666666,0.010600267688020255
HDM,negative_3pct,527.0416666666666,0.01061837897397473
HDM,negative_3pct,528.0416666666666,0.010638703675025275
HDM,negative_3pct,529.0416666666666,0.010657174259885197
HDM,negative_3pct,530.0416666666666,0.010671975199548614
HDM,negative_3pct,531.0416666666666,0.010683055794039643
HDM,negative_3pct,532.0416666666666,0.010689954906225886
HDM,negative_3pct,533.0416666666666,0.010692639528288904
HDM,negative_3pct,534.0416666666666,0.010587280495965938
HDM,negative_3pct,535.0416666666666,0.010490042761466457
HDM,negative_3pct,536.0416666666666,0.011137720022495207
HDM,negative_3pct,537.0416666666666,0.011207838082070314
HDM,negative_3pct,538.0416666666666,0.011268194775492183
HDM,negative_3pct,539.0416666666666,0.011318769556601514
HDM,negative_3pct,540.0416666666666,0.011361921798969287
HDM,negative_3pct,541.0416666666666,0.011399792599657408
HDM,negative_3pct,542.0416666666666,0.011433673674650804
HDM,negative_3pct,543.0416666666666,0.011464712068090382
HDM,negative_3pct,544.0416666666666,0.011493520218064717
HDM,negative_3pct,545.0416666666666,0.011520306515226734
HDM,negative_3pct,546.0416666666666,0.011545848657436306
HDM,negative_3pct,547.0416666666666,0.011570767226691245
HDM,negative_3pct,548.0416666666666,0.01159530024517976
HDM,negative_3pct,549.0416666666666,0.011619440064982061
HDM,negative_3pct,550.0416666666666,0.011643374589401793
HDM,negative_3pct,551.0416666666666,0.011667355347290083
HDM,negative_3pct,552.0416666666666,0.01169160929223868
HDM,negative_3pct,553.0416666666666,0.01171605593685513
HDM,negative_3pct,554.0416666666666,0.01174077966155788
HDM,negative_3pct,555.0416666666666,0.011765689926309945
HDM,negative_3pct,556.0416666666666,0.011790245966314264
HDM,negative_3pct,557.0416666666666,0.01180212707257413
HDM,negative_3pct,558.0416666666666,0.011904532800327237
HDM,negative_3pct,559.0416666666666,0.01198663803892338
HDM,negative_3pct,560.0416666666666,0.01132066939356068
HDM,negative_3pct,561.0416666666666,0.01123067485119557
HDM,negative_3pct,562.0416666666666,0.011149587800228837
HDM,negative_3pct,563.0416666666666,0.011078104164196585
HDM,negative_3pct,564.0416666666666,0.011013899377832152
HDM,negative_3pct,565.0416666666666,0.010947953766055429
HDM,negative_3pct,566.0416666666666,0.010873905448858363
HDM,negative_3pct,567.0416666666666,0.010789511767073512
HDM,negative_3pct,568.0416666666666,0.01069381100640384
HDM,negative_3pct,569.0416666666666,0.010585900947751707
HDM,negative_3pct,570.0416666666666,0.010463247374832889
HDM,negative_3pct,571.0416666666666,0.010316658777638597
HDM,negative_3pct,572.0416666666666,0.009912550778549932
HDM,negative_3pct,573.0416666666666,0.009932748851079762
HDM,negative_3pct,574.0416666666666,0.010217384600822565
HDM,negative_3pct,575.0416666666666,0.010172076465178113
HDM,negative_3pct,576.0416666666666,0.010147674532254522
HDM,negative_3pct,577.0416666666666,0.010138803986715753
HDM,negative_3pct,578.0416666666666,0.01015660831037196
HDM,negative_3pct,579.0416666666666,0.01020399235742591
HDM,negative_3pct,580.0416666666666,0.010283174278801798
HDM,negative_3pct,581.0416666666666,0.010389772521249901
HDM,negative_3pct,582.0416666666666,0.010508966245439115
HDM,negative_3pct,583.0416666666666,0.010637754279935711
HDM,negative_3pct,584.0416666666666,0.010768816086828623
HDM,negative_3pct,585.0416666666666,0.0109012405207033
HDM,negative_3pct,586.0416666666666,0.011034995334100796
HDM,negative_3pct,587.0416666666666,0.011169488874837983
HDM,negative_3pct,588.0416666666666,0.011305384572809548
HDM,negative_3pct,589.0416666666666,0.011449877935571381
HDM,negative_3pct,590.0416666666666,0.01160877234147664
HDM,negative_3pct,591.0416666666666,0.011783342628066443
HDM,negative_3pct,592.0416666666666,0.011974418265592314
HDM,negative_3pct,593.0416666666666,0.01218340682698476
HDM,negative_3pct,594.0416666666666,0.01241418194694516
HDM,negative_3pct,595.0416666666666,0.012679192523503772
HDM,negative_3pct,596.0416666666666,0.01321275230626686
HDM,negative_3pct,597.0416666666666,0.013338318758944371
HDM,negative_3pct,598.0416666666666,0.013210810244494131
HDM,negative_3pct,599.0416666666666,0.013411899554141895
HDM,negative_3pct,600.0416666666666,0.01358815417248073
HDM,negative_3pct,601.0416666666666,0.013742495736357906
HDM,negative_3pct,602.0416666666666,0.01386065097199187
HDM,negative_3pct,603.0416666666666,0.013936542986689103
HDM,negative_3pct,604.0416666666666,0.013965450841134076
HDM,negative_3pct,605.0416666666666,0.013992014657054082
HDM,negative_3pct,606.0416666666666,0.014086007782987983
HDM,negative_3pct,607.0416666666666,0.014167005026619776
HDM,negative_3pct,608.0416666666666,0.014182489567263772
HDM,negative_3pct,609.0416666666666,0.013648810274554946
HDM,negative_3pct,610.0416666666666,0.013455051292139468
HDM,negative_3pct,611.0416666666666,0.014043791594236466
HDM,negative_3pct,612.0416666666666,0.014325384782690227
HDM,negative_3pct,613.0416666666666,0.014465595099676452
HDM,negative_3pct,614.0416666666666,0.014585394565995502
HDM,negative_3pct,615.0416666666666,0.014705608350179073
HDM,negative_3pct,616.0416666666666,0.014804915710558296
HDM,negative_3pct,617.0416666666666,0.014879630422840259
HDM,negative_3pct,618.0416666666666,0.014925954159877325
HDM,negative_3pct,619.0416666666666,0.014937614501849059
HDM,negative_3pct,620.0416666666666,0.01491063910692805
HDM,negative_3pct,621.0416666666666,0.014913801876791736
HDM,negative_3pct,622.0416666666666,0.014937911960675019
HDM,negative_3pct,623.0416666666666,0.014927636431873068
HDM,negative_3pct,624.0416666666666,0.014880289693174798
HDM,negative_3pct,625.0416666666666,0.014847571636783732
HDM,negative_3pct,626.0416666666666,0.014893809705432973
HDM,negative_3pct,627.0416666666666,0.014898539628400181
HDM,negative_3pct,628.0416666666666,0.014875248547491818
HDM,negative_3pct,629.0416666666666,0.014940681899582836
HDM,negative_3pct,630.0416666666666,0.01488057944856304
HDM,negative_3pct,631.0416666666666,0.014816113963350919
HDM,negative_3pct,632.0416666666666,0.014888412118936921
HDM,negative_3pct,633.0416666666666,0.015424932994268833
HDM,negative_3pct,634.0416666666666,0.015710734325797213
HDM,negative_3pct,635.0416666666666,0.015153766725477944
HDM,negative_3pct,636.0416666666666,0.014938226872831674
HDM,negative_3pct,637.0416666666666,0.014846540103318897
HDM,negative_3pct,638.0416666666666,0.01478244944764791
HDM,negative_3pct,639.0416666666666,0.014714075712675292
HDM,negative_3pct,640.0416666666666,0.014412095072610962
HDM,negative_3pct,641.0416666666666,0.013764515552494852
HDM,negative_3pct,642.0416666666666,0.013580496760066644
HDM,negative_3pct,643.0416666666666,0.01408156420317103
HDM,negative_3pct,644.0416666666666,0.014322423140912473
HDM,negative_3pct,645.0416666666666,0.013704437314078907
HDM,negative_3pct,646.0416666666666,0.013065841167401617
HDM,negative_3pct,647.0416666666666,0.012556653776084108
HDM,negative_3pct,648.0416666666666,0.012197930971370922
HDM,negative_3pct,649.0416666666666,0.011939821778070021
HDM,negative_3pct,650.0416666666666,0.01172046821620401
HDM,negative_3pct,651.0416666666666,0.01166347344266768
HDM,negative_3pct,652.0416666666666,0.01175868966920319
HDM,negative_3pct,653.0416666666666,0.011860652154313263
HDM,negative_3pct,654.0416666666666,0.012129885205644536
HDM,negative_3pct,655.0416666666666,0.01252620505035357
HDM,negative_3pct,656.0416666666666,0.012959929705440694
HDM,negative_3pct,657.0416666666666,0.013548699173836581
HDM,negative_3pct,658.0416666666666,0.013959207848098395
HDM,negative_3pct,659.0416666666666,0.014319658331761279
HDM,negative_3pct,660.0416666666666,0.01453545710575995
HDM,negative_3pct,661.0416666666666,0.014658055377077919
HDM,negative_3pct,662.0416666666666,0.014662349811109362
HDM,negative_3pct,663.0416666666666,0.014560033349419505
HDM,negative_3pct,664.0416666666666,0.014601474553179807
HDM,negative_3pct,665.0416666666666,0.014901651673176705
HDM,negative_3pct,666.0416666666666,0.014640790311535578
HDM,negative_3pct,667.0416666666666,0.013591222771195781
HDM,negative_3pct,668.0416666666666,0.013105292964050927
HDM,negative_3pct,669.0416666666666,0.013433600282245557
HDM,negative_3pct,670.0416666666666,0.014047205694949117
HDM,negative_3pct,671.0416666666666,0.014596723930127656
HDM,negative_3pct,672.0416666666666,0.015255331205076791
HDM,negative_3pct,673.0416666666666,0.015912703167074674
HDM,negative_3pct,674.0416666666666,0.016547758862409646
HDM,negative_3pct,675.0416666666666,0.016947276808556948
HDM,negative_3pct,676.0416666666666,0.017152733255333303
HDM,negative_3pct,677.0416666666666,0.017087377383145863
HDM,negative_3pct,678.0416666666666,0.01674835020500769
HDM,negative_3pct,679.0416666666666,0.016200440326819204
HDM,negative_3pct,680.0416666666666,0.015166551792113125
HDM,negative_3pct,681.0416666666666,0.014694320353117981
HDM,negative_3pct,682.0416666666666,0.014400853751391905
HDM,negative_3pct,683.0416666666666,0.014247419445313797
HDM,negative_3pct,684.0416666666666,0.014232868339819325
HDM,negative_3pct,685.0416666666666,0.014355749435147721
HDM,negative_3pct,686.0416666666666,0.014618287519616961
HDM,negative_3pct,687.0416666666666,0.015018691730955162
HDM,negative_3pct,688.0416666666666,0.01556098934333188
HDM,negative_3pct,689.0416666666666,0.016216645783535735
HDM,negative_3pct,690.0416666666666,0.016816187567308384
HDM,negative_3pct,691.0416666666666,0.017203374687545476
HDM,negative_3pct,692.0416666666666,0.01708055352494061
HDM,negative_3pct,693.0416666666666,0.016946631854519723
HDM,negative_3pct,694.0416666666666,0.01651594299602224
HDM,negative_3pct,695.0416666666666,0.016055725796125155
HDM,negative_3pct,696.0416666666666,0.015369142304146214
HDM,negative_3pct,697.0416666666666,0.014574646997792222
HDM,negative_3pct,698.0416666666666,0.013693603015395317
HDM,negative_3pct,699.0416666666666,0.012964424107730473
HDM,negative_3pct,700.0416666666666,0.01232253066158654
HDM,negative_3pct,701.0416666666666,0.01186025296003984
HDM,negative_3pct,702.0416666666666,0.011673802216904441
HDM,negative_3pct,703.0416666666666,0.011714816134192242
HDM,negative_3pct,704.0416666666666,0.012321648963443222
HDM,negative_3pct,705.0416666666666,0.012373418720306492
HDM,negative_3pct,706.0416666666666,0.012057298656305894
HDM,negative_3pct,707.0416666666666,0.011717127456518392
HDM,negative_3pct,708.0416666666666,0.011346791796584203
HDM,negative_3pct,709.0416666666666,0.010946569925704754
HDM,negative_3pct,710.0416666666666,0.010513882198534535
HDM,negative_3pct,711.0416666666666,0.010049667089314835
HDM,negative_3pct,712.0416666666666,0.009549794266615562
HDM,negative_3pct,713.0416666666666,0.00904318214281182
HDM,negative_3pct,714.0416666666666,0.008711209486120688
HDM,negative_3pct,715.0416666666666,0.008718909110091343
HDM,negative_3pct,716.0416666666666,0.008960216058908843
HDM,negative_3pct,717.0416666666666,0.009209430637504203
HDM,negative_3pct,718.0416666666666,0.009457690606189251
HDM,negative_3pct,719.0416666666666,0.009704756287872329
HDM,negative_3pct,720.0416666666666,0.009960324706577971
HDM,negative_3pct,721.0416666666666,0.010220497413087653
HDM,negative_3pct,722.0416666666666,0.010484605702965158
HDM,negative_3pct,723.0416666666666,0.01072740382761165
HDM,negative_3pct,724.0416666666666,0.010972701908470625
HDM,negative_3pct,725.0416666666666,0.011205495467312197
HDM,negative_3pct,726.0416666666666,0.011329220991276874
HDM,negative_3pct,727.0416666666666,0.011325946000347238
HDM,negative_3pct,728.0416666666666,0.011134669921843926
HDM,negative_3pct,729.0416666666666,0.010866323161223499
HDM,negative_3pct,730.0416666666666,0.010875465680647362
HDM,negative_3pct,731.0416666666666,0.010877864259307462
HDM,negative_3pct,732.0416666666666,0.010880123353663453
HDM,negative_3pct,733.0416666666666,0.010883818845931668
HDM,negative_3pct,734.0416666666666,0.010888719127313071
HDM,negative_3pct,735.0416666666666,0.010894822994417321
HDM,negative_3pct,736.0416666666666,0.010902060088472429
HDM,negative_3pct,737.0416666666666,0.010910263280974873
HDM,negative_3pct,738.0416666666666,0.010919405275967313
HDM,negative_3pct,739.0416666666666,0.01092969367425493
HDM,negative_3pct,740.0416666666666,0.010890097415091272
HDM,negative_3pct,741.0416666666666,0.010536994126004779
HDM,negative_3pct,742.0416666666666,0.011094838843614273
HDM,negative_3pct,743.0416666666666,0.011272136955445069
HDM,negative_3pct,744.0416666666666,0.011389686468849759
HDM,negative_3pct,745.0416666666666,0.011494909837104241
HDM,negative_3pct,746.0416666666666,0.011592306155958305
HDM,negative_3pct,747.0416666666666,0.01168591180705287
HDM,negative_3pct,748.0416666666666,0.011776194376543182
HDM,negative_3pct,749.0416666666666,0.011860261288218606
HDM,negative_3pct,750.0416666666666,0.01194195049891498
HDM,negative_3pct,751.0416666666666,0.012023231024964222
HDM,negative_3pct,752.0416666666666,0.012104461100280536
HDM,negative_3pct,753.0416666666666,0.012186195032434101
HDM,negative_3pct,754.0416666666666,0.012268288681630823
HDM,negative_3pct,755.0416666666666,0.012351408918870228
HDM,negative_3pct,756.0416666666666,0.012435112710335473
HDM,negative_3pct,757.0416666666666,0.012519759892444034
HDM,negative_3pct,758.0416666666666,0.012605845465311884
HDM,negative_3pct,759.0416666666666,0.012693477860893868
HDM,negative_3pct,760.0416666666666,0.012783065244972074
HDM,negative_3pct,761.0416666666666,0.012874442008728431
HDM,negative_3pct,762.0416666666666,0.012968308987202196
HDM,negative_3pct,763.0416666666666,0.013064938711537764
HDM,negative_3pct,764.0416666666666,0.013214554512675052
HDM,negative_3pct,765.0416666666666,0.013678032779933786
HDM,negative_3pct,766.0416666666666,0.01322882682736856
HDM,negative_3pct,767.0416666666666,0.013157196629990233
HDM,negative_3pct,768.0416666666666,0.013138876485328792
HDM,negative_3pct,769.0416666666666,0.013131105522367376
HDM,negative_3pct,770.0416666666666,0.01315547986224739
HDM,negative_3pct,771.0416666666666,0.01320447214688515
HDM,negative_3pct,772.0416666666666,0.013246618970388977
HDM,negative_3pct,773.0416666666666,0.013280060819824548
HDM,negative_3pct,774.0416666666666,0.013301675876356119
HDM,negative_3pct,775.0416666666666,0.013308209413463376
HDM,negative_3pct,776.0416666666666,0.013295899871465733
HDM,negative_3pct,777.0416666666666,0.01313558914292399
HDM,negative_3pct,778.0416666666666,0.012661687870998518
HDM,negative_3pct,779.0416666666666,0.013079027917192744
HDM,negative_3pct,780.0416666666666,0.013397934782487336
HDM,negative_3pct,781.0416666666666,0.013494377534260756
HDM,negative_3pct,782.0416666666666,0.013568130982903766
HDM,negative_3pct,783.0416666666666,0.013662480590586107
HDM,negative_3pct,784.0416666666666,0.013750083077107227
HDM,negative_3pct,785.0416666666666,0.013814527738536432
HDM,negative_3pct,786.0416666666666,0.013854018897182423
HDM,negative_3pct,787.0416666666666,0.013865184690345434
HDM,negative_3pct,788.0416666666666,0.013846188128456643
HDM,negative_3pct,789.0416666666666,0.013887869199037617
HDM,negative_3pct,790.0416666666666,0.01395320546706124
HDM,negative_3pct,791.0416666666666,0.013986425240556525
HDM,negative_3pct,792.0416666666666,0.013984132048605939
HDM,negative_3pct,793.0416666666666,0.014002653803478784
HDM,negative_3pct,794.0416666666666,0.014049870474666937
HDM,negative_3pct,795.0416666666666,0.014020600864208033
HDM,negative_3pct,796.0416666666666,0.01395336564000881
HDM,negative_3pct,797.0416666666666,0.013999322029451443
HDM,negative_3pct,798.0416666666666,0.014009390994641928
HDM,negative_3pct,799.0416666666666,0.013984735425018626
HDM,negative_3pct,800.0416666666666,0.014083528004912523
HDM,negative_3pct,801.0416666666666,0.014264445443571269
HDM,negative_3pct,802.0416666666666,0.014759873781886444
HDM,negative_3pct,803.0416666666666,0.014412256616530863
HDM,negative_3pct,804.0416666666666,0.01408133417027589
HDM,negative_3pct,805.0416666666666,0.01407305868364577
HDM,negative_3pct,806.0416666666666,0.014017600959636651
HDM,negative_3pct,807.0416666666666,0.013975209953040468
HDM,negative_3pct,808.0416666666666,0.013894081381488208
HDM,negative_3pct,809.0416666666666,0.013286947940325072
HDM,negative_3pct,810.0416666666666,0.013157673427425166
HDM,negative_3pct,811.0416666666666,0.013669183032083414
HDM,negative_3pct,812.0416666666666,0.013840708631023081
HDM,negative_3pct,813.0416666666666,0.013864504588296047
HDM,negative_3pct,814.0416666666666,0.01381337923720485
HDM,negative_3pct,815.0416666666666,0.013876454244479829
HDM,negative_3pct,816.0416666666666,0.013916301768063973
HDM,negative_3pct,817.0416666666666,0.01386980536846128
HDM,negative_3pct,818.0416666666666,0.013862721080654871
HDM,negative_3pct,819.0416666666666,0.013855277320974182
HDM,negative_3pct,820.0416666666666,0.01383913631458488
HDM,negative_3pct,821.0416666666666,0.013820100182842111
HDM,negative_3pct,822.0416666666666,0.013775843849204734
HDM,negative_3pct,823.0416666666666,0.013793255089357333
HDM,negative_3pct,824.0416666666666,0.01374355988364015
HDM,negative_3pct,825.0416666666666,0.01367874546615565
HDM,negative_3pct,826.0416666666666,0.013713872730614255
HDM,negative_3pct,827.0416666666666,0.013635579410278363
HDM,negative_3pct,828.0416666666666,0.013652880415578432
HDM,negative_3pct,829.0416666666666,0.013593003671963005
HDM,negative_3pct,830.0416666666666,0.013535618502382732
HDM,negative_3pct,831.0416666666666,0.013540955579607043
HDM,negative_3pct,832.0416666666666,0.013496011273964537
HDM,negative_3pct,833.0416666666666,0.014082643422286455
HDM,negative_3pct,834.0416666666666,0.014159716311090547
HDM,negative_3pct,835.0416666666666,0.01364359193523136
HDM,negative_3pct,836.0416666666666,0.01350020754654561
HDM,negative_3pct,837.0416666666666,0.013411345537960315
HDM,negative_3pct,838.0416666666666,0.01305317773826876
HDM,negative_3pct,839.0416666666666,0.012538237175691818
HDM,negative_3pct,840.0416666666666,0.012960256473265853
HDM,negative_3pct,841.0416666666666,0.01321327024329376
HDM,negative_3pct,842.0416666666666,0.013286933225903186
HDM,negative_3pct,843.0416666666666,0.013333469022267421
HDM,negative_3pct,844.0416666666666,0.01335942913053938
HDM,negative_3pct,845.0416666666666,0.013361445418639366
HDM,negative_3pct,846.0416666666666,0.013409391940178322
HDM,negative_3pct,847.0416666666666,0.013377302876587012
HDM,negative_3pct,848.0416666666666,0.013369990122286362
HDM,negative_3pct,849.0416666666666,0.013441220837348767
HDM,negative_3pct,850.0416666666666,0.013339035234045678
HDM,negative_3pct,851.0416666666666,0.013381567768486069
HDM,negative_3pct,852.0416666666666,0.013387448588259446
HDM,negative_3pct,853.0416666666666,0.013302639638004583
HDM,negative_3pct,854.0416666666666,0.013389577500990924
HDM,negative_3pct,855.0416666666666,0.01331903585213966
HDM,negative_3pct,856.0416666666666,0.013318409945392651
HDM,negative_3pct,857.0416666666666,0.013311106242442973
HDM,negative_3pct,858.0416666666666,0.013277292164956047
HDM,negative_3pct,859.0416666666666,0.013274484722176865
HDM,negative_3pct,860.0416666666666,0.013264009666489399
HDM,negative_3pct,861.0416666666666,0.013220321967802491
HDM,negative_3pct,862.0416666666666,0.013606026516969377
HDM,negative_3pct,863.0416666666666,0.013993637743819272
HDM,negative_3pct,864.0416666666666,0.013531248697537685
HDM,negative_3pct,865.0416666666666,0.013324910773436748
HDM,negative_3pct,866.0416666666666,0.01312448651986255
HDM,negative_3pct,867.0416666666666,0.013100300873440164
HDM,negative_3pct,868.0416666666666,0.01265197773079909
HDM,negative_3pct,869.0416666666666,0.01244048017043399
HDM,negative_3pct,870.0416666666666,0.012972713381869594
HDM,negative_3pct,871.0416666666666,0.01278846309756434
HDM,negative_3pct,872.0416666666666,0.01222090565802169
HDM,negative_3pct,873.0416666666666,0.011744351516552419
HDM,negative_3pct,874.0416666666666,0.011454138944978685
HDM,negative_3pct,875.0416666666666,0.011197421257906735
HDM,negative_3pct,876.0416666666666,0.011076481903364722
HDM,negative_3pct,877.0416666666666,0.011135234514138134
HDM,negative_3pct,878.0416666666666,0.011201210908682986
HDM,negative_3pct,879.0416666666666,0.011439704875929182
HDM,negative_3pct,880.0416666666666,0.011814204196863918
HDM,negative_3pct,881.0416666666666,0.012222673855260676
HDM,negative_3pct,882.0416666666666,0.012820349631297625
HDM,negative_3pct,883.0416666666666,0.013329843167977192
HDM,negative_3pct,884.0416666666666,0.013729254210322285
HDM,negative_3pct,885.0416666666666,0.014081889997711535
HDM,negative_3pct,886.0416666666666,0.014215108635897755
HDM,negative_3pct,887.0416666666666,0.014312378590741788
HDM,negative_3pct,888.0416666666666,0.014274550977975784
HDM,negative_3pct,889.0416666666666,0.014100387049856932
HDM,negative_3pct,890.0416666666666,0.013891650745469192
HDM,negative_3pct,891.0416666666666,0.013412397039249992
HDM,negative_3pct,892.0416666666666,0.013523941020988172
HDM,negative_3pct,893.0416666666666,0.01346499229631801
HDM,negative_3pct,894.0416666666666,0.012805103409432807
HDM,negative_3pct,895.0416666666666,0.013154787777856775
HDM,negative_3pct,896.0416666666666,0.013859774520144412
HDM,negative_3pct,897.0416666666666,0.014845493541038337
HDM,negative_3pct,898.0416666666666,0.015446469403560346
HDM,negative_3pct,899.0416666666666,0.015935166218830385
HDM,negative_3pct,900.0416666666666,0.016010753148740918
HDM,negative_3pct,901.0416666666666,0.01593413508580248
HDM,negative_3pct,902.0416666666666,0.015459496853702934
HDM,negative_3pct,903.0416666666666,0.015058964908435526
HDM,negative_3pct,904.0416666666666,0.014947167105530056
HDM,negative_3pct,905.0416666666666,0.014764741496827296
HDM,negative_3pct,906.0416666666666,0.014505131341996571
HDM,negative_3pct,907.0416666666666,0.014310823552411681
HDM,negative_3pct,908.0416666666666,0.014260015107132647
HDM,negative_3pct,909.0416666666666,0.0143542930480349
HDM,negative_3pct,910.0416666666666,0.014592179925178337
HDM,negative_3pct,911.0416666666666,0.014985545785518898
HDM,negative_3pct,912.0416666666666,0.015414393281839507
HDM,negative_3pct,913.0416666666666,0.015669078912484313
HDM,negative_3pct,914.0416666666666,0.015686362270366974
HDM,negative_3pct,915.0416666666666,0.0157848870708534
HDM,negative_3pct,916.0416666666666,0.015789643432616563
HDM,negative_3pct,917.0416666666666,0.015652908217884242
HDM,negative_3pct,918.0416666666666,0.015396568464571329
HDM,negative_3pct,919.0416666666666,0.01491309903827931
HDM,negative_3pct,920.0416666666666,0.014396073355091925
HDM,negative_3pct,921.0416666666666,0.013514207296656219
HDM,negative_3pct,922.0416666666666,0.012940808203264887
HDM,negative_3pct,923.0416666666666,0.012345955412719127
HDM,negative_3pct,924.0416666666666,0.012126586159745517
HDM,negative_3pct,925.0416666666666,0.012078149151393195
HDM,negative_3pct,926.0416666666666,0.012461140175795563
HDM,negative_3pct,927.0416666666666,0.012854969849015511
HDM,negative_3pct,928.0416666666666,0.012617060680285607
HDM,negative_3pct,929.0416666666666,0.012336884134701917
HDM,negative_3pct,930.0416666666666,0.012032486507920511
HDM,negative_3pct,931.0416666666666,0.011701841355437477
HDM,negative_3pct,932.0416666666666,0.011340878588224402
HDM,negative_3pct,933.0416666666666,0.010947684890892354
HDM,negative_3pct,934.0416666666666,0.010523328086532259
HDM,negative_3pct,935.0416666666666,0.010055755548810523
HDM,negative_3pct,936.0416666666666,0.009664548814568198
HDM,negative_3pct,937.0416666666666,0.00955872136901971
HDM,negative_3pct,938.0416666666666,0.009801886782344353
HDM,negative_3pct,939.0416666666666,0.010137299155797317
HDM,negative_3pct,940.0416666666666,0.0104721422587777
HDM,negative_3pct,941.0416666666666,0.010806040575931564
HDM,negative_3pct,942.0416666666666,0.011145435267600888
HDM,negative_3pct,943.0416666666666,0.011488326482130894
HDM,negative_3pct,944.0416666666666,0.011831714215493627
HDM,negative_3pct,945.0416666666666,0.012169911409017499
HDM,negative_3pct,946.0416666666666,0.012468756480574612
HDM,negative_3pct,947.0416666666666,0.01278506431654585
HDM,negative_3pct,948.0416666666666,0.013022469514662606
HDM,negative_3pct,949.0416666666666,0.013123414203471047
HDM,negative_3pct,950.0416666666666,0.013072542587848303
HDM,negative_3pct,951.0416666666666,0.012817908776745346
HDM,negative_3pct,952.0416666666666,0.01280972098186024
HDM,negative_3pct,953.0416666666666,0.012831759779427474
HDM,negative_3pct,954.0416666666666,0.012857218172663002
HDM,negative_3pct,955.0416666666666,0.012869955446254078
HDM,negative_3pct,956.0416666666666,0.012871668122025061
HDM,negative_3pct,957.0416666666666,0.012860928833367853
HDM,negative_3pct,958.0416666666666,0.012835418841145006
HDM,negative_3pct,959.0416666666666,0.012792534743182767
HDM,negative_3pct,960.0416666666666,0.012744757883438613
HDM,negative_3pct,961.0416666666666,0.012765111217485676
HDM,negative_3pct,962.0416666666666,0.012446855430122306
HDM,negative_3pct,963.0416666666666,0.012304876252166402
HDM,negative_3pct,964.0416666666666,0.012821209584477546
HDM,negative_3pct,965.0416666666666,0.012924396884145484
HDM,negative_3pct,966.0416666666666,0.01298877708927645
HDM,negative_3pct,967.0416666666666,0.013022665427576748
HDM,negative_3pct,968.0416666666666,0.013028419546581148
HDM,negative_3pct,969.0416666666666,0.01305297429134177
HDM,negative_3pct,970.0416666666666,0.013133002870153829
HDM,negative_3pct,971.0416666666666,0.013194878588059192
HDM,negative_3pct,972.0416666666666,0.013234009707901458
HDM,negative_3pct,973.0416666666666,0.013249634589766576
HDM,negative_3pct,974.0416666666666,0.013249013107370979
HDM,negative_3pct,975.0416666666666,0.013336877279506037
HDM,negative_3pct,976.0416666666666,0.013406392133067276
HDM,negative_3pct,977.0416666666666,0.01341217860899941
HDM,negative_3pct,978.0416666666666,0.013370754124084401
HDM,negative_3pct,979.0416666666666,0.013362650580171491
HDM,negative_3pct,980.0416666666666,0.013429107803719571
HDM,negative_3pct,981.0416666666666,0.013466686113188553
HDM,negative_3pct,982.0416666666666,0.013475363392098219
HDM,negative_3pct,983.0416666666666,0.013532491587848984
HDM,negative_3pct,984.0416666666666,0.013649369040799409
HDM,negative_3pct,985.0416666666666,0.013649667372204978
HDM,negative_3pct,986.0416666666666,0.013940450524819535
HDM,negative_3pct,987.0416666666666,0.014150528028334672
HDM,negative_3pct,988.0416666666666,0.013684013707899019
HDM,negative_3pct,989.0416666666666,0.013574396321753108
HDM,negative_3pct,990.0416666666666,0.013534484266666336
HDM,negative_3pct,991.0416666666666,0.013570639657986156
HDM,negative_3pct,992.0416666666666,0.013573870434213854
HDM,negative_3pct,993.0416666666666,0.013550641900941705
HDM,negative_3pct,994.0416666666666,0.013197694940818745
HDM,negative_3pct,995.0416666666666,0.012880895592016791
HDM,negative_3pct,996.0416666666666,0.013351204359128723
HDM,negative_3pct,997.0416666666666,0.013462028881732419
HDM,negative_3pct,998.0416666666666,0.013525774544652015
HDM,negative_3pct,999.0416666666666,0.013460616059663201
HDM,negative_3pct,1000.0416666666666,0.013483794929159085
HDM,negative_3pct,1001.0416666666666,0.013507116476685023
HDM,negative_3pct,1002.0416666666666,0.013514356491642949
HDM,negative_3pct,1003.0416666666666,0.013490555870118166
HDM,negative_3pct,1004.0416666666666,0.013486087109215622
HDM,negative_3pct,1005.0416666666666,0.01346893227966201
HDM,negative_3pct,1006.0416666666666,0.013441824716376722
HDM,negative_3pct,1007.0416666666666,0.013478055696493263
HDM,negative_3pct,1008.0416666666666,0.013439094017172307
HDM,negative_3pct,1009.0416666666666,0.013389007072310886
HDM,negative_3pct,1010.0416666666666,0.01343595775650449
HDM,negative_3pct,1011.0416666666666,0.013413421606690535
HDM,negative_3pct,1012.0416666666666,0.013346461104974203
HDM,negative_3pct,1013.0416666666666,0.013356846840735286
HDM,negative_3pct,1014.0416666666666,0.013386979437850539
HDM,negative_3pct,1015.0416666666666,0.013304113005698328
HDM,negative_3pct,1016.0416666666666,0.013295495536845678
HDM,negative_3pct,1017.0416666666666,0.013351572940327114
HDM,negative_3pct,1018.0416666666666,0.01361443482686192
HDM,negative_3pct,1019.0416666666666,0.013885559236751844
HDM,negative_3pct,1020.0416666666666,0.013439565468229712
HDM,negative_3pct,1021.0416666666666,0.01330943159111929
HDM,negative_3pct,1022.0416666666666,0.013295666374575514
HDM,negative_3pct,1023.0416666666666,0.013345525975704752
HDM,negative_3pct,1024.0416666666667,0.013145524785616536
HDM,negative_3pct,1025.0416666666667,0.012607073919097789
HDM,negative_3pct,1026.0416666666667,0.012981670686524484
HDM,negative_3pct,1027.0416666666667,0.013150338041703737
HDM,negative_3pct,1028.0416666666667,0.013160784280321889
HDM,negative_3pct,1029.0416666666667,0.01315857459871466
HDM,negative_3pct,1030.0416666666667,0.013176179134136712
HDM,negative_3pct,1031.0416666666667,0.013190822717100405
HDM,negative_3pct,1032.0416666666667,0.013170529640529963
HDM,negative_3pct,1033.0416666666667,0.013149702808323435
HDM,negative_3pct,1034.0416666666667,0.01317104781295715
HDM,negative_3pct,1035.0416666666667,0.013145620898722411
HDM,negative_3pct,1036.0416666666667,0.013118232155807959
HDM,negative_3pct,1037.0416666666667,0.013134953981386453
HDM,negative_3pct,1038.0416666666667,0.013106396854541515
HDM,negative_3pct,1039.0416666666667,0.013076933809933071
HDM,negative_3pct,1040.0416666666667,0.013092119627512801
HDM,negative_3pct,1041.0416666666667,0.013061405777337557
HDM,negative_3pct,1042.0416666666667,0.01302896776161047
HDM,negative_3pct,1043.0416666666667,0.013043357516829224
HDM,negative_3pct,1044.0416666666667,0.013010135458424069
HDM,negative_3pct,1045.0416666666667,0.012976454261488064
HDM,negative_3pct,1046.0416666666667,0.012989752218611494
HDM,negative_3pct,1047.0416666666667,0.012954946411669716
HDM,negative_3pct,1048.0416666666667,0.01302125652236352
HDM,negative_3pct,1049.0416666666667,0.013570963063395176
HDM,negative_3pct,1050.0416666666667,0.013199613194257621
HDM,negative_3pct,1051.0416666666667,0.013010354605024881
HDM,negative_3pct,1052.0416666666667,0.01298651740088298
HDM,negative_3pct,1053.0416666666667,0.012950651679921972
HDM,negative_3pct,1054.0416666666667,0.012762636015950497
HDM,negative_3pct,1055.0416666666667,0.01233897354818896
HDM,negative_3pct,1056.0416666666667,0.012753372505081661
HDM,negative_3pct,1057.0416666666667,0.012865509960604437
HDM,negative_3pct,1058.0416666666667,0.012807160673813135
HDM,negative_3pct,1059.0416666666667,0.012832156024906432
HDM,negative_3pct,1060.0416666666667,0.012912211139634313
HDM,negative_3pct,1061.0416666666667,0.012861267787914566
HDM,negative_3pct,1062.0416666666667,0.012822530868445068
HDM,negative_3pct,1063.0416666666667,0.01290313613461338
HDM,negative_3pct,1064.0416666666667,0.012856712170336326
HDM,negative_3pct,1065.0416666666667,0.012806970306187949
HDM,negative_3pct,1066.0416666666667,0.012889822357425883
HDM,negative_3pct,1067.0416666666667,0.012830070172908483
HDM,negative_3pct,1068.0416666666667,0.01279678557574989
HDM,negative_3pct,1069.0416666666667,0.01287914932635329
HDM,negative_3pct,1070.0416666666667,0.012791097483796587
HDM,negative_3pct,1071.0416666666667,0.01279272626397358
HDM,negative_3pct,1072.0416666666667,0.012861498338323602
HDM,negative_3pct,1073.0416666666667,0.012744284966382531
HDM,negative_3pct,1074.0416666666667,0.012791723068275718
HDM,negative_3pct,1075.0416666666667,0.012821453859152466
HDM,negative_3pct,1076.0416666666667,0.012717175722260481
HDM,negative_3pct,1077.0416666666667,0.012791510760387868
HDM,negative_3pct,1078.0416666666667,0.012970582254716959
HDM,negative_3pct,1079.0416666666667,0.013324236627469819
HDM,negative_3pct,1080.0416666666667,0.01291960639468421
HDM,negative_3pct,1081.0416666666667,0.012797008738988602
HDM,negative_3pct,1082.0416666666667,0.012861045475242229
HDM,negative_3pct,1083.0416666666667,0.012751492513581557
HDM,negative_3pct,1084.0416666666667,0.012207901493223814
HDM,negative_3pct,1085.0416666666667,0.012567189524822935
HDM,negative_3pct,1086.0416666666667,0.012538582824642862
HDM,negative_3pct,1087.0416666666667,0.011970430164056184
HDM,negative_3pct,1088.0416666666667,0.011564303458523623
HDM,negative_3pct,1089.0416666666667,0.011269850227163009
HDM,negative_3pct,1090.0416666666667,0.011031574027847092
HDM,negative_3pct,1091.0416666666667,0.0109831465944698
HDM,negative_3pct,1092.0416666666667,0.011029828351165345
HDM,negative_3pct,1093.0416666666667,0.011151311794117592
HDM,negative_3pct,1094.0416666666667,0.011466364625079634
HDM,negative_3pct,1095.0416666666667,0.011840183371112646
HDM,negative_3pct,1096.0416666666667,0.012323414484928151
HDM,negative_3pct,1097.0416666666667,0.012845622517292874
HDM,negative_3pct,1098.0416666666667,0.013147487244867112
HDM,negative_3pct,1099.0416666666667,0.013380269203207642
HDM,negative_3pct,1100.0416666666667,0.013539624086024908
HDM,negative_3pct,1101.0416666666667,0.013482725340459453
HDM,negative_3pct,1102.0416666666667,0.013390625262968706
HDM,negative_3pct,1103.0416666666667,0.013150796244477438
HDM,negative_3pct,1104.0416666666667,0.012725964514921946
HDM,negative_3pct,1105.0416666666667,0.012416778623271996
HDM,negative_3pct,1106.0416666666667,0.012192018534000109
HDM,negative_3pct,1107.0416666666667,0.01216018625247126
HDM,negative_3pct,1108.0416666666667,0.012851905770768819
HDM,negative_3pct,1109.0416666666667,0.012716612288706762
HDM,negative_3pct,1110.0416666666667,0.01323904200246633
HDM,negative_3pct,1111.0416666666667,0.013980228765631061
HDM,negative_3pct,1112.0416666666667,0.01462836479975618
HDM,negative_3pct,1113.0416666666667,0.014821898527309517
HDM,negative_3pct,1114.0416666666667,0.014874663587368839
HDM,negative_3pct,1115.0416666666667,0.014539156019754727
HDM,negative_3pct,1116.0416666666667,0.014459410427427568
HDM,negative_3pct,1117.0416666666667,0.014605612547992771
HDM,negative_3pct,1118.0416666666667,0.01467677728078902
HDM,negative_3pct,1119.0416666666667,0.014666094351829164
HDM,negative_3pct,1120.0416666666667,0.014576424104726655
HDM,negative_3pct,1121.0416666666667,0.014559097457162502
HDM,negative_3pct,1122.0416666666667,0.01469475732608567
HDM,negative_3pct,1123.0416666666667,0.014983561525653968
HDM,negative_3pct,1124.0416666666667,0.015434203814571798
HDM,negative_3pct,1125.0416666666667,0.015894649778567384
HDM,negative_3pct,1126.0416666666667,0.016136897969150955
HDM,negative_3pct,1127.0416666666667,0.01613690398944113
HDM,negative_3pct,1128.0416666666667,0.016224598214121335
HDM,negative_3pct,1129.0416666666667,0.016277822992754976
HDM,negative_3pct,1130.0416666666667,0.016141627201889903
HDM,negative_3pct,1131.0416666666667,0.015915550190194878
HDM,negative_3pct,1132.0416666666667,0.015408453226000549
HDM,negative_3pct,1133.0416666666667,0.014891366128952742
HDM,negative_3pct,1134.0416666666667,0.014094896097542695
HDM,negative_3pct,1135.0416666666667,0.013603874207523079
HDM,negative_3pct,1136.0416666666667,0.013093582389228378
HDM,negative_3pct,1137.0416666666667,0.013016420675625723
HDM,negative_3pct,1138.0416666666667,0.013107550360172832
HDM,negative_3pct,1139.0416666666667,0.013641703794792563
HDM,negative_3pct,1140.0416666666667,0.014002885820648745
HDM,negative_3pct,1141.0416666666667,0.013767571042172147
HDM,negative_3pct,1142.0416666666667,0.013491572527090372
HDM,negative_3pct,1143.0416666666667,0.013171590536980332
HDM,negative_3pct,1144.0416666666667,0.012806750971670257
HDM,negative_3pct,1145.0416666666667,0.012393880022662122
HDM,negative_3pct,1146.0416666666667,0.011931043188830032
HDM,negative_3pct,1147.0416666666667,0.011416324642156764
HDM,negative_3pct,1148.0416666666667,0.010842185952918386
HDM,negative_3pct,1149.0416666666667,0.010424140439459467
HDM,negative_3pct,1150.0416666666667,0.010378529464030431
HDM,negative_3pct,1151.0416666666667,0.010671984752224552
HDM,negative_3pct,1152.0416666666667,0.0110158036756681
HDM,negative_3pct,1153.0416666666667,0.011334515120198958
HDM,negative_3pct,1154.0416666666667,0.01162347241106155
HDM,negative_3pct,1155.0416666666667,0.011974242795797937
HDM,negative_3pct,1156.0416666666667,0.01236854574602681
HDM,negative_3pct,1157.0416666666667,0.01272975709995438
HDM,negative_3pct,1158.0416666666667,0.013046769876438808
HDM,negative_3pct,1159.0416666666667,0.013292597276518174
HDM,negative_3pct,1160.0416666666667,0.01364537056336849
HDM,negative_3pct,1161.0416666666667,0.013904186724141279
HDM,negative_3pct,1162.0416666666667,0.013972586198673717
HDM,negative_3pct,1163.0416666666667,0.013821483881981733
HDM,negative_3pct,1164.0416666666667,0.013555267285534375
HDM,negative_3pct,1165.0416666666667,0.013546238074281243
HDM,negative_3pct,1166.0416666666667,0.013480659103907385
HDM,negative_3pct,1167.0416666666667,0.01339530755732097
HDM,negative_3pct,1168.0416666666667,0.013428838625814097
HDM,negative_3pct,1169.0416666666667,0.013419716752366834
HDM,negative_3pct,1170.0416666666667,0.013363141380384407
HDM,negative_3pct,1171.0416666666667,0.01314473414739611
HDM,negative_3pct,1172.0416666666667,0.012953276843721247
HDM,negative_3pct,1173.0416666666667,0.013340483536109763
HDM,negative_3pct,1174.0416666666667,0.013313302931687343
HDM,negative_3pct,1175.0416666666667,0.01328783208889531
HDM,negative_3pct,1176.0416666666667,0.013357710764419224
HDM,negative_3pct,1177.0416666666667,0.01339249159928493
HDM,negative_3pct,1178.0416666666667,0.01339305258102115
HDM,negative_3pct,1179.0416666666667,0.013422906890473785
HDM,negative_3pct,1180.0416666666667,0.013405607375330274
HDM,negative_3pct,1181.0416666666667,0.013352968661924591
HDM,negative_3pct,1182.0416666666667,0.013380976849407714
HDM,negative_3pct,1183.0416666666667,0.013473077166701816
HDM,negative_3pct,1184.0416666666667,0.013401855598828569
HDM,negative_3pct,1185.0416666666667,0.013381499233496224
HDM,negative_3pct,1186.0416666666667,0.01341879119233686
HDM,negative_3pct,1187.0416666666667,0.013421884804882593
HDM,negative_3pct,1188.0416666666667,0.013445367489340871
HDM,negative_3pct,1189.0416666666667,0.013421408310811492
HDM,negative_3pct,1190.0416666666667,0.013399973779970459
HDM,negative_3pct,1191.0416666666667,0.013508581803474862
HDM,negative_3pct,1192.0416666666667,0.013413452340209747
HDM,negative_3pct,1193.0416666666667,0.013443982887049928
HDM,negative_3pct,1194.0416666666667,0.013505904114693941
HDM,negative_3pct,1195.0416666666667,0.013726029618831577
HDM,negative_3pct,1196.0416666666667,0.013989020461094506
HDM,negative_3pct,1197.0416666666667,0.013538118434543755
HDM,negative_3pct,1198.0416666666667,0.013573931210725747
HDM,negative_3pct,1199.0416666666667,0.013524219377716092
HDM,negative_3pct,1200.0416666666667,0.013187908073436526
HDM,negative_3pct,1201.0416666666667,0.012959607289100127
HDM,negative_3pct,1202.0416666666667,0.013276348981124819
HDM,negative_3pct,1203.0416666666667,0.01323732199323903
HDM,negative_3pct,1204.0416666666667,0.013243592831209431
HDM,negative_3pct,1205.0416666666667,0.013220753339941441
HDM,negative_3pct,1206.0416666666667,0.013214314651899794
HDM,negative_3pct,1207.0416666666667,0.01315399518392927
HDM,negative_3pct,1208.0416666666667,0.013129699253348748
HDM,negative_3pct,1209.0416666666667,0.013125203947472916
HDM,negative_3pct,1210.0416666666667,0.013010868809612573
HDM,negative_3pct,1211.0416666666667,0.013088806491686604
HDM,negative_3pct,1212.0416666666667,0.012959096034050223
HDM,negative_3pct,1213.0416666666667,0.012964395187691798
HDM,negative_3pct,1214.0416666666667,0.012942435964381438
HDM,negative_3pct,1215.0416666666667,0.01288930249508253
HDM,negative_3pct,1216.0416666666667,0.01286571501499094
HDM,negative_3pct,1217.0416666666667,0.012838137106803156
HDM,negative_3pct,1218.0416666666667,0.012770266481732339
HDM,negative_3pct,1219.0416666666667,0.012800541759258361
HDM,negative_3pct,1220.0416666666667,0.012689422116240696
HDM,negative_3pct,1221.0416666666667,0.012760879208298876
HDM,negative_3pct,1222.0416666666667,0.012627612954513404
HDM,negative_3pct,1223.0416666666667,0.012690785380654173
HDM,negative_3pct,1224.0416666666667,0.01289987298552796
HDM,negative_3pct,1225.0416666666667,0.013100900870927265
HDM,negative_3pct,1226.0416666666667,0.012804000748577883
HDM,negative_3pct,1227.0416666666667,0.012354186891921297
HDM,negative_3pct,1228.0416666666667,0.012339774224209923
HDM,negative_3pct,1229.0416666666667,0.012539612081575328
HDM,negative_3pct,1230.0416666666667,0.012558013589570873
HDM,negative_3pct,1231.0416666666667,0.012513922984034365
HDM,negative_3pct,1232.0416666666667,0.012587536590905593
HDM,negative_3pct,1233.0416666666667,0.012490896652201312
HDM,negative_3pct,1234.0416666666667,0.012580587624718958
HDM,negative_3pct,1235.0416666666667,0.012475662827984924
HDM,negative_3pct,1236.0416666666667,0.0125417462007662
HDM,negative_3pct,1237.0416666666667,0.012465830212428664
HDM,negative_3pct,1238.0416666666667,0.012493267075470951
HDM,negative_3pct,1239.0416666666667,0.01245291723511399
HDM,negative_3pct,1240.0416666666667,0.012439004088090282
HDM,negative_3pct,1241.0416666666667,0.012429308650764415
HDM,negative_3pct,1242.0416666666667,0.012413439788019898
HDM,negative_3pct,1243.0416666666667,0.012388213462084829
HDM,negative_3pct,1244.0416666666667,0.012419903828105877
HDM,negative_3pct,1245.0416666666667,0.012323673694483181
HDM,negative_3pct,1246.0416666666667,0.012395052111381333
HDM,negative_3pct,1247.0416666666667,0.012315027962169774
HDM,negative_3pct,1248.0416666666667,0.012320221404669842
HDM,negative_3pct,1249.0416666666667,0.01231332019321129
HDM,negative_3pct,1250.0416666666667,0.012268600632593961
HDM,negative_3pct,1251.0416666666667,0.012689630392071596
HDM,negative_3pct,1252.0416666666667,0.01237190347468045
HDM,negative_3pct,1253.0416666666667,0.011914171275763781
HDM,negative_3pct,1254.0416666666667,0.01220447556717796
HDM,negative_3pct,1255.0416666666667,0.012270211676685521
HDM,negative_3pct,1256.0416666666667,0.012272621041989801
HDM,negative_3pct,1257.0416666666667,0.012320214281624525
HDM,negative_3pct,1258.0416666666667,0.012287311882897728
HDM,negative_3pct,1259.0416666666667,0.012341156840255822
HDM,negative_3pct,1260.0416666666667,0.012274314512535746
HDM,negative_3pct,1261.0416666666667,0.012335525751652992
HDM,negative_3pct,1262.0416666666667,0.01230183321193098
HDM,negative_3pct,1263.0416666666667,0.012302252026346158
HDM,negative_3pct,1264.0416666666667,0.012346977241575878
HDM,negative_3pct,1265.0416666666667,0.012265881937751459
HDM,negative_3pct,1266.0416666666667,0.01232984140570835
HDM,negative_3pct,1267.0416666666667,0.01230230451135032
HDM,negative_3pct,1268.0416666666667,0.012259195082322833
HDM,negative_3pct,1269.0416666666667,0.012310764877478477
HDM,negative_3pct,1270.0416666666667,0.01227529944085061
HDM,negative_3pct,1271.0416666666667,0.012261226823260554
HDM,negative_3pct,1272.0416666666667,0.01225732214854331
HDM,negative_3pct,1273.0416666666667,0.012247557474278966
HDM,negative_3pct,1274.0416666666667,0.012257203488547079
HDM,negative_3pct,1275.0416666666667,0.01220313414078765
HDM,negative_3pct,1276.0416666666667,0.012436675441405476
HDM,negative_3pct,1277.0416666666667,0.012196968896705416
HDM,negative_3pct,1278.0416666666667,0.012011521406763728
HDM,negative_3pct,1279.0416666666667,0.012184322336138307
HDM,negative_3pct,1280.0416666666667,0.011612772542795774
HDM,negative_3pct,1281.0416666666667,0.011152722890689533
HDM,negative_3pct,1282.0416666666667,0.010810892524039205
HDM,negative_3pct,1283.0416666666667,0.010592339594484836
HDM,negative_3pct,1284.0416666666667,0.010552097912880884
HDM,negative_3pct,1285.0416666666667,0.010560420658994468
HDM,negative_3pct,1286.0416666666667,0.010766872859840945
HDM,negative_3pct,1287.0416666666667,0.01106373949028633
HDM,negative_3pct,1288.0416666666667,0.011483132857143544
HDM,negative_3pct,1289.0416666666667,0.012071182796172197
HDM,negative_3pct,1290.0416666666667,0.012522690885527751
HDM,negative_3pct,1291.0416666666667,0.012870476276252402
HDM,negative_3pct,1292.0416666666667,0.013138247766480522
HDM,negative_3pct,1293.0416666666667,0.013217608449503246
HDM,negative_3pct,1294.0416666666667,0.0131855605318816
HDM,negative_3pct,1295.0416666666667,0.01306516456921946
HDM,negative_3pct,1296.0416666666667,0.012749038335484441
HDM,negative_3pct,1297.0416666666667,0.0123462314383241
HDM,negative_3pct,1298.0416666666667,0.012237447528887106
HDM,negative_3pct,1299.0416666666667,0.012187830255433536
HDM,negative_3pct,1300.0416666666667,0.012469381711275325
HDM,negative_3pct,1301.0416666666667,0.013252391444448564
HDM,negative_3pct,1302.0416666666667,0.013627848322920182
HDM,negative_3pct,1303.0416666666667,0.013658511524203745
HDM,negative_3pct,1304.0416666666667,0.014420510471392716
HDM,negative_3pct,1305.0416666666667,0.01479766588682311
HDM,negative_3pct,1306.0416666666667,0.014980683314060819
HDM,negative_3pct,1307.0416666666667,0.01481450016003583
HDM,negative_3pct,1308.0416666666667,0.014836621748551989
HDM,negative_3pct,1309.0416666666667,0.015170320663001986
HDM,negative_3pct,1310.0416666666667,0.015427654955130802
HDM,negative_3pct,1311.0416666666667,0.015596658134946935
HDM,negative_3pct,1312.0416666666667,0.01567610495272595
HDM,negative_3pct,1313.0416666666667,0.01568037726207143
HDM,negative_3pct,1314.0416666666667,0.015791980945876038
HDM,negative_3pct,1315.0416666666667,0.016067687760147206
HDM,negative_3pct,1316.0416666666667,0.016519827834959346
HDM,negative_3pct,1317.0416666666667,0.017000409469993472
HDM,negative_3pct,1318.0416666666667,0.017261799544691644
HDM,negative_3pct,1319.0416666666667,0.01724159236455181
HDM,negative_3pct,1320.0416666666667,0.017289640364879396
HDM,negative_3pct,1321.0416666666667,0.017402521438164113
HDM,negative_3pct,1322.0416666666667,0.017255770223128228
HDM,negative_3pct,1323.0416666666667,0.017066686649165073
HDM,negative_3pct,1324.0416666666667,0.01651877024833259
HDM,negative_3pct,1325.0416666666667,0.015965893282193153
HDM,negative_3pct,1326.0416666666667,0.015144308995535032
HDM,negative_3pct,1327.0416666666667,0.014664803583686733
HDM,negative_3pct,1328.0416666666667,0.014159705540439068
HDM,negative_3pct,1329.0416666666667,0.014073421077360544
HDM,negative_3pct,1330.0416666666667,0.014211957769624686
HDM,negative_3pct,1331.0416666666667,0.014751690117711411
HDM,negative_3pct,1332.0416666666667,0.015207694361750965
HDM,negative_3pct,1333.0416666666667,0.015020194106922602
HDM,negative_3pct,1334.0416666666667,0.014671073430418182
HDM,negative_3pct,1335.0416666666667,0.014245352283652582
HDM,negative_3pct,1336.0416666666667,0.013733158275961995
HDM,negative_3pct,1337.0416666666667,0.01312018522737032
HDM,negative_3pct,1338.0416666666667,0.01238856920838841
HDM,negative_3pct,1339.0416666666667,0.011519370602676781
HDM,negative_3pct,1340.0416666666667,0.010467425966042073
HDM,negative_3pct,1341.0416666666667,0.009430359878007881
HDM,negative_3pct,1342.0416666666667,0.008829443404776597
HDM,negative_3pct,1343.0416666666667,0.008877555919138198
HDM,negative_3pct,1344.0416666666667,0.009130097992560557
HECM,negative_3pct,0.0416666666666666,-0.007205232725230055
HECM,negative_3pct,1.0416666666666667,-0.007249203402869267
HECM,negative_3pct,2.0416666666666665,-0.007282322325508454
HECM,negative_3pct,3.0416666666666665,-0.0073062864594317335
HECM,negative_3pct,4.041666666666667,-0.007323148226223874
HECM,negative_3pct,5.041666666666667,-0.007336285257998769
HECM,negative_3pct,6.041666666666667,-0.007346231968167716
HECM,negative_3pct,7.041666666666667,-0.00735423028786962
HECM,negative_3pct,8.041666666666666,-0.007360164121366492
HECM,negative_3pct,9.041666666666666,-0.00736436850237097
HECM,negative_3pct,10.041666666666666,-0.007366895642229145
HECM,negative_3pct,11.041666666666666,-0.007367799952189617
HECM,negative_3pct,12.041666666666666,-0.007366784168468473
HECM,negative_3pct,13.041666666666666,-0.007357047693390537
HECM,negative_3pct,14.041666666666666,-0.007292227050936089
HECM,negative_3pct,15.041666666666666,-0.007021130688881105
HECM,negative_3pct,16.041666666666668,-0.007403828772360623
HECM,negative_3pct,17.041666666666668,-0.007586638375930975
HECM,negative_3pct,18.041666666666668,-0.007617302712077823
HECM,negative_3pct,19.041666666666668,-0.0075908011846362155
HECM,negative_3pct,20.041666666666668,-0.007562630546837362
HECM,negative_3pct,21.041666666666668,-0.007532866283424218
HECM,negative_3pct,22.041666666666668,-0.0075022090472550386
HECM,negative_3pct,23.041666666666668,-0.007471501063858224
HECM,negative_3pct,24.041666666666668,-0.007440783222135662
HECM,negative_3pct,25.041666666666668,-0.0074009493450411445
HECM,negative_3pct,26.041666666666668,-0.007152240815351544
HECM,negative_3pct,27.041666666666668,-0.00730518580541635
HECM,negative_3pct,28.041666666666668,-0.007673758959819865
HECM,negative_3pct,29.041666666666668,-0.007204435467829459
HECM,negative_3pct,30.041666666666668,-0.006634560086620164
HECM,negative_3pct,31.041666666666668,-0.006103674530351239
HECM,negative_3pct,32.041666666666664,-0.005652304426574054
HECM,negative_3pct,33.041666666666664,-0.005304347022681479
HECM,negative_3pct,34.041666666666664,-0.005087438042313622
HECM,negative_3pct,35.041666666666664,-0.004984056231122047
HECM,negative_3pct,36.04166666666666,-0.0049469876483386865
HECM,negative_3pct,37.04166666666666,-0.004937915588331334
HECM,negative_3pct,38.04166666666666,-0.004931918311887846
HECM,negative_3pct,39.04166666666666,-0.0049246092134851305
HECM,negative_3pct,40.04166666666666,-0.004915540652033427
HECM,negative_3pct,41.04166666666666,-0.004904171516492004
HECM,negative_3pct,42.04166666666666,-0.0048904747234250374
HECM,negative_3pct,43.04166666666666,-0.004877098169296856
HECM,negative_3pct,44.04166666666666,-0.004869755638899385
HECM,negative_3pct,45.04166666666666,-0.004868480013203612
HECM,negative_3pct,46.04166666666666,-0.004871521131601611
HECM,negative_3pct,47.04166666666666,-0.004877729619204906
HECM,negative_3pct,48.04166666666666,-0.004886880841314386
HECM,negative_3pct,49.04166666666666,-0.004907589656056602
HECM,negative_3pct,50.04166666666666,-0.005140053838347109
HECM,negative_3pct,51.04166666666666,-0.004973138155534963
HECM,negative_3pct,52.04166666666666,-0.004592431207760155
HECM,negative_3pct,53.04166666666666,-0.005049803032558731
HECM,negative_3pct,54.04166666666666,-0.005606934731146728
HECM,negative_3pct,55.04166666666666,-0.006123588126100898
HECM,negative_3pct,56.04166666666666,-0.006558618742150239
HECM,negative_3pct,57.04166666666666,-0.006887197808801524
HECM,negative_3pct,58.04166666666666,-0.007081593334504691
HECM,negative_3pct,59.04166666666666,-0.007159585272917225
HECM,negative_3pct,60.04166666666666,-0.007170098651435049
HECM,negative_3pct,61.04166666666666,-0.007151987285348009
HECM,negative_3pct,62.04166666666666,-0.007127560802449178
HECM,negative_3pct,63.04166666666666,-0.007011510644229747
HECM,negative_3pct,64.04166666666667,-0.007198780515542642
HECM,negative_3pct,65.04166666666667,-0.007242046809031046
HECM,negative_3pct,66.04166666666667,-0.007321816534486743
HECM,negative_3pct,67.04166666666667,-0.006987248226095923
HECM,negative_3pct,68.04166666666667,-0.006608697909574707
HECM,negative_3pct,69.04166666666667,-0.006225350462757405
HECM,negative_3pct,70.04166666666667,-0.005886402891860026
HECM,negative_3pct,71.04166666666667,-0.005618821604827267
HECM,negative_3pct,72.04166666666667,-0.005424321374212472
HECM,negative_3pct,73.04166666666667,-0.005275843962689396
HECM,negative_3pct,74.04166666666667,-0.005159105611493529
HECM,negative_3pct,75.04166666666667,-0.005066029262817987
HECM,negative_3pct,76.04166666666667,-0.004984430479341947
HECM,negative_3pct,77.04166666666667,-0.004908213487567748
HECM,negative_3pct,78.04166666666667,-0.004836891091883802
HECM,negative_3pct,79.04166666666667,-0.004768989432730178
HECM,negative_3pct,80.04166666666667,-0.0047067952753956175
HECM,negative_3pct,81.04166666666667,-0.004656506549567835
HECM,negative_3pct,82.04166666666667,-0.004620481862944772
HECM,negative_3pct,83.04166666666667,-0.004597860076457997
HECM,negative_3pct,84.04166666666667,-0.0045870946665033255
HECM,negative_3pct,85.04166666666667,-0.0045861783477701415
HECM,negative_3pct,86.04166666666667,-0.004592894020482355
HECM,negative_3pct,87.04166666666667,-0.004691404122230991
HECM,negative_3pct,88.04166666666667,-0.004485998983158596
HECM,negative_3pct,89.04166666666667,-0.004423721742421672
HECM,negative_3pct,90.04166666666667,-0.004323178754729747
HECM,negative_3pct,91.04166666666669,-0.0046344987930889954
HECM,negative_3pct,92.04166666666669,-0.004985511037548508
HECM,negative_3pct,93.04166666666669,-0.005336341671065116
HECM,negative_3pct,94.04166666666669,-0.005639320691649016
HECM,negative_3pct,95.04166666666669,-0.005868697265256429
HECM,negative_3pct,96.04166666666669,-0.006023257597178724
HECM,negative_3pct,97.04166666666669,-0.006130725894422304
HECM,negative_3pct,98.04166666666669,-0.006205085871182462
HECM,negative_3pct,99.04166666666669,-0.006255206916006897
HECM,negative_3pct,100.04166666666669,-0.006251929165449661
HECM,negative_3pct,101.04166666666669,-0.006133483386005914
HECM,negative_3pct,102.04166666666669,-0.006329747910749447
HECM,negative_3pct,103.04166666666669,-0.00680567557326662
HECM,negative_3pct,104.04166666666669,-0.0067404846895829824
HECM,negative_3pct,105.04166666666669,-0.006580421711531863
HECM,negative_3pct,106.04166666666669,-0.00635181933458637
HECM,negative_3pct,107.04166666666669,-0.00606545681734973
HECM,negative_3pct,108.04166666666669,-0.005749045147601991
HECM,negative_3pct,109.04166666666669,-0.005427117801211409
HECM,negative_3pct,110.04166666666669,-0.00512375200101137
HECM,negative_3pct,111.04166666666669,-0.0048519022185684975
HECM,negative_3pct,112.04166666666669,-0.004617760906967716
HECM,negative_3pct,113.04166666666669,-0.004424364567391646
HECM,negative_3pct,114.04166666666669,-0.0042701246031380926
HECM,negative_3pct,115.04166666666669,-0.00414701690666597
HECM,negative_3pct,116.04166666666669,-0.004047332435014027
HECM,negative_3pct,117.04166666666669,-0.003967952126923292
HECM,negative_3pct,118.04166666666669,-0.0039053119028532274
HECM,negative_3pct,119.04166666666669,-0.0038557578432330663
HECM,negative_3pct,120.04166666666669,-0.003815699657937617
HECM,negative_3pct,121.04166666666669,-0.0037820056229552566
HECM,negative_3pct,122.04166666666669,-0.0037539742857424004
HECM,negative_3pct,123.04166666666669,-0.00372983409362717
HECM,negative_3pct,124.04166666666669,-0.003749442245448577
HECM,negative_3pct,125.04166666666669,-0.00387880465527516
HECM,negative_3pct,126.04166666666669,-0.0036880563343139406
HECM,negative_3pct,127.04166666666669,-0.003213055909226686
HECM,negative_3pct,128.04166666666666,-0.003272905796414716
HECM,negative_3pct,129.04166666666666,-0.0034188325021408017
HECM,negative_3pct,130.04166666666666,-0.003627419111745222
HECM,negative_3pct,131.04166666666666,-0.003889246703061152
HECM,negative_3pct,132.04166666666666,-0.004176964677334576
HECM,negative_3pct,133.04166666666666,-0.004467078097022912
HECM,negative_3pct,134.04166666666666,-0.00473622661093493
HECM,negative_3pct,135.04166666666666,-0.004972828194485859
HECM,negative_3pct,136.04166666666666,-0.005170673534576375
HECM,negative_3pct,137.04166666666666,-0.005325779806154866
HECM,negative_3pct,138.04166666666666,-0.005218554884972686
HECM,negative_3pct,139.04166666666666,-0.005508282832878409
HECM,negative_3pct,140.04166666666666,-0.0055524331427403446
HECM,negative_3pct,141.04166666666666,-0.005066974298027671
HECM,negative_3pct,142.04166666666666,-0.004595082083694045
HECM,negative_3pct,143.04166666666666,-0.004207892699440059
HECM,negative_3pct,144.04166666666666,-0.0039086543725858295
HECM,negative_3pct,145.04166666666666,-0.003698582095652083
HECM,negative_3pct,146.04166666666666,-0.003579354619023459
HECM,negative_3pct,147.04166666666666,-0.0035534411746000905
HECM,negative_3pct,148.04166666666666,-0.0036226517729897314
HECM,negative_3pct,149.04166666666666,-0.003784312659755654
HECM,negative_3pct,150.04166666666666,-0.004040220873990981
HECM,negative_3pct,151.04166666666666,-0.004412842179287838
HECM,negative_3pct,152.04166666666666,-0.004866655679058544
HECM,negative_3pct,153.04166666666666,-0.005315280854651137
HECM,negative_3pct,154.04166666666666,-0.005235323630982825
HECM,negative_3pct,155.04166666666666,-0.005053230472441449
HECM,negative_3pct,156.04166666666666,-0.0049596498529150684
HECM,negative_3pct,157.04166666666666,-0.004955751048329942
HECM,negative_3pct,158.04166666666666,-0.005041937132176744
HECM,negative_3pct,159.04166666666666,-0.0052232317050546545
HECM,negative_3pct,160.04166666666666,-0.005501641471401985
HECM,negative_3pct,161.04166666666666,-0.005879029595758568
HECM,negative_3pct,162.04166666666666,-0.006509938899060113
HECM,negative_3pct,163.04166666666666,-0.006697797636796168
HECM,negative_3pct,164.04166666666666,-0.007092889190644537
HECM,negative_3pct,165.04166666666666,-0.007961501255294557
HECM,negative_3pct,166.04166666666666,-0.008759141848320003
HECM,negative_3pct,167.04166666666666,-0.009233271468620298
HECM,negative_3pct,168.04166666666666,-0.009229053181320186
HECM,negative_3pct,169.04166666666666,-0.009195862708651702
HECM,negative_3pct,170.04166666666666,-0.009194683557590117
HECM,negative_3pct,171.04166666666666,-0.009199366481829098
HECM,negative_3pct,172.04166666666666,-0.009078411822266791
HECM,negative_3pct,173.04166666666666,-0.008799394585589789
HECM,negative_3pct,174.04166666666666,-0.00840787198653392
HECM,negative_3pct,175.04166666666666,-0.00794361013824295
HECM,negative_3pct,176.04166666666666,-0.007543229020875623
HECM,negative_3pct,177.04166666666666,-0.007197059906527775
HECM,negative_3pct,178.04166666666666,-0.007519777311581138
HECM,negative_3pct,179.04166666666666,-0.00793602034411936
HECM,negative_3pct,180.04166666666666,-0.008065537790882921
HECM,negative_3pct,181.04166666666663,-0.008092242508901745
HECM,negative_3pct,182.04166666666663,-0.007720582083742915
HECM,negative_3pct,183.04166666666663,-0.007098952960819405
HECM,negative_3pct,184.04166666666663,-0.006604085041826568
HECM,negative_3pct,185.04166666666663,-0.006043410039750306
HECM,negative_3pct,186.04166666666663,-0.005481452243390448
HECM,negative_3pct,187.04166666666663,-0.004963044900091403
HECM,negative_3pct,188.04166666666663,-0.004485357063896494
HECM,negative_3pct,189.04166666666663,-0.004028264362722345
HECM,negative_3pct,190.04166666666663,-0.0035139906940639043
HECM,negative_3pct,191.04166666666663,-0.003091788383840512
HECM,negative_3pct,192.04166666666663,-0.0031419562046775085
HECM,negative_3pct,193.04166666666663,-0.0029971092810140458
HECM,negative_3pct,194.04166666666663,-0.0024774250076215363
HECM,negative_3pct,195.04166666666663,-0.00181263958553945
HECM,negative_3pct,196.04166666666663,-0.0011775578272340817
HECM,negative_3pct,197.04166666666663,-0.000610923075623599
HECM,negative_3pct,198.04166666666663,-5.770530098104941e-05
HECM,negative_3pct,199.04166666666663,0.0005364495969032147
HECM,negative_3pct,200.04166666666663,0.0012716871715565646
HECM,negative_3pct,201.04166666666663,0.0020448006985936793
HECM,negative_3pct,202.04166666666663,0.0029391355298191576
HECM,negative_3pct,203.04166666666663,0.00384058143587401
HECM,negative_3pct,204.04166666666663,0.004465914476699952
HECM,negative_3pct,205.04166666666663,0.004962190236847265
HECM,negative_3pct,206.04166666666663,0.005009305687608313
HECM,negative_3pct,207.04166666666663,0.004869406637930696
HECM,negative_3pct,208.04166666666663,0.005141423130004879
HECM,negative_3pct,209.04166666666663,0.005384842281641944
HECM,negative_3pct,210.04166666666663,0.005603715847611141
HECM,negative_3pct,211.04166666666663,0.005807810092646389
HECM,negative_3pct,212.04166666666663,0.005997717684508169
HECM,negative_3pct,213.04166666666663,0.006136308050613754
HECM,negative_3pct,214.04166666666663,0.006144453675238033
HECM,negative_3pct,215.04166666666663,0.005988632815287756
HECM,negative_3pct,216.04166666666663,0.005897181738073427
HECM,negative_3pct,217.04166666666663,0.005653220850649808
HECM,negative_3pct,218.04166666666663,0.005140420959025952
HECM,negative_3pct,219.04166666666663,0.00456550237619507
HECM,negative_3pct,220.04166666666663,0.0039746241644569545
HECM,negative_3pct,221.04166666666663,0.003372735539286396
HECM,negative_3pct,222.04166666666663,0.0027531793507982742
HECM,negative_3pct,223.04166666666663,0.0021250573470970842
HECM,negative_3pct,224.04166666666663,0.0014915241725558524
HECM,negative_3pct,225.04166666666663,0.000864683498404502
HECM,negative_3pct,226.04166666666663,0.00025923654411620097
HECM,negative_3pct,227.04166666666663,-0.0003555568385625647
HECM,negative_3pct,228.04166666666663,-0.0008840255464468432
HECM,negative_3pct,229.04166666666663,-0.0012863173528197458
HECM,negative_3pct,230.04166666666663,-0.001538114439956908
HECM,negative_3pct,231.04166666666663,-0.0017511811747351544
HECM,negative_3pct,232.04166666666663,-0.002148649791534119
HECM,negative_3pct,233.04166666666663,-0.0024873713972568016
HECM,negative_3pct,234.04166666666663,-0.0027763242784236727
HECM,negative_3pct,235.04166666666663,-0.0030278005209964775
HECM,negative_3pct,236.04166666666663,-0.0032462436856049662
HECM,negative_3pct,237.04166666666663,-0.0034362771406780384
HECM,negative_3pct,238.04166666666663,-0.003599212217180491
HECM,negative_3pct,239.04166666666663,-0.003733402320279067
HECM,negative_3pct,240.04166666666663,-0.003841471214832415
HECM,negative_3pct,241.04166666666663,-0.003925868665521152
HECM,negative_3pct,242.04166666666663,-0.003982928947169031
HECM,negative_3pct,243.04166666666663,-0.0037947698140323987
HECM,negative_3pct,244.04166666666663,-0.00405923185845187
HECM,negative_3pct,245.04166666666663,-0.004525138451001964
HECM,negative_3pct,246.04166666666663,-0.004645493200990102
HECM,negative_3pct,247.04166666666663,-0.004615286851994421
HECM,negative_3pct,248.04166666666663,-0.004507122620095915
HECM,negative_3pct,249.04166666666663,-0.004338074262193344
HECM,negative_3pct,250.04166666666663,-0.004115845911718338
HECM,negative_3pct,251.04166666666663,-0.0038541958488349575
HECM,negative_3pct,252.04166666666663,-0.003583314273259171
HECM,negative_3pct,253.04166666666663,-0.003330187357108994
HECM,negative_3pct,254.04166666666663,-0.003110623089455301
HECM,negative_3pct,255.04166666666663,-0.002926992679667779
HECM,negative_3pct,256.0416666666667,-0.0027768493258590915
HECM,negative_3pct,257.0416666666667,-0.00265505949674921
HECM,negative_3pct,258.0416666666667,-0.0025614511583251704
HECM,negative_3pct,259.0416666666667,-0.002494216799355192
HECM,negative_3pct,260.0416666666667,-0.0024480582649684325
HECM,negative_3pct,261.0416666666667,-0.0024176538674485198
HECM,negative_3pct,262.0416666666667,-0.0024003381818939896
HECM,negative_3pct,263.0416666666667,-0.002396473413473518
HECM,negative_3pct,264.0416666666667,-0.0024043255094517595
HECM,negative_3pct,265.0416666666667,-0.0024212948229761387
HECM,negative_3pct,266.0416666666667,-0.0024503600901452194
HECM,negative_3pct,267.0416666666667,-0.0027101178106918584
HECM,negative_3pct,268.0416666666667,-0.002503972037444931
HECM,negative_3pct,269.0416666666667,-0.0020855599330702186
HECM,negative_3pct,270.0416666666667,-0.0020031555585456142
HECM,negative_3pct,271.0416666666667,-0.002063932921217289
HECM,negative_3pct,272.0416666666667,-0.0021978679543861227
HECM,negative_3pct,273.0416666666667,-0.0023902717944344495
HECM,negative_3pct,274.0416666666667,-0.002634292198878709
HECM,negative_3pct,275.0416666666667,-0.0029192035215733795
HECM,negative_3pct,276.0416666666667,-0.0032162768465539234
HECM,negative_3pct,277.0416666666667,-0.0035002439964956816
HECM,negative_3pct,278.0416666666667,-0.0037548530705362715
HECM,negative_3pct,279.0416666666667,-0.003978147115930911
HECM,negative_3pct,280.0416666666667,-0.004077252369916835
HECM,negative_3pct,281.0416666666667,-0.004377950588590469
HECM,negative_3pct,282.0416666666667,-0.004653859674435393
HECM,negative_3pct,283.0416666666667,-0.005291364679747027
HECM,negative_3pct,284.0416666666667,-0.005747641214241914
HECM,negative_3pct,285.0416666666667,-0.006039411400352722
HECM,negative_3pct,286.0416666666667,-0.006211140179883637
HECM,negative_3pct,287.0416666666667,-0.006284067565319407
HECM,negative_3pct,288.0416666666667,-0.006276649156934609
HECM,negative_3pct,289.0416666666667,-0.006206791917025166
HECM,negative_3pct,290.0416666666667,-0.006089262454205499
HECM,negative_3pct,291.0416666666667,-0.005934969940036754
HECM,negative_3pct,292.0416666666667,-0.005752149121169831
HECM,negative_3pct,293.0416666666667,-0.005545626866971982
HECM,negative_3pct,294.0416666666667,-0.005320287806278256
HECM,negative_3pct,295.0416666666667,-0.00508104873126022
HECM,negative_3pct,296.0416666666667,-0.004833722318761172
HECM,negative_3pct,297.0416666666667,-0.004584461349785349
HECM,negative_3pct,298.0416666666667,-0.004338005067381467
HECM,negative_3pct,299.0416666666667,-0.004094866243867281
HECM,negative_3pct,300.0416666666667,-0.003856393279672165
HECM,negative_3pct,301.0416666666667,-0.0036240659473058554
HECM,negative_3pct,302.0416666666667,-0.003403375191996477
HECM,negative_3pct,303.0416666666667,-0.003195677681171294
HECM,negative_3pct,304.0416666666667,-0.0030925326429977014
HECM,negative_3pct,305.0416666666667,-0.0027678134319561775
HECM,negative_3pct,306.0416666666667,-0.00244615853970402
HECM,negative_3pct,307.0416666666667,-0.0017410072292065415
HECM,negative_3pct,308.0416666666667,-0.0011995096744389872
HECM,negative_3pct,309.0416666666667,-0.0008091938602074911
HECM,negative_3pct,310.0416666666667,-0.0005291655984215771
HECM,negative_3pct,311.0416666666667,-0.0003406407694915535
HECM,negative_3pct,312.0416666666667,-0.0002271761088769309
HECM,negative_3pct,313.0416666666667,-0.00017370485206789235
HECM,negative_3pct,314.0416666666667,-0.0001679309679757548
HECM,negative_3pct,315.0416666666667,-0.00020051438909353503
HECM,negative_3pct,316.0416666666667,-0.0002642399839921795
HECM,negative_3pct,317.0416666666667,-0.00033281045562569023
HECM,negative_3pct,318.0416666666667,-0.00030519081612952496
HECM,negative_3pct,319.0416666666667,-0.0006694039984276475
HECM,negative_3pct,320.0416666666667,-0.0014484559150845957
HECM,negative_3pct,321.0416666666667,-0.002253223137514876
HECM,negative_3pct,322.0416666666667,-0.0030135791167880035
HECM,negative_3pct,323.0416666666667,-0.0037026660180294888
HECM,negative_3pct,324.0416666666667,-0.004311205482434212
HECM,negative_3pct,325.0416666666667,-0.004845745378235854
HECM,negative_3pct,326.0416666666667,-0.005312353381257493
HECM,negative_3pct,327.0416666666667,-0.005719325747979189
HECM,negative_3pct,328.0416666666667,-0.006078459429004372
HECM,negative_3pct,329.0416666666667,-0.006397179325040286
HECM,negative_3pct,330.0416666666667,-0.006682066368019588
HECM,negative_3pct,331.0416666666667,-0.006938181761666791
HECM,negative_3pct,332.0416666666667,-0.007168740476908549
HECM,negative_3pct,333.0416666666667,-0.0073763850524253445
HECM,negative_3pct,334.0416666666667,-0.007564374002332926
HECM,negative_3pct,335.0416666666667,-0.007736416595544747
HECM,negative_3pct,336.0416666666667,-0.007895614220768076
HECM,negative_3pct,337.0416666666667,-0.008044574829989916
HECM,negative_3pct,338.0416666666667,-0.008185196225773001
HECM,negative_3pct,339.0416666666667,-0.008318963945719998
HECM,negative_3pct,340.0416666666667,-0.008445721415090004
HECM,negative_3pct,341.0416666666667,-0.008587252453011975
HECM,negative_3pct,342.0416666666667,-0.008839872901807521
HECM,negative_3pct,343.0416666666667,-0.008711037595590571
HECM,negative_3pct,344.0416666666667,-0.008172110117402015
HECM,negative_3pct,345.0416666666667,-0.007606381696256205
HECM,negative_3pct,346.0416666666667,-0.007080887672220416
HECM,negative_3pct,347.0416666666667,-0.006622366593289481
HECM,negative_3pct,348.0416666666667,-0.006240050462757663
HECM,negative_3pct,349.0416666666667,-0.005923587047771033
HECM,negative_3pct,350.0416666666667,-0.0056594479129104544
HECM,negative_3pct,351.0416666666667,-0.0054386627709960035
HECM,negative_3pct,352.0416666666667,-0.005252066690780979
HECM,negative_3pct,353.0416666666667,-0.005093690832089694
HECM,negative_3pct,354.0416666666667,-0.004958398570272986
HECM,negative_3pct,355.0416666666667,-0.004873857070090591
HECM,negative_3pct,356.0416666666667,-0.005080920741038536
HECM,negative_3pct,357.0416666666667,-0.005065190459347485
HECM,negative_3pct,358.0416666666667,-0.005602542780091734
HECM,negative_3pct,359.0416666666667,-0.00616281169529961
HECM,negative_3pct,360.0416666666667,-0.006740439243768973
HECM,negative_3pct,361.0416666666667,-0.007329135676495126
HECM,negative_3pct,362.0416666666667,-0.007924299699693646
HECM,negative_3pct,363.0416666666667,-0.00852232691048643
HECM,negative_3pct,364.0416666666667,-0.009121725852198165
HECM,negative_3pct,365.0416666666667,-0.009721263301785132
HECM,negative_3pct,366.0416666666667,-0.010321120425656622
HECM,negative_3pct,367.0416666666667,-0.010920656496329985
HECM,negative_3pct,368.0416666666667,-0.01152178290010934
HECM,negative_3pct,369.0416666666667,-0.01212310421108822
HECM,negative_3pct,370.0416666666667,-0.01272373381258701
HECM,negative_3pct,371.0416666666667,-0.01332313683746756
HECM,negative_3pct,372.0416666666667,-0.013919872852190549
HECM,negative_3pct,373.0416666666667,-0.014516855945865171
HECM,negative_3pct,374.0416666666667,-0.015116375161179094
HECM,negative_3pct,375.0416666666667,-0.01571851759861581
HECM,negative_3pct,376.0416666666667,-0.01631934823009286
HECM,negative_3pct,377.0416666666667,-0.01691821493426057
HECM,negative_3pct,378.0416666666667,-0.017514417903253632
HECM,negative_3pct,379.0416666666667,-0.0180760335304823
HECM,negative_3pct,380.0416666666667,-0.01835959726274476
HECM,negative_3pct,381.0416666666667,-0.01887982127680475
HECM,negative_3pct,382.0416666666667,-0.018860929376113597
HECM,negative_3pct,383.0416666666667,-0.018829789839570506
HECM,negative_3pct,384.0416666666667,-0.018789203977117093
HECM,negative_3pct,385.0416666666667,-0.0187428793906877
HECM,negative_3pct,386.0416666666667,-0.01869376972994676
HECM,negative_3pct,387.0416666666667,-0.018644583959514814
HECM,negative_3pct,388.0416666666667,-0.01859745720374621
HECM,negative_3pct,389.0416666666667,-0.018554502926590548
HECM,negative_3pct,390.0416666666667,-0.018516813495452752
HECM,negative_3pct,391.0416666666667,-0.018463753964482223
HECM,negative_3pct,392.0416666666667,-0.01838345670922014
HECM,negative_3pct,393.0416666666667,-0.017943811069180617
HECM,negative_3pct,394.0416666666667,-0.017656671663640978
HECM,negative_3pct,395.0416666666667,-0.017035187678873374
HECM,negative_3pct,396.0416666666667,-0.017011088229009545
HECM,negative_3pct,397.0416666666667,-0.016238530024485068
HECM,negative_3pct,398.0416666666667,-0.015569145890078748
HECM,negative_3pct,399.0416666666667,-0.015003116758396337
HECM,negative_3pct,400.0416666666667,-0.014543132274557172
HECM,negative_3pct,401.0416666666667,-0.014190722093196955
HECM,negative_3pct,402.0416666666667,-0.013943487251796659
HECM,negative_3pct,403.0416666666667,-0.013802897708615494
HECM,negative_3pct,404.0416666666667,-0.013766734277345078
HECM,negative_3pct,405.0416666666667,-0.013825609816130048
HECM,negative_3pct,406.0416666666667,-0.014007330378057002
HECM,negative_3pct,407.0416666666667,-0.014274841036334501
HECM,negative_3pct,408.0416666666667,-0.014581769028805584
HECM,negative_3pct,409.0416666666667,-0.014069630518617362
HECM,negative_3pct,410.0416666666667,-0.013248823559749089
HECM,negative_3pct,411.0416666666667,-0.012326735545378659
HECM,negative_3pct,412.0416666666667,-0.011303531192766954
HECM,negative_3pct,413.0416666666667,-0.010192690752242483
HECM,negative_3pct,414.0416666666667,-0.009101317931162776
HECM,negative_3pct,415.0416666666667,-0.008066691489228558
HECM,negative_3pct,416.0416666666667,-0.007091378052113755
HECM,negative_3pct,417.0416666666667,-0.006504663065554065
HECM,negative_3pct,418.0416666666667,-0.005804957024105859
HECM,negative_3pct,419.0416666666667,-0.005460931499992629
HECM,negative_3pct,420.0416666666667,-0.0045334049381776
HECM,negative_3pct,421.0416666666667,-0.004214920862561324
HECM,negative_3pct,422.0416666666667,-0.003967003825112356
HECM,negative_3pct,423.0416666666667,-0.0036307733110091545
HECM,negative_3pct,424.0416666666667,-0.003418181764205713
HECM,negative_3pct,425.0416666666667,-0.0031849152980295537
HECM,negative_3pct,426.0416666666667,-0.0030050282815051363
HECM,negative_3pct,427.0416666666667,-0.002889879155947371
HECM,negative_3pct,428.0416666666667,-0.002653227678422235
HECM,negative_3pct,429.0416666666667,-0.001842308719332978
HECM,negative_3pct,430.0416666666667,-0.0009010722199552566
HECM,negative_3pct,431.0416666666667,0.00014041895847624337
HECM,negative_3pct,432.0416666666667,0.001224255731016184
HECM,negative_3pct,433.0416666666667,0.0014868610035145132
HECM,negative_3pct,434.0416666666667,0.001464668804861521
HECM,negative_3pct,435.0416666666667,0.0013333474766501893
HECM,negative_3pct,436.0416666666667,0.0012848839867060811
HECM,negative_3pct,437.0416666666667,0.0010597543784988887
HECM,negative_3pct,438.0416666666667,0.0006237808923129304
HECM,negative_3pct,439.0416666666667,0.00019496751472285943
HECM,negative_3pct,440.0416666666667,-0.00023003970861360825
HECM,negative_3pct,441.0416666666667,-0.0006537128786718555
HECM,negative_3pct,442.0416666666667,-0.0010664217617670502
HECM,negative_3pct,443.0416666666667,-0.0014859173435733148
HECM,negative_3pct,444.0416666666667,-0.0019242468615476825
HECM,negative_3pct,445.0416666666667,-0.0025404965888995937
HECM,negative_3pct,446.0416666666667,-0.002879071469050398
HECM,negative_3pct,447.0416666666667,-0.0029124266149488215
HECM,negative_3pct,448.0416666666667,-0.0024649719059462193
HECM,negative_3pct,449.0416666666667,-0.0018916575646976993
HECM,negative_3pct,450.0416666666667,-0.001165888948857564
HECM,negative_3pct,451.0416666666667,-0.00027655062778964587
HECM,negative_3pct,452.0416666666667,0.0005981626629736787
HECM,negative_3pct,453.0416666666667,0.0009917621932575716
HECM,negative_3pct,454.0416666666667,0.0013786553412368458
HECM,negative_3pct,455.0416666666667,0.0017414933537335808
HECM,negative_3pct,456.0416666666667,0.002078446589708068
HECM,negative_3pct,457.0416666666667,0.0024292647881852467
HECM,negative_3pct,458.0416666666667,0.0026701062139037317
HECM,negative_3pct,459.0416666666667,0.0027992878907989937
HECM,negative_3pct,460.0416666666667,0.002600925646209956
HECM,negative_3pct,461.0416666666667,0.002449920428931075
HECM,negative_3pct,462.0416666666667,0.0027265838260948864
HECM,negative_3pct,463.0416666666667,0.0030321865531799186
HECM,negative_3pct,464.0416666666667,0.0033650037895730563
HECM,negative_3pct,465.0416666666667,0.0037239887519737603
HECM,negative_3pct,466.0416666666667,0.00411073025777248
HECM,negative_3pct,467.0416666666667,0.004524167733499487
HECM,negative_3pct,468.0416666666667,0.00496768995052115
HECM,negative_3pct,469.0416666666667,0.005446521967632817
HECM,negative_3pct,470.0416666666667,0.005817675608226682
HECM,negative_3pct,471.0416666666667,0.005895749093586856
HECM,negative_3pct,472.0416666666667,0.005716157875302527
HECM,negative_3pct,473.0416666666667,0.005490915969240708
HECM,negative_3pct,474.0416666666667,0.005265679141013658
HECM,negative_3pct,475.0416666666667,0.005043045633402814
HECM,negative_3pct,476.0416666666667,0.004813708397683831
HECM,negative_3pct,477.0416666666667,0.004585217643349264
HECM,negative_3pct,478.0416666666667,0.004358550328767308
HECM,negative_3pct,479.0416666666667,0.0041445277809177665
HECM,negative_3pct,480.0416666666667,0.003956724257581042
HECM,negative_3pct,481.0416666666667,0.0037608659501812227
HECM,negative_3pct,482.0416666666667,0.0036550774158447285
HECM,negative_3pct,483.0416666666667,0.003672729812319399
HECM,negative_3pct,484.0416666666667,0.0038388811626726186
HECM,negative_3pct,485.0416666666667,0.004051033264449219
HECM,negative_3pct,486.0416666666667,0.0040679452712235435
HECM,negative_3pct,487.0416666666667,0.0040863829544367436
HECM,negative_3pct,488.0416666666667,0.004104692863515956
HECM,negative_3pct,489.0416666666667,0.004122382664550782
HECM,negative_3pct,490.0416666666667,0.004139291433215223
HECM,negative_3pct,491.0416666666667,0.004159468895161781
HECM,negative_3pct,492.0416666666667,0.004181542533761508
HECM,negative_3pct,493.0416666666667,0.004206574396077886
HECM,negative_3pct,494.0416666666667,0.004235703370702858
HECM,negative_3pct,495.0416666666667,0.00426948579573577
HECM,negative_3pct,496.0416666666667,0.004311581750944996
HECM,negative_3pct,497.0416666666667,0.004575738955243114
HECM,negative_3pct,498.0416666666667,0.004352541390217365
HECM,negative_3pct,499.0416666666667,0.0036660855344833373
HECM,negative_3pct,500.0416666666667,0.0027993893474527872
HECM,negative_3pct,501.0416666666667,0.0019447349134614246
HECM,negative_3pct,502.0416666666667,0.001102102486553595
HECM,negative_3pct,503.0416666666667,0.00027190039167816115
HECM,negative_3pct,504.0416666666667,-0.000544716331441611
HECM,negative_3pct,505.0416666666667,-0.0013515733354710928
HECM,negative_3pct,506.0416666666667,-0.0021509997408969573
HECM,negative_3pct,507.0416666666667,-0.0029398675999243234
HECM,negative_3pct,508.0416666666667,-0.003713014218208404
HECM,negative_3pct,509.0416666666667,-0.0044672585844553895
HECM,negative_3pct,510.0416666666667,-0.005199534857767623
HECM,negative_3pct,511.0416666666667,-0.005914081887544002
HECM,negative_3pct,512.0416666666666,-0.006614371594910341
HECM,negative_3pct,513.0416666666666,-0.007301840190047832
HECM,negative_3pct,514.0416666666666,-0.00797886243802611
HECM,negative_3pct,515.0416666666666,-0.008650136924938191
HECM,negative_3pct,516.0416666666666,-0.00931418113304779
HECM,negative_3pct,517.0416666666666,-0.009971605070088263
HECM,negative_3pct,518.0416666666666,-0.010623586250089669
HECM,negative_3pct,519.0416666666666,-0.01127107387508481
HECM,negative_3pct,520.0416666666666,-0.011917687426074955
HECM,negative_3pct,521.0416666666666,-0.012776219218489189
HECM,negative_3pct,522.0416666666666,-0.01313516358908018
HECM,negative_3pct,523.0416666666666,-0.01301826075163166
HECM,negative_3pct,524.0416666666666,-0.012708619110944947
HECM,negative_3pct,525.0416666666666,-0.012398488155026565
HECM,negative_3pct,526.0416666666666,-0.012087176468268939
HECM,negative_3pct,527.0416666666666,-0.011774298671283389
HECM,negative_3pct,528.0416666666666,-0.011460056259278796
HECM,negative_3pct,529.0416666666666,-0.011139929922681554
HECM,negative_3pct,530.0416666666666,-0.010810626231251638
HECM,negative_3pct,531.0416666666666,-0.010473181381648447
HECM,negative_3pct,532.0416666666666,-0.010131532855903257
HECM,negative_3pct,533.0416666666666,-0.009786149814674228
HECM,negative_3pct,534.0416666666666,-0.009305950750624056
HECM,negative_3pct,535.0416666666666,-0.008354972288762636
HECM,negative_3pct,536.0416666666666,-0.007961380815315267
HECM,negative_3pct,537.0416666666666,-0.007867988362646692
HECM,negative_3pct,538.0416666666666,-0.007771588445382901
HECM,negative_3pct,539.0416666666666,-0.007670107170938065
HECM,negative_3pct,540.0416666666666,-0.007560168370686477
HECM,negative_3pct,541.0416666666666,-0.0074405538753997
HECM,negative_3pct,542.0416666666666,-0.007307154734346009
HECM,negative_3pct,543.0416666666666,-0.007158120414795101
HECM,negative_3pct,544.0416666666666,-0.006993059794624547
HECM,negative_3pct,545.0416666666666,-0.006811543918775244
HECM,negative_3pct,546.0416666666666,-0.0066146773734996845
HECM,negative_3pct,547.0416666666666,-0.00640232705154478
HECM,negative_3pct,548.0416666666666,-0.0061729523592145875
HECM,negative_3pct,549.0416666666666,-0.0059241304404569145
HECM,negative_3pct,550.0416666666666,-0.00565380142586912
HECM,negative_3pct,551.0416666666666,-0.005359551031190294
HECM,negative_3pct,552.0416666666666,-0.0050386569897121775
HECM,negative_3pct,553.0416666666666,-0.0046873189406799725
HECM,negative_3pct,554.0416666666666,-0.004303031552799388
HECM,negative_3pct,555.0416666666666,-0.0038844515548327654
HECM,negative_3pct,556.0416666666666,-0.0034302101019966866
HECM,negative_3pct,557.0416666666666,-0.002937600910626789
HECM,negative_3pct,558.0416666666666,-0.0025340476768333656
HECM,negative_3pct,559.0416666666666,-0.0025487251557692876
HECM,negative_3pct,560.0416666666666,-0.0019617989828370065
HECM,negative_3pct,561.0416666666666,-0.0010334034131739482
HECM,negative_3pct,562.0416666666666,-6.971645938337882e-05
HECM,negative_3pct,563.0416666666666,0.0009253270495399733
HECM,negative_3pct,564.0416666666666,0.0019455067674231771
HECM,negative_3pct,565.0416666666666,0.00298726826802725
HECM,negative_3pct,566.0416666666666,0.004036275823209572
HECM,negative_3pct,567.0416666666666,0.005076340214633454
HECM,negative_3pct,568.0416666666666,0.0060951470619522285
HECM,negative_3pct,569.0416666666666,0.0070834229084514345
HECM,negative_3pct,570.0416666666666,0.008038560966341318
HECM,negative_3pct,571.0416666666666,0.008971399222455267
HECM,negative_3pct,572.0416666666666,0.010244931865658046
HECM,negative_3pct,573.0416666666666,0.010772339232475092
HECM,negative_3pct,574.0416666666666,0.010764425976287954
HECM,negative_3pct,575.0416666666666,0.010304898498619871
HECM,negative_3pct,576.0416666666666,0.009796591403655998
HECM,negative_3pct,577.0416666666666,0.009236653408087424
HECM,negative_3pct,578.0416666666666,0.008625568780651764
HECM,negative_3pct,579.0416666666666,0.007961591129684201
HECM,negative_3pct,580.0416666666666,0.007242237760607046
HECM,negative_3pct,581.0416666666666,0.006463985987058777
HECM,negative_3pct,582.0416666666666,0.005623151561406211
HECM,negative_3pct,583.0416666666666,0.0047189156222979586
HECM,negative_3pct,584.0416666666666,0.003764801080767947
HECM,negative_3pct,585.0416666666666,0.0027661009623564945
HECM,negative_3pct,586.0416666666666,0.0017283332601124995
HECM,negative_3pct,587.0416666666666,0.0006548852593940091
HECM,negative_3pct,588.0416666666666,-0.00044948118781674783
HECM,negative_3pct,589.0416666666666,-0.0015805687959512984
HECM,negative_3pct,590.0416666666666,-0.002725061089698196
HECM,negative_3pct,591.0416666666666,-0.0038655203301983404
HECM,negative_3pct,592.0416666666666,-0.004986067280653594
HECM,negative_3pct,593.0416666666666,-0.006072871825032872
HECM,negative_3pct,594.0416666666666,-0.007114805644439502
HECM,negative_3pct,595.0416666666666,-0.008123711801603832
HECM,negative_3pct,596.0416666666666,-0.009473080804590216
HECM,negative_3pct,597.0416666666666,-0.010088306544805085
HECM,negative_3pct,598.0416666666666,-0.010190439303249645
HECM,negative_3pct,599.0416666666666,-0.009866841479809714
HECM,negative_3pct,600.0416666666666,-0.009474592255468945
HECM,negative_3pct,601.0416666666666,-0.008981093544352028
HECM,negative_3pct,602.0416666666666,-0.00836149520878287
HECM,negative_3pct,603.0416666666666,-0.007588652922238944
HECM,negative_3pct,604.0416666666666,-0.006644735984919371
HECM,negative_3pct,605.0416666666666,-0.005539247408373074
HECM,negative_3pct,606.0416666666666,-0.004382887572367832
HECM,negative_3pct,607.0416666666666,-0.0031010252410463403
HECM,negative_3pct,608.0416666666666,-0.0016259982775922784
HECM,negative_3pct,609.0416666666666,0.00040298268549446157
HECM,negative_3pct,610.0416666666666,0.0021687910941144938
HECM,negative_3pct,611.0416666666666,0.002826402939610605
HECM,negative_3pct,612.0416666666666,0.0030722199359781203
HECM,negative_3pct,613.0416666666666,0.0032233111897909043
HECM,negative_3pct,614.0416666666666,0.0033325337902471424
HECM,negative_3pct,615.0416666666666,0.00344523275899207
HECM,negative_3pct,616.0416666666666,0.0035344471071186634
HECM,negative_3pct,617.0416666666666,0.003586614620154126
HECM,negative_3pct,618.0416666666666,0.003600361176678783
HECM,negative_3pct,619.0416666666666,0.0036266062950035182
HECM,negative_3pct,620.0416666666666,0.0036955240302758794
HECM,negative_3pct,621.0416666666666,0.003702376302866042
HECM,negative_3pct,622.0416666666666,0.003664284518534584
HECM,negative_3pct,623.0416666666666,0.0035917477367152246
HECM,negative_3pct,624.0416666666666,0.0035475776675643975
HECM,negative_3pct,625.0416666666666,0.0034291220805608763
HECM,negative_3pct,626.0416666666666,0.0031115280664999923
HECM,negative_3pct,627.0416666666666,0.0026401473801994637
HECM,negative_3pct,628.0416666666666,0.002123227367059342
HECM,negative_3pct,629.0416666666666,0.0013407404003469411
HECM,negative_3pct,630.0416666666666,0.0004987535618767698
HECM,negative_3pct,631.0416666666666,-0.00037268185207911634
HECM,negative_3pct,632.0416666666666,-0.0015276769670017553
HECM,negative_3pct,633.0416666666666,-0.0031853104106479256
HECM,negative_3pct,634.0416666666666,-0.00461883215609303
HECM,negative_3pct,635.0416666666666,-0.0049791414314381485
HECM,negative_3pct,636.0416666666666,-0.004877626684753342
HECM,negative_3pct,637.0416666666666,-0.0047608261651136425
HECM,negative_3pct,638.0416666666666,-0.004559781659715309
HECM,negative_3pct,639.0416666666666,-0.004426458250827754
HECM,negative_3pct,640.0416666666666,-0.004083909797212616
HECM,negative_3pct,641.0416666666666,-0.0031258179409835046
HECM,negative_3pct,642.0416666666666,-0.002568691072831807
HECM,negative_3pct,643.0416666666666,-0.002451880689653293
HECM,negative_3pct,644.0416666666666,-0.0019607413229969384
HECM,negative_3pct,645.0416666666666,-0.0006823742176387743
HECM,negative_3pct,646.0416666666666,0.0007476335876599638
HECM,negative_3pct,647.0416666666666,0.0020957786176304827
HECM,negative_3pct,648.0416666666666,0.003241246529718322
HECM,negative_3pct,649.0416666666666,0.004262529707321394
HECM,negative_3pct,650.0416666666666,0.00511428222825249
HECM,negative_3pct,651.0416666666666,0.005430390752137506
HECM,negative_3pct,652.0416666666666,0.005111813430460205
HECM,negative_3pct,653.0416666666666,0.0048681010876090065
HECM,negative_3pct,654.0416666666666,0.0047258494559998185
HECM,negative_3pct,655.0416666666666,0.004588413287840576
HECM,negative_3pct,656.0416666666666,0.004637162412488297
HECM,negative_3pct,657.0416666666666,0.0047525491437291605
HECM,negative_3pct,658.0416666666666,0.004988923115750035
HECM,negative_3pct,659.0416666666666,0.005356884380942153
HECM,negative_3pct,660.0416666666666,0.005768647810883955
HECM,negative_3pct,661.0416666666666,0.00635308740790523
HECM,negative_3pct,662.0416666666666,0.00698693492225916
HECM,negative_3pct,663.0416666666666,0.0077734717714509505
HECM,negative_3pct,664.0416666666666,0.008458636758066318
HECM,negative_3pct,665.0416666666666,0.008644744912787624
HECM,negative_3pct,666.0416666666666,0.00934246799512534
HECM,negative_3pct,667.0416666666666,0.010575359116578203
HECM,negative_3pct,668.0416666666666,0.01108666126098904
HECM,negative_3pct,669.0416666666666,0.010835959050185992
HECM,negative_3pct,670.0416666666666,0.010160397059324835
HECM,negative_3pct,671.0416666666666,0.009557131374305734
HECM,negative_3pct,672.0416666666666,0.008646976156234422
HECM,negative_3pct,673.0416666666666,0.007684621807397045
HECM,negative_3pct,674.0416666666666,0.0070733973998008785
HECM,negative_3pct,675.0416666666666,0.00719625856339917
HECM,negative_3pct,676.0416666666666,0.007922824820674036
HECM,negative_3pct,677.0416666666666,0.008836022545682809
HECM,negative_3pct,678.0416666666666,0.009816085612716213
HECM,negative_3pct,679.0416666666666,0.010779361988573646
HECM,negative_3pct,680.0416666666666,0.012013750968878864
HECM,negative_3pct,681.0416666666666,0.012504918101010197
HECM,negative_3pct,682.0416666666666,0.012813070025061527
HECM,negative_3pct,683.0416666666666,0.012981697916998535
HECM,negative_3pct,684.0416666666666,0.013013372558585753
HECM,negative_3pct,685.0416666666666,0.012908446958500183
HECM,negative_3pct,686.0416666666666,0.01266292708505742
HECM,negative_3pct,687.0416666666666,0.012277094218856529
HECM,negative_3pct,688.0416666666666,0.011741156025058923
HECM,negative_3pct,689.0416666666666,0.011083075614243492
HECM,negative_3pct,690.0416666666666,0.010482530193954367
HECM,negative_3pct,691.0416666666666,0.010070343075053952
HECM,negative_3pct,692.0416666666666,0.010153607295613874
HECM,negative_3pct,693.0416666666666,0.010264333081170642
HECM,negative_3pct,694.0416666666666,0.010680725223079078
HECM,negative_3pct,695.0416666666666,0.01109213461180948
HECM,negative_3pct,696.0416666666666,0.011916093767201492
HECM,negative_3pct,697.0416666666666,0.012895026022835918
HECM,negative_3pct,698.0416666666666,0.013762194398514742
HECM,negative_3pct,699.0416666666666,0.014390083506026906
HECM,negative_3pct,700.0416666666666,0.014955420664377887
HECM,negative_3pct,701.0416666666666,0.015282836578141076
HECM,negative_3pct,702.0416666666666,0.015327557272888556
HECM,negative_3pct,703.0416666666666,0.015154255834797415
HECM,negative_3pct,704.0416666666666,0.014418963895595669
HECM,negative_3pct,705.0416666666666,0.014224320722032884
HECM,negative_3pct,706.0416666666666,0.014400215128715579
HECM,negative_3pct,707.0416666666666,0.014604842056063118
HECM,negative_3pct,708.0416666666666,0.014843086839553868
HECM,negative_3pct,709.0416666666666,0.015114923188521713
HECM,negative_3pct,710.0416666666666,0.015423446084852414
HECM,negative_3pct,711.0416666666666,0.015768785953216836
HECM,negative_3pct,712.0416666666666,0.016160351504177602
HECM,negative_3pct,713.0416666666666,0.01656861658357999
HECM,negative_3pct,714.0416666666666,0.016811745919430326
HECM,negative_3pct,715.0416666666666,0.016723389598414795
HECM,negative_3pct,716.0416666666666,0.01641659793971463
HECM,negative_3pct,717.0416666666666,0.016101514926165426
HECM,negative_3pct,718.0416666666666,0.015787681766322316
HECM,negative_3pct,719.0416666666666,0.015512057048759341
HECM,negative_3pct,720.0416666666666,0.015242726920684381
HECM,negative_3pct,721.0416666666666,0.014968386218347868
HECM,negative_3pct,722.0416666666666,0.014694166312056806
HECM,negative_3pct,723.0416666666666,0.014456964497754576
HECM,negative_3pct,724.0416666666666,0.01418140965779821
HECM,negative_3pct,725.0416666666666,0.013978844793349035
HECM,negative_3pct,726.0416666666666,0.013894720000445452
HECM,negative_3pct,727.0416666666666,0.013940834987010558
HECM,negative_3pct,728.0416666666666,0.014176089163726544
HECM,negative_3pct,729.0416666666666,0.014489658173725963
HECM,negative_3pct,730.0416666666666,0.014526050381003871
HECM,negative_3pct,731.0416666666666,0.01456829692478969
HECM,negative_3pct,732.0416666666666,0.014610429050642505
HECM,negative_3pct,733.0416666666666,0.01465091791254014
HECM,negative_3pct,734.0416666666666,0.0146900482594799
HECM,negative_3pct,735.0416666666666,0.014728013680927925
HECM,negative_3pct,736.0416666666666,0.014765173973138193
HECM,negative_3pct,737.0416666666666,0.014802023313402773
HECM,negative_3pct,738.0416666666666,0.01483876007073102
HECM,negative_3pct,739.0416666666666,0.014875490435327673
HECM,negative_3pct,740.0416666666666,0.014962913310982226
HECM,negative_3pct,741.0416666666666,0.015364081464142164
HECM,negative_3pct,742.0416666666666,0.01487421548235087
HECM,negative_3pct,743.0416666666666,0.014719789134425022
HECM,negative_3pct,744.0416666666666,0.014647364523922022
HECM,negative_3pct,745.0416666666666,0.014592247689435888
HECM,negative_3pct,746.0416666666666,0.014548177891857703
HECM,negative_3pct,747.0416666666666,0.014505149229599482
HECM,negative_3pct,748.0416666666666,0.01445780467418201
HECM,negative_3pct,749.0416666666666,0.014419893460622465
HECM,negative_3pct,750.0416666666666,0.014390668109029574
HECM,negative_3pct,751.0416666666666,0.014368544824823153
HECM,negative_3pct,752.0416666666666,0.014354323577867676
HECM,negative_3pct,753.0416666666666,0.014346574236913413
HECM,negative_3pct,754.0416666666666,0.014344346127486899
HECM,negative_3pct,755.0416666666666,0.014348783786427193
HECM,negative_3pct,756.0416666666666,0.014362599564920371
HECM,negative_3pct,757.0416666666666,0.014387881739594746
HECM,negative_3pct,758.0416666666666,0.014427386457253484
HECM,negative_3pct,759.0416666666666,0.014484627255227209
HECM,negative_3pct,760.0416666666666,0.014561932482110816
HECM,negative_3pct,761.0416666666666,0.014660976678192198
HECM,negative_3pct,762.0416666666666,0.014778291338151847
HECM,negative_3pct,763.0416666666666,0.014907470498262767
HECM,negative_3pct,764.0416666666666,0.014994414153260194
HECM,negative_3pct,765.0416666666666,0.014775282719284704
HECM,negative_3pct,766.0416666666666,0.015451934350458378
HECM,negative_3pct,767.0416666666666,0.015789862833891517
HECM,negative_3pct,768.0416666666666,0.016033284981783177
HECM,negative_3pct,769.0416666666666,0.016226111518960057
HECM,negative_3pct,770.0416666666666,0.01633750197581356
HECM,negative_3pct,771.0416666666666,0.016375218391925003
HECM,negative_3pct,772.0416666666666,0.016374110717425516
HECM,negative_3pct,773.0416666666666,0.01632768785820167
HECM,negative_3pct,774.0416666666666,0.01623820631583556
HECM,negative_3pct,775.0416666666666,0.01611135855459249
HECM,negative_3pct,776.0416666666666,0.0159530753183539
HECM,negative_3pct,777.0416666666666,0.01586316998787879
HECM,negative_3pct,778.0416666666666,0.016071088170997186
HECM,negative_3pct,779.0416666666666,0.015495708489860118
HECM,negative_3pct,780.0416666666666,0.01505696818104129
HECM,negative_3pct,781.0416666666666,0.014795704043907803
HECM,negative_3pct,782.0416666666666,0.014538647806445117
HECM,negative_3pct,783.0416666666666,0.014208662539805897
HECM,negative_3pct,784.0416666666666,0.01384132101295944
HECM,negative_3pct,785.0416666666666,0.013517755219900762
HECM,negative_3pct,786.0416666666666,0.013214266082170922
HECM,negative_3pct,787.0416666666666,0.012924850451202737
HECM,negative_3pct,788.0416666666666,0.012655182259457701
HECM,negative_3pct,789.0416666666666,0.0122960484251406
HECM,negative_3pct,790.0416666666666,0.011909000497037074
HECM,negative_3pct,791.0416666666666,0.011575493676251526
HECM,negative_3pct,792.0416666666666,0.011290751429596312
HECM,negative_3pct,793.0416666666666,0.011005484891682411
HECM,negative_3pct,794.0416666666666,0.010722335863575395
HECM,negative_3pct,795.0416666666666,0.010565617374829613
HECM,negative_3pct,796.0416666666666,0.010484929835038872
HECM,negative_3pct,797.0416666666666,0.010311032476307352
HECM,negative_3pct,798.0416666666666,0.01021238175168019
HECM,negative_3pct,799.0416666666666,0.010171508262871044
HECM,negative_3pct,800.0416666666666,0.010015220247432203
HECM,negative_3pct,801.0416666666666,0.00983431504909071
HECM,negative_3pct,802.0416666666666,0.00932152938544342
HECM,negative_3pct,803.0416666666666,0.009508950264156867
HECM,negative_3pct,804.0416666666666,0.009610208641049747
HECM,negative_3pct,805.0416666666666,0.009404200112931619
HECM,negative_3pct,806.0416666666666,0.00921960231724684
HECM,negative_3pct,807.0416666666666,0.00905724035979642
HECM,negative_3pct,808.0416666666666,0.008905945597078059
HECM,negative_3pct,809.0416666666666,0.009076079240951239
HECM,negative_3pct,810.0416666666666,0.008818368934489165
HECM,negative_3pct,811.0416666666666,0.008232385938896547
HECM,negative_3pct,812.0416666666666,0.008049192961199674
HECM,negative_3pct,813.0416666666666,0.00806810043419493
HECM,negative_3pct,814.0416666666666,0.008171878679351312
HECM,negative_3pct,815.0416666666666,0.008131972731021269
HECM,negative_3pct,816.0416666666666,0.008135951416626572
HECM,negative_3pct,817.0416666666666,0.008230680597583466
HECM,negative_3pct,818.0416666666666,0.008287337179465172
HECM,negative_3pct,819.0416666666666,0.008333135851454704
HECM,negative_3pct,820.0416666666666,0.008388157053794296
HECM,negative_3pct,821.0416666666666,0.008461009755446917
HECM,negative_3pct,822.0416666666666,0.008552885172178948
HECM,negative_3pct,823.0416666666666,0.008586299557985684
HECM,negative_3pct,824.0416666666666,0.008702553972534536
HECM,negative_3pct,825.0416666666666,0.00882950318161617
HECM,negative_3pct,826.0416666666666,0.008860323691018461
HECM,negative_3pct,827.0416666666666,0.009010999978752375
HECM,negative_3pct,828.0416666666666,0.009062622984342312
HECM,negative_3pct,829.0416666666666,0.009184846317177038
HECM,negative_3pct,830.0416666666666,0.009308168025184334
HECM,negative_3pct,831.0416666666666,0.009338728086163973
HECM,negative_3pct,832.0416666666666,0.009443811985010375
HECM,negative_3pct,833.0416666666666,0.009046462612822888
HECM,negative_3pct,834.0416666666666,0.00906540035300555
HECM,negative_3pct,835.0416666666666,0.009333243833061671
HECM,negative_3pct,836.0416666666666,0.009135342206801384
HECM,negative_3pct,837.0416666666666,0.008819802044043132
HECM,negative_3pct,838.0416666666666,0.008680215782767125
HECM,negative_3pct,839.0416666666666,0.008754382992070743
HECM,negative_3pct,840.0416666666666,0.00805590256011812
HECM,negative_3pct,841.0416666666666,0.007778797579751862
HECM,negative_3pct,842.0416666666666,0.007674221405426894
HECM,negative_3pct,843.0416666666666,0.007661022712447503
HECM,negative_3pct,844.0416666666666,0.007685774328533776
HECM,negative_3pct,845.0416666666666,0.007740405300617479
HECM,negative_3pct,846.0416666666666,0.007750843013707277
HECM,negative_3pct,847.0416666666666,0.00784382713245569
HECM,negative_3pct,848.0416666666666,0.007910916210201593
HECM,negative_3pct,849.0416666666666,0.007902132389856932
HECM,negative_3pct,850.0416666666666,0.008071947416216096
HECM,negative_3pct,851.0416666666666,0.008095334848281949
HECM,negative_3pct,852.0416666666666,0.008160977990096747
HECM,negative_3pct,853.0416666666666,0.008319860746643336
HECM,negative_3pct,854.0416666666666,0.008307739756447505
HECM,negative_3pct,855.0416666666666,0.008458774836150613
HECM,negative_3pct,856.0416666666666,0.008539537406115075
HECM,negative_3pct,857.0416666666666,0.008631648079199831
HECM,negative_3pct,858.0416666666666,0.008751991309277885
HECM,negative_3pct,859.0416666666666,0.008841729883327303
HECM,negative_3pct,860.0416666666666,0.008940732154518193
HECM,negative_3pct,861.0416666666666,0.00907380700586412
HECM,negative_3pct,862.0416666666666,0.008830842175924334
HECM,negative_3pct,863.0416666666666,0.008515327393946705
HECM,negative_3pct,864.0416666666666,0.008839501363844822
HECM,negative_3pct,865.0416666666666,0.008635988566948742
HECM,negative_3pct,866.0416666666666,0.00841935130758961
HECM,negative_3pct,867.0416666666666,0.007943911946864337
HECM,negative_3pct,868.0416666666666,0.00783313984495553
HECM,negative_3pct,869.0416666666666,0.007542599846204106
HECM,negative_3pct,870.0416666666666,0.006933088463627599
HECM,negative_3pct,871.0416666666666,0.007121277165361242
HECM,negative_3pct,872.0416666666666,0.007794305424388082
HECM,negative_3pct,873.0416666666666,0.008403108970147935
HECM,negative_3pct,874.0416666666666,0.00884421250114672
HECM,negative_3pct,875.0416666666666,0.009275010426802672
HECM,negative_3pct,876.0416666666666,0.009581229629873334
HECM,negative_3pct,877.0416666666666,0.009725848447108852
HECM,negative_3pct,878.0416666666666,0.009884197007576097
HECM,negative_3pct,879.0416666666666,0.009895307408281075
HECM,negative_3pct,880.0416666666666,0.009749047486319346
HECM,negative_3pct,881.0416666666666,0.009355403999851492
HECM,negative_3pct,882.0416666666666,0.008991522030102327
HECM,negative_3pct,883.0416666666666,0.008797258151933534
HECM,negative_3pct,884.0416666666666,0.00873534384477518
HECM,negative_3pct,885.0416666666666,0.008743839924087936
HECM,negative_3pct,886.0416666666666,0.008998378371319105
HECM,negative_3pct,887.0416666666666,0.009313604961412881
HECM,negative_3pct,888.0416666666666,0.00979236611620341
HECM,negative_3pct,889.0416666666666,0.010435155517358347
HECM,negative_3pct,890.0416666666666,0.011139504846605348
HECM,negative_3pct,891.0416666666666,0.012133520397363172
HECM,negative_3pct,892.0416666666666,0.012623398782609034
HECM,negative_3pct,893.0416666666666,0.013230205771810395
HECM,negative_3pct,894.0416666666666,0.014019385465779917
HECM,negative_3pct,895.0416666666666,0.013732469810292854
HECM,negative_3pct,896.0416666666666,0.012986383516773755
HECM,negative_3pct,897.0416666666666,0.011947542655960342
HECM,negative_3pct,898.0416666666666,0.011329919251628743
HECM,negative_3pct,899.0416666666666,0.01082180293333452
HECM,negative_3pct,900.0416666666666,0.010731987782936428
HECM,negative_3pct,901.0416666666666,0.010795275197042624
HECM,negative_3pct,902.0416666666666,0.01123546750477701
HECM,negative_3pct,903.0416666666666,0.011624702999973632
HECM,negative_3pct,904.0416666666666,0.011769395459102234
HECM,negative_3pct,905.0416666666666,0.012220951851342374
HECM,negative_3pct,906.0416666666666,0.012551417400828074
HECM,negative_3pct,907.0416666666666,0.012760016671954425
HECM,negative_3pct,908.0416666666666,0.01275105775845402
HECM,negative_3pct,909.0416666666666,0.012405239429471642
HECM,negative_3pct,910.0416666666666,0.011848591864164117
HECM,negative_3pct,911.0416666666666,0.011222228725968661
HECM,negative_3pct,912.0416666666666,0.010678266856844079
HECM,negative_3pct,913.0416666666666,0.01042747516179324
HECM,negative_3pct,914.0416666666666,0.010403468731360796
HECM,negative_3pct,915.0416666666666,0.010306032048653066
HECM,negative_3pct,916.0416666666666,0.010274315685026765
HECM,negative_3pct,917.0416666666666,0.010410868704235174
HECM,negative_3pct,918.0416666666666,0.010704966933858988
HECM,negative_3pct,919.0416666666666,0.011233014396804072
HECM,negative_3pct,920.0416666666666,0.011820193268941721
HECM,negative_3pct,921.0416666666666,0.0127841715553898
HECM,negative_3pct,922.0416666666666,0.013451064642357223
HECM,negative_3pct,923.0416666666666,0.014304227524023303
HECM,negative_3pct,924.0416666666666,0.014810026242004238
HECM,negative_3pct,925.0416666666666,0.015143247878876054
HECM,negative_3pct,926.0416666666666,0.015068006597963859
HECM,negative_3pct,927.0416666666666,0.01495166938402414
HECM,negative_3pct,928.0416666666666,0.015474595246798287
HECM,negative_3pct,929.0416666666666,0.016026236235247494
HECM,negative_3pct,930.0416666666666,0.016622476267319303
HECM,negative_3pct,931.0416666666666,0.01726228030413429
HECM,negative_3pct,932.0416666666666,0.018027127706539994
HECM,negative_3pct,933.0416666666666,0.019022684853107916
HECM,negative_3pct,934.0416666666666,0.020117668591688037
HECM,negative_3pct,935.0416666666666,0.02116493627877219
HECM,negative_3pct,936.0416666666666,0.022007563316549197
HECM,negative_3pct,937.0416666666666,0.02243121232383254
HECM,negative_3pct,938.0416666666666,0.02249680664162106
HECM,negative_3pct,939.0416666666666,0.02244904253546919
HECM,negative_3pct,940.0416666666666,0.02237091939010372
HECM,negative_3pct,941.0416666666666,0.02224158257231548
HECM,negative_3pct,942.0416666666666,0.02204259578445019
HECM,negative_3pct,943.0416666666666,0.02180124148481743
HECM,negative_3pct,944.0416666666666,0.021522317492999748
HECM,negative_3pct,945.0416666666666,0.021206075258832016
HECM,negative_3pct,946.0416666666666,0.02084749750435444
HECM,negative_3pct,947.0416666666666,0.020274918010090993
HECM,negative_3pct,948.0416666666666,0.01972309079569865
HECM,negative_3pct,949.0416666666666,0.019280707947101444
HECM,negative_3pct,950.0416666666666,0.018962183515710898
HECM,negative_3pct,951.0416666666666,0.018823180393308846
HECM,negative_3pct,952.0416666666666,0.018406232204203246
HECM,negative_3pct,953.0416666666666,0.01795034682215416
HECM,negative_3pct,954.0416666666666,0.017450676219733285
HECM,negative_3pct,955.0416666666666,0.016929782461150632
HECM,negative_3pct,956.0416666666666,0.016382928035161056
HECM,negative_3pct,957.0416666666666,0.015824797339646243
HECM,negative_3pct,958.0416666666666,0.015262591508686953
HECM,negative_3pct,959.0416666666666,0.014703216425794398
HECM,negative_3pct,960.0416666666666,0.01413564568214794
HECM,negative_3pct,961.0416666666666,0.013491596318671029
HECM,negative_3pct,962.0416666666666,0.013177154780767605
HECM,negative_3pct,963.0416666666666,0.012745760296109583
HECM,negative_3pct,964.0416666666666,0.011904541735843613
HECM,negative_3pct,965.0416666666666,0.011514168556095565
HECM,negative_3pct,966.0416666666666,0.011193389596878824
HECM,negative_3pct,967.0416666666666,0.010937301402097309
HECM,negative_3pct,968.0416666666666,0.010745831877380737
HECM,negative_3pct,969.0416666666666,0.010571184608291841
HECM,negative_3pct,970.0416666666666,0.01034077511316993
HECM,negative_3pct,971.0416666666666,0.0101991622692422
HECM,negative_3pct,972.0416666666666,0.010109826168118195
HECM,negative_3pct,973.0416666666666,0.010070208375828652
HECM,negative_3pct,974.0416666666666,0.010068763281404887
HECM,negative_3pct,975.0416666666666,0.009992938329266104
HECM,negative_3pct,976.0416666666666,0.009951731186914291
HECM,negative_3pct,977.0416666666666,0.00998116119484229
HECM,negative_3pct,978.0416666666666,0.010060833119340652
HECM,negative_3pct,979.0416666666666,0.010102597795935957
HECM,negative_3pct,980.0416666666666,0.01006503086449036
HECM,negative_3pct,981.0416666666666,0.010051789556695792
HECM,negative_3pct,982.0416666666666,0.01006317763884464
HECM,negative_3pct,983.0416666666666,0.010018838121026396
HECM,negative_3pct,984.0416666666666,0.009913399849157364
HECM,negative_3pct,985.0416666666666,0.009923438787557862
HECM,negative_3pct,986.0416666666666,0.009647040651402544
HECM,negative_3pct,987.0416666666666,0.009389462829502874
HECM,negative_3pct,988.0416666666666,0.009564774962422013
HECM,negative_3pct,989.0416666666666,0.009353751843452184
HECM,negative_3pct,990.0416666666666,0.009050110546436316
HECM,negative_3pct,991.0416666666666,0.008646246840327618
HECM,negative_3pct,992.0416666666666,0.0082498853669681
HECM,negative_3pct,993.0416666666666,0.007853969659855412
HECM,negative_3pct,994.0416666666666,0.007749311229128176
HECM,negative_3pct,995.0416666666666,0.007592179083716677
HECM,negative_3pct,996.0416666666666,0.006998223538560968
HECM,negative_3pct,997.0416666666666,0.006896990879014301
HECM,negative_3pct,998.0416666666666,0.006850108748446913
HECM,negative_3pct,999.0416666666666,0.0069393141310762265
HECM,negative_3pct,1000.0416666666666,0.006932573992762867
HECM,negative_3pct,1001.0416666666666,0.0069399803231371526
HECM,negative_3pct,1002.0416666666666,0.006968080487981664
HECM,negative_3pct,1003.0416666666666,0.007032846341130838
HECM,negative_3pct,1004.0416666666666,0.007081872612892269
HECM,negative_3pct,1005.0416666666666,0.0071479796376780185
HECM,negative_3pct,1006.0416666666666,0.007228037491007273
HECM,negative_3pct,1007.0416666666666,0.0072494395087560354
HECM,negative_3pct,1008.0416666666666,0.007350443892148256
HECM,negative_3pct,1009.0416666666666,0.0074660337929685116
HECM,negative_3pct,1010.0416666666666,0.007484342943048368
HECM,negative_3pct,1011.0416666666666,0.00757700643547785
HECM,negative_3pct,1012.0416666666666,0.007716272042272063
HECM,negative_3pct,1013.0416666666666,0.0077773099218643215
HECM,negative_3pct,1014.0416666666666,0.007821638257396507
HECM,negative_3pct,1015.0416666666666,0.007981662383156788
HECM,negative_3pct,1016.0416666666666,0.008066801678112545
HECM,negative_3pct,1017.0416666666666,0.008088321575716487
HECM,negative_3pct,1018.0416666666666,0.007955262164332422
HECM,negative_3pct,1019.0416666666666,0.0077713838336306755
HECM,negative_3pct,1020.0416666666666,0.007936471848030785
HECM,negative_3pct,1021.0416666666666,0.0076379611644693
HECM,negative_3pct,1022.0416666666666,0.007202474587520917
HECM,negative_3pct,1023.0416666666666,0.0066902033204304335
HECM,negative_3pct,1024.0416666666667,0.006407496755974648
HECM,negative_3pct,1025.0416666666667,0.006438266527665287
HECM,negative_3pct,1026.0416666666667,0.0057944898105289815
HECM,negative_3pct,1027.0416666666667,0.005645858592948217
HECM,negative_3pct,1028.0416666666667,0.005705175418221634
HECM,negative_3pct,1029.0416666666667,0.005793059746560933
HECM,negative_3pct,1030.0416666666667,0.005871820851274768
HECM,negative_3pct,1031.0416666666667,0.005963067402124223
HECM,negative_3pct,1032.0416666666667,0.006095038882914201
HECM,negative_3pct,1033.0416666666667,0.006231932921125907
HECM,negative_3pct,1034.0416666666667,0.006331489717605092
HECM,negative_3pct,1035.0416666666667,0.006481837708226455
HECM,negative_3pct,1036.0416666666667,0.006636516090238109
HECM,negative_3pct,1037.0416666666667,0.006748004963572097
HECM,negative_3pct,1038.0416666666667,0.006906658683620236
HECM,negative_3pct,1039.0416666666667,0.0070670393882105815
HECM,negative_3pct,1040.0416666666667,0.007182337217477499
HECM,negative_3pct,1041.0416666666667,0.007344527704354374
HECM,negative_3pct,1042.0416666666667,0.00750808725359042
HECM,negative_3pct,1043.0416666666667,0.007623088498925978
HECM,negative_3pct,1044.0416666666667,0.00778624135014307
HECM,negative_3pct,1045.0416666666667,0.007949184398052866
HECM,negative_3pct,1046.0416666666667,0.00806375125941381
HECM,negative_3pct,1047.0416666666667,0.00822774524794142
HECM,negative_3pct,1048.0416666666667,0.008311395625892861
HECM,negative_3pct,1049.0416666666667,0.00792305469905573
HECM,negative_3pct,1050.0416666666667,0.008218549520961425
HECM,negative_3pct,1051.0416666666667,0.008048948008508737
HECM,negative_3pct,1052.0416666666667,0.00767256218180885
HECM,negative_3pct,1053.0416666666667,0.007302148714930469
HECM,negative_3pct,1054.0416666666667,0.007051473650042175
HECM,negative_3pct,1055.0416666666667,0.007060822586070752
HECM,negative_3pct,1056.0416666666667,0.006522120610351417
HECM,negative_3pct,1057.0416666666667,0.006455934279550722
HECM,negative_3pct,1058.0416666666667,0.006584306051004648
HECM,negative_3pct,1059.0416666666667,0.006638022116350233
HECM,negative_3pct,1060.0416666666667,0.006641572441474133
HECM,negative_3pct,1061.0416666666667,0.006784384319116642
HECM,negative_3pct,1062.0416666666667,0.006918508424973068
HECM,negative_3pct,1063.0416666666667,0.006937079584836869
HECM,negative_3pct,1064.0416666666667,0.007089652582346036
HECM,negative_3pct,1065.0416666666667,0.007248286017216033
HECM,negative_3pct,1066.0416666666667,0.007276632526893921
HECM,negative_3pct,1067.0416666666667,0.007454463670813732
HECM,negative_3pct,1068.0416666666667,0.0076083985862056775
HECM,negative_3pct,1069.0416666666667,0.007650264559254829
HECM,negative_3pct,1070.0416666666667,0.007870006711524151
HECM,negative_3pct,1071.0416666666667,0.008002896357352336
HECM,negative_3pct,1072.0416666666667,0.00807267555163828
HECM,negative_3pct,1073.0416666666667,0.008333786120722969
HECM,negative_3pct,1074.0416666666667,0.008432225281380275
HECM,negative_3pct,1075.0416666666667,0.008551516292829445
HECM,negative_3pct,1076.0416666666667,0.008808969663326262
HECM,negative_3pct,1077.0416666666667,0.0088908062863444
HECM,negative_3pct,1078.0416666666667,0.008905072453083186
HECM,negative_3pct,1079.0416666666667,0.008730163934593515
HECM,negative_3pct,1080.0416666666667,0.009034784367185019
HECM,negative_3pct,1081.0416666666667,0.008900936245587672
HECM,negative_3pct,1082.0416666666667,0.008574285909088606
HECM,negative_3pct,1083.0416666666667,0.008429740614525968
HECM,negative_3pct,1084.0416666666667,0.00868203069057588
HECM,negative_3pct,1085.0416666666667,0.008189871879409777
HECM,negative_3pct,1086.0416666666667,0.008228190791587745
HECM,negative_3pct,1087.0416666666667,0.008855994763174647
HECM,negative_3pct,1088.0416666666667,0.009350530698748881
HECM,negative_3pct,1089.0416666666667,0.009752334219921973
HECM,negative_3pct,1090.0416666666667,0.010109049753540817
HECM,negative_3pct,1091.0416666666667,0.010289999070155305
HECM,negative_3pct,1092.0416666666667,0.010391007295059748
HECM,negative_3pct,1093.0416666666667,0.010437782011550586
HECM,negative_3pct,1094.0416666666667,0.01030554494383176
HECM,negative_3pct,1095.0416666666667,0.010121851563569253
HECM,negative_3pct,1096.0416666666667,0.009844237957106802
HECM,negative_3pct,1097.0416666666667,0.009467103472845361
HECM,negative_3pct,1098.0416666666667,0.009390843065991316
HECM,negative_3pct,1099.0416666666667,0.009391514076598252
HECM,negative_3pct,1100.0416666666667,0.00947280844092468
HECM,negative_3pct,1101.0416666666667,0.009777879712942325
HECM,negative_3pct,1102.0416666666667,0.010123868632336752
HECM,negative_3pct,1103.0416666666667,0.01062261795800031
HECM,negative_3pct,1104.0416666666667,0.011303265609040958
HECM,negative_3pct,1105.0416666666667,0.011908123065425723
HECM,negative_3pct,1106.0416666666667,0.012431739583841493
HECM,negative_3pct,1107.0416666666667,0.012762903132548336
HECM,negative_3pct,1108.0416666666667,0.012427000289588387
HECM,negative_3pct,1109.0416666666667,0.012772284842825849
HECM,negative_3pct,1110.0416666666667,0.01225916978666953
HECM,negative_3pct,1111.0416666666667,0.01157473271892568
HECM,negative_3pct,1112.0416666666667,0.010971706814538513
HECM,negative_3pct,1113.0416666666667,0.01082149262309515
HECM,negative_3pct,1114.0416666666667,0.010817468462228622
HECM,negative_3pct,1115.0416666666667,0.011186206446232859
HECM,negative_3pct,1116.0416666666667,0.011178272425343558
HECM,negative_3pct,1117.0416666666667,0.010531625954366032
HECM,negative_3pct,1118.0416666666667,0.010030653942185703
HECM,negative_3pct,1119.0416666666667,0.00969047489954739
HECM,negative_3pct,1120.0416666666667,0.00949362516712348
HECM,negative_3pct,1121.0416666666667,0.009364163022296642
HECM,negative_3pct,1122.0416666666667,0.009082093730941898
HECM,negative_3pct,1123.0416666666667,0.008732683273858864
HECM,negative_3pct,1124.0416666666667,0.008326551266718893
HECM,negative_3pct,1125.0416666666667,0.007695973140272047
HECM,negative_3pct,1126.0416666666667,0.00732841799118468
HECM,negative_3pct,1127.0416666666667,0.007355598389860393
HECM,negative_3pct,1128.0416666666667,0.0073011248766877875
HECM,negative_3pct,1129.0416666666667,0.007243798286022951
HECM,negative_3pct,1130.0416666666667,0.0073925505121629105
HECM,negative_3pct,1131.0416666666667,0.007652031189264703
HECM,negative_3pct,1132.0416666666667,0.008189352972467222
HECM,negative_3pct,1133.0416666666667,0.008740599184603454
HECM,negative_3pct,1134.0416666666667,0.009656795213827974
HECM,negative_3pct,1135.0416666666667,0.010185643992960371
HECM,negative_3pct,1136.0416666666667,0.010780606048691565
HECM,negative_3pct,1137.0416666666667,0.010956665396776206
HECM,negative_3pct,1138.0416666666667,0.010964234377534306
HECM,negative_3pct,1139.0416666666667,0.01047463759970835
HECM,negative_3pct,1140.0416666666667,0.00968308923925778
HECM,negative_3pct,1141.0416666666667,0.010377823409588656
HECM,negative_3pct,1142.0416666666667,0.011051258916207481
HECM,negative_3pct,1143.0416666666667,0.011728573157897467
HECM,negative_3pct,1144.0416666666667,0.012416423008849589
HECM,negative_3pct,1145.0416666666667,0.013085873532418062
HECM,negative_3pct,1146.0416666666667,0.01373596943825222
HECM,negative_3pct,1147.0416666666667,0.014351958729759631
HECM,negative_3pct,1148.0416666666667,0.014919156864052133
HECM,negative_3pct,1149.0416666666667,0.015523805661569294
HECM,negative_3pct,1150.0416666666667,0.015645148982754226
HECM,negative_3pct,1151.0416666666667,0.01532051191692763
HECM,negative_3pct,1152.0416666666667,0.014946728400250119
HECM,negative_3pct,1153.0416666666667,0.01458563228821195
HECM,negative_3pct,1154.0416666666667,0.014222944488295978
HECM,negative_3pct,1155.0416666666667,0.013756647120664676
HECM,negative_3pct,1156.0416666666667,0.013221063047562936
HECM,negative_3pct,1157.0416666666667,0.012721775882895336
HECM,negative_3pct,1158.0416666666667,0.01224002346343092
HECM,negative_3pct,1159.0416666666667,0.011812723234987945
HECM,negative_3pct,1160.0416666666667,0.011209477431409303
HECM,negative_3pct,1161.0416666666667,0.010664769834237966
HECM,negative_3pct,1162.0416666666667,0.010289848019878011
HECM,negative_3pct,1163.0416666666667,0.010184698051832515
HECM,negative_3pct,1164.0416666666667,0.01076878719497294
HECM,negative_3pct,1165.0416666666667,0.010594699629258152
HECM,negative_3pct,1166.0416666666667,0.010449892838794182
HECM,negative_3pct,1167.0416666666667,0.010275000006588635
HECM,negative_3pct,1168.0416666666667,0.009933556435603355
HECM,negative_3pct,1169.0416666666667,0.009620705474532747
HECM,negative_3pct,1170.0416666666667,0.009342654111782688
HECM,negative_3pct,1171.0416666666667,0.009188468476118995
HECM,negative_3pct,1172.0416666666667,0.009010190199688219
HECM,negative_3pct,1173.0416666666667,0.008599256124180108
HECM,negative_3pct,1174.0416666666667,0.008699909311252193
HECM,negative_3pct,1175.0416666666667,0.008738614909466765
HECM,negative_3pct,1176.0416666666667,0.00864344858156686
HECM,negative_3pct,1177.0416666666667,0.008587136617841211
HECM,negative_3pct,1178.0416666666667,0.00855630593532874
HECM,negative_3pct,1179.0416666666667,0.008485325691785455
HECM,negative_3pct,1180.0416666666667,0.008472555779406804
HECM,negative_3pct,1181.0416666666667,0.00846967148412133
HECM,negative_3pct,1182.0416666666667,0.008377267428326955
HECM,negative_3pct,1183.0416666666667,0.008219301453664896
HECM,negative_3pct,1184.0416666666667,0.008225164590732126
HECM,negative_3pct,1185.0416666666667,0.00818378720416763
HECM,negative_3pct,1186.0416666666667,0.008083567683722741
HECM,negative_3pct,1187.0416666666667,0.0080211975939163
HECM,negative_3pct,1188.0416666666667,0.007961093531911595
HECM,negative_3pct,1189.0416666666667,0.007943982339642044
HECM,negative_3pct,1190.0416666666667,0.007929470345626754
HECM,negative_3pct,1191.0416666666667,0.007810164421214277
HECM,negative_3pct,1192.0416666666667,0.007884254982712587
HECM,negative_3pct,1193.0416666666667,0.007858962522630105
HECM,negative_3pct,1194.0416666666667,0.007790162526023225
HECM,negative_3pct,1195.0416666666667,0.0076154523928298684
HECM,negative_3pct,1196.0416666666667,0.00739344941365946
HECM,negative_3pct,1197.0416666666667,0.007553813568484337
HECM,negative_3pct,1198.0416666666667,0.007219928043016705
HECM,negative_3pct,1199.0416666666667,0.0069687824308736195
HECM,negative_3pct,1200.0416666666667,0.006993002723999709
HECM,negative_3pct,1201.0416666666667,0.00687939787697495
HECM,negative_3pct,1202.0416666666667,0.0065702649124114165
HECM,negative_3pct,1203.0416666666667,0.0066761648345385095
HECM,negative_3pct,1204.0416666666667,0.006749684658517147
HECM,negative_3pct,1205.0416666666667,0.006865550987542664
HECM,negative_3pct,1206.0416666666667,0.006981811866497389
HECM,negative_3pct,1207.0416666666667,0.007162501703675647
HECM,negative_3pct,1208.0416666666667,0.007324775689977456
HECM,negative_3pct,1209.0416666666667,0.0074827787980839035
HECM,negative_3pct,1210.0416666666667,0.0077736495682952595
HECM,negative_3pct,1211.0416666666667,0.007891348063516507
HECM,negative_3pct,1212.0416666666667,0.008218927476538046
HECM,negative_3pct,1213.0416666666667,0.008438959606060874
HECM,negative_3pct,1214.0416666666667,0.008702862914478339
HECM,negative_3pct,1215.0416666666667,0.00899946437242586
HECM,negative_3pct,1216.0416666666667,0.0092964754504455
HECM,negative_3pct,1217.0416666666667,0.009592991926301907
HECM,negative_3pct,1218.0416666666667,0.009960191454583898
HECM,negative_3pct,1219.0416666666667,0.01022550432708864
HECM,negative_3pct,1220.0416666666667,0.010642584791323472
HECM,negative_3pct,1221.0416666666667,0.010890139844275556
HECM,negative_3pct,1222.0416666666667,0.011322162681936695
HECM,negative_3pct,1223.0416666666667,0.011577728656581134
HECM,negative_3pct,1224.0416666666667,0.011739432471835303
HECM,negative_3pct,1225.0416666666667,0.011944950481796834
HECM,negative_3pct,1226.0416666666667,0.012317087945658563
HECM,negative_3pct,1227.0416666666667,0.01273908013025669
HECM,negative_3pct,1228.0416666666667,0.012735819012771042
HECM,negative_3pct,1229.0416666666667,0.012510801751236797
HECM,negative_3pct,1230.0416666666667,0.01248276247570149
HECM,negative_3pct,1231.0416666666667,0.01252208633011805
HECM,negative_3pct,1232.0416666666667,0.012439883159591781
HECM,negative_3pct,1233.0416666666667,0.012527660930185265
HECM,negative_3pct,1234.0416666666667,0.012428775475922192
HECM,negative_3pct,1235.0416666666667,0.012526420442047478
HECM,negative_3pct,1236.0416666666667,0.012454916882321863
HECM,negative_3pct,1237.0416666666667,0.012525770081258566
HECM,negative_3pct,1238.0416666666667,0.012492588961173839
HECM,negative_3pct,1239.0416666666667,0.012522876168306803
HECM,negative_3pct,1240.0416666666667,0.012523263411774847
HECM,negative_3pct,1241.0416666666667,0.012512627429042007
HECM,negative_3pct,1242.0416666666667,0.012502997971014007
HECM,negative_3pct,1243.0416666666667,0.012492776107172589
HECM,negative_3pct,1244.0416666666667,0.012420574826899313
HECM,negative_3pct,1245.0416666666667,0.012465291082713444
HECM,negative_3pct,1246.0416666666667,0.012334499321612083
HECM,negative_3pct,1247.0416666666667,0.012345602194950787
HECM,negative_3pct,1248.0416666666667,0.012259419054098455
HECM,negative_3pct,1249.0416666666667,0.012177441208813167
HECM,negative_3pct,1250.0416666666667,0.012122683614477815
HECM,negative_3pct,1251.0416666666667,0.011658955394859257
HECM,negative_3pct,1252.0416666666667,0.011864342739594717
HECM,negative_3pct,1253.0416666666667,0.012221039729991421
HECM,negative_3pct,1254.0416666666667,0.011911676956420751
HECM,negative_3pct,1255.0416666666667,0.011855598604631134
HECM,negative_3pct,1256.0416666666667,0.011864524052712183
HECM,negative_3pct,1257.0416666666667,0.011825812476811269
HECM,negative_3pct,1258.0416666666667,0.011864769103798536
HECM,negative_3pct,1259.0416666666667,0.011817675695800231
HECM,negative_3pct,1260.0416666666667,0.011895177511833794
HECM,negative_3pct,1261.0416666666667,0.011852290833155112
HECM,negative_3pct,1262.0416666666667,0.01191345360700275
HECM,negative_3pct,1263.0416666666667,0.011951750244687677
HECM,negative_3pct,1264.0416666666667,0.011962474838822436
HECM,negative_3pct,1265.0416666666667,0.012115567299660996
HECM,negative_3pct,1266.0416666666667,0.012147596466800305
HECM,negative_3pct,1267.0416666666667,0.012297934351931758
HECM,negative_3pct,1268.0416666666667,0.012490499998716544
HECM,negative_3pct,1269.0416666666667,0.012623664653783874
HECM,negative_3pct,1270.0416666666667,0.012879128361987093
HECM,negative_3pct,1271.0416666666667,0.013150747900865373
HECM,negative_3pct,1272.0416666666667,0.013456684663179265
HECM,negative_3pct,1273.0416666666667,0.013814544216856506
HECM,negative_3pct,1274.0416666666667,0.014200758182105219
HECM,negative_3pct,1275.0416666666667,0.01470416438640766
HECM,negative_3pct,1276.0416666666667,0.015016358334919884
HECM,negative_3pct,1277.0416666666667,0.015764906540673192
HECM,negative_3pct,1278.0416666666667,0.016312775066116315
HECM,negative_3pct,1279.0416666666667,0.016139390246486737
HECM,negative_3pct,1280.0416666666667,0.0167126792620041
HECM,negative_3pct,1281.0416666666667,0.017234198244884116
HECM,negative_3pct,1282.0416666666667,0.017645277936207824
HECM,negative_3pct,1283.0416666666667,0.017921462284095115
HECM,negative_3pct,1284.0416666666667,0.018009904233994834
HECM,negative_3pct,1285.0416666666667,0.018036579772957476
HECM,negative_3pct,1286.0416666666667,0.01785725492634545
HECM,negative_3pct,1287.0416666666667,0.017575964354236098
HECM,negative_3pct,1288.0416666666667,0.01697314732230826
HECM,negative_3pct,1289.0416666666667,0.016312462482506992
HECM,negative_3pct,1290.0416666666667,0.015632554280766625
HECM,negative_3pct,1291.0416666666667,0.015156826571589756
HECM,negative_3pct,1292.0416666666667,0.014786463300579422
HECM,negative_3pct,1293.0416666666667,0.014574247762950333
HECM,negative_3pct,1294.0416666666667,0.014443399165808049
HECM,negative_3pct,1295.0416666666667,0.014370331763304819
HECM,negative_3pct,1296.0416666666667,0.014449228895732656
HECM,negative_3pct,1297.0416666666667,0.014621298246569566
HECM,negative_3pct,1298.0416666666667,0.014472521829597336
HECM,negative_3pct,1299.0416666666667,0.014222779013874889
HECM,negative_3pct,1300.0416666666667,0.012920505957222406
HECM,negative_3pct,1301.0416666666667,0.011158627792345135
HECM,negative_3pct,1302.0416666666667,0.010403252171215635
HECM,negative_3pct,1303.0416666666667,0.009725698870111274
HECM,negative_3pct,1304.0416666666667,0.008318743325485912
HECM,negative_3pct,1305.0416666666667,0.007916636265186516
HECM,negative_3pct,1306.0416666666667,0.007806510052950468
HECM,negative_3pct,1307.0416666666667,0.008033555695374846
HECM,negative_3pct,1308.0416666666667,0.0077527645653767486
HECM,negative_3pct,1309.0416666666667,0.006973043009157264
HECM,negative_3pct,1310.0416666666667,0.00636309591454557
HECM,negative_3pct,1311.0416666666667,0.005913771133945658
HECM,negative_3pct,1312.0416666666667,0.005806534028419742
HECM,negative_3pct,1313.0416666666667,0.005718071967988568
HECM,negative_3pct,1314.0416666666667,0.005738095748559795
HECM,negative_3pct,1315.0416666666667,0.005555128694331395
HECM,negative_3pct,1316.0416666666667,0.005213938163075419
HECM,negative_3pct,1317.0416666666667,0.004648438195114727
HECM,negative_3pct,1318.0416666666667,0.003615171256006252
HECM,negative_3pct,1319.0416666666667,0.0035516780332007346
HECM,negative_3pct,1320.0416666666667,0.003621371080577728
HECM,negative_3pct,1321.0416666666667,0.0035850787694193223
HECM,negative_3pct,1322.0416666666667,0.003810321537766511
HECM,negative_3pct,1323.0416666666667,0.004097487039982941
HECM,negative_3pct,1324.0416666666667,0.005429531211094735
HECM,negative_3pct,1325.0416666666667,0.0067664005845353755
HECM,negative_3pct,1326.0416666666667,0.00783511104230447
HECM,negative_3pct,1327.0416666666667,0.00919335147052732
HECM,negative_3pct,1328.0416666666667,0.010656650286336684
HECM,negative_3pct,1329.0416666666667,0.010971440330839917
HECM,negative_3pct,1330.0416666666667,0.009878093282766311
HECM,negative_3pct,1331.0416666666667,0.008230581392576007
HECM,negative_3pct,1332.0416666666667,0.007451695446765365
HECM,negative_3pct,1333.0416666666667,0.007878081030856183
HECM,negative_3pct,1334.0416666666667,0.008475185706495076
HECM,negative_3pct,1335.0416666666667,0.009085190980257339
HECM,negative_3pct,1336.0416666666667,0.009713371853601922
HECM,negative_3pct,1337.0416666666667,0.010361622056484394
HECM,negative_3pct,1338.0416666666667,0.011020494363112721
HECM,negative_3pct,1339.0416666666667,0.011686645642609086
HECM,negative_3pct,1340.0416666666667,0.012407153087190972
HECM,negative_3pct,1341.0416666666667,0.0133763524586302
HECM,negative_3pct,1342.0416666666667,0.015054922062505933
HECM,negative_3pct,1343.0416666666667,0.014999127757591962
HECM,negative_3pct,1344.0416666666667,0.014360482276567926
DD,negative_3pct,0.0416666666666666,-0.004871435061717922
DD,negative_3pct,1.0416666666666667,-0.004904007268370532
DD,negative_3pct,2.0416666666666665,-0.004947617192500584
DD,negative_3pct,3.0416666666666665,-0.00498415128297755
DD,negative_3pct,4.041666666666667,-0.005008352666773707
DD,negative_3pct,5.041666666666667,-0.005021789992349078
DD,negative_3pct,6.041666666666667,-0.005032726529516835
DD,negative_3pct,7.041666666666667,-0.005026914980703113
DD,negative_3pct,8.041666666666666,-0.00501443365056321
DD,negative_3pct,9.041666666666666,-0.004982953147033185
DD,negative_3pct,10.041666666666666,-0.004940779259743504
DD,negative_3pct,11.041666666666666,-0.004879257563845294
DD,negative_3pct,12.041666666666666,-0.00480542972703818
DD,negative_3pct,13.041666666666666,-0.004639233057708764
DD,negative_3pct,14.041666666666666,-0.004801292323090287
DD,negative_3pct,15.041666666666666,-0.004672265309982419
DD,negative_3pct,16.041666666666668,-0.004498166796556359
DD,negative_3pct,17.041666666666668,-0.0042917667174565115
DD,negative_3pct,18.041666666666668,-0.004086737111111429
DD,negative_3pct,19.041666666666668,-0.0038618005548114414
DD,negative_3pct,20.041666666666668,-0.0036257944958504548
DD,negative_3pct,21.041666666666668,-0.003369776562311162
DD,negative_3pct,22.041666666666668,-0.003110190530024098
DD,negative_3pct,23.041666666666668,-0.00285137797285127
DD,negative_3pct,24.041666666666668,-0.002584909225299424
DD,negative_3pct,25.041666666666668,-0.0023124606304705778
DD,negative_3pct,26.041666666666668,-0.0024680277316044465
DD,negative_3pct,27.041666666666668,-0.002503936087062968
DD,negative_3pct,28.041666666666668,-0.00231323281536539
DD,negative_3pct,29.041666666666668,-0.0020140972928736917
DD,negative_3pct,30.041666666666668,-0.0018050040102324998
DD,negative_3pct,31.041666666666668,-0.0016501499029163414
DD,negative_3pct,32.041666666666664,-0.0015140423820912744
DD,negative_3pct,33.041666666666664,-0.0013968381031198218
DD,negative_3pct,34.041666666666664,-0.0012814831097402305
DD,negative_3pct,35.041666666666664,-0.0011783644487693102
DD,negative_3pct,36.04166666666666,-0.0010810595366481856
DD,negative_3pct,37.04166666666666,-0.0010082963802544058
DD,negative_3pct,38.04166666666666,-0.0009350458690144362
DD,negative_3pct,39.04166666666666,-0.0008639942623570779
DD,negative_3pct,40.04166666666666,-0.0008117536859762397
DD,negative_3pct,41.04166666666666,-0.0007618832677712549
DD,negative_3pct,42.04166666666666,-0.0007199264046044798
DD,negative_3pct,43.04166666666666,-0.0006995655663144049
DD,negative_3pct,44.04166666666666,-0.0006814551192857323
DD,negative_3pct,45.04166666666666,-0.00067372561740451
DD,negative_3pct,46.04166666666666,-0.0006629129046804437
DD,negative_3pct,47.04166666666666,-0.0006350140057519955
DD,negative_3pct,48.04166666666666,-0.0006187437211966663
DD,negative_3pct,49.04166666666666,-0.0005931602118643919
DD,negative_3pct,50.04166666666666,-0.0001201132047483628
DD,negative_3pct,51.04166666666666,0.00022261129130026633
DD,negative_3pct,52.04166666666666,0.0003359518692936872
DD,negative_3pct,53.04166666666666,0.00034942077659355034
DD,negative_3pct,54.04166666666666,0.000466797384939325
DD,negative_3pct,55.04166666666666,0.0006402077856739098
DD,negative_3pct,56.04166666666666,0.0008426689969193569
DD,negative_3pct,57.04166666666666,0.0010539948815993779
DD,negative_3pct,58.04166666666666,0.0012578107505083372
DD,negative_3pct,59.04166666666666,0.0014520679177866796
DD,negative_3pct,60.04166666666666,0.0016391105520634033
DD,negative_3pct,61.04166666666666,0.0018310679377367227
DD,negative_3pct,62.04166666666666,0.0020096338800506364
DD,negative_3pct,63.04166666666666,0.0019318051431340957
DD,negative_3pct,64.04166666666667,0.0016076906955694642
DD,negative_3pct,65.04166666666667,0.0016269099650433798
DD,negative_3pct,66.04166666666667,0.001795929651843541
DD,negative_3pct,67.04166666666667,0.0018813032602843667
DD,negative_3pct,68.04166666666667,0.0019287799850831251
DD,negative_3pct,69.04166666666667,0.0019233711864804785
DD,negative_3pct,70.04166666666667,0.0019111394036883571
DD,negative_3pct,71.04166666666667,0.0018810203425923132
DD,negative_3pct,72.04166666666667,0.0018452941310950965
DD,negative_3pct,73.04166666666667,0.0018069244271507825
DD,negative_3pct,74.04166666666667,0.0017814591913680085
DD,negative_3pct,75.04166666666667,0.001773704374542966
DD,negative_3pct,76.04166666666667,0.0017649982215261395
DD,negative_3pct,77.04166666666667,0.0017272441464513738
DD,negative_3pct,78.04166666666667,0.0016804914346966761
DD,negative_3pct,79.04166666666667,0.0016419907759741767
DD,negative_3pct,80.04166666666667,0.0016079489646372983
DD,negative_3pct,81.04166666666667,0.001577366321676137
DD,negative_3pct,82.04166666666667,0.0015581891588711829
DD,negative_3pct,83.04166666666667,0.0015465462104971583
DD,negative_3pct,84.04166666666667,0.0015294401517466868
DD,negative_3pct,85.04166666666667,0.001518818863247596
DD,negative_3pct,86.04166666666667,0.0015104260018538995
DD,negative_3pct,87.04166666666667,0.0017431748792192923
DD,negative_3pct,88.04166666666667,0.002216917738513007
DD,negative_3pct,89.04166666666667,0.002330276685753336
DD,negative_3pct,90.04166666666667,0.0022807662679726263
DD,negative_3pct,91.04166666666669,0.0023201036461340464
DD,negative_3pct,92.04166666666669,0.0023928466319017246
DD,negative_3pct,93.04166666666669,0.002515290460919035
DD,negative_3pct,94.04166666666669,0.002639913824945781
DD,negative_3pct,95.04166666666669,0.002765773984517517
DD,negative_3pct,96.04166666666669,0.002895573133119656
DD,negative_3pct,97.04166666666669,0.0030209433826954356
DD,negative_3pct,98.04166666666669,0.003128072649157673
DD,negative_3pct,99.04166666666669,0.0032161186856352686
DD,negative_3pct,100.04166666666669,0.00323761284880847
DD,negative_3pct,101.04166666666669,0.0027993139194578878
DD,negative_3pct,102.04166666666669,0.0027776085673355093
DD,negative_3pct,103.04166666666669,0.002916092800890972
DD,negative_3pct,104.04166666666669,0.0029787581168306547
DD,negative_3pct,105.04166666666669,0.003021627512497488
DD,negative_3pct,106.04166666666669,0.0030393605857782662
DD,negative_3pct,107.04166666666669,0.0030471733267758666
DD,negative_3pct,108.04166666666669,0.0030568842013121104
DD,negative_3pct,109.04166666666669,0.003057726180560587
DD,negative_3pct,110.04166666666669,0.003059040457564015
DD,negative_3pct,111.04166666666669,0.003056529598288689
DD,negative_3pct,112.04166666666669,0.0030491644203742858
DD,negative_3pct,113.04166666666669,0.0030469038330158656
DD,negative_3pct,114.04166666666669,0.003044246810467366
DD,negative_3pct,115.04166666666669,0.0030438832094432412
DD,negative_3pct,116.04166666666669,0.003042799563977966
DD,negative_3pct,117.04166666666669,0.003030048968669884
DD,negative_3pct,118.04166666666669,0.0030092813068831148
DD,negative_3pct,119.04166666666669,0.002991000648695413
DD,negative_3pct,120.04166666666669,0.0029749664224445875
DD,negative_3pct,121.04166666666669,0.0029633419082464576
DD,negative_3pct,122.04166666666669,0.002963546815183268
DD,negative_3pct,123.04166666666669,0.002974066017747781
DD,negative_3pct,124.04166666666669,0.003051053522180012
DD,negative_3pct,125.04166666666669,0.0036010540165769354
DD,negative_3pct,126.04166666666669,0.0037324988146708333
DD,negative_3pct,127.04166666666669,0.0036819618189330647
DD,negative_3pct,128.04166666666666,0.003687903215647182
DD,negative_3pct,129.04166666666666,0.0037050996289359215
DD,negative_3pct,130.04166666666666,0.0037317562258592715
DD,negative_3pct,131.04166666666666,0.00376224369366033
DD,negative_3pct,132.04166666666666,0.0037931527434575197
DD,negative_3pct,133.04166666666666,0.003826180353521889
DD,negative_3pct,134.04166666666666,0.0038598785540122937
DD,negative_3pct,135.04166666666666,0.003894461343595363
DD,negative_3pct,136.04166666666666,0.003935673108072236
DD,negative_3pct,137.04166666666666,0.003917913366579596
DD,negative_3pct,138.04166666666666,0.0035185348961071427
DD,negative_3pct,139.04166666666666,0.003514333668158459
DD,negative_3pct,140.04166666666666,0.0035237037793444856
DD,negative_3pct,141.04166666666666,0.0033798474658854353
DD,negative_3pct,142.04166666666666,0.003375503036005924
DD,negative_3pct,143.04166666666666,0.0033117911824665624
DD,negative_3pct,144.04166666666666,0.003266377993256813
DD,negative_3pct,145.04166666666666,0.003388522039496656
DD,negative_3pct,146.04166666666666,0.0034967778510928632
DD,negative_3pct,147.04166666666666,0.0034343648904273426
DD,negative_3pct,148.04166666666666,0.0034609460066412096
DD,negative_3pct,149.04166666666666,0.0034345035783536738
DD,negative_3pct,150.04166666666666,0.0033952279265624633
DD,negative_3pct,151.04166666666666,0.003253655036775832
DD,negative_3pct,152.04166666666666,0.002967945570450785
DD,negative_3pct,153.04166666666666,0.002652361917343424
DD,negative_3pct,154.04166666666666,0.0025809342177767762
DD,negative_3pct,155.04166666666666,0.0029125462233729766
DD,negative_3pct,156.04166666666666,0.0030243463758756737
DD,negative_3pct,157.04166666666666,0.0030583811437343497
DD,negative_3pct,158.04166666666666,0.003022192408588754
DD,negative_3pct,159.04166666666666,0.002946878803947642
DD,negative_3pct,160.04166666666666,0.0030039982859990833
DD,negative_3pct,161.04166666666666,0.003328066456667569
DD,negative_3pct,162.04166666666666,0.00399296691115008
DD,negative_3pct,163.04166666666666,0.00417647308051854
DD,negative_3pct,164.04166666666666,0.004267404017221831
DD,negative_3pct,165.04166666666666,0.004430142534474097
DD,negative_3pct,166.04166666666666,0.004394446926474958
DD,negative_3pct,167.04166666666666,0.0043260821348428714
DD,negative_3pct,168.04166666666666,0.004508417473347248
DD,negative_3pct,169.04166666666666,0.004395979716188297
DD,negative_3pct,170.04166666666666,0.004703744681861423
DD,negative_3pct,171.04166666666666,0.005220335249095913
DD,negative_3pct,172.04166666666666,0.005512278824465262
DD,negative_3pct,173.04166666666666,0.005935546443889699
DD,negative_3pct,174.04166666666666,0.005947101817071261
DD,negative_3pct,175.04166666666666,0.0066779236114333194
DD,negative_3pct,176.04166666666666,0.007543214553829282
DD,negative_3pct,177.04166666666666,0.008320589358021485
DD,negative_3pct,178.04166666666666,0.008728915964733077
DD,negative_3pct,179.04166666666666,0.008682168315901326
DD,negative_3pct,180.04166666666666,0.00877591204378087
DD,negative_3pct,181.04166666666663,0.008935433737549531
DD,negative_3pct,182.04166666666663,0.008724672362095398
DD,negative_3pct,183.04166666666663,0.009172116903101137
DD,negative_3pct,184.04166666666663,0.009571300624743337
DD,negative_3pct,185.04166666666663,0.009773300321494599
DD,negative_3pct,186.04166666666663,0.010080118466481956
DD,negative_3pct,187.04166666666663,0.010481992074730667
DD,negative_3pct,188.04166666666663,0.010984749815231041
DD,negative_3pct,189.04166666666663,0.011622792569705383
DD,negative_3pct,190.04166666666663,0.012346160661971587
DD,negative_3pct,191.04166666666663,0.013161578893455901
DD,negative_3pct,192.04166666666663,0.013532481508754388
DD,negative_3pct,193.04166666666663,0.013698531163925318
DD,negative_3pct,194.04166666666663,0.013286110496155516
DD,negative_3pct,195.04166666666663,0.012836682498422349
DD,negative_3pct,196.04166666666663,0.01252122232122798
DD,negative_3pct,197.04166666666663,0.012127936387331943
DD,negative_3pct,198.04166666666663,0.012150376418050836
DD,negative_3pct,199.04166666666663,0.01155530442346051
DD,negative_3pct,200.04166666666663,0.010968672357758913
DD,negative_3pct,201.04166666666663,0.010532086242863762
DD,negative_3pct,202.04166666666663,0.01020486170104274
DD,negative_3pct,203.04166666666663,0.00997040308367475
DD,negative_3pct,204.04166666666663,0.009899931778748846
DD,negative_3pct,205.04166666666663,0.009932175876846156
DD,negative_3pct,206.04166666666663,0.010517835776068678
DD,negative_3pct,207.04166666666663,0.010353899824272482
DD,negative_3pct,208.04166666666663,0.009966174761971093
DD,negative_3pct,209.04166666666663,0.009551333026325562
DD,negative_3pct,210.04166666666663,0.00906495781132927
DD,negative_3pct,211.04166666666663,0.008555404200502948
DD,negative_3pct,212.04166666666663,0.008010921721255221
DD,negative_3pct,213.04166666666663,0.007412485772591089
DD,negative_3pct,214.04166666666663,0.00678819083757148
DD,negative_3pct,215.04166666666663,0.006153979125826821
DD,negative_3pct,216.04166666666663,0.005682710353611915
DD,negative_3pct,217.04166666666663,0.0055306014573440285
DD,negative_3pct,218.04166666666663,0.005533534913815385
DD,negative_3pct,219.04166666666663,0.005536901492620026
DD,negative_3pct,220.04166666666663,0.005534015118319091
DD,negative_3pct,221.04166666666663,0.005513697039666128
DD,negative_3pct,222.04166666666663,0.005495420819454369
DD,negative_3pct,223.04166666666663,0.005474556138235389
DD,negative_3pct,224.04166666666663,0.005453344069535463
DD,negative_3pct,225.04166666666663,0.00540166531141014
DD,negative_3pct,226.04166666666663,0.00536932185361705
DD,negative_3pct,227.04166666666663,0.005294653641241672
DD,negative_3pct,228.04166666666663,0.005128016079016083
DD,negative_3pct,229.04166666666663,0.004867664353060666
DD,negative_3pct,230.04166666666663,0.004491416665818305
DD,negative_3pct,231.04166666666663,0.004247182005628353
DD,negative_3pct,232.04166666666663,0.004134561978900742
DD,negative_3pct,233.04166666666663,0.004041137185955897
DD,negative_3pct,234.04166666666663,0.003954940612989972
DD,negative_3pct,235.04166666666663,0.0038760312463739293
DD,negative_3pct,236.04166666666663,0.0038087674404209525
DD,negative_3pct,237.04166666666663,0.003752186425761258
DD,negative_3pct,238.04166666666663,0.003705408806254378
DD,negative_3pct,239.04166666666663,0.0036660936194023836
DD,negative_3pct,240.04166666666663,0.003634198642143033
DD,negative_3pct,241.04166666666663,0.0036073414927868153
DD,negative_3pct,242.04166666666663,0.0035296865627718697
DD,negative_3pct,243.04166666666663,0.003100529971163437
DD,negative_3pct,244.04166666666663,0.002821530577395026
DD,negative_3pct,245.04166666666663,0.002685283986654069
DD,negative_3pct,246.04166666666663,0.0027095510779111976
DD,negative_3pct,247.04166666666663,0.0027193564280393284
DD,negative_3pct,248.04166666666663,0.0027185894532299037
DD,negative_3pct,249.04166666666663,0.0027110614806487698
DD,negative_3pct,250.04166666666663,0.002702844907935891
DD,negative_3pct,251.04166666666663,0.002699203434680902
DD,negative_3pct,252.04166666666663,0.0027011837791128834
DD,negative_3pct,253.04166666666663,0.0027071314785799085
DD,negative_3pct,254.04166666666663,0.0027164312425835874
DD,negative_3pct,255.04166666666663,0.002730430634637447
DD,negative_3pct,256.0416666666667,0.002745999826021848
DD,negative_3pct,257.0416666666667,0.002758155907489219
DD,negative_3pct,258.0416666666667,0.002777734411687706
DD,negative_3pct,259.0416666666667,0.0028003690359550003
DD,negative_3pct,260.0416666666667,0.00281780955104191
DD,negative_3pct,261.0416666666667,0.0028356310920630767
DD,negative_3pct,262.0416666666667,0.002852247373308246
DD,negative_3pct,263.0416666666667,0.0028712723150626225
DD,negative_3pct,264.0416666666667,0.002893084274293036
DD,negative_3pct,265.0416666666667,0.00290806367836653
DD,negative_3pct,266.0416666666667,0.0029813120580368703
DD,negative_3pct,267.0416666666667,0.003406008579579576
DD,negative_3pct,268.0416666666667,0.00367695246380462
DD,negative_3pct,269.0416666666667,0.0038181277419001946
DD,negative_3pct,270.0416666666667,0.003797965826001143
DD,negative_3pct,271.0416666666667,0.00380314518508069
DD,negative_3pct,272.0416666666667,0.0038239880270189135
DD,negative_3pct,273.0416666666667,0.0038580645730950497
DD,negative_3pct,274.0416666666667,0.0038962423766783485
DD,negative_3pct,275.0416666666667,0.003930170623919481
DD,negative_3pct,276.0416666666667,0.003962522292588094
DD,negative_3pct,277.0416666666667,0.003991285871246244
DD,negative_3pct,278.0416666666667,0.004018966533624454
DD,negative_3pct,279.0416666666667,0.0040421801450674115
DD,negative_3pct,280.0416666666667,0.0038449752426640738
DD,negative_3pct,281.0416666666667,0.0034286054146511454
DD,negative_3pct,282.0416666666667,0.003111717063641034
DD,negative_3pct,283.0416666666667,0.003191391677674971
DD,negative_3pct,284.0416666666667,0.0032173421674367726
DD,negative_3pct,285.0416666666667,0.0032147223730281103
DD,negative_3pct,286.0416666666667,0.0031846012753177525
DD,negative_3pct,287.0416666666667,0.0031418476435817358
DD,negative_3pct,288.0416666666667,0.0030937981235540798
DD,negative_3pct,289.0416666666667,0.0030519023214743164
DD,negative_3pct,290.0416666666667,0.0030033653233737423
DD,negative_3pct,291.0416666666667,0.002969230916511579
DD,negative_3pct,292.0416666666667,0.0029551009707462043
DD,negative_3pct,293.0416666666667,0.002953138763106509
DD,negative_3pct,294.0416666666667,0.0029559693419163565
DD,negative_3pct,295.0416666666667,0.002948839770408527
DD,negative_3pct,296.0416666666667,0.0029386932676285274
DD,negative_3pct,297.0416666666667,0.0029176884488866265
DD,negative_3pct,298.0416666666667,0.0028951589445630286
DD,negative_3pct,299.0416666666667,0.0028737278870671324
DD,negative_3pct,300.0416666666667,0.0028546449382515857
DD,negative_3pct,301.0416666666667,0.002839542859761392
DD,negative_3pct,302.0416666666667,0.0028268299602543854
DD,negative_3pct,303.0416666666667,0.0028170267960378587
DD,negative_3pct,304.0416666666667,0.0030297075019916136
DD,negative_3pct,305.0416666666667,0.0034626556050755797
DD,negative_3pct,306.0416666666667,0.0037908787360128988
DD,negative_3pct,307.0416666666667,0.0037207709565710853
DD,negative_3pct,308.0416666666667,0.0037066514782395457
DD,negative_3pct,309.0416666666667,0.0037176142245231272
DD,negative_3pct,310.0416666666667,0.003756426139485038
DD,negative_3pct,311.0416666666667,0.003806882221187537
DD,negative_3pct,312.0416666666667,0.003858793731465702
DD,negative_3pct,313.0416666666667,0.0039099449428206205
DD,negative_3pct,314.0416666666667,0.00396458653017647
DD,negative_3pct,315.0416666666667,0.0040087733481075525
DD,negative_3pct,316.0416666666667,0.00403106617579745
DD,negative_3pct,317.0416666666667,0.003978179598428076
DD,negative_3pct,318.0416666666667,0.0034937048360313794
DD,negative_3pct,319.0416666666667,0.0031432649879040305
DD,negative_3pct,320.0416666666667,0.003152475936505982
DD,negative_3pct,321.0416666666667,0.003221101135486265
DD,negative_3pct,322.0416666666667,0.003270715561723997
DD,negative_3pct,323.0416666666667,0.0033089097556074296
DD,negative_3pct,324.0416666666667,0.0033348241147359613
DD,negative_3pct,325.0416666666667,0.003350713688557241
DD,negative_3pct,326.0416666666667,0.0033503673726033925
DD,negative_3pct,327.0416666666667,0.0033451830344211446
DD,negative_3pct,328.0416666666667,0.0033403229803503193
DD,negative_3pct,329.0416666666667,0.003330618352902576
DD,negative_3pct,330.0416666666667,0.003315176625206682
DD,negative_3pct,331.0416666666667,0.003294032391273487
DD,negative_3pct,332.0416666666667,0.003272020474006257
DD,negative_3pct,333.0416666666667,0.003258321308132552
DD,negative_3pct,334.0416666666667,0.0032391963982901745
DD,negative_3pct,335.0416666666667,0.0032124634094855553
DD,negative_3pct,336.0416666666667,0.003190023996256049
DD,negative_3pct,337.0416666666667,0.0031623827995701844
DD,negative_3pct,338.0416666666667,0.0031156266435961566
DD,negative_3pct,339.0416666666667,0.003063979845446775
DD,negative_3pct,340.0416666666667,0.0030279087898947912
DD,negative_3pct,341.0416666666667,0.0030731332563307275
DD,negative_3pct,342.0416666666667,0.0035550669992738793
DD,negative_3pct,343.0416666666667,0.0038991877373598335
DD,negative_3pct,344.0416666666667,0.0038819263142867385
DD,negative_3pct,345.0416666666667,0.0038060139883022257
DD,negative_3pct,346.0416666666667,0.0037439032055708093
DD,negative_3pct,347.0416666666667,0.0036866387585519625
DD,negative_3pct,348.0416666666667,0.003632233394696962
DD,negative_3pct,349.0416666666667,0.003587530692653124
DD,negative_3pct,350.0416666666667,0.003560975570785624
DD,negative_3pct,351.0416666666667,0.0035277148300121306
DD,negative_3pct,352.0416666666667,0.003488483260920489
DD,negative_3pct,353.0416666666667,0.0034550366041745874
DD,negative_3pct,354.0416666666667,0.0033927748281930067
DD,negative_3pct,355.0416666666667,0.003130769881204205
DD,negative_3pct,356.0416666666667,0.0026910012058105393
DD,negative_3pct,357.0416666666667,0.0025138285491491117
DD,negative_3pct,358.0416666666667,0.0025563718003033887
DD,negative_3pct,359.0416666666667,0.002608305517280543
DD,negative_3pct,360.0416666666667,0.0026260973985316348
DD,negative_3pct,361.0416666666667,0.0026409730923465744
DD,negative_3pct,362.0416666666667,0.0026547810774296644
DD,negative_3pct,363.0416666666667,0.0026321915294359563
DD,negative_3pct,364.0416666666667,0.0025927174407099035
DD,negative_3pct,365.0416666666667,0.0025177165311928845
DD,negative_3pct,366.0416666666667,0.002401077150660312
DD,negative_3pct,367.0416666666667,0.002274108182798462
DD,negative_3pct,368.0416666666667,0.002188342187487864
DD,negative_3pct,369.0416666666667,0.002107651031849107
DD,negative_3pct,370.0416666666667,0.0020241568827178325
DD,negative_3pct,371.0416666666667,0.001944368628704869
DD,negative_3pct,372.0416666666667,0.0018635507770036965
DD,negative_3pct,373.0416666666667,0.0017712329989172165
DD,negative_3pct,374.0416666666667,0.0016746235525049605
DD,negative_3pct,375.0416666666667,0.0015845737787132193
DD,negative_3pct,376.0416666666667,0.0015037925462137503
DD,negative_3pct,377.0416666666667,0.0014205757243966719
DD,negative_3pct,378.0416666666667,0.001374173994592158
DD,negative_3pct,379.0416666666667,0.0015322811757887019
DD,negative_3pct,380.0416666666667,0.0018675253153749055
DD,negative_3pct,381.0416666666667,0.0019341617963182815
DD,negative_3pct,382.0416666666667,0.0017894806955984568
DD,negative_3pct,383.0416666666667,0.0016425399693907022
DD,negative_3pct,384.0416666666667,0.0015228575521911015
DD,negative_3pct,385.0416666666667,0.0014115895088892597
DD,negative_3pct,386.0416666666667,0.0013170015797567345
DD,negative_3pct,387.0416666666667,0.0012598382719563577
DD,negative_3pct,388.0416666666667,0.0012171608934472495
DD,negative_3pct,389.0416666666667,0.0011969562532534008
DD,negative_3pct,390.0416666666667,0.0012092418431948048
DD,negative_3pct,391.0416666666667,0.001227676576641389
DD,negative_3pct,392.0416666666667,0.0012222451165543793
DD,negative_3pct,393.0416666666667,0.0008558727647465588
DD,negative_3pct,394.0416666666667,0.0007557239780904563
DD,negative_3pct,395.0416666666667,0.0006862449137439359
DD,negative_3pct,396.0416666666667,0.0006303930211331241
DD,negative_3pct,397.0416666666667,0.000587117465635954
DD,negative_3pct,398.0416666666667,0.0006669122922321772
DD,negative_3pct,399.0416666666667,0.000732033022861077
DD,negative_3pct,400.0416666666667,0.000577188237005562
DD,negative_3pct,401.0416666666667,0.0004581766838984635
DD,negative_3pct,402.0416666666667,0.00027158037850455853
DD,negative_3pct,403.0416666666667,0.0003111374353615533
DD,negative_3pct,404.0416666666667,0.000319822765707995
DD,negative_3pct,405.0416666666667,0.0002744294079431061
DD,negative_3pct,406.0416666666667,0.0001107454763369797
DD,negative_3pct,407.0416666666667,-0.0004654238443985102
DD,negative_3pct,408.0416666666667,-0.000895887609232687
DD,negative_3pct,409.0416666666667,-0.001130600460856687
DD,negative_3pct,410.0416666666667,-0.0014430070171639533
DD,negative_3pct,411.0416666666667,-0.0019443682856156634
DD,negative_3pct,412.0416666666667,-0.002385091614633026
DD,negative_3pct,413.0416666666667,-0.002795132510393429
DD,negative_3pct,414.0416666666667,-0.0029763344991649253
DD,negative_3pct,415.0416666666667,-0.002771323493981177
DD,negative_3pct,416.0416666666667,-0.002376510290290903
DD,negative_3pct,417.0416666666667,-0.0017058886584522346
DD,negative_3pct,418.0416666666667,-0.0014363073955639951
DD,negative_3pct,419.0416666666667,-0.0012126207460586387
DD,negative_3pct,420.0416666666667,-0.0011786934525757364
DD,negative_3pct,421.0416666666667,-0.001112347586372023
DD,negative_3pct,422.0416666666667,-0.0009422674991115741
DD,negative_3pct,423.0416666666667,-0.0009464711692686396
DD,negative_3pct,424.0416666666667,-0.00036544718842911533
DD,negative_3pct,425.0416666666667,0.00014456974463096316
DD,negative_3pct,426.0416666666667,0.0009891686585712875
DD,negative_3pct,427.0416666666667,0.0015204171330860303
DD,negative_3pct,428.0416666666667,0.0015374986606246411
DD,negative_3pct,429.0416666666667,0.0018873941834073554
DD,negative_3pct,430.0416666666667,0.002462521261711635
DD,negative_3pct,431.0416666666667,0.003290327671762203
DD,negative_3pct,432.0416666666667,0.004151239817990912
DD,negative_3pct,433.0416666666667,0.0046876285880913145
DD,negative_3pct,434.0416666666667,0.005298135131402048
DD,negative_3pct,435.0416666666667,0.0060433827605602805
DD,negative_3pct,436.0416666666667,0.006360607157756332
DD,negative_3pct,437.0416666666667,0.007266418530078814
DD,negative_3pct,438.0416666666667,0.007999721238017867
DD,negative_3pct,439.0416666666667,0.008323120413928216
DD,negative_3pct,440.0416666666667,0.008478557337027385
DD,negative_3pct,441.0416666666667,0.008678425742242934
DD,negative_3pct,442.0416666666667,0.009088076506956462
DD,negative_3pct,443.0416666666667,0.009546112901250904
DD,negative_3pct,444.0416666666667,0.010288345835302963
DD,negative_3pct,445.0416666666667,0.010602724073102511
DD,negative_3pct,446.0416666666667,0.010508992355214098
DD,negative_3pct,447.0416666666667,0.010419210602830744
DD,negative_3pct,448.0416666666667,0.010121949396331322
DD,negative_3pct,449.0416666666667,0.009860873306589614
DD,negative_3pct,450.0416666666667,0.009333087953476414
DD,negative_3pct,451.0416666666667,0.00889233752686796
DD,negative_3pct,452.0416666666667,0.008996520889963847
DD,negative_3pct,453.0416666666667,0.008821680164780169
DD,negative_3pct,454.0416666666667,0.008535714609673435
DD,negative_3pct,455.0416666666667,0.008436452952335248
DD,negative_3pct,456.0416666666667,0.008141227487199235
DD,negative_3pct,457.0416666666667,0.00801699409141835
DD,negative_3pct,458.0416666666667,0.008004212572314548
DD,negative_3pct,459.0416666666667,0.008154497394932299
DD,negative_3pct,460.0416666666667,0.008798520375856558
DD,negative_3pct,461.0416666666667,0.008521049841929019
DD,negative_3pct,462.0416666666667,0.008054430933759002
DD,negative_3pct,463.0416666666667,0.007616993594980245
DD,negative_3pct,464.0416666666667,0.007132949930518878
DD,negative_3pct,465.0416666666667,0.006668009181914997
DD,negative_3pct,466.0416666666667,0.006119302089659712
DD,negative_3pct,467.0416666666667,0.00550575842738135
DD,negative_3pct,468.0416666666667,0.004765408822715455
DD,negative_3pct,469.0416666666667,0.004389024778019348
DD,negative_3pct,470.0416666666667,0.004161544930302285
DD,negative_3pct,471.0416666666667,0.004099592832537086
DD,negative_3pct,472.0416666666667,0.0038515423394092124
DD,negative_3pct,473.0416666666667,0.0035741099778475193
DD,negative_3pct,474.0416666666667,0.0032616217902328086
DD,negative_3pct,475.0416666666667,0.0029497505317989114
DD,negative_3pct,476.0416666666667,0.0026262414463920944
DD,negative_3pct,477.0416666666667,0.002291394124077585
DD,negative_3pct,478.0416666666667,0.0019459338358970475
DD,negative_3pct,479.0416666666667,0.0015695103266352161
DD,negative_3pct,480.0416666666667,0.0012054825462781155
DD,negative_3pct,481.0416666666667,0.0007985954316586971
DD,negative_3pct,482.0416666666667,0.0002907717601419968
DD,negative_3pct,483.0416666666667,-0.00033388642125528796
DD,negative_3pct,484.0416666666667,-0.0010780565037941143
DD,negative_3pct,485.0416666666667,-0.0015124701977585185
DD,negative_3pct,486.0416666666667,-0.0017768979539873127
DD,negative_3pct,487.0416666666667,-0.001994707421448467
DD,negative_3pct,488.0416666666667,-0.002187945105752932
DD,negative_3pct,489.0416666666667,-0.002313996784278795
DD,negative_3pct,490.0416666666667,-0.0023957975714857653
DD,negative_3pct,491.0416666666667,-0.002445736767259343
DD,negative_3pct,492.0416666666667,-0.0024375773840087872
DD,negative_3pct,493.0416666666667,-0.00241396430224197
DD,negative_3pct,494.0416666666667,-0.0023331157959229046
DD,negative_3pct,495.0416666666667,-0.002224040630876041
DD,negative_3pct,496.0416666666667,-0.002070552655318406
DD,negative_3pct,497.0416666666667,-0.0018065918383420667
DD,negative_3pct,498.0416666666667,-0.0012264304228649554
DD,negative_3pct,499.0416666666667,-0.001160222985019306
DD,negative_3pct,500.0416666666667,-0.0008212705263149886
DD,negative_3pct,501.0416666666667,-0.00048753118001815406
DD,negative_3pct,502.0416666666667,-0.00014468892475743677
DD,negative_3pct,503.0416666666667,0.00019616247515653095
DD,negative_3pct,504.0416666666667,0.0005484721926346486
DD,negative_3pct,505.0416666666667,0.0009013796731684484
DD,negative_3pct,506.0416666666667,0.0012426954378091095
DD,negative_3pct,507.0416666666667,0.0015918405792874487
DD,negative_3pct,508.0416666666667,0.001935749706937755
DD,negative_3pct,509.0416666666667,0.002274260131783631
DD,negative_3pct,510.0416666666667,0.0025800244859668807
DD,negative_3pct,511.0416666666667,0.0028541724764453
DD,negative_3pct,512.0416666666666,0.003104916228718208
DD,negative_3pct,513.0416666666666,0.0033076937663972187
DD,negative_3pct,514.0416666666666,0.003479124294406396
DD,negative_3pct,515.0416666666666,0.0036430069427822015
DD,negative_3pct,516.0416666666666,0.003786221182494519
DD,negative_3pct,517.0416666666666,0.003935335315229865
DD,negative_3pct,518.0416666666666,0.00405349499572813
DD,negative_3pct,519.0416666666666,0.004173443010654885
DD,negative_3pct,520.0416666666666,0.004252481292940406
DD,negative_3pct,521.0416666666666,0.004251865308362351
DD,negative_3pct,522.0416666666666,0.0039711679961602665
DD,negative_3pct,523.0416666666666,0.0041819073935478795
DD,negative_3pct,524.0416666666666,0.004137607669970088
DD,negative_3pct,525.0416666666666,0.004120192827214572
DD,negative_3pct,526.0416666666666,0.004108539166727991
DD,negative_3pct,527.0416666666666,0.004095811130363963
DD,negative_3pct,528.0416666666666,0.004080515494942958
DD,negative_3pct,529.0416666666666,0.004053665154798805
DD,negative_3pct,530.0416666666666,0.004027538161169951
DD,negative_3pct,531.0416666666666,0.003989980220829298
DD,negative_3pct,532.0416666666666,0.003939127145006101
DD,negative_3pct,533.0416666666666,0.0038965040899108815
DD,negative_3pct,534.0416666666666,0.003721271879706306
DD,negative_3pct,535.0416666666666,0.003522172048701701
DD,negative_3pct,536.0416666666666,0.003551930644168178
DD,negative_3pct,537.0416666666666,0.0035634174637551217
DD,negative_3pct,538.0416666666666,0.003568322572247772
DD,negative_3pct,539.0416666666666,0.0035806562446688483
DD,negative_3pct,540.0416666666666,0.003580115853121265
DD,negative_3pct,541.0416666666666,0.0035781197022032754
DD,negative_3pct,542.0416666666666,0.003583362956592969
DD,negative_3pct,543.0416666666666,0.0035769472313302653
DD,negative_3pct,544.0416666666666,0.003567996369681425
DD,negative_3pct,545.0416666666666,0.003537706073739759
DD,negative_3pct,546.0416666666666,0.003476791984844347
DD,negative_3pct,547.0416666666666,0.0034258109958654023
DD,negative_3pct,548.0416666666666,0.003368310948830404
DD,negative_3pct,549.0416666666666,0.003292553599020758
DD,negative_3pct,550.0416666666666,0.003215181906486751
DD,negative_3pct,551.0416666666666,0.0031563913443846303
DD,negative_3pct,552.0416666666666,0.003094831077048406
DD,negative_3pct,553.0416666666666,0.003041801181438824
DD,negative_3pct,554.0416666666666,0.002985861495446973
DD,negative_3pct,555.0416666666666,0.0029180492000291415
DD,negative_3pct,556.0416666666666,0.002833593059596575
DD,negative_3pct,557.0416666666666,0.0027364942353568906
DD,negative_3pct,558.0416666666666,0.002739094007904301
DD,negative_3pct,559.0416666666666,0.0027311549603341455
DD,negative_3pct,560.0416666666666,0.002495736152083335
DD,negative_3pct,561.0416666666666,0.0022646889707169933
DD,negative_3pct,562.0416666666666,0.0020548460568243147
DD,negative_3pct,563.0416666666666,0.0018322455054609313
DD,negative_3pct,564.0416666666666,0.0016028639802532511
DD,negative_3pct,565.0416666666666,0.001372858904117097
DD,negative_3pct,566.0416666666666,0.001132674323047351
DD,negative_3pct,567.0416666666666,0.0008923099746352922
DD,negative_3pct,568.0416666666666,0.0006603139450469145
DD,negative_3pct,569.0416666666666,0.0004486512659298625
DD,negative_3pct,570.0416666666666,0.00026355538792538887
DD,negative_3pct,571.0416666666666,0.00020678126231440724
DD,negative_3pct,572.0416666666666,-9.463024917931985e-06
DD,negative_3pct,573.0416666666666,-0.0002683804371696795
DD,negative_3pct,574.0416666666666,-2.0933718537603865e-05
DD,negative_3pct,575.0416666666666,9.510290924790582e-05
DD,negative_3pct,576.0416666666666,0.0002080596857727669
DD,negative_3pct,577.0416666666666,0.000318583643474018
DD,negative_3pct,578.0416666666666,0.0004366546962397402
DD,negative_3pct,579.0416666666666,0.0005814369374209757
DD,negative_3pct,580.0416666666666,0.0007559496795673634
DD,negative_3pct,581.0416666666666,0.0009367683021193358
DD,negative_3pct,582.0416666666666,0.0011450728927072129
DD,negative_3pct,583.0416666666666,0.0013530107263181822
DD,negative_3pct,584.0416666666666,0.0015602297063736985
DD,negative_3pct,585.0416666666666,0.0017761352560551464
DD,negative_3pct,586.0416666666666,0.0019726302383001795
DD,negative_3pct,587.0416666666666,0.002182191474972657
DD,negative_3pct,588.0416666666666,0.002401034807399917
DD,negative_3pct,589.0416666666666,0.0026214035871519295
DD,negative_3pct,590.0416666666666,0.002846793462491188
DD,negative_3pct,591.0416666666666,0.003067168049231952
DD,negative_3pct,592.0416666666666,0.0033049041878662764
DD,negative_3pct,593.0416666666666,0.0035366660442746325
DD,negative_3pct,594.0416666666666,0.003778095275577058
DD,negative_3pct,595.0416666666666,0.0039078202018623075
DD,negative_3pct,596.0416666666666,0.004204555305120878
DD,negative_3pct,597.0416666666666,0.004557198390602463
DD,negative_3pct,598.0416666666666,0.004400727695736138
DD,negative_3pct,599.0416666666666,0.004363409642663558
DD,negative_3pct,600.0416666666666,0.004317102840757443
DD,negative_3pct,601.0416666666666,0.0042932674534935595
DD,negative_3pct,602.0416666666666,0.004291571538057394
DD,negative_3pct,603.0416666666666,0.004308568302455675
DD,negative_3pct,604.0416666666666,0.004308839620270196
DD,negative_3pct,605.0416666666666,0.004298062378944135
DD,negative_3pct,606.0416666666666,0.004272948714927644
DD,negative_3pct,607.0416666666666,0.0042573268041245504
DD,negative_3pct,608.0416666666666,0.0041973106837307934
DD,negative_3pct,609.0416666666666,0.003989234521609891
DD,negative_3pct,610.0416666666666,0.003540911071228028
DD,negative_3pct,611.0416666666666,0.003681904541263149
DD,negative_3pct,612.0416666666666,0.0038846046654661395
DD,negative_3pct,613.0416666666666,0.003934261238510362
DD,negative_3pct,614.0416666666666,0.0039848761271300106
DD,negative_3pct,615.0416666666666,0.004036856639003687
DD,negative_3pct,616.0416666666666,0.0040737860065035115
DD,negative_3pct,617.0416666666666,0.00410180344280064
DD,negative_3pct,618.0416666666666,0.004166993842214723
DD,negative_3pct,619.0416666666666,0.004232357468078947
DD,negative_3pct,620.0416666666666,0.004276095962378034
DD,negative_3pct,621.0416666666666,0.004296113046333479
DD,negative_3pct,622.0416666666666,0.004277622522425948
DD,negative_3pct,623.0416666666666,0.0043208886477484245
DD,negative_3pct,624.0416666666666,0.0043881088182715945
DD,negative_3pct,625.0416666666666,0.00440783091337075
DD,negative_3pct,626.0416666666666,0.004373893846910035
DD,negative_3pct,627.0416666666666,0.004394747184868232
DD,negative_3pct,628.0416666666666,0.004398613317686748
DD,negative_3pct,629.0416666666666,0.00437369981713874
DD,negative_3pct,630.0416666666666,0.004442538370474386
DD,negative_3pct,631.0416666666666,0.004467389714868607
DD,negative_3pct,632.0416666666666,0.004555857992969306
DD,negative_3pct,633.0416666666666,0.004815694841448902
DD,negative_3pct,634.0416666666666,0.005271570995185137
DD,negative_3pct,635.0416666666666,0.005200719673298804
DD,negative_3pct,636.0416666666666,0.004995397516528253
DD,negative_3pct,637.0416666666666,0.005027326405922978
DD,negative_3pct,638.0416666666666,0.004978654994200604
DD,negative_3pct,639.0416666666666,0.004997184857042349
DD,negative_3pct,640.0416666666666,0.004817393544809222
DD,negative_3pct,641.0416666666666,0.0045818962448029785
DD,negative_3pct,642.0416666666666,0.004129605570300605
DD,negative_3pct,643.0416666666666,0.004060718923911067
DD,negative_3pct,644.0416666666666,0.004026152560714734
DD,negative_3pct,645.0416666666666,0.003828759004173819
DD,negative_3pct,646.0416666666666,0.003652140636229676
DD,negative_3pct,647.0416666666666,0.0035237367064213277
DD,negative_3pct,648.0416666666666,0.00353996815762796
DD,negative_3pct,649.0416666666666,0.0037091187417736308
DD,negative_3pct,650.0416666666666,0.004020356862533261
DD,negative_3pct,651.0416666666666,0.004328614563470421
DD,negative_3pct,652.0416666666666,0.004803279075888744
DD,negative_3pct,653.0416666666666,0.005468794700927885
DD,negative_3pct,654.0416666666666,0.006183424386558469
DD,negative_3pct,655.0416666666666,0.0071091916869765225
DD,negative_3pct,656.0416666666666,0.006997336521742215
DD,negative_3pct,657.0416666666666,0.0074832616903943395
DD,negative_3pct,658.0416666666666,0.008322312525749118
DD,negative_3pct,659.0416666666666,0.008995327238401967
DD,negative_3pct,660.0416666666666,0.009650525652888852
DD,negative_3pct,661.0416666666666,0.010131789037097213
DD,negative_3pct,662.0416666666666,0.010569460910275347
DD,negative_3pct,663.0416666666666,0.010801378511854734
DD,negative_3pct,664.0416666666666,0.011160031832479258
DD,negative_3pct,665.0416666666666,0.011475651016764999
DD,negative_3pct,666.0416666666666,0.01171406809162543
DD,negative_3pct,667.0416666666666,0.011726500902046187
DD,negative_3pct,668.0416666666666,0.011865032526098069
DD,negative_3pct,669.0416666666666,0.012257405901138007
DD,negative_3pct,670.0416666666666,0.012889492950297168
DD,negative_3pct,671.0416666666666,0.013428456326478443
DD,negative_3pct,672.0416666666666,0.01421704854065401
DD,negative_3pct,673.0416666666666,0.01480887029798833
DD,negative_3pct,674.0416666666666,0.014652404090344807
DD,negative_3pct,675.0416666666666,0.014947992369215861
DD,negative_3pct,676.0416666666666,0.015106169194113598
DD,negative_3pct,677.0416666666666,0.014773699685886226
DD,negative_3pct,678.0416666666666,0.01429841489789403
DD,negative_3pct,679.0416666666666,0.01330781559080686
DD,negative_3pct,680.0416666666666,0.01351246977275451
DD,negative_3pct,681.0416666666666,0.013537165480313699
DD,negative_3pct,682.0416666666666,0.01330118635078498
DD,negative_3pct,683.0416666666666,0.013215410535122532
DD,negative_3pct,684.0416666666666,0.013269676923734201
DD,negative_3pct,685.0416666666666,0.013442120997814782
DD,negative_3pct,686.0416666666666,0.013754838727137366
DD,negative_3pct,687.0416666666666,0.014250177747673395
DD,negative_3pct,688.0416666666666,0.014921193490180161
DD,negative_3pct,689.0416666666666,0.015547679512901416
DD,negative_3pct,690.0416666666666,0.016137738421809444
DD,negative_3pct,691.0416666666666,0.016224832886790153
DD,negative_3pct,692.0416666666666,0.01608158945960806
DD,negative_3pct,693.0416666666666,0.015865307022628942
DD,negative_3pct,694.0416666666666,0.015427720292803232
DD,negative_3pct,695.0416666666666,0.014970933252623766
DD,negative_3pct,696.0416666666666,0.014104003458843363
DD,negative_3pct,697.0416666666666,0.013311602071246105
DD,negative_3pct,698.0416666666666,0.013159378543808107
DD,negative_3pct,699.0416666666666,0.01252229787337708
DD,negative_3pct,700.0416666666666,0.011865442463567308
DD,negative_3pct,701.0416666666666,0.011620543602379131
DD,negative_3pct,702.0416666666666,0.011517128617967871
DD,negative_3pct,703.0416666666666,0.011926835913391323
DD,negative_3pct,704.0416666666666,0.012355349998196569
DD,negative_3pct,705.0416666666666,0.011872055354618433
DD,negative_3pct,706.0416666666666,0.011071557530882785
DD,negative_3pct,707.0416666666666,0.010223526079556506
DD,negative_3pct,708.0416666666666,0.009314495010621128
DD,negative_3pct,709.0416666666666,0.00835858010795973
DD,negative_3pct,710.0416666666666,0.007370381458979615
DD,negative_3pct,711.0416666666666,0.006325087191725313
DD,negative_3pct,712.0416666666666,0.005175639780566086
DD,negative_3pct,713.0416666666666,0.004153959636872763
DD,negative_3pct,714.0416666666666,0.0034090075907213246
DD,negative_3pct,715.0416666666666,0.0029949441897380528
DD,negative_3pct,716.0416666666666,0.0026648112483010937
DD,negative_3pct,717.0416666666666,0.002328895179574624
DD,negative_3pct,718.0416666666666,0.0019844180376992373
DD,negative_3pct,719.0416666666666,0.0016389561934732754
DD,negative_3pct,720.0416666666666,0.0012933459858420324
DD,negative_3pct,721.0416666666666,0.0009460889078826371
DD,negative_3pct,722.0416666666666,0.0005914003482078654
DD,negative_3pct,723.0416666666666,0.00019115356054995037
DD,negative_3pct,724.0416666666666,-0.00018762047082513566
DD,negative_3pct,725.0416666666666,-0.0006420882967441836
DD,negative_3pct,726.0416666666666,-0.001219715994320242
DD,negative_3pct,727.0416666666666,-0.0019481010074954004
DD,negative_3pct,728.0416666666666,-0.00286550546194525
DD,negative_3pct,729.0416666666666,-0.00331154223272272
DD,negative_3pct,730.0416666666666,-0.0034839656752542816
DD,negative_3pct,731.0416666666666,-0.003654540710669932
DD,negative_3pct,732.0416666666666,-0.0038125834967072717
DD,negative_3pct,733.0416666666666,-0.0039387063902945555
DD,negative_3pct,734.0416666666666,-0.004046847783469136
DD,negative_3pct,735.0416666666666,-0.004138224941199624
DD,negative_3pct,736.0416666666666,-0.004223865569401754
DD,negative_3pct,737.0416666666666,-0.0042895335061065385
DD,negative_3pct,738.0416666666666,-0.004349433496561414
DD,negative_3pct,739.0416666666666,-0.0044007764881550055
DD,negative_3pct,740.0416666666666,-0.004332729841631107
DD,negative_3pct,741.0416666666666,-0.003991504893078611
DD,negative_3pct,742.0416666666666,-0.0033634422083154833
DD,negative_3pct,743.0416666666666,-0.0030405293947371645
DD,negative_3pct,744.0416666666666,-0.0026660053539310164
DD,negative_3pct,745.0416666666666,-0.00228601535846616
DD,negative_3pct,746.0416666666666,-0.0018992246473099204
DD,negative_3pct,747.0416666666666,-0.0015099077635100109
DD,negative_3pct,748.0416666666666,-0.001124436573886374
DD,negative_3pct,749.0416666666666,-0.0007510766531439591
DD,negative_3pct,750.0416666666666,-0.00038554286340998923
DD,negative_3pct,751.0416666666666,-2.542024422962063e-05
DD,negative_3pct,752.0416666666666,0.00032065222182899744
DD,negative_3pct,753.0416666666666,0.0006510155493482058
DD,negative_3pct,754.0416666666666,0.000988412107050508
DD,negative_3pct,755.0416666666666,0.0013314823698820902
DD,negative_3pct,756.0416666666666,0.0016562016618037114
DD,negative_3pct,757.0416666666666,0.001968296507805042
DD,negative_3pct,758.0416666666666,0.002286740618733654
DD,negative_3pct,759.0416666666666,0.0026101623278909176
DD,negative_3pct,760.0416666666666,0.0029362535503229606
DD,negative_3pct,761.0416666666666,0.0032843783521635922
DD,negative_3pct,762.0416666666666,0.003633931368574754
DD,negative_3pct,763.0416666666666,0.004005678052969587
DD,negative_3pct,764.0416666666666,0.0042893806347985685
DD,negative_3pct,765.0416666666666,0.004322173376147243
DD,negative_3pct,766.0416666666666,0.004080280342731431
DD,negative_3pct,767.0416666666666,0.004148995082354209
DD,negative_3pct,768.0416666666666,0.004165338165122203
DD,negative_3pct,769.0416666666666,0.004175473672201309
DD,negative_3pct,770.0416666666666,0.004176340220014676
DD,negative_3pct,771.0416666666666,0.004173636107722499
DD,negative_3pct,772.0416666666666,0.004160441752496798
DD,negative_3pct,773.0416666666666,0.0041474825332581495
DD,negative_3pct,774.0416666666666,0.004172783733153859
DD,negative_3pct,775.0416666666666,0.004222901884489302
DD,negative_3pct,776.0416666666666,0.004261962760955103
DD,negative_3pct,777.0416666666666,0.004135148490911857
DD,negative_3pct,778.0416666666666,0.003945477242561248
DD,negative_3pct,779.0416666666666,0.004018551672790419
DD,negative_3pct,780.0416666666666,0.004255654672089737
DD,negative_3pct,781.0416666666666,0.0043368607055688955
DD,negative_3pct,782.0416666666666,0.004410459995461873
DD,negative_3pct,783.0416666666666,0.004475726929178133
DD,negative_3pct,784.0416666666666,0.004530461271908658
DD,negative_3pct,785.0416666666666,0.004551245524246499
DD,negative_3pct,786.0416666666666,0.004625075962014692
DD,negative_3pct,787.0416666666666,0.004685372937201404
DD,negative_3pct,788.0416666666666,0.004699120414590372
DD,negative_3pct,789.0416666666666,0.004676697969504741
DD,negative_3pct,790.0416666666666,0.004616493828797554
DD,negative_3pct,791.0416666666666,0.004621271996714526
DD,negative_3pct,792.0416666666666,0.004631627330488341
DD,negative_3pct,793.0416666666666,0.004613179799226302
DD,negative_3pct,794.0416666666666,0.0045763918518404
DD,negative_3pct,795.0416666666666,0.004612746823556396
DD,negative_3pct,796.0416666666666,0.004638891209841489
DD,negative_3pct,797.0416666666666,0.004626974591621274
DD,negative_3pct,798.0416666666666,0.00466668065678277
DD,negative_3pct,799.0416666666666,0.004654465853771982
DD,negative_3pct,800.0416666666666,0.0046324478764573395
DD,negative_3pct,801.0416666666666,0.004861985908174134
DD,negative_3pct,802.0416666666666,0.005085468959952224
DD,negative_3pct,803.0416666666666,0.005075210585914072
DD,negative_3pct,804.0416666666666,0.004921124483911257
DD,negative_3pct,805.0416666666666,0.0048927871846576754
DD,negative_3pct,806.0416666666666,0.004922084638818326
DD,negative_3pct,807.0416666666666,0.00488380332200318
DD,negative_3pct,808.0416666666666,0.004808246534159999
DD,negative_3pct,809.0416666666666,0.004578135944109953
DD,negative_3pct,810.0416666666666,0.004302848424743013
DD,negative_3pct,811.0416666666666,0.004539092549090639
DD,negative_3pct,812.0416666666666,0.004502824573555948
DD,negative_3pct,813.0416666666666,0.004537285425760467
DD,negative_3pct,814.0416666666666,0.004577767162530753
DD,negative_3pct,815.0416666666666,0.004510714819951821
DD,negative_3pct,816.0416666666666,0.004522591416296222
DD,negative_3pct,817.0416666666666,0.004541828415967553
DD,negative_3pct,818.0416666666666,0.0045339253902330345
DD,negative_3pct,819.0416666666666,0.004538925834425215
DD,negative_3pct,820.0416666666666,0.004532726470978232
DD,negative_3pct,821.0416666666666,0.004545762739573523
DD,negative_3pct,822.0416666666666,0.00453719537603007
DD,negative_3pct,823.0416666666666,0.004499488147700049
DD,negative_3pct,824.0416666666666,0.004529844805467482
DD,negative_3pct,825.0416666666666,0.004494868266555899
DD,negative_3pct,826.0416666666666,0.004475157323641925
DD,negative_3pct,827.0416666666666,0.00449172242643461
DD,negative_3pct,828.0416666666666,0.004433688287060599
DD,negative_3pct,829.0416666666666,0.004477221815686465
DD,negative_3pct,830.0416666666666,0.004435056929835136
DD,negative_3pct,831.0416666666666,0.004457065274109082
DD,negative_3pct,832.0416666666666,0.004566056183143269
DD,negative_3pct,833.0416666666666,0.004793499711927981
DD,negative_3pct,834.0416666666666,0.005085898075655736
DD,negative_3pct,835.0416666666666,0.004780871975209395
DD,negative_3pct,836.0416666666666,0.004848828511223357
DD,negative_3pct,837.0416666666666,0.00476459605507442
DD,negative_3pct,838.0416666666666,0.004579893882966944
DD,negative_3pct,839.0416666666666,0.0043592855987821715
DD,negative_3pct,840.0416666666666,0.004412000888928323
DD,negative_3pct,841.0416666666666,0.004477947633824454
DD,negative_3pct,842.0416666666666,0.004473089863719786
DD,negative_3pct,843.0416666666666,0.004463453315849803
DD,negative_3pct,844.0416666666666,0.004474134385091066
DD,negative_3pct,845.0416666666666,0.0044627785555365635
DD,negative_3pct,846.0416666666666,0.0044422012666011255
DD,negative_3pct,847.0416666666666,0.0044923957933401554
DD,negative_3pct,848.0416666666666,0.004449591238802421
DD,negative_3pct,849.0416666666666,0.004439681098023804
DD,negative_3pct,850.0416666666666,0.004489020601574057
DD,negative_3pct,851.0416666666666,0.0044029450398070085
DD,negative_3pct,852.0416666666666,0.00445206427513482
DD,negative_3pct,853.0416666666666,0.004427748272807503
DD,negative_3pct,854.0416666666666,0.004376720486452229
DD,negative_3pct,855.0416666666666,0.004422939193228514
DD,negative_3pct,856.0416666666666,0.00438942411255277
DD,negative_3pct,857.0416666666666,0.004397979313748044
DD,negative_3pct,858.0416666666666,0.0043813349748929135
DD,negative_3pct,859.0416666666666,0.0043844386675315995
DD,negative_3pct,860.0416666666666,0.004342689864137909
DD,negative_3pct,861.0416666666666,0.004396077075708341
DD,negative_3pct,862.0416666666666,0.004539730981817714
DD,negative_3pct,863.0416666666666,0.004824460150763526
DD,negative_3pct,864.0416666666666,0.004703860108076157
DD,negative_3pct,865.0416666666666,0.00461613888683186
DD,negative_3pct,866.0416666666666,0.004659872005527689
DD,negative_3pct,867.0416666666666,0.004536385665051642
DD,negative_3pct,868.0416666666666,0.004325543991523118
DD,negative_3pct,869.0416666666666,0.004139879026705537
DD,negative_3pct,870.0416666666666,0.004260145298763805
DD,negative_3pct,871.0416666666666,0.004063663307659116
DD,negative_3pct,872.0416666666666,0.0038898835980113156
DD,negative_3pct,873.0416666666666,0.0037427887393825243
DD,negative_3pct,874.0416666666666,0.0037565337840267405
DD,negative_3pct,875.0416666666666,0.003976139522056801
DD,negative_3pct,876.0416666666666,0.004242685847233189
DD,negative_3pct,877.0416666666666,0.004608901314745486
DD,negative_3pct,878.0416666666666,0.005168300687774163
DD,negative_3pct,879.0416666666666,0.005796942408368217
DD,negative_3pct,880.0416666666666,0.006607661769959941
DD,negative_3pct,881.0416666666666,0.007319688263012382
DD,negative_3pct,882.0416666666666,0.007541880120989251
DD,negative_3pct,883.0416666666666,0.008423140563140455
DD,negative_3pct,884.0416666666666,0.009133655426668282
DD,negative_3pct,885.0416666666666,0.009748937490629217
DD,negative_3pct,886.0416666666666,0.010291795840878814
DD,negative_3pct,887.0416666666666,0.010637107763091845
DD,negative_3pct,888.0416666666666,0.010917438357746508
DD,negative_3pct,889.0416666666666,0.01107891914496645
DD,negative_3pct,890.0416666666666,0.011044804581249864
DD,negative_3pct,891.0416666666666,0.010957396407119615
DD,negative_3pct,892.0416666666666,0.011283219721244377
DD,negative_3pct,893.0416666666666,0.011635801354892514
DD,negative_3pct,894.0416666666666,0.011889445894571757
DD,negative_3pct,895.0416666666666,0.012526259801163115
DD,negative_3pct,896.0416666666666,0.012814394011540404
DD,negative_3pct,897.0416666666666,0.01339189390035815
DD,negative_3pct,898.0416666666666,0.013959245907553541
DD,negative_3pct,899.0416666666666,0.01424992811021569
DD,negative_3pct,900.0416666666666,0.014246419339901922
DD,negative_3pct,901.0416666666666,0.014070013476225024
DD,negative_3pct,902.0416666666666,0.013413468093034956
DD,negative_3pct,903.0416666666666,0.013231444346599848
DD,negative_3pct,904.0416666666666,0.013027908135291425
DD,negative_3pct,905.0416666666666,0.012981612738400195
DD,negative_3pct,906.0416666666666,0.013426767849379531
DD,negative_3pct,907.0416666666666,0.01329122615008048
DD,negative_3pct,908.0416666666666,0.013305392791702765
DD,negative_3pct,909.0416666666666,0.0134714099816324
DD,negative_3pct,910.0416666666666,0.013870435715228047
DD,negative_3pct,911.0416666666666,0.014374415404869424
DD,negative_3pct,912.0416666666666,0.014724752413628858
DD,negative_3pct,913.0416666666666,0.014799910909177804
DD,negative_3pct,914.0416666666666,0.014831992811542568
DD,negative_3pct,915.0416666666666,0.014989416023810122
DD,negative_3pct,916.0416666666666,0.014836454222723151
DD,negative_3pct,917.0416666666666,0.014684440088103486
DD,negative_3pct,918.0416666666666,0.01426557585048218
DD,negative_3pct,919.0416666666666,0.013771171523332237
DD,negative_3pct,920.0416666666666,0.01366075002423513
DD,negative_3pct,921.0416666666666,0.013225918710308267
DD,negative_3pct,922.0416666666666,0.01263470723535743
DD,negative_3pct,923.0416666666666,0.012192413553354538
DD,negative_3pct,924.0416666666666,0.01205990972200251
DD,negative_3pct,925.0416666666666,0.012154590352443548
DD,negative_3pct,926.0416666666666,0.012776595267170513
DD,negative_3pct,927.0416666666666,0.012852947646569794
DD,negative_3pct,928.0416666666666,0.012108140414006048
DD,negative_3pct,929.0416666666666,0.011310246294837222
DD,negative_3pct,930.0416666666666,0.010466852937091466
DD,negative_3pct,931.0416666666666,0.00960275678058513
DD,negative_3pct,932.0416666666666,0.00872133020555084
DD,negative_3pct,933.0416666666666,0.007786826600802332
DD,negative_3pct,934.0416666666666,0.006731435814015344
DD,negative_3pct,935.0416666666666,0.005703448049269958
DD,negative_3pct,936.0416666666666,0.004950347221114605
DD,negative_3pct,937.0416666666666,0.004572673019741553
DD,negative_3pct,938.0416666666666,0.004423508690051075
DD,negative_3pct,939.0416666666666,0.004290947936911754
DD,negative_3pct,940.0416666666666,0.004147772609004994
DD,negative_3pct,941.0416666666666,0.004009770923799941
DD,negative_3pct,942.0416666666666,0.0038793809278174127
DD,negative_3pct,943.0416666666666,0.0037530136761240404
DD,negative_3pct,944.0416666666666,0.003625566950604365
DD,negative_3pct,945.0416666666666,0.0034715481196855454
DD,negative_3pct,946.0416666666666,0.003306378576432207
DD,negative_3pct,947.0416666666666,0.003129537351477601
DD,negative_3pct,948.0416666666666,0.002813240023989727
DD,negative_3pct,949.0416666666666,0.0023414082102530777
DD,negative_3pct,950.0416666666666,0.0016586110902164987
DD,negative_3pct,951.0416666666666,0.0008537636742671959
DD,negative_3pct,952.0416666666666,0.0007532611017936611
DD,negative_3pct,953.0416666666666,0.0006614761171945381
DD,negative_3pct,954.0416666666666,0.0005772944088126889
DD,negative_3pct,955.0416666666666,0.0005010397615457302
DD,negative_3pct,956.0416666666666,0.0004257093253034528
DD,negative_3pct,957.0416666666666,0.00029693179283398895
DD,negative_3pct,958.0416666666666,0.0002242009455876674
DD,negative_3pct,959.0416666666666,0.00014043070965517296
DD,negative_3pct,960.0416666666666,5.378085482425399e-06
DD,negative_3pct,961.0416666666666,-6.310442606396557e-05
DD,negative_3pct,962.0416666666666,-9.979058991967663e-05
DD,negative_3pct,963.0416666666666,-4.097520431557042e-05
DD,negative_3pct,964.0416666666666,0.0003987878797995216
DD,negative_3pct,965.0416666666666,0.0005577697407952438
DD,negative_3pct,966.0416666666666,0.0007340414391011536
DD,negative_3pct,967.0416666666666,0.0009085084300176664
DD,negative_3pct,968.0416666666666,0.0010765957411978464
DD,negative_3pct,969.0416666666666,0.0012284478754133767
DD,negative_3pct,970.0416666666666,0.0013461288259323948
DD,negative_3pct,971.0416666666666,0.0014442688399802029
DD,negative_3pct,972.0416666666666,0.0016152548052767717
DD,negative_3pct,973.0416666666666,0.0017962002243402907
DD,negative_3pct,974.0416666666666,0.001993425979177902
DD,negative_3pct,975.0416666666666,0.002189457564520624
DD,negative_3pct,976.0416666666666,0.0023905107165155355
DD,negative_3pct,977.0416666666666,0.0026499431060844542
DD,negative_3pct,978.0416666666666,0.002893404113946653
DD,negative_3pct,979.0416666666666,0.0031145548938067086
DD,negative_3pct,980.0416666666666,0.003296241028042884
DD,negative_3pct,981.0416666666666,0.00360148550087793
DD,negative_3pct,982.0416666666666,0.003842184576119801
DD,negative_3pct,983.0416666666666,0.0040695033999233405
DD,negative_3pct,984.0416666666666,0.004316723138407738
DD,negative_3pct,985.0416666666666,0.004562024156424308
DD,negative_3pct,986.0416666666666,0.0047555200085317405
DD,negative_3pct,987.0416666666666,0.004811459687482982
DD,negative_3pct,988.0416666666666,0.004536218753529636
DD,negative_3pct,989.0416666666666,0.004551581587547937
DD,negative_3pct,990.0416666666666,0.004517383028052745
DD,negative_3pct,991.0416666666666,0.004476023430206057
DD,negative_3pct,992.0416666666666,0.004487318365640012
DD,negative_3pct,993.0416666666666,0.0044424113998056845
DD,negative_3pct,994.0416666666666,0.004300303280081379
DD,negative_3pct,995.0416666666666,0.004253926822950693
DD,negative_3pct,996.0416666666666,0.00449987729785329
DD,negative_3pct,997.0416666666666,0.004497403804650325
DD,negative_3pct,998.0416666666666,0.0045255813262456805
DD,negative_3pct,999.0416666666666,0.00457617165437765
DD,negative_3pct,1000.0416666666666,0.004586073355957559
DD,negative_3pct,1001.0416666666666,0.004570135014472021
DD,negative_3pct,1002.0416666666666,0.004581920703461852
DD,negative_3pct,1003.0416666666666,0.004585253418047646
DD,negative_3pct,1004.0416666666666,0.0045870909292255405
DD,negative_3pct,1005.0416666666666,0.004596422705258158
DD,negative_3pct,1006.0416666666666,0.004588998416676495
DD,negative_3pct,1007.0416666666666,0.004561103421050505
DD,negative_3pct,1008.0416666666666,0.0046082015187388845
DD,negative_3pct,1009.0416666666666,0.00459597895933256
DD,negative_3pct,1010.0416666666666,0.004567478683243766
DD,negative_3pct,1011.0416666666666,0.0045925836798611135
DD,negative_3pct,1012.0416666666666,0.004611171846393702
DD,negative_3pct,1013.0416666666666,0.0045780363273093
DD,negative_3pct,1014.0416666666666,0.004577780319680936
DD,negative_3pct,1015.0416666666666,0.004621297174651206
DD,negative_3pct,1016.0416666666666,0.004583915579223244
DD,negative_3pct,1017.0416666666666,0.004614787633358084
DD,negative_3pct,1018.0416666666666,0.004823841554780089
DD,negative_3pct,1019.0416666666666,0.00491172988114882
DD,negative_3pct,1020.0416666666666,0.004658957365655714
DD,negative_3pct,1021.0416666666666,0.0046858327502698575
DD,negative_3pct,1022.0416666666666,0.0046396051536733785
DD,negative_3pct,1023.0416666666666,0.004648028210957575
DD,negative_3pct,1024.0416666666667,0.004545245397096338
DD,negative_3pct,1025.0416666666667,0.004482343439019417
DD,negative_3pct,1026.0416666666667,0.004616666539170332
DD,negative_3pct,1027.0416666666667,0.004616227378432778
DD,negative_3pct,1028.0416666666667,0.004648866873345602
DD,negative_3pct,1029.0416666666667,0.004640131058313948
DD,negative_3pct,1030.0416666666667,0.004633590485488917
DD,negative_3pct,1031.0416666666667,0.0046289309896495115
DD,negative_3pct,1032.0416666666667,0.004649654712622209
DD,negative_3pct,1033.0416666666667,0.004643830591132737
DD,negative_3pct,1034.0416666666667,0.004622797668867327
DD,negative_3pct,1035.0416666666667,0.004649254797797381
DD,negative_3pct,1036.0416666666667,0.004648264563633823
DD,negative_3pct,1037.0416666666667,0.00463906073966158
DD,negative_3pct,1038.0416666666667,0.0046626492082972055
DD,negative_3pct,1039.0416666666667,0.00467055054734001
DD,negative_3pct,1040.0416666666667,0.004670635446950088
DD,negative_3pct,1041.0416666666667,0.004702521994593984
DD,negative_3pct,1042.0416666666667,0.004708428171050725
DD,negative_3pct,1043.0416666666667,0.004703809506902568
DD,negative_3pct,1044.0416666666667,0.0047380832590564834
DD,negative_3pct,1045.0416666666667,0.004740976751042844
DD,negative_3pct,1046.0416666666667,0.004742048793591745
DD,negative_3pct,1047.0416666666667,0.004773406780070059
DD,negative_3pct,1048.0416666666667,0.0049278478414888265
DD,negative_3pct,1049.0416666666667,0.004970924918265335
DD,negative_3pct,1050.0416666666667,0.004853677969223695
DD,negative_3pct,1051.0416666666667,0.004858783488216022
DD,negative_3pct,1052.0416666666667,0.004862050751242497
DD,negative_3pct,1053.0416666666667,0.004851434103189598
DD,negative_3pct,1054.0416666666667,0.00467246139784473
DD,negative_3pct,1055.0416666666667,0.0046714450670061825
DD,negative_3pct,1056.0416666666667,0.0048428831092661925
DD,negative_3pct,1057.0416666666667,0.0048547900873155865
DD,negative_3pct,1058.0416666666667,0.004909784025240549
DD,negative_3pct,1059.0416666666667,0.004872467245564046
DD,negative_3pct,1060.0416666666667,0.0048503034328864015
DD,negative_3pct,1061.0416666666667,0.004897721188803144
DD,negative_3pct,1062.0416666666667,0.00485505082338741
DD,negative_3pct,1063.0416666666667,0.0048074916954886065
DD,negative_3pct,1064.0416666666667,0.0048384523470915266
DD,negative_3pct,1065.0416666666667,0.00478547404526636
DD,negative_3pct,1066.0416666666667,0.0047386479550171915
DD,negative_3pct,1067.0416666666667,0.004775557943563122
DD,negative_3pct,1068.0416666666667,0.0047062763569749875
DD,negative_3pct,1069.0416666666667,0.004675169223418303
DD,negative_3pct,1070.0416666666667,0.004723273967607331
DD,negative_3pct,1071.0416666666667,0.004636415547798926
DD,negative_3pct,1072.0416666666667,0.004636535598681372
DD,negative_3pct,1073.0416666666667,0.004672402923329975
DD,negative_3pct,1074.0416666666667,0.004592388071861278
DD,negative_3pct,1075.0416666666667,0.004627529037840328
DD,negative_3pct,1076.0416666666667,0.004625997047466082
DD,negative_3pct,1077.0416666666667,0.004602550085649776
DD,negative_3pct,1078.0416666666667,0.004807351749010642
DD,negative_3pct,1079.0416666666667,0.004822054398124581
DD,negative_3pct,1080.0416666666667,0.004641455301037417
DD,negative_3pct,1081.0416666666667,0.004631356188290039
DD,negative_3pct,1082.0416666666667,0.004595981445706281
DD,negative_3pct,1083.0416666666667,0.0045057383775443565
DD,negative_3pct,1084.0416666666667,0.004476044924780266
DD,negative_3pct,1085.0416666666667,0.0046050546208781335
DD,negative_3pct,1086.0416666666667,0.004484906117956381
DD,negative_3pct,1087.0416666666667,0.004302157942451054
DD,negative_3pct,1088.0416666666667,0.004139105601897005
DD,negative_3pct,1089.0416666666667,0.004194833825145485
DD,negative_3pct,1090.0416666666667,0.004397270782682271
DD,negative_3pct,1091.0416666666667,0.004695317101345134
DD,negative_3pct,1092.0416666666667,0.005144483103116309
DD,negative_3pct,1093.0416666666667,0.005654514601030666
DD,negative_3pct,1094.0416666666667,0.006298587587642897
DD,negative_3pct,1095.0416666666667,0.0071444801605166225
DD,negative_3pct,1096.0416666666667,0.007650437745792959
DD,negative_3pct,1097.0416666666667,0.008426235051578738
DD,negative_3pct,1098.0416666666667,0.009099048328132893
DD,negative_3pct,1099.0416666666667,0.00958353032991775
DD,negative_3pct,1100.0416666666667,0.009975096478982502
DD,negative_3pct,1101.0416666666667,0.010251243692663664
DD,negative_3pct,1102.0416666666667,0.010378424095704905
DD,negative_3pct,1103.0416666666667,0.01039025016872899
DD,negative_3pct,1104.0416666666667,0.01017591509500559
DD,negative_3pct,1105.0416666666667,0.010299331496370781
DD,negative_3pct,1106.0416666666667,0.010481024484467725
DD,negative_3pct,1107.0416666666667,0.010983829975516264
DD,negative_3pct,1108.0416666666667,0.011493357393485419
DD,negative_3pct,1109.0416666666667,0.01157613525643152
DD,negative_3pct,1110.0416666666667,0.012179981092736327
DD,negative_3pct,1111.0416666666667,0.012905195566118995
DD,negative_3pct,1112.0416666666667,0.013427118907604339
DD,negative_3pct,1113.0416666666667,0.013615558536385153
DD,negative_3pct,1114.0416666666667,0.013530824401545835
DD,negative_3pct,1115.0416666666667,0.013104772226086372
DD,negative_3pct,1116.0416666666667,0.013241185294481513
DD,negative_3pct,1117.0416666666667,0.013391791842299359
DD,negative_3pct,1118.0416666666667,0.013424065147237695
DD,negative_3pct,1119.0416666666667,0.013338581496958182
DD,negative_3pct,1120.0416666666667,0.013580452047465344
DD,negative_3pct,1121.0416666666667,0.013738674694473174
DD,negative_3pct,1122.0416666666667,0.014085395839344175
DD,negative_3pct,1123.0416666666667,0.014346204218944872
DD,negative_3pct,1124.0416666666667,0.014793906365996444
DD,negative_3pct,1125.0416666666667,0.015136447741704362
DD,negative_3pct,1126.0416666666667,0.01521063990224187
DD,negative_3pct,1127.0416666666667,0.015219087385414116
DD,negative_3pct,1128.0416666666667,0.015377613908151316
DD,negative_3pct,1129.0416666666667,0.015205192129831143
DD,negative_3pct,1130.0416666666667,0.015013603155119456
DD,negative_3pct,1131.0416666666667,0.014578130732915787
DD,negative_3pct,1132.0416666666667,0.014053363614505543
DD,negative_3pct,1133.0416666666667,0.01377138339694349
DD,negative_3pct,1134.0416666666667,0.013312342692710975
DD,negative_3pct,1135.0416666666667,0.01279187657979343
DD,negative_3pct,1136.0416666666667,0.01243983100097462
DD,negative_3pct,1137.0416666666667,0.012425286361991124
DD,negative_3pct,1138.0416666666667,0.01266650851689368
DD,negative_3pct,1139.0416666666667,0.013319922212841456
DD,negative_3pct,1140.0416666666667,0.013308346147558004
DD,negative_3pct,1141.0416666666667,0.012524208739602596
DD,negative_3pct,1142.0416666666667,0.011728515372736321
DD,negative_3pct,1143.0416666666667,0.010918311335203783
DD,negative_3pct,1144.0416666666667,0.010061831371794757
DD,negative_3pct,1145.0416666666667,0.009055370750020615
DD,negative_3pct,1146.0416666666667,0.00802613216373075
DD,negative_3pct,1147.0416666666667,0.007192479943030168
DD,negative_3pct,1148.0416666666667,0.006302920141396844
DD,negative_3pct,1149.0416666666667,0.005584566160144413
DD,negative_3pct,1150.0416666666667,0.0052534813375696284
DD,negative_3pct,1151.0416666666667,0.00517134089517376
DD,negative_3pct,1152.0416666666667,0.005164167074620937
DD,negative_3pct,1153.0416666666667,0.0051614762003816175
DD,negative_3pct,1154.0416666666667,0.005144872782441957
DD,negative_3pct,1155.0416666666667,0.005078970428224566
DD,negative_3pct,1156.0416666666667,0.00503185814474726
DD,negative_3pct,1157.0416666666667,0.0050290525253987115
DD,negative_3pct,1158.0416666666667,0.005007860118479263
DD,negative_3pct,1159.0416666666667,0.00494836075748668
DD,negative_3pct,1160.0416666666667,0.004814560832371279
DD,negative_3pct,1161.0416666666667,0.004553189293451187
DD,negative_3pct,1162.0416666666667,0.004192478940172455
DD,negative_3pct,1163.0416666666667,0.003616151114096475
DD,negative_3pct,1164.0416666666667,0.002980116534780346
DD,negative_3pct,1165.0416666666667,0.0030670873355327526
DD,negative_3pct,1166.0416666666667,0.0031552896295591144
DD,negative_3pct,1167.0416666666667,0.0031934230584372836
DD,negative_3pct,1168.0416666666667,0.003210259176012138
DD,negative_3pct,1169.0416666666667,0.0032791506146073422
DD,negative_3pct,1170.0416666666667,0.003286899680831714
DD,negative_3pct,1171.0416666666667,0.0031344417739969767
DD,negative_3pct,1172.0416666666667,0.00318332523043735
DD,negative_3pct,1173.0416666666667,0.0035271084033844033
DD,negative_3pct,1174.0416666666667,0.0036449515468493323
DD,negative_3pct,1175.0416666666667,0.0037235543047071237
DD,negative_3pct,1176.0416666666667,0.0037163898280509417
DD,negative_3pct,1177.0416666666667,0.003778372272802531
DD,negative_3pct,1178.0416666666667,0.0038267677949693508
DD,negative_3pct,1179.0416666666667,0.0038836943626268713
DD,negative_3pct,1180.0416666666667,0.003974428209585997
DD,negative_3pct,1181.0416666666667,0.004038020387014783
DD,negative_3pct,1182.0416666666667,0.004028845618417946
DD,negative_3pct,1183.0416666666667,0.004086046688740379
DD,negative_3pct,1184.0416666666667,0.0042173906201760075
DD,negative_3pct,1185.0416666666667,0.004250510766118413
DD,negative_3pct,1186.0416666666667,0.004290090298585186
DD,negative_3pct,1187.0416666666667,0.004349594615095518
DD,negative_3pct,1188.0416666666667,0.004436921412668968
DD,negative_3pct,1189.0416666666667,0.004522735167232597
DD,negative_3pct,1190.0416666666667,0.004533240090915978
DD,negative_3pct,1191.0416666666667,0.0045955246299125875
DD,negative_3pct,1192.0416666666667,0.004699409242057288
DD,negative_3pct,1193.0416666666667,0.004661127826030745
DD,negative_3pct,1194.0416666666667,0.004749523948197389
DD,negative_3pct,1195.0416666666667,0.004940593837967275
DD,negative_3pct,1196.0416666666667,0.00498385716079051
DD,negative_3pct,1197.0416666666667,0.0047603768683022445
DD,negative_3pct,1198.0416666666667,0.004753052021264083
DD,negative_3pct,1199.0416666666667,0.0047535446135468055
DD,negative_3pct,1200.0416666666667,0.004640704655436635
DD,negative_3pct,1201.0416666666667,0.004741474608012881
DD,negative_3pct,1202.0416666666667,0.004895408245146494
DD,negative_3pct,1203.0416666666667,0.004935608887989409
DD,negative_3pct,1204.0416666666667,0.0049443574373318035
DD,negative_3pct,1205.0416666666667,0.004949194740572833
DD,negative_3pct,1206.0416666666667,0.004940336457143809
DD,negative_3pct,1207.0416666666667,0.004973551778426087
DD,negative_3pct,1208.0416666666667,0.0049203055407536075
DD,negative_3pct,1209.0416666666667,0.004971850636438963
DD,negative_3pct,1210.0416666666667,0.004946095691499373
DD,negative_3pct,1211.0416666666667,0.00491405315737309
DD,negative_3pct,1212.0416666666667,0.0049477158605571924
DD,negative_3pct,1213.0416666666667,0.004891091282089853
DD,negative_3pct,1214.0416666666667,0.004917100711217548
DD,negative_3pct,1215.0416666666667,0.004910709234264191
DD,negative_3pct,1216.0416666666667,0.004909741578307671
DD,negative_3pct,1217.0416666666667,0.004939059588913092
DD,negative_3pct,1218.0416666666667,0.004919444331263869
DD,negative_3pct,1219.0416666666667,0.004938619984045743
DD,negative_3pct,1220.0416666666667,0.00491965581481781
DD,negative_3pct,1221.0416666666667,0.004929655915949348
DD,negative_3pct,1222.0416666666667,0.004917863388452272
DD,negative_3pct,1223.0416666666667,0.004962737125081715
DD,negative_3pct,1224.0416666666667,0.005103918237632645
DD,negative_3pct,1225.0416666666667,0.0050243149246954775
DD,negative_3pct,1226.0416666666667,0.004795649059538189
DD,negative_3pct,1227.0416666666667,0.004727981294187325
DD,negative_3pct,1228.0416666666667,0.004885030732936079
DD,negative_3pct,1229.0416666666667,0.004886615100278235
DD,negative_3pct,1230.0416666666667,0.004972059106105032
DD,negative_3pct,1231.0416666666667,0.004922011679725551
DD,negative_3pct,1232.0416666666667,0.004981538821444778
DD,negative_3pct,1233.0416666666667,0.00494856419779266
DD,negative_3pct,1234.0416666666667,0.004976626701668072
DD,negative_3pct,1235.0416666666667,0.004959014514678162
DD,negative_3pct,1236.0416666666667,0.004982909099633252
DD,negative_3pct,1237.0416666666667,0.004966766304416722
DD,negative_3pct,1238.0416666666667,0.0049842828126623285
DD,negative_3pct,1239.0416666666667,0.004979501688924104
DD,negative_3pct,1240.0416666666667,0.004969814888502402
DD,negative_3pct,1241.0416666666667,0.004983953097325692
DD,negative_3pct,1242.0416666666667,0.0049399047530971005
DD,negative_3pct,1243.0416666666667,0.004973803127117789
DD,negative_3pct,1244.0416666666667,0.004949243475155633
DD,negative_3pct,1245.0416666666667,0.004941037430755389
DD,negative_3pct,1246.0416666666667,0.004965558255329965
DD,negative_3pct,1247.0416666666667,0.004907390395290655
DD,negative_3pct,1248.0416666666667,0.004959254547969527
DD,negative_3pct,1249.0416666666667,0.00492580132443519
DD,negative_3pct,1250.0416666666667,0.004977232716746517
DD,negative_3pct,1251.0416666666667,0.005067862682113763
DD,negative_3pct,1252.0416666666667,0.0047031263466189984
DD,negative_3pct,1253.0416666666667,0.004704428572682804
DD,negative_3pct,1254.0416666666667,0.004893496289813104
DD,negative_3pct,1255.0416666666667,0.00487967420539594
DD,negative_3pct,1256.0416666666667,0.004897130204279999
DD,negative_3pct,1257.0416666666667,0.004892668600692143
DD,negative_3pct,1258.0416666666667,0.004911245154960928
DD,negative_3pct,1259.0416666666667,0.004931298976059132
DD,negative_3pct,1260.0416666666667,0.004902676743516438
DD,negative_3pct,1261.0416666666667,0.004945906591679434
DD,negative_3pct,1262.0416666666667,0.0048727233433255995
DD,negative_3pct,1263.0416666666667,0.004915028853958846
DD,negative_3pct,1264.0416666666667,0.004891062290039021
DD,negative_3pct,1265.0416666666667,0.004853559669478012
DD,negative_3pct,1266.0416666666667,0.004901991378060744
DD,negative_3pct,1267.0416666666667,0.004852816207100391
DD,negative_3pct,1268.0416666666667,0.0048385579855626725
DD,negative_3pct,1269.0416666666667,0.00485424467665041
DD,negative_3pct,1270.0416666666667,0.0048273905742741785
DD,negative_3pct,1271.0416666666667,0.004817290768338327
DD,negative_3pct,1272.0416666666667,0.0048058691273546745
DD,negative_3pct,1273.0416666666667,0.00479691317296203
DD,negative_3pct,1274.0416666666667,0.004791825759550608
DD,negative_3pct,1275.0416666666667,0.004764250107903641
DD,negative_3pct,1276.0416666666667,0.004822789318199447
DD,negative_3pct,1277.0416666666667,0.004736540124371083
DD,negative_3pct,1278.0416666666667,0.004486469879538058
DD,negative_3pct,1279.0416666666667,0.004493902372103432
DD,negative_3pct,1280.0416666666667,0.004252170906828443
DD,negative_3pct,1281.0416666666667,0.004077640547124017
DD,negative_3pct,1282.0416666666667,0.0039678870299840055
DD,negative_3pct,1283.0416666666667,0.004105764584524
DD,negative_3pct,1284.0416666666667,0.004390497941759801
DD,negative_3pct,1285.0416666666667,0.004782556446077997
DD,negative_3pct,1286.0416666666667,0.0053024632236048225
DD,negative_3pct,1287.0416666666667,0.0058995747701802905
DD,negative_3pct,1288.0416666666667,0.0065898892989507745
DD,negative_3pct,1289.0416666666667,0.007197413088601182
DD,negative_3pct,1290.0416666666667,0.007933067286455205
DD,negative_3pct,1291.0416666666667,0.0085401500675276
DD,negative_3pct,1292.0416666666667,0.009027786232813698
DD,negative_3pct,1293.0416666666667,0.00931847683206616
DD,negative_3pct,1294.0416666666667,0.009552655291949907
DD,negative_3pct,1295.0416666666667,0.00960767946293712
DD,negative_3pct,1296.0416666666667,0.009385039054247589
DD,negative_3pct,1297.0416666666667,0.009481289177618368
DD,negative_3pct,1298.0416666666667,0.009697695735945124
DD,negative_3pct,1299.0416666666667,0.010092887967684823
DD,negative_3pct,1300.0416666666667,0.010744158865402274
DD,negative_3pct,1301.0416666666667,0.011110391517281593
DD,negative_3pct,1302.0416666666667,0.011475303958471161
DD,negative_3pct,1303.0416666666667,0.011995271033028256
DD,negative_3pct,1304.0416666666667,0.012590764126824729
DD,negative_3pct,1305.0416666666667,0.012959136218995
DD,negative_3pct,1306.0416666666667,0.013117684440511257
DD,negative_3pct,1307.0416666666667,0.012828926878805415
DD,negative_3pct,1308.0416666666667,0.013111416490473543
DD,negative_3pct,1309.0416666666667,0.013396579355050347
DD,negative_3pct,1310.0416666666667,0.01369434671347497
DD,negative_3pct,1311.0416666666667,0.014017544022764545
DD,negative_3pct,1312.0416666666667,0.014280526730322445
DD,negative_3pct,1313.0416666666667,0.014506353306147825
DD,negative_3pct,1314.0416666666667,0.014311682061570753
DD,negative_3pct,1315.0416666666667,0.013871362480041723
DD,negative_3pct,1316.0416666666667,0.013632863484926061
DD,negative_3pct,1317.0416666666667,0.013994433962258631
DD,negative_3pct,1318.0416666666667,0.014052833657592995
DD,negative_3pct,1319.0416666666667,0.014023518972879937
DD,negative_3pct,1320.0416666666667,0.014167645142440236
DD,negative_3pct,1321.0416666666667,0.01401027176432344
DD,negative_3pct,1322.0416666666667,0.01376284843956297
DD,negative_3pct,1323.0416666666667,0.013317416483039768
DD,negative_3pct,1324.0416666666667,0.012739539664895685
DD,negative_3pct,1325.0416666666667,0.012367691037312176
DD,negative_3pct,1326.0416666666667,0.011991163173409293
DD,negative_3pct,1327.0416666666667,0.01147429609667243
DD,negative_3pct,1328.0416666666667,0.011072336502132988
DD,negative_3pct,1329.0416666666667,0.011095769443086718
DD,negative_3pct,1330.0416666666667,0.011388805442170032
DD,negative_3pct,1331.0416666666667,0.01210611302421038
DD,negative_3pct,1332.0416666666667,0.012130308729078384
DD,negative_3pct,1333.0416666666667,0.011722774760334323
DD,negative_3pct,1334.0416666666667,0.0111725631547018
DD,negative_3pct,1335.0416666666667,0.010374212962778134
DD,negative_3pct,1336.0416666666667,0.009505409943700287
DD,negative_3pct,1337.0416666666667,0.008717724152455492
DD,negative_3pct,1338.0416666666667,0.008170093399961727
DD,negative_3pct,1339.0416666666667,0.008150480867438126
DD,negative_3pct,1340.0416666666667,0.008025589667303695
DD,negative_3pct,1341.0416666666667,0.007139810958810302
DD,negative_3pct,1342.0416666666667,0.006813379438416179
DD,negative_3pct,1343.0416666666667,0.006995779764221862
