alias,model,soh_mode,soh_condition,soh_publish_intervals,metric,mean,ci_low,ci_high,n_cells,n_runs
adc_quantization,DD,lstm,lstm_h1,1,mae,0.026052322525264734,0.01736902713109287,0.03532436233286556,6,6
adc_quantization,DD,lstm,lstm_h1,1,rmse,0.030359122268384248,0.02132285340188708,0.0390198736130437,6,6
adc_quantization,DD,lstm,lstm_h1,1,p95_error,0.05155909773376252,0.03703985694381926,0.06321524050500657,6,6
adc_quantization,DD,lstm,lstm_h1,1,max_error,0.07606182619929314,0.056557120962275394,0.08873762438694636,6,6
adc_quantization,DD,lstm,lstm_h1,1,bias,0.00672623414312018,-0.008909482731604789,0.024490574266014527,6,6
adc_quantization,DD,lstm,lstm_h1,1,jump_count_gt_5pct,0.0,0.0,0.0,6,6
adc_quantization,DD,lstm,lstm_h1,1,delta_mae,0.0002180027371257805,-0.0016019324418564919,0.0031403344284304507,6,6
adc_quantization,DD,lstm,lstm_h1,1,delta_rmse,0.0003282461057983743,-0.0014040197060236983,0.00311414137307035,6,6
adc_quantization,DM,none,none,0,mae,0.07151615577198674,0.05007873317707376,0.0865496068286885,6,6
adc_quantization,DM,none,none,0,rmse,0.0767551968881454,0.05338431772464639,0.09317348750481892,6,6
adc_quantization,DM,none,none,0,p95_error,0.11301784155269463,0.07747118083967101,0.13837913961874113,6,6
adc_quantization,DM,none,none,0,max_error,0.13189636591907097,0.0906769680744522,0.1561888157471003,6,6
adc_quantization,DM,none,none,0,bias,0.07151615577198674,0.05007873317707376,0.08662214353708297,6,6
adc_quantization,DM,none,none,0,jump_count_gt_5pct,0.0,0.0,0.0,6,6
adc_quantization,DM,none,none,0,delta_mae,0.0037115070795081724,1.900265839716255e-05,0.008727095370356246,6,6
adc_quantization,DM,none,none,0,delta_rmse,0.0034914430320625816,-6.77761831472293e-05,0.008206846272193882,6,6
adc_quantization,HDM,lstm,lstm_h1,1,mae,0.04396939107062344,0.029886149301915372,0.05839213416669687,6,6
adc_quantization,HDM,lstm,lstm_h1,1,rmse,0.047071639613245876,0.031446578853781666,0.06268076697159383,6,6
adc_quantization,HDM,lstm,lstm_h1,1,p95_error,0.06883054002084667,0.044846923369914304,0.09261452363183102,6,6
adc_quantization,HDM,lstm,lstm_h1,1,max_error,0.07945140111713853,0.05050714867492287,0.10649467316448459,6,6
adc_quantization,HDM,lstm,lstm_h1,1,bias,0.043426216061125594,0.028807804002033106,0.057885702346511296,6,6
adc_quantization,HDM,lstm,lstm_h1,1,jump_count_gt_5pct,0.0,0.0,0.0,6,6
adc_quantization,HDM,lstm,lstm_h1,1,delta_mae,0.0034298094884282516,-0.0003955219947433883,0.008769616428902836,6,6
adc_quantization,HDM,lstm,lstm_h1,1,delta_rmse,0.0032822477403736147,-0.0002698500130265126,0.00811890900872223,6,6
adc_quantization,HECM,lstm,lstm_h1,1,mae,0.03170250128188393,0.024568888587136812,0.04045540863946854,6,6
adc_quantization,HECM,lstm,lstm_h1,1,rmse,0.03726676961704412,0.028540111870210393,0.046734477504565046,6,6
adc_quantization,HECM,lstm,lstm_h1,1,p95_error,0.06227446614292979,0.0465841096700665,0.07795445357078618,6,6
adc_quantization,HECM,lstm,lstm_h1,1,max_error,0.09293797675684769,0.06087999381739234,0.12780305813669976,6,6
adc_quantization,HECM,lstm,lstm_h1,1,bias,-0.02384858131190457,-0.02806068961641095,-0.020806563619313864,6,6
adc_quantization,HECM,lstm,lstm_h1,1,jump_count_gt_5pct,1.2777777777777777,0.3333333333333333,2.388888888888889,6,6
adc_quantization,HECM,lstm,lstm_h1,1,delta_mae,-0.0017635905652411885,-0.004797274109748025,0.0004794548686137023,6,6
adc_quantization,HECM,lstm,lstm_h1,1,delta_rmse,-0.0016828200194144423,-0.004808828662241284,0.0006897633698055933,6,6
baseline,DD,lstm,lstm_h1,1,mae,0.02583431978813895,0.01889298879075191,0.03232945220578802,6,6
baseline,DD,lstm,lstm_h1,1,rmse,0.030030876162585873,0.0223844355777477,0.036671044544673174,6,6
baseline,DD,lstm,lstm_h1,1,p95_error,0.050819250858492315,0.03747683655884531,0.06175936518443955,6,6
baseline,DD,lstm,lstm_h1,1,max_error,0.07620652765035629,0.057742806772391,0.08859772980213165,6,6
baseline,DD,lstm,lstm_h1,1,bias,0.0038856704617492663,-0.009700684267924935,0.018127385632711112,6,6
baseline,DD,lstm,lstm_h1,1,jump_count_gt_5pct,0.0,0.0,0.0,6,6
baseline,DD,lstm,lstm_h1,1,delta_mae,0.0,0.0,0.0,6,6
baseline,DD,lstm,lstm_h1,1,delta_rmse,0.0,0.0,0.0,6,6
baseline,DD,lstm,lstm_h24,24,mae,0.02559740127734128,0.018430154968230007,0.032151946887631865,6,6
baseline,DD,lstm,lstm_h24,24,rmse,0.029849864247975106,0.02203205327546988,0.0364244181698997,6,6
baseline,DD,lstm,lstm_h24,24,p95_error,0.05050551013814079,0.03721500353680717,0.06092523054944144,6,6
baseline,DD,lstm,lstm_h24,24,max_error,0.07537840223974653,0.057345726423793375,0.08693467328945796,6,6
baseline,DD,lstm,lstm_h24,24,bias,0.004521312562753206,-0.009641930452568427,0.018177397202819186,6,6
baseline,DD,lstm,lstm_h24,24,jump_count_gt_5pct,0.0,0.0,0.0,6,6
baseline,DD,lstm,lstm_h24,24,delta_mae,0.0,0.0,0.0,6,6
baseline,DD,lstm,lstm_h24,24,delta_rmse,0.0,0.0,0.0,6,6
baseline,DD,lstm,lstm_h6,6,mae,0.02583832185696185,0.01902247926071965,0.03240792570588719,6,6
baseline,DD,lstm,lstm_h6,6,rmse,0.030033814653878253,0.022304288802906542,0.03679056893033975,6,6
baseline,DD,lstm,lstm_h6,6,p95_error,0.0506891229086452,0.0375810960928599,0.06165208584732479,6,6
baseline,DD,lstm,lstm_h6,6,max_error,0.07638235928283797,0.05782630832658874,0.08888727343744701,6,6
baseline,DD,lstm,lstm_h6,6,bias,0.004165614873549778,-0.01034924211066502,0.017683536439132102,6,6
baseline,DD,lstm,lstm_h6,6,jump_count_gt_5pct,0.0,0.0,0.0,6,6
baseline,DD,lstm,lstm_h6,6,delta_mae,0.0,0.0,0.0,6,6
baseline,DD,lstm,lstm_h6,6,delta_rmse,0.0,0.0,0.0,6,6
baseline,DD,reference,reference_h1,1,mae,0.03073226382876901,0.020029916106210622,0.03971401291430116,6,6
baseline,DD,reference,reference_h1,1,rmse,0.03636780645977985,0.023701943132946397,0.046791017205230774,6,6
baseline,DD,reference,reference_h1,1,p95_error,0.06368116885423661,0.04277951535251406,0.08223979903592005,6,6
baseline,DD,reference,reference_h1,1,max_error,0.07642525786326991,0.05481049252880945,0.09578350765837562,6,6
baseline,DD,reference,reference_h1,1,bias,-0.02534738653288882,-0.03703942181815239,-0.011401416263365494,6,6
baseline,DD,reference,reference_h1,1,jump_count_gt_5pct,0.0,0.0,0.0,6,6
baseline,DD,reference,reference_h1,1,delta_mae,0.0,0.0,0.0,6,6
baseline,DD,reference,reference_h1,1,delta_rmse,0.0,0.0,0.0,6,6
baseline,DM,none,none,0,mae,0.06780464869247857,0.04905223019873681,0.08085867694283,6,6
baseline,DM,none,none,0,rmse,0.07326375385608283,0.05241091432336317,0.08729364411930492,6,6
baseline,DM,none,none,0,p95_error,0.1086492431557013,0.07537923581484292,0.1307144152517948,6,6
baseline,DM,none,none,0,max_error,0.12945619715939452,0.09017519287436294,0.15231174076911377,6,6
baseline,DM,none,none,0,bias,0.06780464869247857,0.049052230198736814,0.0807322153452102,6,6
baseline,DM,none,none,0,jump_count_gt_5pct,0.0,0.0,0.0,6,6
baseline,DM,none,none,0,delta_mae,0.0,0.0,0.0,6,6
baseline,DM,none,none,0,delta_rmse,0.0,0.0,0.0,6,6
baseline,HDM,lstm,lstm_h1,1,mae,0.04053958158219519,0.029727117500727093,0.050648487806014,6,6
baseline,HDM,lstm,lstm_h1,1,rmse,0.043789391872872264,0.03165936121641998,0.055467465281948174,6,6
baseline,HDM,lstm,lstm_h1,1,p95_error,0.06481143892225293,0.04385109477572971,0.08447723339673949,6,6
baseline,HDM,lstm,lstm_h1,1,max_error,0.076214472086071,0.0519340455668195,0.09866869458836745,6,6
baseline,HDM,lstm,lstm_h1,1,bias,0.03949677421864563,0.028963421066815268,0.04901830997043919,6,6
baseline,HDM,lstm,lstm_h1,1,jump_count_gt_5pct,0.0,0.0,0.0,6,6
baseline,HDM,lstm,lstm_h1,1,delta_mae,0.0,0.0,0.0,6,6
baseline,HDM,lstm,lstm_h1,1,delta_rmse,0.0,0.0,0.0,6,6
baseline,HDM,lstm,lstm_h24,24,mae,0.040798811955627005,0.029257924460057056,0.05126292780011627,6,6
baseline,HDM,lstm,lstm_h24,24,rmse,0.04410971300756188,0.031383607360584015,0.05569779749863202,6,6
baseline,HDM,lstm,lstm_h24,24,p95_error,0.06559389904141426,0.044456565338704325,0.08487721232490407,6,6
baseline,HDM,lstm,lstm_h24,24,max_error,0.07695657658299145,0.05168313665474974,0.09905485007392499,6,6
baseline,HDM,lstm,lstm_h24,24,bias,0.03988345626511652,0.028740584944826186,0.049902949383895945,6,6
baseline,HDM,lstm,lstm_h24,24,jump_count_gt_5pct,0.0,0.0,0.0,6,6
baseline,HDM,lstm,lstm_h24,24,delta_mae,0.0,0.0,0.0,6,6
baseline,HDM,lstm,lstm_h24,24,delta_rmse,0.0,0.0,0.0,6,6
baseline,HDM,lstm,lstm_h6,6,mae,0.04069135039687338,0.0297638402644352,0.050873003949652336,6,6
baseline,HDM,lstm,lstm_h6,6,rmse,0.04395293371864132,0.031702464974508675,0.05527334966394746,6,6
baseline,HDM,lstm,lstm_h6,6,p95_error,0.06508719838327831,0.04498471402459674,0.08477106915993822,6,6
baseline,HDM,lstm,lstm_h6,6,max_error,0.07640611040415024,0.05136657795770185,0.09896715560075285,6,6
baseline,HDM,lstm,lstm_h6,6,bias,0.03968090381648443,0.02906288615541815,0.04987231581695156,6,6
baseline,HDM,lstm,lstm_h6,6,jump_count_gt_5pct,0.0,0.0,0.0,6,6
baseline,HDM,lstm,lstm_h6,6,delta_mae,0.0,0.0,0.0,6,6
baseline,HDM,lstm,lstm_h6,6,delta_rmse,0.0,0.0,0.0,6,6
baseline,HDM,reference,reference_h1,1,mae,0.004234481022024158,0.0013544899456285995,0.008152783786376072,6,6
baseline,HDM,reference,reference_h1,1,rmse,0.004647046597711334,0.0016106684584213371,0.008580591963514465,6,6
baseline,HDM,reference,reference_h1,1,p95_error,0.006694340902484126,0.0029292212695711185,0.011074962622175616,6,6
baseline,HDM,reference,reference_h1,1,max_error,0.010051728284603692,0.005166614715461845,0.01472325432208284,6,6
baseline,HDM,reference,reference_h1,1,bias,0.003709966092713993,0.00030546008700827,0.00797988353289649,6,6
baseline,HDM,reference,reference_h1,1,jump_count_gt_5pct,0.0,0.0,0.0,6,6
baseline,HDM,reference,reference_h1,1,delta_mae,0.0,0.0,0.0,6,6
baseline,HDM,reference,reference_h1,1,delta_rmse,0.0,0.0,0.0,6,6
baseline,HECM,lstm,lstm_h1,1,mae,0.03346609184712511,0.024553131043441413,0.04286177117841822,6,6
baseline,HECM,lstm,lstm_h1,1,rmse,0.038949589636458566,0.02890043746286548,0.049593638495761365,6,6
baseline,HECM,lstm,lstm_h1,1,p95_error,0.06458322063449823,0.04673418941992735,0.0812057288707509,6,6
baseline,HECM,lstm,lstm_h1,1,max_error,0.09306748987083202,0.06215400159051851,0.1244161814813229,6,6
baseline,HECM,lstm,lstm_h1,1,bias,-0.0274558041236156,-0.03335127685860872,-0.021560331388622494,6,6
baseline,HECM,lstm,lstm_h1,1,jump_count_gt_5pct,1.1666666666666667,0.27777777777777773,2.166666666666667,6,6
baseline,HECM,lstm,lstm_h1,1,delta_mae,0.0,0.0,0.0,6,6
baseline,HECM,lstm,lstm_h1,1,delta_rmse,0.0,0.0,0.0,6,6
baseline,HECM,lstm,lstm_h24,24,mae,0.03312191448292439,0.024789463414285017,0.042012527609201725,6,6
baseline,HECM,lstm,lstm_h24,24,rmse,0.0381819684577564,0.028774470419153653,0.048481862170218354,6,6
baseline,HECM,lstm,lstm_h24,24,p95_error,0.06451540428383827,0.04763971888822308,0.08152648137516899,6,6
baseline,HECM,lstm,lstm_h24,24,max_error,0.08294978443543259,0.05938191347385324,0.10167878976360953,6,6
baseline,HECM,lstm,lstm_h24,24,bias,-0.027207766948104044,-0.0327456185702092,-0.021859449305343007,6,6
baseline,HECM,lstm,lstm_h24,24,jump_count_gt_5pct,1.2222222222222223,0.3333333333333333,2.2777777777777777,6,6
baseline,HECM,lstm,lstm_h24,24,delta_mae,0.0,0.0,0.0,6,6
baseline,HECM,lstm,lstm_h24,24,delta_rmse,0.0,0.0,0.0,6,6
baseline,HECM,lstm,lstm_h6,6,mae,0.033594075459680496,0.024725380697169588,0.04282058813069464,6,6
baseline,HECM,lstm,lstm_h6,6,rmse,0.03909654975832498,0.028677440072295682,0.04952800859514491,6,6
baseline,HECM,lstm,lstm_h6,6,p95_error,0.06496057318710009,0.04697099781870387,0.08264620993339299,6,6
baseline,HECM,lstm,lstm_h6,6,max_error,0.09457564914853024,0.06321230326357688,0.1267194128329428,6,6
baseline,HECM,lstm,lstm_h6,6,bias,-0.027661333275043377,-0.03356408059889542,-0.02175858595119135,6,6
baseline,HECM,lstm,lstm_h6,6,jump_count_gt_5pct,1.1111111111111114,0.3333333333333333,1.888888888888889,6,6
baseline,HECM,lstm,lstm_h6,6,delta_mae,0.0,0.0,0.0,6,6
baseline,HECM,lstm,lstm_h6,6,delta_rmse,0.0,0.0,0.0,6,6
baseline,HECM,reference,reference_h1,1,mae,0.01710741738172579,0.012748544226277185,0.022123265083951484,6,6
baseline,HECM,reference,reference_h1,1,rmse,0.021271011289107664,0.015956093896450477,0.027133737462478446,6,6
baseline,HECM,reference,reference_h1,1,p95_error,0.034406599021493005,0.024777330825857178,0.04448442984236493,6,6
baseline,HECM,reference,reference_h1,1,max_error,0.07171403677987778,0.051894914102556235,0.08973439572046486,6,6
baseline,HECM,reference,reference_h1,1,bias,-0.0022571881214526286,-0.012167954405632375,0.007397973948612528,6,6
baseline,HECM,reference,reference_h1,1,jump_count_gt_5pct,0.7777777777777778,0.1111111111111111,1.5555555555555556,6,6
baseline,HECM,reference,reference_h1,1,delta_mae,0.0,0.0,0.0,6,6
baseline,HECM,reference,reference_h1,1,delta_rmse,0.0,0.0,0.0,6,6
current_bias_0p5pct,DD,lstm,lstm_h1,1,mae,0.025637238358703466,0.018417290310878316,0.03244546791874001,6,6
current_bias_0p5pct,DD,lstm,lstm_h1,1,rmse,0.029803117906364123,0.02185092640116333,0.036621455829169855,6,6
current_bias_0p5pct,DD,lstm,lstm_h1,1,p95_error,0.05052816511856185,0.037409137023819816,0.061875551276736794,6,6
current_bias_0p5pct,DD,lstm,lstm_h1,1,max_error,0.07481384898225467,0.05540520822008451,0.08768358122971322,6,6
current_bias_0p5pct,DD,lstm,lstm_h1,1,bias,0.0026775287969905436,-0.011943039883461312,0.017186635710585603,6,6
current_bias_0p5pct,DD,lstm,lstm_h1,1,jump_count_gt_5pct,0.0,0.0,0.0,6,6
current_bias_0p5pct,DD,lstm,lstm_h1,1,delta_mae,-0.00019708142943548738,-0.000716379285321427,0.00032221642645045227,6,6
current_bias_0p5pct,DD,lstm,lstm_h1,1,delta_rmse,-0.0002277582562217551,-0.0007153272364580784,0.00028291826208468827,6,6
current_bias_0p5pct,DM,none,none,0,mae,0.06602944166229768,0.04752801628516425,0.07892924053011248,6,6
current_bias_0p5pct,DM,none,none,0,rmse,0.07131628651879453,0.05068890051798697,0.08516716261411629,6,6
current_bias_0p5pct,DM,none,none,0,p95_error,0.1057050444599655,0.0727038212120533,0.12764961870594158,6,6
current_bias_0p5pct,DM,none,none,0,max_error,0.12561003826499473,0.08669615243957196,0.14823454416846796,6,6
current_bias_0p5pct,DM,none,none,0,bias,0.06602944166229768,0.04747533645177591,0.07892924053011248,6,6
current_bias_0p5pct,DM,none,none,0,jump_count_gt_5pct,0.0,0.0,0.0,6,6
current_bias_0p5pct,DM,none,none,0,delta_mae,-0.001775207030180883,-0.0019468316836213178,-0.0015873868466888372,6,6
current_bias_0p5pct,DM,none,none,0,delta_rmse,-0.0019474673372882956,-0.002135166521957833,-0.0017468824980449813,6,6
current_bias_0p5pct,HDM,lstm,lstm_h1,1,mae,0.03932205348357282,0.028217698451001125,0.04957276259448176,6,6
current_bias_0p5pct,HDM,lstm,lstm_h1,1,rmse,0.04248657484843579,0.03019642940819196,0.053881938004346534,6,6
current_bias_0p5pct,HDM,lstm,lstm_h1,1,p95_error,0.0628136730235484,0.042503266222774984,0.08243947200891046,6,6
current_bias_0p5pct,HDM,lstm,lstm_h1,1,max_error,0.07391833053462607,0.04947814482033992,0.09645784550290652,6,6
current_bias_0p5pct,HDM,lstm,lstm_h1,1,bias,0.03766412972336906,0.0271070542644294,0.04811840530195185,6,6
current_bias_0p5pct,HDM,lstm,lstm_h1,1,jump_count_gt_5pct,0.0,0.0,0.0,6,6
current_bias_0p5pct,HDM,lstm,lstm_h1,1,delta_mae,-0.0012175280986223608,-0.0015554333534473594,-0.0009421157136676435,6,6
current_bias_0p5pct,HDM,lstm,lstm_h1,1,delta_rmse,-0.0013028170244364784,-0.001691623992538664,-0.0009797457606006814,6,6
current_bias_0p5pct,HECM,lstm,lstm_h1,1,mae,0.03284525755064602,0.024279441093849215,0.04223463584494893,6,6
current_bias_0p5pct,HECM,lstm,lstm_h1,1,rmse,0.038344397944788326,0.02843836655475652,0.0487987857496881,6,6
current_bias_0p5pct,HECM,lstm,lstm_h1,1,p95_error,0.06343421766221642,0.045744186571808676,0.08106807517828067,6,6
current_bias_0p5pct,HECM,lstm,lstm_h1,1,max_error,0.09365613550049344,0.05953497092626362,0.12844263873162945,6,6
current_bias_0p5pct,HECM,lstm,lstm_h1,1,bias,-0.026599526225129195,-0.03225428143883166,-0.021362933209123514,6,6
current_bias_0p5pct,HECM,lstm,lstm_h1,1,jump_count_gt_5pct,1.1666666666666667,0.27777777777777773,2.166666666666667,6,6
current_bias_0p5pct,HECM,lstm,lstm_h1,1,delta_mae,-0.0006208342964790964,-0.0010350863921224321,-7.584075406867543e-05,6,6
current_bias_0p5pct,HECM,lstm,lstm_h1,1,delta_rmse,-0.0006051916916702326,-0.0009812461947500903,-0.00014077362119101778,6,6
current_bias_1p5pct,DD,lstm,lstm_h1,1,mae,0.025328788998268625,0.017662011261314777,0.032384575823241765,6,6
current_bias_1p5pct,DD,lstm,lstm_h1,1,rmse,0.029494217204245,0.020653603613129144,0.036871090071491724,6,6
current_bias_1p5pct,DD,lstm,lstm_h1,1,p95_error,0.05027675214740965,0.03572932895686891,0.06291174226337008,6,6
current_bias_1p5pct,DD,lstm,lstm_h1,1,max_error,0.07249163215359052,0.05129563021990988,0.08589671303828557,6,6
current_bias_1p5pct,DD,lstm,lstm_h1,1,bias,0.00026303311340385274,-0.014067827499921215,0.013778921622623312,6,6
current_bias_1p5pct,DD,lstm,lstm_h1,1,jump_count_gt_5pct,0.0,0.0,0.0,6,6
current_bias_1p5pct,DD,lstm,lstm_h1,1,delta_mae,-0.0005055307898703329,-0.00208637871032668,0.0010049301328852237,6,6
current_bias_1p5pct,DD,lstm,lstm_h1,1,delta_rmse,-0.0005366589583408757,-0.002029157868112975,0.0010111750055576939,6,6
current_bias_1p5pct,DM,none,none,0,mae,0.06247902747177533,0.04423527999197364,0.07522840718528843,6,6
current_bias_1p5pct,DM,none,none,0,rmse,0.0674399855482643,0.04741190828023281,0.08113964093838254,6,6
current_bias_1p5pct,DM,none,none,0,p95_error,0.09988247443818386,0.06713193214188021,0.1216494750438465,6,6
current_bias_1p5pct,DM,none,none,0,max_error,0.11791771457781881,0.07973210945847503,0.1401699808624623,6,6
current_bias_1p5pct,DM,none,none,0,bias,0.06247902747177533,0.04460168890321279,0.07522840718528843,6,6
current_bias_1p5pct,DM,none,none,0,jump_count_gt_5pct,0.0,0.0,0.0,6,6
current_bias_1p5pct,DM,none,none,0,delta_mae,-0.005325621220703242,-0.0058387377636983165,-0.004746662670326778,6,6
current_bias_1p5pct,DM,none,none,0,delta_rmse,-0.005823768307818518,-0.0063842613489363265,-0.005189146047472196,6,6
current_bias_1p5pct,HDM,lstm,lstm_h1,1,mae,0.037188453355322615,0.0256896909180553,0.047534748913868656,6,6
current_bias_1p5pct,HDM,lstm,lstm_h1,1,rmse,0.0401358573883395,0.027594213251868574,0.05177220817116657,6,6
current_bias_1p5pct,HDM,lstm,lstm_h1,1,p95_error,0.059310678992834355,0.03854666105988953,0.07853628939224615,6,6
current_bias_1p5pct,HDM,lstm,lstm_h1,1,max_error,0.07023339226735616,0.045752705625545786,0.09257124329219045,6,6
current_bias_1p5pct,HDM,lstm,lstm_h1,1,bias,0.034002890934653036,0.023849272175218855,0.04348163552797282,6,6
current_bias_1p5pct,HDM,lstm,lstm_h1,1,jump_count_gt_5pct,0.0,0.0,0.0,6,6
current_bias_1p5pct,HDM,lstm,lstm_h1,1,delta_mae,-0.00335112822687257,-0.0041487948431697995,-0.0026788978646994943,6,6
current_bias_1p5pct,HDM,lstm,lstm_h1,1,delta_rmse,-0.003653534484532758,-0.004545417963901198,-0.002911592234996277,6,6
current_bias_1p5pct,HECM,lstm,lstm_h1,1,mae,0.031532480662680294,0.023274088232398776,0.04106318737974223,6,6
current_bias_1p5pct,HECM,lstm,lstm_h1,1,rmse,0.03697882434717866,0.027680483500983902,0.047083866601106895,6,6
current_bias_1p5pct,HECM,lstm,lstm_h1,1,p95_error,0.06124579795790533,0.044435396582794086,0.0784076744463053,6,6
current_bias_1p5pct,HECM,lstm,lstm_h1,1,max_error,0.09241002769947232,0.058285877024286475,0.12680116061800614,6,6
current_bias_1p5pct,HECM,lstm,lstm_h1,1,bias,-0.02514875972160371,-0.030399902327522887,-0.020503728089041686,6,6
current_bias_1p5pct,HECM,lstm,lstm_h1,1,jump_count_gt_5pct,1.1666666666666667,0.27777777777777773,2.166666666666667,6,6
current_bias_1p5pct,HECM,lstm,lstm_h1,1,delta_mae,-0.001933611184444824,-0.0031498339664305444,-0.00028471329534608,6,6
current_bias_1p5pct,HECM,lstm,lstm_h1,1,delta_rmse,-0.0019707652892798975,-0.0031100953866397114,-0.0004905104687929569,6,6
current_bias_3p0pct,DD,lstm,lstm_h1,1,mae,0.025295673486730858,0.016600403566823962,0.032775975742417286,6,6
current_bias_3p0pct,DD,lstm,lstm_h1,1,rmse,0.029439773089566967,0.019578614621408582,0.03778801920245186,6,6
current_bias_3p0pct,DD,lstm,lstm_h1,1,p95_error,0.05019848454329703,0.034052676128016574,0.06452030688524246,6,6
current_bias_3p0pct,DD,lstm,lstm_h1,1,max_error,0.07028926867577764,0.049126224385367505,0.08510334210263358,6,6
current_bias_3p0pct,DD,lstm,lstm_h1,1,bias,-0.0033523582633120364,-0.01709500012491474,0.01073953293481715,6,6
current_bias_3p0pct,DD,lstm,lstm_h1,1,jump_count_gt_5pct,0.0,0.0,0.0,6,6
current_bias_3p0pct,DD,lstm,lstm_h1,1,delta_mae,-0.0005386463014080953,-0.0034949668180437213,0.0022309833010075502,6,6
current_bias_3p0pct,DD,lstm,lstm_h1,1,delta_rmse,-0.0005911030730189113,-0.003334581098681259,0.0024321645295430367,6,6
current_bias_3p0pct,DD,reference,reference_h1,1,mae,0.03436968894137291,0.022007358415507675,0.04496962736080101,6,6
current_bias_3p0pct,DD,reference,reference_h1,1,rmse,0.03996012108169959,0.025899551490984662,0.05175327018577683,6,6
current_bias_3p0pct,DD,reference,reference_h1,1,p95_error,0.0681048678027259,0.04366840918858846,0.08929297592904832,6,6
current_bias_3p0pct,DD,reference,reference_h1,1,max_error,0.08117536993490325,0.05651129285494486,0.1019442052476936,6,6
current_bias_3p0pct,DD,reference,reference_h1,1,bias,-0.03245593666979465,-0.044050421317271514,-0.01849016825591174,6,6
current_bias_3p0pct,DD,reference,reference_h1,1,jump_count_gt_5pct,0.0,0.0,0.0,6,6
current_bias_3p0pct,DD,reference,reference_h1,1,delta_mae,0.0036374251126038964,0.0017983900101127132,0.005389124418618998,6,6
current_bias_3p0pct,DD,reference,reference_h1,1,delta_rmse,0.0035923146219197454,0.00168428407461933,0.005366615205780574,6,6
current_bias_3p0pct,DM,none,none,0,mae,0.05725585980978398,0.03942646762567651,0.06972941179334356,6,6
current_bias_3p0pct,DM,none,none,0,rmse,0.061861511153823025,0.042204090866444756,0.07523775317674104,6,6
current_bias_3p0pct,DM,none,none,0,p95_error,0.0913543813241025,0.059066314374407146,0.11284521133121517,6,6
current_bias_3p0pct,DM,none,none,0,max_error,0.10720144852924325,0.07006565715331971,0.12970003722981197,6,6
current_bias_3p0pct,DM,none,none,0,bias,0.05715381388307395,0.03959127512996401,0.06928757638989601,6,6
current_bias_3p0pct,DM,none,none,0,jump_count_gt_5pct,0.0,0.0,0.0,6,6
current_bias_3p0pct,DM,none,none,0,delta_mae,-0.01054878888269458,-0.01156120729418472,-0.009464503820618383,6,6
current_bias_3p0pct,DM,none,none,0,delta_rmse,-0.011402242702259804,-0.01261834223659426,-0.01015032007729053,6,6
current_bias_3p0pct,HDM,lstm,lstm_h1,1,mae,0.034291124084492176,0.022234845507379006,0.04484918984330172,6,6
current_bias_3p0pct,HDM,lstm,lstm_h1,1,rmse,0.03716225351544545,0.02446397283719112,0.04895486202469201,6,6
current_bias_3p0pct,HDM,lstm,lstm_h1,1,p95_error,0.055679657840583895,0.035938652871280084,0.07345096535411559,6,6
current_bias_3p0pct,HDM,lstm,lstm_h1,1,max_error,0.06750052257009681,0.0445621278871234,0.08779086040698934,6,6
current_bias_3p0pct,HDM,lstm,lstm_h1,1,bias,0.028517983159256577,0.019023211882635702,0.03824811287032614,6,6
current_bias_3p0pct,HDM,lstm,lstm_h1,1,jump_count_gt_5pct,0.0,0.0,0.0,6,6
current_bias_3p0pct,HDM,lstm,lstm_h1,1,delta_mae,-0.006248457497703014,-0.007347590110450768,-0.005267327984520973,6,6
current_bias_3p0pct,HDM,lstm,lstm_h1,1,delta_rmse,-0.006627138357426815,-0.007629573505964578,-0.005681709639096075,6,6
current_bias_3p0pct,HDM,reference,reference_h1,1,mae,0.010739345984555152,0.008583667578260012,0.012645929786399106,6,6
current_bias_3p0pct,HDM,reference,reference_h1,1,rmse,0.011938118219910148,0.00978283350525199,0.013911496525239382,6,6
current_bias_3p0pct,HDM,reference,reference_h1,1,p95_error,0.018399636323253317,0.015967646530932852,0.020820231672583355,6,6
current_bias_3p0pct,HDM,reference,reference_h1,1,max_error,0.025406426790191797,0.019763543486634363,0.030623649486440422,6,6
current_bias_3p0pct,HDM,reference,reference_h1,1,bias,-0.008725939223273254,-0.012581673443770036,-0.003057709963662371,6,6
current_bias_3p0pct,HDM,reference,reference_h1,1,jump_count_gt_5pct,0.0,0.0,0.0,6,6
current_bias_3p0pct,HDM,reference,reference_h1,1,delta_mae,0.006504864962530994,0.0004296611129760033,0.011255771625088435,6,6
current_bias_3p0pct,HDM,reference,reference_h1,1,delta_rmse,0.007291071622198813,0.0014187633886941404,0.012198321098089345,6,6
current_bias_3p0pct,HECM,lstm,lstm_h1,1,mae,0.029397227483149713,0.021973403133151017,0.03798977587154412,6,6
current_bias_3p0pct,HECM,lstm,lstm_h1,1,rmse,0.03448522321566204,0.025900652253997694,0.04432965025335719,6,6
current_bias_3p0pct,HECM,lstm,lstm_h1,1,p95_error,0.05903419657992968,0.04351136298729169,0.07578122551875452,6,6
current_bias_3p0pct,HECM,lstm,lstm_h1,1,max_error,0.08660855622599105,0.06071903253697322,0.10781632968701547,6,6
current_bias_3p0pct,HECM,lstm,lstm_h1,1,bias,-0.0228742030957923,-0.027952541316065328,-0.018493713409618532,6,6
current_bias_3p0pct,HECM,lstm,lstm_h1,1,jump_count_gt_5pct,1.0555555555555556,0.27777777777777773,2.055555555555556,6,6
current_bias_3p0pct,HECM,lstm,lstm_h1,1,delta_mae,-0.0040688643639753995,-0.006193458882772205,-0.000792609989150835,6,6
current_bias_3p0pct,HECM,lstm,lstm_h1,1,delta_rmse,-0.004464366420796527,-0.007117513282293992,-0.00104345590105011,6,6
current_bias_3p0pct,HECM,reference,reference_h1,1,mae,0.024711221591529036,0.021692433202835502,0.027840996177530844,6,6
current_bias_3p0pct,HECM,reference,reference_h1,1,rmse,0.028075664588033938,0.024297494089519044,0.031491034820480934,6,6
current_bias_3p0pct,HECM,reference,reference_h1,1,p95_error,0.044400751928798686,0.0377248150772744,0.05113957484298253,6,6
current_bias_3p0pct,HECM,reference,reference_h1,1,max_error,0.08263242076492824,0.06127360629937061,0.10187031111905315,6,6
current_bias_3p0pct,HECM,reference,reference_h1,1,bias,0.004017660751920772,-0.008962855647414975,0.015186221165719285,6,6
current_bias_3p0pct,HECM,reference,reference_h1,1,jump_count_gt_5pct,0.7777777777777778,0.1111111111111111,1.5555555555555556,6,6
current_bias_3p0pct,HECM,reference,reference_h1,1,delta_mae,0.007603804209803246,0.004893544852461334,0.010100171497368637,6,6
current_bias_3p0pct,HECM,reference,reference_h1,1,delta_rmse,0.00680465329892627,0.003800410687934091,0.00960651973641577,6,6
current_noise_high,DD,lstm,lstm_h1,1,mae,0.025804708941656863,0.018753953027723636,0.03246610100153297,6,60
current_noise_high,DD,lstm,lstm_h1,1,rmse,0.030036442442590877,0.022337476780387437,0.036768377203838125,6,60
current_noise_high,DD,lstm,lstm_h1,1,p95_error,0.05081762943002912,0.037594833855827646,0.06152096273108487,6,60
current_noise_high,DD,lstm,lstm_h1,1,max_error,0.0775054234597418,0.058941951235756275,0.08985861769153013,6,60
current_noise_high,DD,lstm,lstm_h1,1,bias,0.0038522940300668804,-0.01064105057524497,0.01729006544190232,6,60
current_noise_high,DD,lstm,lstm_h1,1,jump_count_gt_5pct,0.07222222222222223,0.0,0.21666666666666665,6,60
current_noise_high,DD,lstm,lstm_h1,1,delta_mae,-2.9610846482091994e-05,-0.0003842584356152415,0.00023671333878710614,6,60
current_noise_high,DD,lstm,lstm_h1,1,delta_rmse,5.5662800049991925e-06,-0.00031538412436398205,0.0002660245027135385,6,60
current_noise_high,DD,reference,reference_h1,1,mae,0.031236870161613157,0.02021850823959455,0.040436738854515604,6,60
current_noise_high,DD,reference,reference_h1,1,rmse,0.03688293522288177,0.023882826244643586,0.04757816083924859,6,60
current_noise_high,DD,reference,reference_h1,1,p95_error,0.06461900728030337,0.04352247153926227,0.08351688361788791,6,60
current_noise_high,DD,reference,reference_h1,1,max_error,0.07887582631988659,0.0555231409540607,0.09828070445503626,6,60
current_noise_high,DD,reference,reference_h1,1,bias,-0.026107596023596153,-0.03795700385526401,-0.012025104627044312,6,60
current_noise_high,DD,reference,reference_h1,1,jump_count_gt_5pct,0.05555555555555555,0.005555555555555556,0.12777777777777777,6,60
current_noise_high,DD,reference,reference_h1,1,delta_mae,0.0005046063328441476,0.00019720548648113583,0.0008024917569784687,6,60
current_noise_high,DD,reference,reference_h1,1,delta_rmse,0.0005151287631019243,0.00014207664534227922,0.000864085922071939,6,60
current_noise_high,DM,none,none,0,mae,0.06694440230588206,0.04819384364326317,0.07991808272998918,6,60
current_noise_high,DM,none,none,0,rmse,0.07252865491796578,0.052173159800418124,0.08655684465907262,6,60
current_noise_high,DM,none,none,0,p95_error,0.10820417690983353,0.07520443546863194,0.13001995410697742,6,60
current_noise_high,DM,none,none,0,max_error,0.12969477558330658,0.09045224744475844,0.15217482545956057,6,60
current_noise_high,DM,none,none,0,bias,0.0669035574747876,0.048188022253145286,0.07999911661392098,6,60
current_noise_high,DM,none,none,0,jump_count_gt_5pct,0.0,0.0,0.0,6,60
current_noise_high,DM,none,none,0,delta_mae,-0.0008602463865965045,-0.0011764053274732067,-0.0005371421546955394,6,60
current_noise_high,DM,none,none,0,delta_rmse,-0.0007350989381170362,-0.0010310661658808442,-0.00044673437941455734,6,60
current_noise_high,HDM,lstm,lstm_h1,1,mae,0.040566706248721045,0.02942309468688246,0.05095313869033752,6,60
current_noise_high,HDM,lstm,lstm_h1,1,rmse,0.04392078647927696,0.031243259034176456,0.05545885288118084,6,60
current_noise_high,HDM,lstm,lstm_h1,1,p95_error,0.06563401428413475,0.04522046498946535,0.08486058459310637,6,60
current_noise_high,HDM,lstm,lstm_h1,1,max_error,0.07705204234902745,0.052271590648639656,0.0995437717225765,6,60
current_noise_high,HDM,lstm,lstm_h1,1,bias,0.03910013083845584,0.028356506813160123,0.04880311161221839,6,60
current_noise_high,HDM,lstm,lstm_h1,1,jump_count_gt_5pct,0.0,0.0,0.0,6,60
current_noise_high,HDM,lstm,lstm_h1,1,delta_mae,2.7124666525850134e-05,-0.0004023034528875104,0.00037912133323311,6,60
current_noise_high,HDM,lstm,lstm_h1,1,delta_rmse,0.0001313946064046937,-0.0003064499285675635,0.0005049747587293383,6,60
current_noise_high,HDM,reference,reference_h1,1,mae,0.004722020590757493,0.0026360443432763233,0.00787607722328488,6,60
current_noise_high,HDM,reference,reference_h1,1,rmse,0.005396285915613936,0.003322800598260689,0.008457203579205087,6,60
current_noise_high,HDM,reference,reference_h1,1,p95_error,0.00885386997795043,0.0058464790257114355,0.012243097651465279,6,60
current_noise_high,HDM,reference,reference_h1,1,max_error,0.012739787481162543,0.00862881382426066,0.016667117826808766,6,60
current_noise_high,HDM,reference,reference_h1,1,bias,0.00265317500937327,-0.000763302713854294,0.0069482428237132065,6,60
current_noise_high,HDM,reference,reference_h1,1,jump_count_gt_5pct,0.016666666666666666,0.0,0.06111111111111111,6,60
current_noise_high,HDM,reference,reference_h1,1,delta_mae,0.00048753956873333516,-0.0004828960918850869,0.0014361880724267876,6,60
current_noise_high,HDM,reference,reference_h1,1,delta_rmse,0.000749239317902602,-0.00024372180545703114,0.0017684712082545395,6,60
current_noise_high,HECM,lstm,lstm_h1,1,mae,0.03905909608158353,0.028346818784977065,0.04878363045973389,6,60
current_noise_high,HECM,lstm,lstm_h1,1,rmse,0.05177292425928287,0.036362514797771986,0.06632606786257825,6,60
current_noise_high,HECM,lstm,lstm_h1,1,p95_error,0.0738967173075958,0.05134185901146074,0.09789712267674482,6,60
current_noise_high,HECM,lstm,lstm_h1,1,max_error,0.16416449516016532,0.09972191076482778,0.2292899947567215,6,60
current_noise_high,HECM,lstm,lstm_h1,1,bias,-0.005315176442771228,-0.015623910189108007,0.005167116946339898,6,60
current_noise_high,HECM,lstm,lstm_h1,1,jump_count_gt_5pct,0.38888888888888884,0.20000000000000004,0.5666666666666667,6,60
current_noise_high,HECM,lstm,lstm_h1,1,delta_mae,0.005593004234458419,-0.004199485708844832,0.014663214984664165,6,60
current_noise_high,HECM,lstm,lstm_h1,1,delta_rmse,0.012823334622824296,0.0005407200659181579,0.02653032035162175,6,60
current_noise_high,HECM,reference,reference_h1,1,mae,0.018232646613706324,0.011598766547125019,0.025500080476146655,6,60
current_noise_high,HECM,reference,reference_h1,1,rmse,0.0323400840308621,0.021265125472600163,0.046553177513700174,6,60
current_noise_high,HECM,reference,reference_h1,1,p95_error,0.04006742724582592,0.02218593355591741,0.0654363874855987,6,60
current_noise_high,HECM,reference,reference_h1,1,max_error,0.12699564208087835,0.07075213319759294,0.1883215385726014,6,60
current_noise_high,HECM,reference,reference_h1,1,bias,-0.014422382887362086,-0.021460063209799252,-0.007858102925095497,6,60
current_noise_high,HECM,reference,reference_h1,1,jump_count_gt_5pct,0.38888888888888884,0.20000000000000004,0.5666666666666667,6,60
current_noise_high,HECM,reference,reference_h1,1,delta_mae,0.0011252292319805359,-0.0032988838166037185,0.007541721977952641,6,60
current_noise_high,HECM,reference,reference_h1,1,delta_rmse,0.011069072741754437,0.0023950405981401105,0.02242871817888155,6,60
current_noise_low,DD,lstm,lstm_h1,1,mae,0.02582289216885794,0.018827070591089182,0.03237469113705703,6,60
current_noise_low,DD,lstm,lstm_h1,1,rmse,0.030016209219289575,0.022225546818207802,0.036803183131748046,6,60
current_noise_low,DD,lstm,lstm_h1,1,p95_error,0.05076508132326934,0.0374370441847067,0.06182325490646891,6,60
current_noise_low,DD,lstm,lstm_h1,1,max_error,0.07616729218926695,0.057556458840974496,0.0885950427999099,6,60
current_noise_low,DD,lstm,lstm_h1,1,bias,0.003894153373451632,-0.009704227413508121,0.01818395767333063,6,60
current_noise_low,DD,lstm,lstm_h1,1,jump_count_gt_5pct,0.0,0.0,0.0,6,60
current_noise_low,DD,lstm,lstm_h1,1,delta_mae,-1.1427619281016044e-05,-7.846991173925407e-05,3.9508711421664026e-05,6,60
current_noise_low,DD,lstm,lstm_h1,1,delta_rmse,-1.4666943296300566e-05,-8.077350670304684e-05,3.701328627412585e-05,6,60
current_noise_low,DM,none,none,0,mae,0.06762496699360053,0.04908831233179673,0.08064646334907544,6,60
current_noise_low,DM,none,none,0,rmse,0.0731041987841209,0.053203980144763574,0.08707331583903762,6,60
current_noise_low,DM,none,none,0,p95_error,0.10847795075943902,0.07525177237313861,0.13055957146710717,6,60
current_noise_low,DM,none,none,0,max_error,0.12946868022627314,0.08963535566854944,0.15220943539353085,6,60
current_noise_low,DM,none,none,0,bias,0.0676245150666997,0.04888316628932508,0.08053579076083377,6,60
current_noise_low,DM,none,none,0,jump_count_gt_5pct,0.0,0.0,0.0,6,60
current_noise_low,DM,none,none,0,delta_mae,-0.00017968169887803685,-0.00024392279597878558,-0.00011266980860293538,6,60
current_noise_low,DM,none,none,0,delta_rmse,-0.00015955507196191714,-0.00021998500690250454,-9.870396992388567e-05,6,60
current_noise_low,HDM,lstm,lstm_h1,1,mae,0.04051393996131667,0.029648756271227796,0.05064317892308429,6,60
current_noise_low,HDM,lstm,lstm_h1,1,rmse,0.04378127465214567,0.03167001208719147,0.05526765701350681,6,60
current_noise_low,HDM,lstm,lstm_h1,1,p95_error,0.0648287391393549,0.043755654985964725,0.08443308774850124,6,60
current_noise_low,HDM,lstm,lstm_h1,1,max_error,0.07628162168753079,0.05148580486312956,0.09905426930650517,6,60
current_noise_low,HDM,lstm,lstm_h1,1,bias,0.03941515655496593,0.02869202900989206,0.049891379319284966,6,60
current_noise_low,HDM,lstm,lstm_h1,1,jump_count_gt_5pct,0.0,0.0,0.0,6,60
current_noise_low,HDM,lstm,lstm_h1,1,delta_mae,-2.5641620878517772e-05,-0.00010765482109927775,4.3387072650508124e-05,6,60
current_noise_low,HDM,lstm,lstm_h1,1,delta_rmse,-8.117220726596121e-06,-8.642780079130351e-05,6.148228466184221e-05,6,60
current_noise_low,HECM,lstm,lstm_h1,1,mae,0.035195230970839285,0.025869901410283246,0.04435436529078299,6,60
current_noise_low,HECM,lstm,lstm_h1,1,rmse,0.04842385689727629,0.03423788007677099,0.062390036809266934,6,60
current_noise_low,HECM,lstm,lstm_h1,1,p95_error,0.0694366755647705,0.04781339710419689,0.09391926258309806,6,60
current_noise_low,HECM,lstm,lstm_h1,1,max_error,0.1605830507888428,0.0952314187890326,0.2260001009040776,6,60
current_noise_low,HECM,lstm,lstm_h1,1,bias,-0.0029050125665182895,-0.012696386955107391,0.006926933860083414,6,60
current_noise_low,HECM,lstm,lstm_h1,1,jump_count_gt_5pct,0.38888888888888884,0.19999999999999998,0.5666666666666667,6,60
current_noise_low,HECM,lstm,lstm_h1,1,delta_mae,0.0017291391237141726,-0.006800283500841789,0.009355631205169395,6,60
current_noise_low,HECM,lstm,lstm_h1,1,delta_rmse,0.009474267260817723,-0.002012669174032017,0.022163702320087002,6,60
initial_soc_error,DD,lstm,lstm_h1,1,mae,0.07297471281828175,0.053217756669472795,0.08874643922755464,6,6
initial_soc_error,DD,lstm,lstm_h1,1,rmse,0.07894119546256807,0.058860948277165696,0.09495130761007582,6,6
initial_soc_error,DD,lstm,lstm_h1,1,p95_error,0.11358798676066928,0.0885321213139428,0.13904730114671918,6,6
initial_soc_error,DD,lstm,lstm_h1,1,max_error,0.12432217349608737,0.10029687649673885,0.14996220502588484,6,6
initial_soc_error,DD,lstm,lstm_h1,1,bias,-0.06863113946581392,-0.08623561654855605,-0.04693131566998346,6,6
initial_soc_error,DD,lstm,lstm_h1,1,jump_count_gt_5pct,0.0,0.0,0.0,6,6
initial_soc_error,DD,lstm,lstm_h1,1,common_recovery_time_h,1.04702222222223,0.5574740740740844,1.8486388888888847,5,5
initial_soc_error,DD,lstm,lstm_h1,1,common_recovery_or_censor_time_h,4.777300925925924,0.6165679012345621,12.36707407407406,6,6
initial_soc_error,DD,lstm,lstm_h1,1,common_recovery_observed_horizon_h,23.41740123456792,23.412629629629688,23.422509259259243,6,6
initial_soc_error,DD,lstm,lstm_h1,1,common_recovery_excess_auc_soc_h,1.2700264878940588,0.8336716392677181,1.6212785107950243,6,6
initial_soc_error,DD,lstm,lstm_h1,1,common_recovery_initial_abs_err,0.07711482213603126,0.06941754122575124,0.08313907848464118,6,6
initial_soc_error,DD,lstm,lstm_h1,1,common_recovery_mae_1h,0.05603846383567055,0.045460487844533326,0.06855974254737222,6,6
initial_soc_error,DD,lstm,lstm_h1,1,common_recovery_mae_6h,0.06603617644836783,0.05089579774309815,0.07710744360164043,6,6
initial_soc_error,DD,lstm,lstm_h1,1,delta_mae,0.04714039303014279,0.023390057296523964,0.06325333501069244,6,6
initial_soc_error,DD,lstm,lstm_h1,1,delta_rmse,0.048910319299982186,0.025405084868968187,0.06493940007301624,6,6
initial_soc_error,DD,lstm,lstm_h1,1,common_recovery_censored_fraction,0.0625,,,6,16
initial_soc_error,DM,none,none,0,mae,0.06270164830101536,0.05234310189780882,0.07197710516801825,6,6
initial_soc_error,DM,none,none,0,rmse,0.06894787441490159,0.05966881296828435,0.07755078923337147,6,6
initial_soc_error,DM,none,none,0,p95_error,0.10036222000295918,0.09164124598933591,0.10986452457598515,6,6
initial_soc_error,DM,none,none,0,max_error,0.11705833863485775,0.10303876415860537,0.1279369469205752,6,6
initial_soc_error,DM,none,none,0,bias,-0.02502043499912424,-0.04798148369706124,-0.00824026886706765,6,6
initial_soc_error,DM,none,none,0,jump_count_gt_5pct,0.1111111111111111,0.0,0.2222222222222222,6,6
initial_soc_error,DM,none,none,0,common_recovery_time_h,1.1321277777777845,0.7239592592592643,1.6962240740740757,5,5
initial_soc_error,DM,none,none,0,common_recovery_or_censor_time_h,6.2374135802469155,1.0947561728395165,13.822682407407363,6,6
initial_soc_error,DM,none,none,0,common_recovery_observed_horizon_h,23.979027777777798,23.97428086419758,23.98417592592591,6,6
initial_soc_error,DM,none,none,0,common_recovery_excess_auc_soc_h,1.0660117087986107,0.8461778484791515,1.2668545788733288,6,6
initial_soc_error,DM,none,none,0,common_recovery_initial_abs_err,0.09639746944109599,0.09140168627103169,0.10000002384185791,6,6
initial_soc_error,DM,none,none,0,common_recovery_mae_1h,0.07668741881689,0.07318639314222021,0.07985213409067643,6,6
initial_soc_error,DM,none,none,0,common_recovery_mae_6h,0.06590152102119969,0.057923617507514534,0.0726128886527212,6,6
initial_soc_error,DM,none,none,0,delta_mae,-0.005103000391463194,-0.02462818947798488,0.01937995111820046,6,6
initial_soc_error,DM,none,none,0,delta_rmse,-0.00431587944118123,-0.023346546390374118,0.019865093182879656,6,6
initial_soc_error,DM,none,none,0,common_recovery_censored_fraction,0.125,,,6,16
initial_soc_error,HDM,lstm,lstm_h1,1,mae,0.06395428777655524,0.050765369232104375,0.07460525292345482,6,6
initial_soc_error,HDM,lstm,lstm_h1,1,rmse,0.06782706251915814,0.057149815121990855,0.07624168530551188,6,6
initial_soc_error,HDM,lstm,lstm_h1,1,p95_error,0.08807817852745453,0.08491500829242997,0.09278283115062448,6,6
initial_soc_error,HDM,lstm,lstm_h1,1,max_error,0.09949543395780186,0.09287907071494474,0.10491642151949539,6,6
initial_soc_error,HDM,lstm,lstm_h1,1,bias,-0.05329154802800958,-0.0683757340075303,-0.034782890327409256,6,6
initial_soc_error,HDM,lstm,lstm_h1,1,jump_count_gt_5pct,0.1111111111111111,0.0,0.2222222222222222,6,6
initial_soc_error,HDM,lstm,lstm_h1,1,common_recovery_time_h,1.4608546296296365,0.9802351851851887,2.2482138888888854,5,5
initial_soc_error,HDM,lstm,lstm_h1,1,common_recovery_or_censor_time_h,6.497554012345682,1.4140246913580434,13.821652777777762,6,6
initial_soc_error,HDM,lstm,lstm_h1,1,common_recovery_observed_horizon_h,23.979027777777798,23.974334876543242,23.984060185185168,6,6
initial_soc_error,HDM,lstm,lstm_h1,1,common_recovery_excess_auc_soc_h,1.0996875484068966,0.824188602492999,1.3102404096145255,6,6
initial_soc_error,HDM,lstm,lstm_h1,1,common_recovery_initial_abs_err,0.09639746944109599,0.09140168627103169,0.10000002384185791,6,6
initial_soc_error,HDM,lstm,lstm_h1,1,common_recovery_mae_1h,0.07852926323732547,0.07415636387206317,0.08191696894943164,6,6
initial_soc_error,HDM,lstm,lstm_h1,1,common_recovery_mae_6h,0.06622193374426792,0.05592947850309139,0.07520318166914002,6,6
initial_soc_error,HDM,lstm,lstm_h1,1,delta_mae,0.023414706194360053,0.0009406322605440472,0.043654641114576016,6,6
initial_soc_error,HDM,lstm,lstm_h1,1,delta_rmse,0.02403767064628587,0.0028439579154017117,0.04393277264509816,6,6
initial_soc_error,HDM,lstm,lstm_h1,1,common_recovery_censored_fraction,0.125,,,6,16
initial_soc_error,HECM,lstm,lstm_h1,1,mae,0.04146120301908071,0.03148655459361031,0.05162337941415037,6,6
initial_soc_error,HECM,lstm,lstm_h1,1,rmse,0.05679744175906173,0.03971314822783709,0.07373239291836904,6,6
initial_soc_error,HECM,lstm,lstm_h1,1,p95_error,0.08142324860785202,0.05530263492181317,0.10922995676270858,6,6
initial_soc_error,HECM,lstm,lstm_h1,1,max_error,0.27863293044709875,0.18189298530921835,0.37059011537486164,6,6
initial_soc_error,HECM,lstm,lstm_h1,1,bias,-0.03612127599238777,-0.04459541335769301,-0.028193753816525422,6,6
initial_soc_error,HECM,lstm,lstm_h1,1,jump_count_gt_5pct,2.8333333333333335,2.0,3.5,6,6
initial_soc_error,HECM,lstm,lstm_h1,1,common_recovery_time_h,1.29181790123459,0.5836435185185379,2.231030864197571,6,6
initial_soc_error,HECM,lstm,lstm_h1,1,common_recovery_or_censor_time_h,1.29181790123459,0.5915370370370816,2.238972222222246,6,6
initial_soc_error,HECM,lstm,lstm_h1,1,common_recovery_observed_horizon_h,23.979027777777798,23.974333526234602,23.984263888888865,6,6
initial_soc_error,HECM,lstm,lstm_h1,1,common_recovery_excess_auc_soc_h,0.6147271661797283,0.3685522103123215,0.8573242545073452,6,6
initial_soc_error,HECM,lstm,lstm_h1,1,common_recovery_initial_abs_err,0.0963457513003549,0.0916039446178688,0.09979796656121055,6,6
initial_soc_error,HECM,lstm,lstm_h1,1,common_recovery_mae_1h,0.11810566289285189,0.05853720817182154,0.17556885447337064,6,6
initial_soc_error,HECM,lstm,lstm_h1,1,common_recovery_mae_6h,0.05570846192717899,0.03350295452585092,0.08335723573843117,6,6
initial_soc_error,HECM,lstm,lstm_h1,1,delta_mae,0.007995111171955598,0.0026279265923400356,0.0153409903183348,6,6
initial_soc_error,HECM,lstm,lstm_h1,1,delta_rmse,0.017847852122603147,0.006250904285855265,0.03257206730252505,6,6
initial_soc_error,HECM,lstm,lstm_h1,1,common_recovery_censored_fraction,0.0,,,6,16
irregular_sampling_0p1s,DD,lstm,lstm_h1,1,mae,0.025700053695902076,0.018743198276826835,0.03255297824821586,6,30
irregular_sampling_0p1s,DD,lstm,lstm_h1,1,rmse,0.030036691157112317,0.022444421205474487,0.03665108169027914,6,30
irregular_sampling_0p1s,DD,lstm,lstm_h1,1,p95_error,0.05130588319566515,0.038310944390379714,0.06151984191561738,6,30
irregular_sampling_0p1s,DD,lstm,lstm_h1,1,max_error,0.07650030652681987,0.05712346286823353,0.08908263300235074,6,30
irregular_sampling_0p1s,DD,lstm,lstm_h1,1,bias,0.005328509856171629,-0.00888031067427202,0.019532504287139024,6,30
irregular_sampling_0p1s,DD,lstm,lstm_h1,1,jump_count_gt_5pct,0.08888888888888889,0.0,0.27777777777777773,6,30
irregular_sampling_0p1s,DD,lstm,lstm_h1,1,delta_mae,-0.0001342660922368793,-0.000630427956386675,0.0003712224178344854,6,30
irregular_sampling_0p1s,DD,lstm,lstm_h1,1,delta_rmse,5.814994526441362e-06,-0.0005301745318283336,0.0005458011238654351,6,30
irregular_sampling_0p1s,DM,none,none,0,mae,0.06763116516855355,0.04897380323162787,0.08029691793189249,6,30
irregular_sampling_0p1s,DM,none,none,0,rmse,0.07310795877630777,0.05225479035877027,0.08699949379343405,6,30
irregular_sampling_0p1s,DM,none,none,0,p95_error,0.10834789439828861,0.07676437943542584,0.130339606910944,6,30
irregular_sampling_0p1s,DM,none,none,0,max_error,0.12952369799629904,0.08950540468020765,0.15232491357088976,6,30
irregular_sampling_0p1s,DM,none,none,0,bias,0.06761013910884435,0.04887341881904879,0.08043459852453866,6,30
irregular_sampling_0p1s,DM,none,none,0,jump_count_gt_5pct,0.0,0.0,0.0,6,30
irregular_sampling_0p1s,DM,none,none,0,delta_mae,-0.00017348352392499737,-0.000526338736915972,0.0002252805944631092,6,30
irregular_sampling_0p1s,DM,none,none,0,delta_rmse,-0.00015579507977506773,-0.00046907356261266915,0.0001965704158028185,6,30
irregular_sampling_0p1s,HDM,lstm,lstm_h1,1,mae,0.04066775854244098,0.029916655081254424,0.05080624268600769,6,30
irregular_sampling_0p1s,HDM,lstm,lstm_h1,1,rmse,0.0439432507734947,0.031690738059894565,0.055486411342073175,6,30
irregular_sampling_0p1s,HDM,lstm,lstm_h1,1,p95_error,0.06506129946973588,0.044965943143082165,0.08384862689394502,6,30
irregular_sampling_0p1s,HDM,lstm,lstm_h1,1,max_error,0.07670193534604171,0.052402405243257615,0.09939915981263657,6,30
irregular_sampling_0p1s,HDM,lstm,lstm_h1,1,bias,0.03935298295799542,0.02873953840083653,0.04873502693317075,6,30
irregular_sampling_0p1s,HDM,lstm,lstm_h1,1,jump_count_gt_5pct,0.0,0.0,0.0,6,30
irregular_sampling_0p1s,HDM,lstm,lstm_h1,1,delta_mae,0.0001281769602457952,-0.00035233460255189607,0.0006659297799756958,6,30
irregular_sampling_0p1s,HDM,lstm,lstm_h1,1,delta_rmse,0.00015385890062244448,-0.00029761904906118507,0.0006507202248905856,6,30
irregular_sampling_0p1s,HECM,lstm,lstm_h1,1,mae,0.03424486028100016,0.02623979898050138,0.04316986463737543,6,30
irregular_sampling_0p1s,HECM,lstm,lstm_h1,1,rmse,0.03976757104430895,0.03039120243438907,0.04929835115733737,6,30
irregular_sampling_0p1s,HECM,lstm,lstm_h1,1,p95_error,0.06539794658598962,0.048943478714433705,0.0822553328332587,6,30
irregular_sampling_0p1s,HECM,lstm,lstm_h1,1,max_error,0.09362744773040593,0.06318773878844575,0.12269110238403579,6,30
irregular_sampling_0p1s,HECM,lstm,lstm_h1,1,bias,-0.028402566837654408,-0.0340043505297101,-0.023419539790498416,6,30
irregular_sampling_0p1s,HECM,lstm,lstm_h1,1,jump_count_gt_5pct,1.3222222222222222,0.4666666666666666,2.233333333333333,6,30
irregular_sampling_0p1s,HECM,lstm,lstm_h1,1,delta_mae,0.0007787684338750434,-0.0002875704597296476,0.002184861342184768,6,30
irregular_sampling_0p1s,HECM,lstm,lstm_h1,1,delta_rmse,0.0008179814078503721,-0.00037016130775870414,0.002189881781102893,6,30
irregular_sampling_0p5s,DD,lstm,lstm_h1,1,mae,0.02585034126827422,0.0190166604553305,0.0326376902982411,6,30
irregular_sampling_0p5s,DD,lstm,lstm_h1,1,rmse,0.030283686226605624,0.022803557983420136,0.03700992330444047,6,30
irregular_sampling_0p5s,DD,lstm,lstm_h1,1,p95_error,0.05173410933878686,0.038956320143822165,0.062466474925478285,6,30
irregular_sampling_0p5s,DD,lstm,lstm_h1,1,max_error,0.08055809372001226,0.061223702149258714,0.09389551460329028,6,30
irregular_sampling_0p5s,DD,lstm,lstm_h1,1,bias,0.005470854028347932,-0.009237410526636668,0.01991506749355754,6,30
irregular_sampling_0p5s,DD,lstm,lstm_h1,1,jump_count_gt_5pct,0.4333333333333333,0.08888888888888889,0.8555555555555555,6,30
irregular_sampling_0p5s,DD,lstm,lstm_h1,1,delta_mae,1.6021480135269574e-05,-0.0005470758161330827,0.000590502259920611,6,30
irregular_sampling_0p5s,DD,lstm,lstm_h1,1,delta_rmse,0.00025281006401974216,-0.0003644283722153828,0.0008291352223434664,6,30
irregular_sampling_0p5s,DM,none,none,0,mae,0.0676106340765346,0.049066758267549006,0.08025432756305174,6,30
irregular_sampling_0p5s,DM,none,none,0,rmse,0.0730962951448977,0.05250021230319579,0.08686785162497924,6,30
irregular_sampling_0p5s,DM,none,none,0,p95_error,0.10832078709732741,0.07561723170470862,0.1301018451081408,6,30
irregular_sampling_0p5s,DM,none,none,0,max_error,0.12956427588277517,0.0897907787928605,0.1522721806422184,6,30
irregular_sampling_0p5s,DM,none,none,0,bias,0.06759826877229437,0.04905786545709108,0.08019275980511213,6,30
irregular_sampling_0p5s,DM,none,none,0,jump_count_gt_5pct,0.0,0.0,0.0,6,30
irregular_sampling_0p5s,DM,none,none,0,delta_mae,-0.00019401461594396806,-0.000608378364967948,0.00019238608994339752,6,30
irregular_sampling_0p5s,DM,none,none,0,delta_rmse,-0.00016745871118513628,-0.0005427448819331506,0.00017759167444683042,6,30
irregular_sampling_0p5s,HDM,lstm,lstm_h1,1,mae,0.040733479236779224,0.02993311024117712,0.05087867232918476,6,30
irregular_sampling_0p5s,HDM,lstm,lstm_h1,1,rmse,0.044002051669770864,0.03221430752881948,0.055303943402123516,6,30
irregular_sampling_0p5s,HDM,lstm,lstm_h1,1,p95_error,0.06512512071679036,0.04503583317638065,0.08473268363179845,6,30
irregular_sampling_0p5s,HDM,lstm,lstm_h1,1,max_error,0.07682700159809125,0.051965477781913905,0.09923192005185379,6,30
irregular_sampling_0p5s,HDM,lstm,lstm_h1,1,bias,0.039340869231558356,0.02886649411619952,0.04978219160386337,6,30
irregular_sampling_0p5s,HDM,lstm,lstm_h1,1,jump_count_gt_5pct,0.0,0.0,0.0,6,30
irregular_sampling_0p5s,HDM,lstm,lstm_h1,1,delta_mae,0.00019389765458403506,-9.255807972922069e-05,0.00046381091684320503,6,30
irregular_sampling_0p5s,HDM,lstm,lstm_h1,1,delta_rmse,0.0002126597968985998,-6.22700510026075e-05,0.000475888132222342,6,30
irregular_sampling_0p5s,HECM,lstm,lstm_h1,1,mae,0.03398334045229388,0.02590466535085368,0.04302434796519363,6,30
irregular_sampling_0p5s,HECM,lstm,lstm_h1,1,rmse,0.039633788187744705,0.030447344137990186,0.049041886186734725,6,30
irregular_sampling_0p5s,HECM,lstm,lstm_h1,1,p95_error,0.06518381204406087,0.04795486178987192,0.08129489521795849,6,30
irregular_sampling_0p5s,HECM,lstm,lstm_h1,1,max_error,0.09406997300807167,0.06374264286049842,0.120629524657221,6,30
irregular_sampling_0p5s,HECM,lstm,lstm_h1,1,bias,-0.02822444811668128,-0.033655230130509306,-0.02305333444693044,6,30
irregular_sampling_0p5s,HECM,lstm,lstm_h1,1,jump_count_gt_5pct,1.211111111111111,0.4444444444444445,2.0444444444444443,6,30
irregular_sampling_0p5s,HECM,lstm,lstm_h1,1,delta_mae,0.0005172486051687623,-0.00035198516717843003,0.0016388102761679304,6,30
irregular_sampling_0p5s,HECM,lstm,lstm_h1,1,delta_rmse,0.0006841985512861434,-0.00057042797276249,0.0021384988439283477,6,30
irregular_sampling_0p9s,DD,lstm,lstm_h1,1,mae,0.026183405596577173,0.019475098501982084,0.03301826532298719,6,30
irregular_sampling_0p9s,DD,lstm,lstm_h1,1,rmse,0.030774526655535202,0.023305900133759747,0.03736475012148808,6,30
irregular_sampling_0p9s,DD,lstm,lstm_h1,1,p95_error,0.052966250247425496,0.040218655945940145,0.06339390451088547,6,30
irregular_sampling_0p9s,DD,lstm,lstm_h1,1,max_error,0.10072405338287355,0.07898017312917445,0.1166961637698114,6,30
irregular_sampling_0p9s,DD,lstm,lstm_h1,1,bias,0.0057276999775448985,-0.008725587715071252,0.020095158467091753,6,30
irregular_sampling_0p9s,DD,lstm,lstm_h1,1,jump_count_gt_5pct,1.5666666666666664,0.7333333333333334,2.433333333333333,6,30
irregular_sampling_0p9s,DD,lstm,lstm_h1,1,delta_mae,0.00034908580843821704,-0.0002974911270073532,0.0010211934373391678,6,30
irregular_sampling_0p9s,DD,lstm,lstm_h1,1,delta_rmse,0.0007436504929493192,3.4193093609864634e-05,0.0013996470294676707,6,30
irregular_sampling_0p9s,DM,none,none,0,mae,0.06754557771257909,0.04906402563160488,0.08021075038872288,6,30
irregular_sampling_0p9s,DM,none,none,0,rmse,0.07305164959398996,0.05214251975479877,0.08688648309956537,6,30
irregular_sampling_0p9s,DM,none,none,0,p95_error,0.10836619437465239,0.075368536463473,0.13018573319842106,6,30
irregular_sampling_0p9s,DM,none,none,0,max_error,0.12975779334620305,0.09048719270678879,0.1525084969893203,6,30
irregular_sampling_0p9s,DM,none,none,0,bias,0.06749834440709086,0.048794069124110814,0.08027965924721701,6,30
irregular_sampling_0p9s,DM,none,none,0,jump_count_gt_5pct,0.0,0.0,0.0,6,30
irregular_sampling_0p9s,DM,none,none,0,delta_mae,-0.0002590709798994685,-0.0006317544462676282,9.55784151765005e-05,6,30
irregular_sampling_0p9s,DM,none,none,0,delta_rmse,-0.00021210426209285747,-0.0005477669528616734,0.00011128009199579545,6,30
irregular_sampling_0p9s,HDM,lstm,lstm_h1,1,mae,0.04083709829179872,0.029763115013188405,0.05096124699565112,6,30
irregular_sampling_0p9s,HDM,lstm,lstm_h1,1,rmse,0.04412399494717482,0.03184967880265716,0.05556411272099492,6,30
irregular_sampling_0p9s,HDM,lstm,lstm_h1,1,p95_error,0.06540222882189685,0.04501748072376682,0.08518049301248458,6,30
irregular_sampling_0p9s,HDM,lstm,lstm_h1,1,max_error,0.07703044553309155,0.05197773644023401,0.0996965901127194,6,30
irregular_sampling_0p9s,HDM,lstm,lstm_h1,1,bias,0.03925124260181126,0.028758572385590483,0.0494824384154875,6,30
irregular_sampling_0p9s,HDM,lstm,lstm_h1,1,jump_count_gt_5pct,0.0,0.0,0.0,6,30
irregular_sampling_0p9s,HDM,lstm,lstm_h1,1,delta_mae,0.00029751670960353094,-3.6734397818345e-05,0.0006936125637079448,6,30
irregular_sampling_0p9s,HDM,lstm,lstm_h1,1,delta_rmse,0.00033460307430255163,-1.1125845167072359e-05,0.0007302347153629815,6,30
irregular_sampling_0p9s,HECM,lstm,lstm_h1,1,mae,0.03409240456657212,0.02589903605020033,0.042848943909807445,6,30
irregular_sampling_0p9s,HECM,lstm,lstm_h1,1,rmse,0.03966689857629235,0.030125657948755786,0.04951942035218066,6,30
irregular_sampling_0p9s,HECM,lstm,lstm_h1,1,p95_error,0.06519164719809853,0.04804268231788726,0.08135423191273516,6,30
irregular_sampling_0p9s,HECM,lstm,lstm_h1,1,max_error,0.0958442855742191,0.06584093938907923,0.12320014735708047,6,30
irregular_sampling_0p9s,HECM,lstm,lstm_h1,1,bias,-0.028198721853403153,-0.03409453987986768,-0.023087965425588938,6,30
irregular_sampling_0p9s,HECM,lstm,lstm_h1,1,jump_count_gt_5pct,1.2444444444444445,0.4441666666666668,2.1888888888888887,6,30
irregular_sampling_0p9s,HECM,lstm,lstm_h1,1,delta_mae,0.0006263127194470122,-0.0002756113974517621,0.0016269974462520746,6,30
irregular_sampling_0p9s,HECM,lstm,lstm_h1,1,delta_rmse,0.0007173089398337848,-0.0003746343439203887,0.002009792165928669,6,30
missing_gap_1h,DD,lstm,lstm_h1,1,mae,0.03918661859346904,0.02669958178716916,0.05005976284845032,6,6
missing_gap_1h,DD,lstm,lstm_h1,1,rmse,0.05790756695787996,0.043982194102676585,0.06986166047596067,6,6
missing_gap_1h,DD,lstm,lstm_h1,1,p95_error,0.10079113162226139,0.06313288128624357,0.13506592578358118,6,6
missing_gap_1h,DD,lstm,lstm_h1,1,max_error,0.38734736293554306,0.34048804557985735,0.4317916159828504,6,6
missing_gap_1h,DD,lstm,lstm_h1,1,bias,-0.0005190659639878586,-0.019518317921288175,0.0180382479892315,6,6
missing_gap_1h,DD,lstm,lstm_h1,1,jump_count_gt_5pct,0.611111111111111,0.3333333333333333,0.8888888888888888,6,6
missing_gap_1h,DD,lstm,lstm_h1,1,common_recovery_time_h,2.837232253086418,0.5619027777777822,5.692956790123451,6,6
missing_gap_1h,DD,lstm,lstm_h1,1,common_recovery_or_censor_time_h,4.131929012345679,1.5191049382715907,6.966594135802481,6,6
missing_gap_1h,DD,lstm,lstm_h1,1,common_recovery_observed_horizon_h,23.477782407407528,23.471529320987838,23.48403549382721,6,6
missing_gap_1h,DD,lstm,lstm_h1,1,common_recovery_excess_auc_soc_h,0.7276962751007887,0.3524318702152722,1.0699768677351122,6,6
missing_gap_1h,DD,lstm,lstm_h1,1,common_recovery_initial_abs_err,0.09549903869628906,0.03653043434023858,0.1556097368399302,6,6
missing_gap_1h,DD,lstm,lstm_h1,1,common_recovery_mae_1h,0.07517852245505106,0.043257790354871796,0.10499594211314404,6,6
missing_gap_1h,DD,lstm,lstm_h1,1,common_recovery_mae_6h,0.07066631467105565,0.03960649260896392,0.0990108192522537,6,6
missing_gap_1h,DD,lstm,lstm_h1,1,gap_net_charge_ah,0.008320796604869014,-0.1050871358026126,0.09723016031641016,6,6
missing_gap_1h,DD,lstm,lstm_h1,1,gap_throughput_ah,1.8673600015432772,1.3850749134259566,2.355188427314912,6,6
missing_gap_1h,DD,lstm,lstm_h1,1,gap_reference_soc_change,0.008785352110862734,-0.07250760992368062,0.07552711168924968,6,6
missing_gap_1h,DD,lstm,lstm_h1,1,delta_mae,0.01335229880533008,0.007034193696075268,0.019048149906044025,6,6
missing_gap_1h,DD,lstm,lstm_h1,1,delta_rmse,0.027876690795294087,0.020604922056254048,0.03521235684750068,6,6
missing_gap_1h,DD,lstm,lstm_h1,1,common_recovery_censored_fraction,0.0625,,,6,16
missing_gap_1h,DD,reference,reference_h1,1,mae,0.04599714920347525,0.03201433833858792,0.057537028146629504,6,6
missing_gap_1h,DD,reference,reference_h1,1,rmse,0.06524796057849995,0.04842039653920893,0.07975635967045218,6,6
missing_gap_1h,DD,reference,reference_h1,1,p95_error,0.11682199670208819,0.07385868065887022,0.15785557528336835,6,6
missing_gap_1h,DD,reference,reference_h1,1,max_error,0.4044507750206523,0.34952245901028317,0.46023908377521566,6,6
missing_gap_1h,DD,reference,reference_h1,1,bias,-0.029223273075623783,-0.043219530061127484,-0.015230681284863186,6,6
missing_gap_1h,DD,reference,reference_h1,1,jump_count_gt_5pct,0.5555555555555555,0.27777777777777773,0.7777777777777777,6,6
missing_gap_1h,DD,reference,reference_h1,1,common_recovery_time_h,3.875009259259268,1.4594459876543369,6.426557098765437,6,6
missing_gap_1h,DD,reference,reference_h1,1,common_recovery_or_censor_time_h,6.444253086419763,2.7767669753086417,10.66721450617286,6,6
missing_gap_1h,DD,reference,reference_h1,1,common_recovery_observed_horizon_h,23.477782407407528,23.471529320987838,23.48403549382721,6,6
missing_gap_1h,DD,reference,reference_h1,1,common_recovery_excess_auc_soc_h,0.9217136569548726,0.4691615115288235,1.353489239503172,6,6
missing_gap_1h,DD,reference,reference_h1,1,common_recovery_initial_abs_err,0.11954591340488857,0.06298830442958409,0.17326140486531785,6,6
missing_gap_1h,DD,reference,reference_h1,1,common_recovery_mae_1h,0.08142920185660803,0.04105194499301565,0.1205156721489433,6,6
missing_gap_1h,DD,reference,reference_h1,1,common_recovery_mae_6h,0.07640643393030884,0.04260772579287523,0.11309518191702189,6,6
missing_gap_1h,DD,reference,reference_h1,1,gap_net_charge_ah,0.008320796604869014,-0.1050871358026126,0.09811869135808376,6,6
missing_gap_1h,DD,reference,reference_h1,1,gap_throughput_ah,1.8673600015432772,1.3633967969135972,2.347353825308757,6,6
missing_gap_1h,DD,reference,reference_h1,1,gap_reference_soc_change,0.008785352110862734,-0.07363507813877529,0.07439964347415501,6,6
missing_gap_1h,DD,reference,reference_h1,1,delta_mae,0.015264885374706242,0.007688115888267026,0.024298269078325455,6,6
missing_gap_1h,DD,reference,reference_h1,1,delta_rmse,0.028880154118720098,0.017788676468735245,0.04101809231085711,6,6
missing_gap_1h,DD,reference,reference_h1,1,common_recovery_censored_fraction,0.125,,,6,16
missing_gap_1h,DM,none,none,0,mae,0.07447652459533864,0.04879094797622932,0.0961280408742749,6,6
missing_gap_1h,DM,none,none,0,rmse,0.09185524301612634,0.06390870333399311,0.11639668271519775,6,6
missing_gap_1h,DM,none,none,0,p95_error,0.15101260108680836,0.09535532674870206,0.20782546083161524,6,6
missing_gap_1h,DM,none,none,0,max_error,0.39607183239503585,0.3330474557474696,0.4550308833519618,6,6
missing_gap_1h,DM,none,none,0,bias,0.06377185875731267,0.03683387117102932,0.08952286915515623,6,6
missing_gap_1h,DM,none,none,0,jump_count_gt_5pct,0.38888888888888884,0.1111111111111111,0.7222222222222222,6,6
missing_gap_1h,DM,none,none,0,common_recovery_time_h,2.575439814814822,0.29944135802468846,5.040257716049386,6,6
missing_gap_1h,DM,none,none,0,common_recovery_or_censor_time_h,5.125203703703715,1.2704753086419869,10.125449074074105,6,6
missing_gap_1h,DM,none,none,0,common_recovery_observed_horizon_h,23.477782407407528,23.47161419753105,23.48403549382721,6,6
missing_gap_1h,DM,none,none,0,common_recovery_excess_auc_soc_h,1.4307893048196567,0.7309524393686813,2.1043004021678917,6,6
missing_gap_1h,DM,none,none,0,common_recovery_initial_abs_err,0.09951097435421413,0.04256834255324469,0.1622076133886973,6,6
missing_gap_1h,DM,none,none,0,common_recovery_mae_1h,0.09231018679392661,0.040182261102339495,0.15366664383531714,6,6
missing_gap_1h,DM,none,none,0,common_recovery_mae_6h,0.08740659452340499,0.036876219774479156,0.14729939991637295,6,6
missing_gap_1h,DM,none,none,0,gap_net_charge_ah,0.008320796604869014,-0.10508713580261259,0.09811869135808376,6,6
missing_gap_1h,DM,none,none,0,gap_throughput_ah,1.8673600015432772,1.375381487345697,2.347353825308757,6,6
missing_gap_1h,DM,none,none,0,gap_reference_soc_change,0.008785352110862734,-0.07584396004676819,0.07511818905671437,6,6
missing_gap_1h,DM,none,none,0,delta_mae,0.006671875902860093,-0.002323786116394512,0.017301896134666126,6,6
missing_gap_1h,DM,none,none,0,delta_rmse,0.0185914891600435,0.006321439144471471,0.032243421050133274,6,6
missing_gap_1h,DM,none,none,0,common_recovery_censored_fraction,0.125,,,6,16
missing_gap_1h,HDM,lstm,lstm_h1,1,mae,0.053987228825911004,0.03548861282201423,0.0711398472549137,6,6
missing_gap_1h,HDM,lstm,lstm_h1,1,rmse,0.07240895579598962,0.05049328902986958,0.09432462256210966,6,6
missing_gap_1h,HDM,lstm,lstm_h1,1,p95_error,0.11786774794260661,0.06347346955703363,0.17415662863188316,6,6
missing_gap_1h,HDM,lstm,lstm_h1,1,max_error,0.38136680359619074,0.3218409403820664,0.4400201522641711,6,6
missing_gap_1h,HDM,lstm,lstm_h1,1,bias,0.03440977095345798,0.012575211470204942,0.057559672608021306,6,6
missing_gap_1h,HDM,lstm,lstm_h1,1,jump_count_gt_5pct,0.38888888888888884,0.1111111111111111,0.7222222222222222,6,6
missing_gap_1h,HDM,lstm,lstm_h1,1,common_recovery_time_h,3.058907407407414,0.9419043209876493,5.272566358024718,6,6
missing_gap_1h,HDM,lstm,lstm_h1,1,common_recovery_or_censor_time_h,5.6683626543209975,2.0837530864197453,10.008774691358033,6,6
missing_gap_1h,HDM,lstm,lstm_h1,1,common_recovery_observed_horizon_h,23.477782407407528,23.47161419753105,23.484006172839567,6,6
missing_gap_1h,HDM,lstm,lstm_h1,1,common_recovery_excess_auc_soc_h,1.1240162668722746,0.5666404881487451,1.6632580689521033,6,6
missing_gap_1h,HDM,lstm,lstm_h1,1,common_recovery_initial_abs_err,0.09919138915008968,0.04890825185510848,0.15535947680473325,6,6
missing_gap_1h,HDM,lstm,lstm_h1,1,common_recovery_mae_1h,0.09355033462917783,0.047838064384975294,0.14869272728551705,6,6
missing_gap_1h,HDM,lstm,lstm_h1,1,common_recovery_mae_6h,0.0874134626077322,0.04040593689471499,0.141120024062367,6,6
missing_gap_1h,HDM,lstm,lstm_h1,1,gap_net_charge_ah,0.008320796604869014,-0.10724489737665131,0.09642402777780203,6,6
missing_gap_1h,HDM,lstm,lstm_h1,1,gap_throughput_ah,1.8673600015432772,1.375381487345697,2.347353825308757,6,6
missing_gap_1h,HDM,lstm,lstm_h1,1,gap_reference_soc_change,0.008785352110862734,-0.07363507813877529,0.07331822978125678,6,6
missing_gap_1h,HDM,lstm,lstm_h1,1,delta_mae,0.013447647243715827,0.004590961652234892,0.022317018363438152,6,6
missing_gap_1h,HDM,lstm,lstm_h1,1,delta_rmse,0.028619563923117364,0.017236570775480242,0.040961279806568794,6,6
missing_gap_1h,HDM,lstm,lstm_h1,1,common_recovery_censored_fraction,0.125,,,6,16
missing_gap_1h,HDM,reference,reference_h1,1,mae,0.030425479875012592,0.017304679568238043,0.04524116394630997,6,6
missing_gap_1h,HDM,reference,reference_h1,1,rmse,0.06276716267527999,0.041522548482145365,0.08324909953082081,6,6
missing_gap_1h,HDM,reference,reference_h1,1,p95_error,0.11402060323291352,0.05556235073341257,0.1739681887957785,6,6
missing_gap_1h,HDM,reference,reference_h1,1,max_error,0.37951062619686127,0.32790838264756733,0.43337273349364597,6,6
missing_gap_1h,HDM,reference,reference_h1,1,bias,-0.00370104432783564,-0.02127742446289846,0.013293455784408832,6,6
missing_gap_1h,HDM,reference,reference_h1,1,jump_count_gt_5pct,0.4444444444444444,0.1111111111111111,0.8333333333333334,6,6
missing_gap_1h,HDM,reference,reference_h1,1,common_recovery_time_h,6.072481481481473,2.4953648148148013,9.255309259259263,5,5
missing_gap_1h,HDM,reference,reference_h1,1,common_recovery_or_censor_time_h,8.97453549382716,3.57961419753085,15.302660493827176,6,6
missing_gap_1h,HDM,reference,reference_h1,1,common_recovery_observed_horizon_h,23.477782407407528,23.471529320987838,23.48403549382721,6,6
missing_gap_1h,HDM,reference,reference_h1,1,common_recovery_excess_auc_soc_h,0.9333327375709125,0.2917249808902353,1.6013092421043398,6,6
missing_gap_1h,HDM,reference,reference_h1,1,common_recovery_initial_abs_err,0.11608641346295674,0.05921549598375956,0.17296185592810312,6,6
missing_gap_1h,HDM,reference,reference_h1,1,common_recovery_mae_1h,0.11190074375826668,0.05885789325878054,0.16494359425775282,6,6
missing_gap_1h,HDM,reference,reference_h1,1,common_recovery_mae_6h,0.10466630255206294,0.04742357088224424,0.16190903422188163,6,6
missing_gap_1h,HDM,reference,reference_h1,1,gap_net_charge_ah,0.008320796604869014,-0.1050871358026126,0.09811869135808376,6,6
missing_gap_1h,HDM,reference,reference_h1,1,gap_throughput_ah,1.8673600015432772,1.3753814873456973,2.347353825308757,6,6
missing_gap_1h,HDM,reference,reference_h1,1,gap_reference_soc_change,0.008785352110862734,-0.07253579662905797,0.07552711168924968,6,6
missing_gap_1h,HDM,reference,reference_h1,1,delta_mae,0.026190998852988437,0.010874722122338924,0.042598757177868124,6,6
missing_gap_1h,HDM,reference,reference_h1,1,delta_rmse,0.05812011607756865,0.03455019117325623,0.08050300704397136,6,6
missing_gap_1h,HDM,reference,reference_h1,1,common_recovery_censored_fraction,0.1875,,,6,16
missing_gap_1h,HECM,lstm,lstm_h1,1,mae,0.05560283685688755,0.04429805117292591,0.06750972010928026,6,6
missing_gap_1h,HECM,lstm,lstm_h1,1,rmse,0.07310535148546951,0.05831298587891363,0.08729514062013226,6,6
missing_gap_1h,HECM,lstm,lstm_h1,1,p95_error,0.11985682591098323,0.09137633308765943,0.14326687348090583,6,6
missing_gap_1h,HECM,lstm,lstm_h1,1,max_error,0.38642752767446625,0.32255291165543426,0.45429944329993566,6,6
missing_gap_1h,HECM,lstm,lstm_h1,1,bias,-0.03744756676595427,-0.05402567354750424,-0.015095235389178988,6,6
missing_gap_1h,HECM,lstm,lstm_h1,1,jump_count_gt_5pct,1.1666666666666667,0.27777777777777773,2.166666666666667,6,6
missing_gap_1h,HECM,lstm,lstm_h1,1,common_recovery_time_h,6.924592592592612,4.100025462962965,10.93082175925926,4,4
missing_gap_1h,HECM,lstm,lstm_h1,1,common_recovery_or_censor_time_h,12.445408950617322,5.998379629629636,18.893202276234646,6,6
missing_gap_1h,HECM,lstm,lstm_h1,1,common_recovery_observed_horizon_h,23.477782407407528,23.47161419753105,23.484091049382783,6,6
missing_gap_1h,HECM,lstm,lstm_h1,1,common_recovery_excess_auc_soc_h,1.2957760814367338,0.8906278003905749,1.7744178072919221,6,6
missing_gap_1h,HECM,lstm,lstm_h1,1,common_recovery_initial_abs_err,0.126666893582334,0.07185866946819974,0.18696056221849897,6,6
missing_gap_1h,HECM,lstm,lstm_h1,1,common_recovery_mae_1h,0.10922561952603255,0.07115186478557507,0.14778389862980795,6,6
missing_gap_1h,HECM,lstm,lstm_h1,1,common_recovery_mae_6h,0.09730336633234164,0.0698316225394434,0.12419560191923958,6,6
missing_gap_1h,HECM,lstm,lstm_h1,1,gap_net_charge_ah,0.008320796604869014,-0.10508713580261259,0.09811869135808376,6,6
missing_gap_1h,HECM,lstm,lstm_h1,1,gap_throughput_ah,1.8673600015432772,1.375381487345697,2.347353825308757,6,6
missing_gap_1h,HECM,lstm,lstm_h1,1,gap_reference_soc_change,0.008785360780147515,-0.0736350780940223,0.07512842613467877,6,6
missing_gap_1h,HECM,lstm,lstm_h1,1,delta_mae,0.022136745009762437,0.013792759871796054,0.03335364358166363,6,6
missing_gap_1h,HECM,lstm,lstm_h1,1,delta_rmse,0.03415576184901095,0.023348077552519702,0.046542573501978955,6,6
missing_gap_1h,HECM,lstm,lstm_h1,1,common_recovery_censored_fraction,0.25,,,6,16
missing_gap_1h,HECM,reference,reference_h1,1,mae,0.03680937852713862,0.02959003470579734,0.04709018877029997,6,6
missing_gap_1h,HECM,reference,reference_h1,1,rmse,0.05832592494817903,0.047907025387392554,0.07045724589547665,6,6
missing_gap_1h,HECM,reference,reference_h1,1,p95_error,0.09299595655352844,0.06711333939431251,0.12054802912467633,6,6
missing_gap_1h,HECM,reference,reference_h1,1,max_error,0.38435203509425464,0.3178543364656745,0.44178450812482684,6,6
missing_gap_1h,HECM,reference,reference_h1,1,bias,-0.013435689609135054,-0.030261656001822703,0.005758087421220504,6,6
missing_gap_1h,HECM,reference,reference_h1,1,jump_count_gt_5pct,0.7777777777777778,0.1111111111111111,1.5555555555555556,6,6
missing_gap_1h,HECM,reference,reference_h1,1,common_recovery_time_h,6.009472222222232,4.564824074074051,7.49898611111111,4,4
missing_gap_1h,HECM,reference,reference_h1,1,common_recovery_or_censor_time_h,11.835328703703736,5.610301311728409,18.105922839506253,6,6
missing_gap_1h,HECM,reference,reference_h1,1,common_recovery_observed_horizon_h,23.477782407407528,23.471529320987838,23.48403549382721,6,6
missing_gap_1h,HECM,reference,reference_h1,1,common_recovery_excess_auc_soc_h,0.8241584832623353,0.47349789809819637,1.294600286124494,6,6
missing_gap_1h,HECM,reference,reference_h1,1,common_recovery_initial_abs_err,0.12400229340593594,0.07246903661990632,0.1804086632958578,6,6
missing_gap_1h,HECM,reference,reference_h1,1,common_recovery_mae_1h,0.10182830587557412,0.06614977020624725,0.13875213205185982,6,6
missing_gap_1h,HECM,reference,reference_h1,1,common_recovery_mae_6h,0.08400223778063341,0.05522144345156548,0.11265356962042601,6,6
missing_gap_1h,HECM,reference,reference_h1,1,gap_net_charge_ah,0.008320796604869014,-0.10508713580261259,0.09814147420530582,6,6
missing_gap_1h,HECM,reference,reference_h1,1,gap_throughput_ah,1.8673600015432772,1.3850749134259568,2.355188427314912,6,6
missing_gap_1h,HECM,reference,reference_h1,1,gap_reference_soc_change,0.008785360780147515,-0.07250761300876965,0.07439966230431327,6,6
missing_gap_1h,HECM,reference,reference_h1,1,delta_mae,0.019701961145412828,0.009906707766888054,0.031419720701894284,6,6
missing_gap_1h,HECM,reference,reference_h1,1,delta_rmse,0.03705491365907137,0.023672837034906597,0.04905118525848919,6,6
missing_gap_1h,HECM,reference,reference_h1,1,common_recovery_censored_fraction,0.25,,,6,16
missing_samples_periodic,DD,lstm,lstm_h1,1,mae,0.026932096065429813,0.021008018310043827,0.033683995656305706,6,6
missing_samples_periodic,DD,lstm,lstm_h1,1,rmse,0.03148154905114605,0.02522118233469337,0.03781534344861198,6,6
missing_samples_periodic,DD,lstm,lstm_h1,1,p95_error,0.0531827400955889,0.042298804471890133,0.06182728691233529,6,6
missing_samples_periodic,DD,lstm,lstm_h1,1,max_error,0.08229209979375203,0.06520593207743432,0.09460200079613261,6,6
missing_samples_periodic,DD,lstm,lstm_h1,1,bias,0.009261798046017037,-0.005428186011351552,0.023977194408037982,6,6
missing_samples_periodic,DD,lstm,lstm_h1,1,jump_count_gt_5pct,0.0,0.0,0.0,6,6
missing_samples_periodic,DD,lstm,lstm_h1,1,delta_mae,0.0010977762772908586,-0.0011914101253233953,0.003355978000234053,6,6
missing_samples_periodic,DD,lstm,lstm_h1,1,delta_rmse,0.0014506728885601665,-0.0009883810502066951,0.0036801445623342315,6,6
missing_samples_periodic,DM,none,none,0,mae,0.07491054065600329,0.055564841721268333,0.08810127698773663,6,6
missing_samples_periodic,DM,none,none,0,rmse,0.08108927523183347,0.05942473511374371,0.09539251371041246,6,6
missing_samples_periodic,DM,none,none,0,p95_error,0.12059555838091507,0.08688674842317899,0.1432938228464789,6,6
missing_samples_periodic,DM,none,none,0,max_error,0.1449570697744649,0.10332999170514591,0.16852051399190612,6,6
missing_samples_periodic,DM,none,none,0,bias,0.07491054065600329,0.055564841721268333,0.0882223307918815,6,6
missing_samples_periodic,DM,none,none,0,jump_count_gt_5pct,0.0,0.0,0.0,6,6
missing_samples_periodic,DM,none,none,0,delta_mae,0.007105891963524729,0.006451601044308639,0.007642233464597396,6,6
missing_samples_periodic,DM,none,none,0,delta_rmse,0.00782552137575065,0.007152096293067267,0.008389808170841803,6,6
missing_samples_periodic,HDM,lstm,lstm_h1,1,mae,0.04694411801684358,0.03581919232869382,0.057030618899317244,6,6
missing_samples_periodic,HDM,lstm,lstm_h1,1,rmse,0.05065128676548266,0.03812116534754045,0.062319464978576995,6,6
missing_samples_periodic,HDM,lstm,lstm_h1,1,p95_error,0.07520438190549612,0.05510207095907794,0.09376646634449969,6,6
missing_samples_periodic,HDM,lstm,lstm_h1,1,max_error,0.08892808214351235,0.06296433866686534,0.11092735990127445,6,6
missing_samples_periodic,HDM,lstm,lstm_h1,1,bias,0.04694365470156933,0.03581897715454644,0.05703022013328247,6,6
missing_samples_periodic,HDM,lstm,lstm_h1,1,jump_count_gt_5pct,0.0,0.0,0.0,6,6
missing_samples_periodic,HDM,lstm,lstm_h1,1,delta_mae,0.00640453643464839,0.004965808079906344,0.0076187122053284735,6,6
missing_samples_periodic,HDM,lstm,lstm_h1,1,delta_rmse,0.006861894892610396,0.005278721762192962,0.008203727924048899,6,6
missing_samples_periodic,HECM,lstm,lstm_h1,1,mae,0.03623110878228617,0.026279842896937532,0.04588371752313448,6,6
missing_samples_periodic,HECM,lstm,lstm_h1,1,rmse,0.04190953693973067,0.030397253663317265,0.05279413131366104,6,6
missing_samples_periodic,HECM,lstm,lstm_h1,1,p95_error,0.06945948826066879,0.050832462642368674,0.0877336736731268,6,6
missing_samples_periodic,HECM,lstm,lstm_h1,1,max_error,0.09595300745890395,0.06654730347653333,0.12399867193911644,6,6
missing_samples_periodic,HECM,lstm,lstm_h1,1,bias,-0.031218176040459438,-0.03951409756607457,-0.022889177949010384,6,6
missing_samples_periodic,HECM,lstm,lstm_h1,1,jump_count_gt_5pct,1.1666666666666667,0.2222222222222222,2.2777777777777777,6,6
missing_samples_periodic,HECM,lstm,lstm_h1,1,delta_mae,0.0027650169351610583,0.0003477647540002647,0.004559436100242561,6,6
missing_samples_periodic,HECM,lstm,lstm_h1,1,delta_rmse,0.0029599473032721067,0.0007332265671918647,0.004546895212678716,6,6
missing_samples_random,DD,lstm,lstm_h1,1,mae,0.02839633097746429,0.022719848765900986,0.035270479886830554,6,30
missing_samples_random,DD,lstm,lstm_h1,1,rmse,0.03299420953558583,0.026747099191687083,0.03942336296490919,6,30
missing_samples_random,DD,lstm,lstm_h1,1,p95_error,0.055515035109387496,0.04443038656148645,0.0641863620686862,6,30
missing_samples_random,DD,lstm,lstm_h1,1,max_error,0.08414927249153455,0.06825180323587525,0.0957905844081607,6,30
missing_samples_random,DD,lstm,lstm_h1,1,bias,0.009759603067238831,-0.004923356794293004,0.02464566551629854,6,30
missing_samples_random,DD,lstm,lstm_h1,1,jump_count_gt_5pct,0.0,0.0,0.0,6,30
missing_samples_random,DD,lstm,lstm_h1,1,delta_mae,0.0025620111893253365,-0.00020086099939631982,0.004993613233167087,6,30
missing_samples_random,DD,lstm,lstm_h1,1,delta_rmse,0.0029633333729999554,-1.3491315322223004e-05,0.005386678152915473,6,30
missing_samples_random,DD,reference,reference_h1,1,mae,0.030670722674285594,0.022568007238772777,0.03786464485123298,6,30
missing_samples_random,DD,reference,reference_h1,1,rmse,0.0365246640164414,0.02654652087996265,0.045281884116281014,6,30
missing_samples_random,DD,reference,reference_h1,1,p95_error,0.06462237348159154,0.046350971229374406,0.08208900226652621,6,30
missing_samples_random,DD,reference,reference_h1,1,max_error,0.08062867042091158,0.06264370279179679,0.09789415220005646,6,30
missing_samples_random,DD,reference,reference_h1,1,bias,-0.01958071569488887,-0.031698017336436804,-0.00493286656238143,6,30
missing_samples_random,DD,reference,reference_h1,1,jump_count_gt_5pct,0.03333333333333333,0.0,0.11111111111111112,6,30
missing_samples_random,DD,reference,reference_h1,1,delta_mae,-6.154115448342558e-05,-0.0028807172459624627,0.003053055839605719,6,30
missing_samples_random,DD,reference,reference_h1,1,delta_rmse,0.00015685755666156056,-0.002706286151327156,0.0032039429298868364,6,30
missing_samples_random,DM,none,none,0,mae,0.07566778587974017,0.05685765269166925,0.08872908609091978,6,30
missing_samples_random,DM,none,none,0,rmse,0.08205716261241273,0.06099677569033795,0.09612100297927356,6,30
missing_samples_random,DM,none,none,0,p95_error,0.12330134779486494,0.08989751145367822,0.14558015433330568,6,30
missing_samples_random,DM,none,none,0,max_error,0.1470362021178365,0.10672304639078876,0.17052956962602112,6,30
missing_samples_random,DM,none,none,0,bias,0.07541906593294843,0.05703159530798777,0.08821591817417082,6,30
missing_samples_random,DM,none,none,0,jump_count_gt_5pct,0.0,0.0,0.0,6,30
missing_samples_random,DM,none,none,0,delta_mae,0.007863137187261598,0.006185357236951289,0.009609221386660842,6,30
missing_samples_random,DM,none,none,0,delta_rmse,0.008793408756329913,0.007255240959533,0.010385775687194908,6,30
missing_samples_random,HDM,lstm,lstm_h1,1,mae,0.04854431072806976,0.03735219058931786,0.05956575593805846,6,30
missing_samples_random,HDM,lstm,lstm_h1,1,rmse,0.05268223744465735,0.040023383175619376,0.06501473960825133,6,30
missing_samples_random,HDM,lstm,lstm_h1,1,p95_error,0.07974741376263815,0.05904417804880844,0.09973251853151142,6,30
missing_samples_random,HDM,lstm,lstm_h1,1,max_error,0.09340559133654297,0.06823853375213251,0.11533991632869982,6,30
missing_samples_random,HDM,lstm,lstm_h1,1,bias,0.04741361351465015,0.03641297158331673,0.05842922944542701,6,30
missing_samples_random,HDM,lstm,lstm_h1,1,jump_count_gt_5pct,0.0,0.0,0.0,6,30
missing_samples_random,HDM,lstm,lstm_h1,1,delta_mae,0.008004729145874568,0.006458199261249917,0.009629263054799187,6,30
missing_samples_random,HDM,lstm,lstm_h1,1,delta_rmse,0.008892845571785086,0.007472714624746696,0.01033416689627393,6,30
missing_samples_random,HDM,reference,reference_h1,1,mae,0.015032404771891732,0.012274702359189512,0.018014513942141475,6,30
missing_samples_random,HDM,reference,reference_h1,1,rmse,0.016657457339981876,0.013957205367719834,0.019410848957602186,6,30
missing_samples_random,HDM,reference,reference_h1,1,p95_error,0.026196460059331406,0.02247467662401808,0.030075563529573225,6,30
missing_samples_random,HDM,reference,reference_h1,1,max_error,0.032933771476028696,0.028862091451343684,0.03729008762962394,6,30
missing_samples_random,HDM,reference,reference_h1,1,bias,0.01250290243494122,0.008711048098531,0.016650948739328153,6,30
missing_samples_random,HDM,reference,reference_h1,1,jump_count_gt_5pct,0.0,0.0,0.0,6,30
missing_samples_random,HDM,reference,reference_h1,1,delta_mae,0.010797923749867577,0.009058815036922825,0.012614854730814622,6,30
missing_samples_random,HDM,reference,reference_h1,1,delta_rmse,0.012010410742270545,0.010040615386965664,0.01394500443672817,6,30
missing_samples_random,HECM,lstm,lstm_h1,1,mae,0.03725439786828183,0.026208658784907652,0.0470556931432397,6,30
missing_samples_random,HECM,lstm,lstm_h1,1,rmse,0.04296029657219643,0.030541965972810045,0.053921127069162036,6,30
missing_samples_random,HECM,lstm,lstm_h1,1,p95_error,0.07145745520358082,0.05072005042617169,0.08993102762179195,6,30
missing_samples_random,HECM,lstm,lstm_h1,1,max_error,0.09818894766521587,0.06668781799294614,0.1265672681122369,6,30
missing_samples_random,HECM,lstm,lstm_h1,1,bias,-0.03136810875467981,-0.03972348667416212,-0.022579664310886455,6,30
missing_samples_random,HECM,lstm,lstm_h1,1,jump_count_gt_5pct,1.1777777777777778,0.27777777777777773,2.177777777777778,6,30
missing_samples_random,HECM,lstm,lstm_h1,1,delta_mae,0.0037883060211567183,0.00015342153519258344,0.0070029541262845345,6,30
missing_samples_random,HECM,lstm,lstm_h1,1,delta_rmse,0.004010706935737862,0.0006170539471459002,0.006934089988456939,6,30
missing_samples_random,HECM,reference,reference_h1,1,mae,0.017750143498544573,0.013514862554039641,0.022943978627886826,6,30
missing_samples_random,HECM,reference,reference_h1,1,rmse,0.022361906140354746,0.016428307696248992,0.029273373280529792,6,30
missing_samples_random,HECM,reference,reference_h1,1,p95_error,0.03784090287547168,0.026401380818284522,0.05043188525236684,6,30
missing_samples_random,HECM,reference,reference_h1,1,max_error,0.07183692915922099,0.05041459445418749,0.09137203545636058,6,30
missing_samples_random,HECM,reference,reference_h1,1,bias,-0.007222392180944504,-0.016306508375075038,0.001542617801600758,6,30
missing_samples_random,HECM,reference,reference_h1,1,jump_count_gt_5pct,0.7999999999999999,0.1111111111111111,1.566944444444441,6,30
missing_samples_random,HECM,reference,reference_h1,1,delta_mae,0.0006427261168187789,-0.0021551612959686563,0.0033707912563767945,6,30
missing_samples_random,HECM,reference,reference_h1,1,delta_rmse,0.0010908948512470837,-0.0016261720044370455,0.0035989130580472116,6,30
temperature_noise,DD,lstm,lstm_h1,1,mae,0.026325451792025157,0.017756254196101526,0.03388442502010849,6,60
temperature_noise,DD,lstm,lstm_h1,1,rmse,0.0308272954743286,0.021304201173623357,0.03904033721776172,6,60
temperature_noise,DD,lstm,lstm_h1,1,p95_error,0.05326157577335835,0.03641506455424759,0.06810649446108274,6,60
temperature_noise,DD,lstm,lstm_h1,1,max_error,0.08610868149747451,0.06714364878729814,0.10016528563211775,6,60
temperature_noise,DD,lstm,lstm_h1,1,bias,0.00045692529059915044,-0.014953247820509696,0.015675565890280567,6,60
temperature_noise,DD,lstm,lstm_h1,1,jump_count_gt_5pct,0.005555555555555556,0.0,0.022222222222222223,6,60
temperature_noise,DD,lstm,lstm_h1,1,delta_mae,0.0004911320038862018,-0.0016988810065530892,0.002445073153110453,6,60
temperature_noise,DD,lstm,lstm_h1,1,delta_rmse,0.0007964193117427218,-0.001431760073460363,0.0028502914541591105,6,60
temperature_noise,DD,reference,reference_h1,1,mae,0.03129307352348457,0.019906324453246638,0.040391436294489935,6,60
temperature_noise,DD,reference,reference_h1,1,rmse,0.03683353591020513,0.02409033393420179,0.04732352323204006,6,60
temperature_noise,DD,reference,reference_h1,1,p95_error,0.06421624004840851,0.041294014609522284,0.08286846724897623,6,60
temperature_noise,DD,reference,reference_h1,1,max_error,0.08532765366964869,0.06534856968455845,0.10385705554236967,6,60
temperature_noise,DD,reference,reference_h1,1,bias,-0.026782713950284493,-0.037918594306501026,-0.013607171011476255,6,60
temperature_noise,DD,reference,reference_h1,1,jump_count_gt_5pct,0.0,0.0,0.0,6,60
temperature_noise,DD,reference,reference_h1,1,delta_mae,0.0005608096947155593,-0.0001244050656860457,0.0012209394841537424,6,60
temperature_noise,DD,reference,reference_h1,1,delta_rmse,0.00046572945042528264,-0.00041548043177223626,0.0013144958313171704,6,60
temperature_noise,DM,none,none,0,mae,0.06780464869247857,0.049052230198736814,0.0807322153452102,6,60
temperature_noise,DM,none,none,0,rmse,0.07326375385608283,0.05241091432336318,0.08723855332416772,6,60
temperature_noise,DM,none,none,0,p95_error,0.1086492431557013,0.07549777502814929,0.13083295446510115,6,60
temperature_noise,DM,none,none,0,max_error,0.12945619715939452,0.0894815784987865,0.15235307039607604,6,60
temperature_noise,DM,none,none,0,bias,0.06780464869247857,0.049052230198736814,0.0807322153452102,6,60
temperature_noise,DM,none,none,0,jump_count_gt_5pct,0.0,0.0,0.0,6,60
temperature_noise,DM,none,none,0,delta_mae,0.0,0.0,0.0,6,60
temperature_noise,DM,none,none,0,delta_rmse,0.0,0.0,0.0,6,60
temperature_noise,HDM,lstm,lstm_h1,1,mae,0.039009661023217714,0.027404848017247047,0.04967533013451554,6,60
temperature_noise,HDM,lstm,lstm_h1,1,rmse,0.042181572085657044,0.029415136609154867,0.053878646867102795,6,60
temperature_noise,HDM,lstm,lstm_h1,1,p95_error,0.06274342581836713,0.04160508699585787,0.08246727299850641,6,60
temperature_noise,HDM,lstm,lstm_h1,1,max_error,0.07488792662340225,0.049444710464795205,0.09844895694528735,6,60
temperature_noise,HDM,lstm,lstm_h1,1,bias,0.038023472418596965,0.0269653493980925,0.04815410659420834,6,60
temperature_noise,HDM,lstm,lstm_h1,1,jump_count_gt_5pct,0.0,0.0,0.0,6,60
temperature_noise,HDM,lstm,lstm_h1,1,delta_mae,-0.0015299205589774751,-0.00225270747042032,-0.0006810037369565412,6,60
temperature_noise,HDM,lstm,lstm_h1,1,delta_rmse,-0.0016078197872152159,-0.00234628861672334,-0.0007488029159487409,6,60
temperature_noise,HDM,reference,reference_h1,1,mae,0.004234481022024158,0.0013133100833200267,0.007998617175030474,6,60
temperature_noise,HDM,reference,reference_h1,1,rmse,0.004647046597711334,0.0017136409701412215,0.008580591963514463,6,60
temperature_noise,HDM,reference,reference_h1,1,p95_error,0.006694340902484126,0.002929221269571118,0.011074962622175612,6,60
temperature_noise,HDM,reference,reference_h1,1,max_error,0.010051728284603692,0.0053578883591601165,0.014545414091911475,6,60
temperature_noise,HDM,reference,reference_h1,1,bias,0.003709966092713993,0.00033722083568318135,0.00805371212939321,6,60
temperature_noise,HDM,reference,reference_h1,1,jump_count_gt_5pct,0.0,0.0,0.0,6,60
temperature_noise,HDM,reference,reference_h1,1,delta_mae,0.0,0.0,0.0,6,60
temperature_noise,HDM,reference,reference_h1,1,delta_rmse,0.0,0.0,0.0,6,60
temperature_noise,HECM,lstm,lstm_h1,1,mae,0.03340142099933653,0.024403227092468383,0.042816433439345804,6,60
temperature_noise,HECM,lstm,lstm_h1,1,rmse,0.03872685293613584,0.02857751658807837,0.049192503211245964,6,60
temperature_noise,HECM,lstm,lstm_h1,1,p95_error,0.06331868549368978,0.045729686259784574,0.08012911911281566,6,60
temperature_noise,HECM,lstm,lstm_h1,1,max_error,0.0914051656074919,0.06011326624333082,0.12349732462753427,6,60
temperature_noise,HECM,lstm,lstm_h1,1,bias,-0.027509449022237134,-0.03360986179774898,-0.021569800518100948,6,60
temperature_noise,HECM,lstm,lstm_h1,1,jump_count_gt_5pct,1.1666666666666667,0.2777777777777778,2.166666666666667,6,60
temperature_noise,HECM,lstm,lstm_h1,1,delta_mae,-6.467084778857897e-05,-0.0003465657948739463,0.00016522890424656522,6,60
temperature_noise,HECM,lstm,lstm_h1,1,delta_rmse,-0.00022273670032272564,-0.0005868662196634303,7.614571116755522e-05,6,60
temperature_noise,HECM,reference,reference_h1,1,mae,0.01710741738172579,0.012861800253812098,0.021884676445082074,6,60
temperature_noise,HECM,reference,reference_h1,1,rmse,0.021271011289107664,0.01604337500350455,0.02696323384333969,6,60
temperature_noise,HECM,reference,reference_h1,1,p95_error,0.034406599021493005,0.024885397017953448,0.04461172941137292,6,60
temperature_noise,HECM,reference,reference_h1,1,max_error,0.07171403677987778,0.051104558845781294,0.0896509283666514,6,60
temperature_noise,HECM,reference,reference_h1,1,bias,-0.002257188121452628,-0.011993471807061902,0.007399113937484937,6,60
temperature_noise,HECM,reference,reference_h1,1,jump_count_gt_5pct,0.7777777777777778,0.11111111111111112,1.5555555555555554,6,60
temperature_noise,HECM,reference,reference_h1,1,delta_mae,0.0,0.0,0.0,6,60
temperature_noise,HECM,reference,reference_h1,1,delta_rmse,0.0,0.0,0.0,6,60
temperature_offset,DD,lstm,lstm_h1,1,mae,0.033236283525363404,0.025258824172829954,0.03982424009503652,6,6
temperature_offset,DD,lstm,lstm_h1,1,rmse,0.03892726270373721,0.030064439874992896,0.046212190447385275,6,6
temperature_offset,DD,lstm,lstm_h1,1,p95_error,0.07045817159944111,0.05594894554879929,0.08232855333222282,6,6
temperature_offset,DD,lstm,lstm_h1,1,max_error,0.09498839949568112,0.07535479424728288,0.11100456195159085,6,6
temperature_offset,DD,lstm,lstm_h1,1,bias,-0.009381400594204961,-0.022220728519794026,0.0020780023804364933,6,6
temperature_offset,DD,lstm,lstm_h1,1,jump_count_gt_5pct,0.0,0.0,0.0,6,6
temperature_offset,DD,lstm,lstm_h1,1,delta_mae,0.007401963737224448,0.0026498365023305656,0.012387852343799978,6,6
temperature_offset,DD,lstm,lstm_h1,1,delta_rmse,0.008896386541151331,0.004628908004192043,0.012963071152842308,6,6
temperature_offset,DM,none,none,0,mae,0.06780464869247857,0.04917438433970223,0.0807322153452102,6,6
temperature_offset,DM,none,none,0,rmse,0.07326375385608283,0.052354410943735295,0.08723714073967703,6,6
temperature_offset,DM,none,none,0,p95_error,0.1086492431557013,0.07526069660153654,0.13083295446510115,6,6
temperature_offset,DM,none,none,0,max_error,0.12945619715939452,0.0894815784987865,0.15220124993859627,6,6
temperature_offset,DM,none,none,0,bias,0.06780464869247857,0.049052230198736814,0.08065470439978263,6,6
temperature_offset,DM,none,none,0,jump_count_gt_5pct,0.0,0.0,0.0,6,6
temperature_offset,DM,none,none,0,delta_mae,0.0,0.0,0.0,6,6
temperature_offset,DM,none,none,0,delta_rmse,0.0,0.0,0.0,6,6
temperature_offset,HDM,lstm,lstm_h1,1,mae,0.040771289322185954,0.02925917683275644,0.050987474919108995,6,6
temperature_offset,HDM,lstm,lstm_h1,1,rmse,0.044045014898279215,0.030946128867183884,0.05520084065967732,6,6
temperature_offset,HDM,lstm,lstm_h1,1,p95_error,0.06531562007342775,0.04377054725256232,0.08412000795619355,6,6
temperature_offset,HDM,lstm,lstm_h1,1,max_error,0.07685441581619064,0.050189472571219085,0.09946214201105853,6,6
temperature_offset,HDM,lstm,lstm_h1,1,bias,0.039061684007446716,0.028376700826410816,0.048814782150154785,6,6
temperature_offset,HDM,lstm,lstm_h1,1,jump_count_gt_5pct,0.0,0.0,0.0,6,6
temperature_offset,HDM,lstm,lstm_h1,1,delta_mae,0.00023170773999075871,-0.0009838679446659,0.0014459446847024232,6,6
temperature_offset,HDM,lstm,lstm_h1,1,delta_rmse,0.00025562302540694615,-0.0010750573414123972,0.0015863033922262893,6,6
temperature_offset,HECM,lstm,lstm_h1,1,mae,0.03370675004976625,0.024794601273427613,0.043194332291712184,6,6
temperature_offset,HECM,lstm,lstm_h1,1,rmse,0.039232486510196604,0.029259832016438506,0.04991227199812575,6,6
temperature_offset,HECM,lstm,lstm_h1,1,p95_error,0.0650689397411205,0.04735076527771581,0.08185553543199514,6,6
temperature_offset,HECM,lstm,lstm_h1,1,max_error,0.0932511446766008,0.061163715769549515,0.1251616626565888,6,6
temperature_offset,HECM,lstm,lstm_h1,1,bias,-0.02769617431908587,-0.03369978099183432,-0.021876155880242023,6,6
temperature_offset,HECM,lstm,lstm_h1,1,jump_count_gt_5pct,1.1666666666666667,0.3333333333333333,2.166666666666667,6,6
temperature_offset,HECM,lstm,lstm_h1,1,delta_mae,0.00024065820264113078,-9.284912707393145e-05,0.0004940683305799232,6,6
temperature_offset,HECM,lstm,lstm_h1,1,delta_rmse,0.0002828968737380386,-3.59369666846172e-05,0.0005863731269943745,6,6
voltage_noise,DD,lstm,lstm_h1,1,mae,0.025930509104166343,0.01887290465974366,0.032604000841568066,6,60
voltage_noise,DD,lstm,lstm_h1,1,rmse,0.030239317098456776,0.02251154733843271,0.03719055734167102,6,60
voltage_noise,DD,lstm,lstm_h1,1,p95_error,0.05137312126656373,0.03791286726606389,0.062416180164035814,6,60
voltage_noise,DD,lstm,lstm_h1,1,max_error,0.07880232483148575,0.05908500256741213,0.09297420609018041,6,60
voltage_noise,DD,lstm,lstm_h1,1,bias,0.004669113905500606,-0.01030008581655192,0.02006430976925398,6,60
voltage_noise,DD,lstm,lstm_h1,1,jump_count_gt_5pct,0.0,0.0,0.0,6,60
voltage_noise,DD,lstm,lstm_h1,1,delta_mae,9.618931602738789e-05,-1.4615618879121188e-05,0.00021849837408606786,6,60
voltage_noise,DD,lstm,lstm_h1,1,delta_rmse,0.00020844093587089833,4.58109649144615e-05,0.00039338453180364554,6,60
voltage_noise,DD,reference,reference_h1,1,mae,0.03097453681232923,0.01997387703299056,0.04007125596417803,6,60
voltage_noise,DD,reference,reference_h1,1,rmse,0.0366926640225405,0.024296042516372126,0.04687358928563859,6,60
voltage_noise,DD,reference,reference_h1,1,p95_error,0.06429368377559713,0.04361728211575084,0.0830465924539086,6,60
voltage_noise,DD,reference,reference_h1,1,max_error,0.07948111448850897,0.05758651715185907,0.09833326134572011,6,60
voltage_noise,DD,reference,reference_h1,1,bias,-0.024296921240975645,-0.036357468061886174,-0.010722469512308572,6,60
voltage_noise,DD,reference,reference_h1,1,jump_count_gt_5pct,0.0,0.0,0.0,6,60
voltage_noise,DD,reference,reference_h1,1,delta_mae,0.0002422729835602112,1.9832817633331638e-05,0.000644154326480094,6,60
voltage_noise,DD,reference,reference_h1,1,delta_rmse,0.00032485756276065054,3.5877645307195946e-05,0.0008694791528082533,6,60
voltage_noise,DM,none,none,0,mae,0.0691654493940024,0.049776300459871504,0.08248222148471024,6,60
voltage_noise,DM,none,none,0,rmse,0.0745399464534038,0.053335148853481194,0.0889308373787378,6,60
voltage_noise,DM,none,none,0,p95_error,0.10958313228976396,0.07665782559456095,0.1322509011046754,6,60
voltage_noise,DM,none,none,0,max_error,0.13065130820058987,0.09041437825198449,0.15435228664336542,6,60
voltage_noise,DM,none,none,0,bias,0.06916512771978425,0.05004528074268729,0.08247457263186042,6,60
voltage_noise,DM,none,none,0,jump_count_gt_5pct,0.0,0.0,0.0,6,60
voltage_noise,DM,none,none,0,delta_mae,0.0013608007015238337,-4.2384305313505434e-05,0.004124786409885007,6,60
voltage_noise,DM,none,none,0,delta_rmse,0.0012761925973209791,-2.4069341783973058e-05,0.00385264713374691,6,60
voltage_noise,HDM,lstm,lstm_h1,1,mae,0.04183046979668817,0.02959225743850849,0.054074795191613276,6,60
voltage_noise,HDM,lstm,lstm_h1,1,rmse,0.04488649986155075,0.03126209427328455,0.05807643547484129,6,60
voltage_noise,HDM,lstm,lstm_h1,1,p95_error,0.06518385179961722,0.04460309196920651,0.08535465343775125,6,60
voltage_noise,HDM,lstm,lstm_h1,1,max_error,0.07669888818975072,0.051303436872369476,0.10059437274121591,6,60
voltage_noise,HDM,lstm,lstm_h1,1,bias,0.04070686287586287,0.028519981254888176,0.052943518074501726,6,60
voltage_noise,HDM,lstm,lstm_h1,1,jump_count_gt_5pct,0.0,0.0,0.0,6,60
voltage_noise,HDM,lstm,lstm_h1,1,delta_mae,0.0012908882144929865,-0.00024866926742465927,0.004151826317873896,6,60
voltage_noise,HDM,lstm,lstm_h1,1,delta_rmse,0.0010971079886784995,-0.0002548846099023529,0.003581275215195567,6,60
voltage_noise,HDM,reference,reference_h1,1,mae,0.00562921208687946,0.0016445571772268103,0.009795017945246216,6,60
voltage_noise,HDM,reference,reference_h1,1,rmse,0.005835816269597324,0.0018708794242194883,0.009975694803451472,6,60
voltage_noise,HDM,reference,reference_h1,1,p95_error,0.007294363890671067,0.002870925484846035,0.011887929040110773,6,60
voltage_noise,HDM,reference,reference_h1,1,max_error,0.008274303071933295,0.003904376567990968,0.01294730964314618,6,60
voltage_noise,HDM,reference,reference_h1,1,bias,0.005104276280250236,0.0007413793346083736,0.009794597067927157,6,60
voltage_noise,HDM,reference,reference_h1,1,jump_count_gt_5pct,0.0,0.0,0.0,6,60
voltage_noise,HDM,reference,reference_h1,1,delta_mae,0.0013947310648553017,-4.7471913750524925e-05,0.0042316651083164295,6,60
voltage_noise,HDM,reference,reference_h1,1,delta_rmse,0.0011887696718859912,-0.00017921681993283465,0.0037455258355908066,6,60
voltage_noise,HECM,lstm,lstm_h1,1,mae,0.03376130952497455,0.025233350942357215,0.04329976398593782,6,60
voltage_noise,HECM,lstm,lstm_h1,1,rmse,0.03941759872801512,0.029715761686680605,0.04952710624331033,6,60
voltage_noise,HECM,lstm,lstm_h1,1,p95_error,0.064764144719919,0.04700585040948207,0.08129162076991457,6,60
voltage_noise,HECM,lstm,lstm_h1,1,max_error,0.0972927819186129,0.0661278906141173,0.12605021605222091,6,60
voltage_noise,HECM,lstm,lstm_h1,1,bias,-0.027754520104516248,-0.033538889769397985,-0.022057801321956873,6,60
voltage_noise,HECM,lstm,lstm_h1,1,jump_count_gt_5pct,1.5999999999999999,0.6722222222222222,2.5166666666666666,6,60
voltage_noise,HECM,lstm,lstm_h1,1,delta_mae,0.0002952176778494406,-0.00019496220130801385,0.0008792307930861399,6,60
voltage_noise,HECM,lstm,lstm_h1,1,delta_rmse,0.0004680090915565485,-0.0006013900117113911,0.0017960349783731787,6,60
voltage_noise,HECM,reference,reference_h1,1,mae,0.0180403841827356,0.013419575014726839,0.022819632511231203,6,60
voltage_noise,HECM,reference,reference_h1,1,rmse,0.023058547860659636,0.01668294568207569,0.029936592548694484,6,60
voltage_noise,HECM,reference,reference_h1,1,p95_error,0.037577520956750717,0.02501318529796958,0.05271167705447513,6,60
voltage_noise,HECM,reference,reference_h1,1,max_error,0.08954565052650627,0.0617645216009076,0.11578391804294351,6,60
voltage_noise,HECM,reference,reference_h1,1,bias,-0.0030509423948548663,-0.013155467440498043,0.006794940465128198,6,60
voltage_noise,HECM,reference,reference_h1,1,jump_count_gt_5pct,1.8722222222222225,0.7444444444444445,2.9388888888888887,6,60
voltage_noise,HECM,reference,reference_h1,1,delta_mae,0.0009329668010098078,5.8059130074349614e-05,0.0025244169465750256,6,60
voltage_noise,HECM,reference,reference_h1,1,delta_rmse,0.0017875365715519698,0.00013585412598174777,0.004850862338385027,6,60
voltage_offset,DD,lstm,lstm_h1,1,mae,0.02958688431074497,0.024216490411096553,0.038308194078034534,6,6
voltage_offset,DD,lstm,lstm_h1,1,rmse,0.0336609607814859,0.027409978728965098,0.04199172332772584,6,6
voltage_offset,DD,lstm,lstm_h1,1,p95_error,0.055215843187438114,0.04452717320786582,0.06457695894771151,6,6
voltage_offset,DD,lstm,lstm_h1,1,max_error,0.08007265337639384,0.062111716469128934,0.0920616082019276,6,6
voltage_offset,DD,lstm,lstm_h1,1,bias,0.01800907496013708,0.0031285916928665337,0.03312011698547873,6,6
voltage_offset,DD,lstm,lstm_h1,1,jump_count_gt_5pct,0.0,0.0,0.0,6,6
voltage_offset,DD,lstm,lstm_h1,1,delta_mae,0.0037525645226060144,-0.00118322472618207,0.008421157061116962,6,6
voltage_offset,DD,lstm,lstm_h1,1,delta_rmse,0.0036300846189000237,-0.0011322133887269887,0.008374293340568434,6,6
voltage_offset,DM,none,none,0,mae,0.06780563632730019,0.049053217833558434,0.08085867694283,6,6
voltage_offset,DM,none,none,0,rmse,0.07326416524353316,0.05278674030916732,0.08723714073967703,6,6
voltage_offset,DM,none,none,0,p95_error,0.1086492431557013,0.07537923581484292,0.13083295446510115,6,6
voltage_offset,DM,none,none,0,max_error,0.12945619715939452,0.0894815784987865,0.15231174076911377,6,6
voltage_offset,DM,none,none,0,bias,0.06780563632730019,0.04917537197452385,0.08073652280186458,6,6
voltage_offset,DM,none,none,0,jump_count_gt_5pct,0.0,0.0,0.0,6,6
voltage_offset,DM,none,none,0,delta_mae,9.876348216224857e-07,0.0,2.962904464867457e-06,6,6
voltage_offset,DM,none,none,0,delta_rmse,4.1138745033293524e-07,0.0,1.2341623509988058e-06,6,6
voltage_offset,HDM,lstm,lstm_h1,1,mae,0.041007782686826304,0.030216398782979118,0.051168270874264794,6,6
voltage_offset,HDM,lstm,lstm_h1,1,rmse,0.0442945211949075,0.03192541186707454,0.05577533275356041,6,6
voltage_offset,HDM,lstm,lstm_h1,1,p95_error,0.06581822168082,0.045946523236731686,0.08533053799635835,6,6
voltage_offset,HDM,lstm,lstm_h1,1,max_error,0.07670848507111967,0.052719692978068146,0.09934731914174538,6,6
voltage_offset,HDM,lstm,lstm_h1,1,bias,0.04007198665355263,0.02950731147365189,0.04941378433893919,6,6
voltage_offset,HDM,lstm,lstm_h1,1,jump_count_gt_5pct,0.0,0.0,0.0,6,6
voltage_offset,HDM,lstm,lstm_h1,1,delta_mae,0.0004682011046311164,0.0002042814519893378,0.0008732687363886757,6,6
voltage_offset,HDM,lstm,lstm_h1,1,delta_rmse,0.0005051293220352353,0.00022697581003980826,0.0009534067110273542,6,6
voltage_offset,HECM,lstm,lstm_h1,1,mae,0.029412461565660828,0.01785314532558543,0.040022239039170376,6,6
voltage_offset,HECM,lstm,lstm_h1,1,rmse,0.0344472778054977,0.021575593059518162,0.046173460756760244,6,6
voltage_offset,HECM,lstm,lstm_h1,1,p95_error,0.059196919636474415,0.03825046020850972,0.07751145290681753,6,6
voltage_offset,HECM,lstm,lstm_h1,1,max_error,0.08170834361239654,0.05318190510351676,0.10388021535787983,6,6
voltage_offset,HECM,lstm,lstm_h1,1,bias,-0.022283622917132376,-0.02915761533771115,-0.014531430558788255,6,6
voltage_offset,HECM,lstm,lstm_h1,1,jump_count_gt_5pct,1.611111111111111,0.5555555555555555,2.6666666666666665,6,6
voltage_offset,HECM,lstm,lstm_h1,1,delta_mae,-0.004053630281464286,-0.007559912271107861,-0.0018179202801831462,6,6
voltage_offset,HECM,lstm,lstm_h1,1,delta_rmse,-0.004502311830960865,-0.008055166978074553,-0.0020493950279300774,6,6
voltage_spikes,DD,lstm,lstm_h1,1,mae,0.02575742394120931,0.018629210983213778,0.03242032252146909,6,30
voltage_spikes,DD,lstm,lstm_h1,1,rmse,0.029985719164167483,0.022112906477643423,0.03678148283897607,6,30
voltage_spikes,DD,lstm,lstm_h1,1,p95_error,0.05102028414607048,0.037220596647097,0.062333103955619855,6,30
voltage_spikes,DD,lstm,lstm_h1,1,max_error,0.08719937486781015,0.07016935761811005,0.09945880448445679,6,30
voltage_spikes,DD,lstm,lstm_h1,1,bias,0.0031665245965502593,-0.011432203531764832,0.017230053935666595,6,30
voltage_spikes,DD,lstm,lstm_h1,1,jump_count_gt_5pct,0.07777777777777777,0.0,0.24444444444444444,6,30
voltage_spikes,DD,lstm,lstm_h1,1,delta_mae,-7.689584692964373e-05,-0.00048497891182559675,0.0003574462520375659,6,30
voltage_spikes,DD,lstm,lstm_h1,1,delta_rmse,-4.5156998418395674e-05,-0.0004522067927027387,0.00038725263131562146,6,30
voltage_spikes,DM,none,none,0,mae,0.06781665524291948,0.04906982436060565,0.08073652280186457,6,30
voltage_spikes,DM,none,none,0,rmse,0.07327885628592962,0.05236447863557404,0.08718063736004916,6,30
voltage_spikes,DM,none,none,0,p95_error,0.10868765027779674,0.07541764293693834,0.13083295446510115,6,30
voltage_spikes,DM,none,none,0,max_error,0.12945619715939452,0.09017519287436294,0.1522425795655585,6,30
voltage_spikes,DM,none,none,0,bias,0.06781665524291948,0.049069031646631844,0.0807365228018646,6,30
voltage_spikes,DM,none,none,0,jump_count_gt_5pct,0.0,0.0,0.0,6,30
voltage_spikes,DM,none,none,0,delta_mae,1.2006550440909573e-05,0.0,4.0814548776841073e-05,6,30
voltage_spikes,DM,none,none,0,delta_rmse,1.5102429846791047e-05,0.0,5.034559590312771e-05,6,30
voltage_spikes,HDM,lstm,lstm_h1,1,mae,0.04021208038564313,0.02896923062002348,0.05053141786861956,6,30
voltage_spikes,HDM,lstm,lstm_h1,1,rmse,0.043469530260763084,0.031052060635693022,0.05499335403610507,6,30
voltage_spikes,HDM,lstm,lstm_h1,1,p95_error,0.06444383731525805,0.04388634484012923,0.08405867628152999,6,30
voltage_spikes,HDM,lstm,lstm_h1,1,max_error,0.07587519152429599,0.050890844032350446,0.09823019548962546,6,30
voltage_spikes,HDM,lstm,lstm_h1,1,bias,0.038932417967409705,0.028317824798202898,0.04945919239494132,6,30
voltage_spikes,HDM,lstm,lstm_h1,1,jump_count_gt_5pct,0.0,0.0,0.0,6,30
voltage_spikes,HDM,lstm,lstm_h1,1,delta_mae,-0.0003275011965520533,-0.0007730394018638222,7.910236917534141e-05,6,30
voltage_spikes,HDM,lstm,lstm_h1,1,delta_rmse,-0.00031986161210918084,-0.0007830300817742465,9.91701094163085e-05,6,30
voltage_spikes,HECM,lstm,lstm_h1,1,mae,0.03432343770663825,0.02560238751010393,0.04374574132181285,6,30
voltage_spikes,HECM,lstm,lstm_h1,1,rmse,0.041340119780704405,0.030864911329390468,0.05153796517400098,6,30
voltage_spikes,HECM,lstm,lstm_h1,1,p95_error,0.06485836768174914,0.04743384005408977,0.08238516036491586,6,30
voltage_spikes,HECM,lstm,lstm_h1,1,max_error,0.1517266418382621,0.10422845035799234,0.20269526606193078,6,30
voltage_spikes,HECM,lstm,lstm_h1,1,bias,-0.028146530272371365,-0.0340985399901508,-0.02244303128110341,6,30
voltage_spikes,HECM,lstm,lstm_h1,1,jump_count_gt_5pct,1.5999999999999999,0.8333333333333334,2.488888888888889,6,30
voltage_spikes,HECM,lstm,lstm_h1,1,delta_mae,0.0008573458595131329,-0.00020591847927461682,0.0018770200438254223,6,30
voltage_spikes,HECM,lstm,lstm_h1,1,delta_rmse,0.002390530144245845,-0.00025798135209045234,0.005330449641913891,6,30
