cell,window_id,alias,seed,model,mae_lstm,rmse_lstm,mae_reference,rmse_reference,reference_minus_lstm_mae,reference_minus_lstm_rmse
C09,C09_aged,baseline,42,DD,0.03528190555286434,0.042598658643340136,0.0636711791834558,0.0741572659411984,0.02838927363059146,0.03155860729785826
C09,C09_aged,baseline,42,HDM,0.06149696113355317,0.06739113923336754,0.0013546466451610315,0.0014944016487103814,-0.06014231448839214,-0.06589673758465715
C09,C09_aged,baseline,42,HECM,0.06642507999275525,0.07142883516662173,0.009091547218726511,0.014102649928078515,-0.057333532774028736,-0.057326185238543215
C09,C09_aged,current_bias_3p0pct,42,DD,0.03853171866694868,0.04512274057510315,0.06855575287673529,0.07934080622147205,0.03002403420978661,0.0342180656463689
C09,C09_aged,current_bias_3p0pct,42,HDM,0.05026152206631237,0.0550451353348804,0.01224719735391401,0.01334422320388298,-0.03801432471239836,-0.04170091213099742
C09,C09_aged,current_bias_3p0pct,42,HECM,0.05674999182546639,0.06114705174192434,0.01980289400755932,0.023659550126031843,-0.036947097817907074,-0.037487501615892496
C09,C09_aged,current_noise_high,42,DD,0.034004761826672954,0.04111193412062538,0.06371126848029113,0.07409201745531083,0.029706506653618174,0.032980083334685446
C09,C09_aged,current_noise_high,42,HDM,0.062479422850291455,0.06831188818643326,0.0024380041552872402,0.0032988717839209643,-0.06004141869500421,-0.0650130164025123
C09,C09_aged,current_noise_high,42,HECM,0.038959486635544466,0.0478222002024226,0.009842881070270192,0.01289512965357931,-0.029116605565274276,-0.034927070548843295
C09,C09_aged,current_noise_high,43,DD,0.03484856488183504,0.04199266549074438,0.06462880011557574,0.07521817875055592,0.029780235233740703,0.03322551325981154
C09,C09_aged,current_noise_high,43,HDM,0.06026347300920633,0.0664176654333508,0.0016001789860194478,0.001886572799159961,-0.05866329402318688,-0.06453109263419084
C09,C09_aged,current_noise_high,43,HECM,0.0372119526270201,0.04640621363788934,0.01273879751250873,0.014957443288927424,-0.024473155114511373,-0.031448770348961916
C09,C09_aged,current_noise_high,44,DD,0.03463931785846629,0.041829460815045065,0.06413959352785546,0.07460170416893874,0.029500275669389175,0.03277224335389368
C09,C09_aged,current_noise_high,44,HDM,0.061689669475751316,0.06776269753171087,0.0014002908367123513,0.0017406979722367928,-0.060289378639038965,-0.06602199955947408
C09,C09_aged,current_noise_high,44,HECM,0.03821749586466228,0.04739192640655768,0.012586425731923393,0.014897128771097572,-0.025631070132738888,-0.03249479763546011
C09,C09_aged,current_noise_high,45,DD,0.03357268991449871,0.040796266414232056,0.06303061624943493,0.073329655045286,0.02945792633493622,0.03253338863105395
C09,C09_aged,current_noise_high,45,HDM,0.06384340444617523,0.06959064318584188,0.00308543899664148,0.0034378024880727114,-0.06075796544953375,-0.06615284069776917
C09,C09_aged,current_noise_high,45,HECM,0.08981157977438382,0.11673917845378806,0.025147724999845904,0.0805293582885791,-0.06466385477453793,-0.03620982016520896
C09,C09_aged,current_noise_high,46,DD,0.03587238530143786,0.04305645378167887,0.06527280268464536,0.07588339434846926,0.0294004173832075,0.03282694056679039
C09,C09_aged,current_noise_high,46,HDM,0.05949471240952746,0.06596155836542288,0.0040688901465917495,0.004802140477148059,-0.05542582226293571,-0.061159417888274815
C09,C09_aged,current_noise_high,46,HECM,0.032394534230756784,0.04165718844747573,0.01622318394152796,0.01973579049731499,-0.016171350289228826,-0.021921397950160737
C09,C09_aged,current_noise_high,47,DD,0.03496105478424279,0.042083849392738314,0.06465945878377273,0.0752170321998889,0.029698403999529943,0.03313318280715059
C09,C09_aged,current_noise_high,47,HDM,0.06029598184260916,0.06645145292161578,0.001618191434838694,0.001875209602877715,-0.05867779040777047,-0.06457624331873807
C09,C09_aged,current_noise_high,47,HECM,0.07609075631799658,0.08091195874416177,0.012727702884274189,0.015303687165159978,-0.0633630534337224,-0.06560827157900179
C09,C09_aged,current_noise_high,48,DD,0.035276955619716256,0.04240857171823083,0.06479622808333137,0.07538051058489913,0.02951927246361511,0.0329719388666683
C09,C09_aged,current_noise_high,48,HDM,0.060123431764024245,0.06637279838771762,0.002780211131747792,0.003226362392286461,-0.057343220632276454,-0.06314643599543115
C09,C09_aged,current_noise_high,48,HECM,0.03487173720719064,0.04407661552722184,0.013320866627832013,0.016447846664055278,-0.021550870579358627,-0.027628768863166564
C09,C09_aged,current_noise_high,49,DD,0.03426551383581886,0.04150680208287885,0.06396441237972213,0.07446117708001478,0.029698898543903264,0.032954374997135924
C09,C09_aged,current_noise_high,49,HDM,0.06177856110695057,0.06781622168254758,0.0015971727175882696,0.0019837088797632595,-0.0601813883893623,-0.06583251280278432
C09,C09_aged,current_noise_high,49,HECM,0.03776898990497294,0.04694268436769235,0.012460925120978017,0.013931537092147244,-0.025308064783994923,-0.033011147275545105
C09,C09_aged,current_noise_high,50,DD,0.03341661382310162,0.040710822418432435,0.06304644111004937,0.07348890245787572,0.029629827286947748,0.03277808003944328
C09,C09_aged,current_noise_high,50,HDM,0.0634749037074256,0.06924063987396628,0.0026941159631120168,0.0035231637993778223,-0.060780787744313586,-0.06571747607458846
C09,C09_aged,current_noise_high,50,HECM,0.0389869409577822,0.04788221787074358,0.010215752959769949,0.011733796601997542,-0.02877118799801225,-0.03614842126874604
C09,C09_aged,current_noise_high,51,DD,0.03552602993853333,0.04274477783622461,0.06490778331139331,0.07551955467212229,0.029381753372859983,0.03277477683589768
C09,C09_aged,current_noise_high,51,HDM,0.05994484145870223,0.06627008712565044,0.00332281889955866,0.0037667409428480073,-0.056622022559143566,-0.06250334618280243
C09,C09_aged,current_noise_high,51,HECM,0.09198325488206974,0.11896566337791699,0.02902330732245575,0.08199125393150328,-0.06295994755961398,-0.03697440944641371
C09,C09_aged,missing_gap_1h,42,DD,0.09188905654846587,0.11456651233248286,0.1296896279870173,0.1541117951698816,0.037800571438551436,0.03954528283739875
C09,C09_aged,missing_gap_1h,42,HDM,0.1065847456963312,0.11926424705105768,0.1279261716569631,0.17928433762675328,0.021341425960631905,0.0600200905756956
C09,C09_aged,missing_gap_1h,42,HECM,0.1572074497641009,0.18382268249590467,0.11544830517708687,0.15707766383733776,-0.04175914458701402,-0.026745018658566905
C09,C09_aged,missing_samples_random,42,DD,0.03822277789645234,0.04636686732784538,0.06588534906791099,0.07700352468922275,0.02766257117145865,0.03063665736137737
C09,C09_aged,missing_samples_random,42,HDM,0.058176097647423514,0.06697189901956357,0.008937787416432783,0.010597955145770385,-0.049238310230990734,-0.056373943873793186
C09,C09_aged,missing_samples_random,42,HECM,0.08089238653785458,0.08674474815398202,0.02405325339842918,0.028630400273889946,-0.0568391331394254,-0.05811434788009207
C09,C09_aged,missing_samples_random,43,DD,0.03548636487008006,0.04364218149272829,0.06275638050628618,0.0736102402870765,0.027270015636206117,0.029968058794348204
C09,C09_aged,missing_samples_random,43,HDM,0.06416786710786734,0.07183201683644702,0.009909871770317671,0.011368558984150857,-0.05425799533754967,-0.06046345785229616
C09,C09_aged,missing_samples_random,43,HECM,0.07500043922425317,0.0810163939461549,0.01637521466746309,0.022916284170042284,-0.05862522455679008,-0.058100109776112616
C09,C09_aged,missing_samples_random,44,DD,0.03504030878167395,0.04350151514188698,0.06225629287580244,0.07296125717239461,0.027215984094128495,0.029459742030507635
C09,C09_aged,missing_samples_random,44,HDM,0.06612718169666962,0.07353932591814273,0.007701457658410389,0.010214913275819977,-0.05842572403825923,-0.06332441264232275
C09,C09_aged,missing_samples_random,44,HECM,0.07636935927193644,0.08200143334047201,0.017885591867342253,0.021649020068301765,-0.05848376740459419,-0.060352413272170245
C09,C09_aged,missing_samples_random,45,DD,0.032268086619991955,0.040629863270606525,0.0591709492810904,0.06965057277165385,0.026902862661098446,0.02902070950104732
C09,C09_aged,missing_samples_random,45,HDM,0.07185665472137981,0.07818670411164501,0.013732004741485615,0.014699255634529864,-0.058124649979894194,-0.06348744847711514
C09,C09_aged,missing_samples_random,45,HECM,0.07240562747416131,0.07804723046235972,0.013143898191437069,0.01715033269342066,-0.05926172928272424,-0.06089689776893906
C09,C09_aged,missing_samples_random,46,DD,0.03689415654635186,0.04510353645463077,0.06468233135090579,0.07567309817467574,0.02778817480455393,0.03056956172004497
C09,C09_aged,missing_samples_random,46,HDM,0.06040238909167959,0.06855350349515797,0.006647935353459555,0.008417049903179465,-0.053754453738220034,-0.06013645359197851
C09,C09_aged,missing_samples_random,46,HECM,0.07777393773432059,0.083515339432356,0.019632764193890227,0.024182769228758904,-0.058141173540430365,-0.0593325702035971
C09,C09_aged,temperature_noise,42,DD,0.038869221037024504,0.046505524669379246,0.06378216078845707,0.07335874116596264,0.024912939751432564,0.02685321649658339
C09,C09_aged,temperature_noise,42,HDM,0.05797682372873715,0.06400713033806335,0.0013546466451610315,0.0014944016487103814,-0.05662217708357612,-0.06251272868935297
C09,C09_aged,temperature_noise,42,HECM,0.06707737380243092,0.07169757703371962,0.009091547218726511,0.014102649928078515,-0.05798582658370441,-0.05759492710564111
C09,C09_aged,temperature_noise,43,DD,0.03859579842006808,0.046291927250895724,0.06330951911260146,0.07312131645259923,0.024713720692533386,0.026829389201703503
C09,C09_aged,temperature_noise,43,HDM,0.05799545330912838,0.06401731160241075,0.0013546466451610315,0.0014944016487103814,-0.05664080666396735,-0.06252290995370037
C09,C09_aged,temperature_noise,43,HECM,0.06706528454945689,0.07168924819354207,0.009091547218726511,0.014102649928078515,-0.05797373733073037,-0.05758659826546356
C09,C09_aged,temperature_noise,44,DD,0.038840038949157774,0.04659790192001528,0.063309304608445,0.0731523667366608,0.024469265659287226,0.026554464816645515
C09,C09_aged,temperature_noise,44,HDM,0.05789002655577464,0.063923063830132,0.0013546466451610315,0.0014944016487103814,-0.05653537991061361,-0.06242866218142161
C09,C09_aged,temperature_noise,44,HECM,0.06703957410849537,0.07165147153514147,0.009091547218726511,0.014102649928078515,-0.057948026889768856,-0.057548821607062955
C09,C09_aged,temperature_noise,45,DD,0.03898780010058794,0.046703409737327756,0.0637684495838961,0.07344526310068653,0.024780649483308166,0.02674185336335877
C09,C09_aged,temperature_noise,45,HDM,0.05791543866028109,0.06394375784244266,0.0013546466451610315,0.0014944016487103814,-0.056560792015120064,-0.06244935619373228
C09,C09_aged,temperature_noise,45,HECM,0.0670394675177508,0.07165341890901906,0.009091547218726511,0.014102649928078515,-0.05794792029902429,-0.05755076898094055
C09,C09_aged,temperature_noise,46,DD,0.038808546096273315,0.04647949852670531,0.0636203504718316,0.07323907311734885,0.02481180437555828,0.026759574590643542
C09,C09_aged,temperature_noise,46,HDM,0.057925787344263076,0.06395661635920713,0.0013546466451610315,0.0014944016487103814,-0.056571140699102046,-0.06246221471049675
C09,C09_aged,temperature_noise,46,HECM,0.06705658925590827,0.07167213945029227,0.009091547218726511,0.014102649928078515,-0.05796504203718175,-0.05756948952221376
C09,C09_aged,temperature_noise,47,DD,0.0388530606421681,0.0464738604108607,0.06388076085637243,0.07342822452259946,0.025027700214204328,0.026954364111738766
C09,C09_aged,temperature_noise,47,HDM,0.05791366190566644,0.06394308169783076,0.0013546466451610315,0.0014944016487103814,-0.05655901526050541,-0.06244868004912038
C09,C09_aged,temperature_noise,47,HECM,0.06707228089964093,0.07168678197332846,0.009091547218726511,0.014102649928078515,-0.057980733680914415,-0.05758413204524995
C09,C09_aged,temperature_noise,48,DD,0.03893985825756309,0.04667284243159952,0.0633567654990672,0.07320025704580642,0.02441690724150411,0.0265274146142069
C09,C09_aged,temperature_noise,48,HDM,0.05786369414537728,0.06389576039403336,0.0013546466451610315,0.0014944016487103814,-0.05650904750021625,-0.062401358745322974
C09,C09_aged,temperature_noise,48,HECM,0.06706698988816849,0.0716772052061584,0.009091547218726511,0.014102649928078515,-0.057975442669441976,-0.05757455527807989
C09,C09_aged,temperature_noise,49,DD,0.03883488650564051,0.04656104837981458,0.06362430353746489,0.07337142851616978,0.024789417031824378,0.026810380136355193
C09,C09_aged,temperature_noise,49,HDM,0.057965526709676585,0.06398888460042614,0.0013546466451610315,0.0014944016487103814,-0.056610880064515555,-0.06249448295171575
C09,C09_aged,temperature_noise,49,HECM,0.06703050694881585,0.07165070208424479,0.009091547218726511,0.014102649928078515,-0.057938959730089334,-0.05754805215616628
C09,C09_aged,temperature_noise,50,DD,0.038864288496949395,0.04660904882584801,0.063430592117919,0.07332702972924235,0.024566303620969607,0.02671798090339434
C09,C09_aged,temperature_noise,50,HDM,0.057906262878430634,0.06393719457318708,0.0013546466451610315,0.0014944016487103814,-0.056551616233269604,-0.0624427929244767
C09,C09_aged,temperature_noise,50,HECM,0.06705500204924836,0.07166963311690429,0.009091547218726511,0.014102649928078515,-0.05796345483052184,-0.05756698318882578
C09,C09_aged,temperature_noise,51,DD,0.038681026515664206,0.04645884059612235,0.06356609283223356,0.07323732869227545,0.02488506631656936,0.026778488096153102
C09,C09_aged,temperature_noise,51,HDM,0.05794410460873332,0.06397948862548049,0.0013546466451610315,0.0014944016487103814,-0.05658945796357229,-0.062485086976770104
C09,C09_aged,temperature_noise,51,HECM,0.06710459912335752,0.0717199306695069,0.009091547218726511,0.014102649928078515,-0.058013051904631005,-0.057617280741428384
C09,C09_aged,voltage_noise,42,DD,0.03544305294773566,0.042771735847484886,0.06366102180066746,0.07416087947205224,0.028217968852931798,0.03138914362456736
C09,C09_aged,voltage_noise,42,HDM,0.061375043085912837,0.06726991426960492,0.0013546466451610315,0.0014944016487103814,-0.06002039644075181,-0.06577551262089454
C09,C09_aged,voltage_noise,42,HECM,0.06637222023145223,0.07136410714493585,0.00904266693454861,0.013931407915650711,-0.05732955329690362,-0.057432699229285136
C09,C09_aged,voltage_noise,43,DD,0.03548396149445456,0.04281534186313896,0.06370127941103641,0.0741793614638421,0.02821731791658185,0.03136401960070314
C09,C09_aged,voltage_noise,43,HDM,0.06133564569887185,0.06723087345150318,0.0013546466451610315,0.0014944016487103814,-0.05998099905371082,-0.0657364718027928
C09,C09_aged,voltage_noise,43,HECM,0.06643047639098622,0.07140525451709875,0.009062859561682296,0.014057185454617184,-0.05736761682930392,-0.05734806906248157
C09,C09_aged,voltage_noise,44,DD,0.03549390700536935,0.042862346070930604,0.0636715376446273,0.07418032442330849,0.028177630639257947,0.03131797835237789
C09,C09_aged,voltage_noise,44,HDM,0.06131822398228913,0.06721285911893012,0.0013546466451610315,0.0014944016487103814,-0.0599635773371281,-0.06571845747021973
C09,C09_aged,voltage_noise,44,HECM,0.06617566048730751,0.07117315764204606,0.009105722842094578,0.014117801141811399,-0.05706993764521293,-0.05705535650023466
C09,C09_aged,voltage_noise,45,DD,0.03531932981498631,0.04268382352607985,0.06360431932110351,0.07414226014664317,0.0282849895061172,0.03145843662056332
C09,C09_aged,voltage_noise,45,HDM,0.06142712349730783,0.0673210092677359,0.0013546466451610315,0.0014944016487103814,-0.0600724768521468,-0.06582660761902552
C09,C09_aged,voltage_noise,45,HECM,0.0663839820588444,0.07138251835221468,0.00910270065201719,0.014087765366726982,-0.05728128140682721,-0.057294752985487696
C09,C09_aged,voltage_noise,46,DD,0.03559181981125388,0.04291222548986806,0.06373919318113588,0.07421660821189623,0.028147373369882003,0.031304382722028165
C09,C09_aged,voltage_noise,46,HDM,0.06130407934925482,0.06719935951376439,0.0013546466451610315,0.0014944016487103814,-0.05994943270409379,-0.06570495786505401
C09,C09_aged,voltage_noise,46,HECM,0.06669920376542038,0.07171091297073909,0.009124402047147689,0.014170839842034634,-0.057574801718272686,-0.057540073128704454
C09,C09_aged,voltage_noise,47,DD,0.03544731759633362,0.042805604373503135,0.06360124528135233,0.07413790366636087,0.02815392768501871,0.03133229929285774
C09,C09_aged,voltage_noise,47,HDM,0.06133862893928253,0.06723316422070008,0.0013546466451610315,0.0014944016487103814,-0.0599839822941215,-0.0657387625719897
C09,C09_aged,voltage_noise,47,HECM,0.06648261129657793,0.07147567816639527,0.009079431968335647,0.013985900455712408,-0.05740317932824228,-0.057489777710682866
C09,C09_aged,voltage_noise,48,DD,0.03540968315767477,0.04276028818211993,0.06368884127563205,0.07418504228519232,0.02827915811795728,0.03142475410307239
C09,C09_aged,voltage_noise,48,HDM,0.06140154683707072,0.06729592851808522,0.0013546466451610315,0.0014944016487103814,-0.06004690019190969,-0.06580152686937484
C09,C09_aged,voltage_noise,48,HECM,0.06656209376765951,0.07154514124194902,0.009034096047641979,0.013907773343663155,-0.05752799772001753,-0.05763736789828587
C09,C09_aged,voltage_noise,49,DD,0.035498036287588165,0.04284415608225783,0.06365157165822347,0.07416520583040567,0.0281535353706353,0.031321049748147846
C09,C09_aged,voltage_noise,49,HDM,0.06132039608350918,0.06721520554816499,0.0013546466451610315,0.0014944016487103814,-0.05996574943834815,-0.0657208038994546
C09,C09_aged,voltage_noise,49,HECM,0.06650036323337995,0.07147875255085773,0.009015264386963222,0.01373961204650525,-0.05748509884641673,-0.05773914050435248
C09,C09_aged,voltage_noise,50,DD,0.035336183951716185,0.04267457258396515,0.06363536957240742,0.07415011967250977,0.02829918562069124,0.03147554708854462
C09,C09_aged,voltage_noise,50,HDM,0.06143699661555939,0.06733119258934069,0.0013546466451610315,0.0014944016487103814,-0.06008234997039836,-0.0658367909406303
C09,C09_aged,voltage_noise,50,HECM,0.06679885937415876,0.07182658824498693,0.009050309385519102,0.013972314944108104,-0.05774854998863966,-0.057854273300878827
C09,C09_aged,voltage_noise,51,DD,0.03541724977542206,0.042791111750242944,0.06364933606558555,0.07415120836448823,0.028232086290163494,0.031360096614245284
C09,C09_aged,voltage_noise,51,HDM,0.06134405307337087,0.06723862604534837,0.0013546466451610315,0.0014944016487103814,-0.05998940642820984,-0.06574422439663799
C09,C09_aged,voltage_noise,51,HECM,0.06649625780995576,0.07149332089952051,0.009137046541116101,0.014285531163128834,-0.05735921126883966,-0.05720778973639168
C09,C09_fresh,baseline,42,DD,0.009236225133952102,0.011228615287154011,0.011283318724284381,0.01410486750036943,0.0020470935903322794,0.0028762522132154186
C09,C09_fresh,baseline,42,HDM,0.0032837886311197747,0.0037801766542107733,0.0009750716028436294,0.0011428277822457984,-0.0023087170282761454,-0.002637348871964975
C09,C09_fresh,baseline,42,HECM,0.0058642301078771315,0.00859200038945807,0.005796059365961881,0.009345776897897897,-6.81707419152508e-05,0.0007537765084398261
C09,C09_fresh,current_bias_3p0pct,42,DD,0.01536890918137612,0.01738633755756003,0.018110076248301743,0.020677313528744072,0.0027411670669256222,0.003290975971184041
C09,C09_fresh,current_bias_3p0pct,42,HDM,0.005234789999978499,0.006302077294993484,0.007882453852609132,0.009187821422507845,0.0026476638526306325,0.002885744127514361
C09,C09_fresh,current_bias_3p0pct,42,HECM,0.00757194771920187,0.012429424682052478,0.008971076884738052,0.013871567785060327,0.0013991291655361818,0.0014421431030078487
C09,C09_fresh,current_noise_high,42,DD,0.009113853339684464,0.011243106866865594,0.011353673220694643,0.014267826506397147,0.0022398198810101785,0.003024719639531553
C09,C09_fresh,current_noise_high,42,HDM,0.003797523516555154,0.004579213668038252,0.0019760607147886666,0.002670386182375353,-0.0018214628017664872,-0.0019088274856628989
C09,C09_fresh,current_noise_high,42,HECM,0.005226446448446177,0.006376145110848321,0.0037479155646659087,0.004555769180920804,-0.0014785308837802682,-0.0018203759299275169
C09,C09_fresh,current_noise_high,43,DD,0.010728458591308256,0.012583193514313093,0.012997031897824841,0.01560634326164052,0.002268573306516586,0.0030231497473274267
C09,C09_fresh,current_noise_high,43,HDM,0.0019554235213817607,0.002574445591306763,0.0013745258395074858,0.001593304971345699,-0.0005808976818742748,-0.000981140619961064
C09,C09_fresh,current_noise_high,43,HECM,0.007415854536131606,0.008084760955587729,0.00429808314881388,0.005037397455833197,-0.0031177713873177257,-0.003047363499754532
C09,C09_fresh,current_noise_high,44,DD,0.010019091588971608,0.011859025427834177,0.01222108913993228,0.014853804625618505,0.002201997550960672,0.0029947791977843283
C09,C09_fresh,current_noise_high,44,HDM,0.0028092825006691283,0.003480139959054363,0.0010994361796899086,0.00139074555055883,-0.0017098463209792197,-0.002089394408495533
C09,C09_fresh,current_noise_high,44,HECM,0.007890967864353142,0.008659313640133068,0.004919248504758238,0.005711644219911988,-0.0029717193595949036,-0.00294766942022108
C09,C09_fresh,current_noise_high,45,DD,0.00843467068149617,0.010583239436052884,0.010641518097231066,0.013546691237233626,0.002206847415734896,0.002963451801180742
C09,C09_fresh,current_noise_high,45,HDM,0.004708545259468853,0.005221071834064932,0.002332410843305476,0.002631166699784163,-0.0023761344161633774,-0.0025899051342807688
C09,C09_fresh,current_noise_high,45,HECM,0.024717557504075897,0.10426776014701057,0.025548171734612286,0.10442467882257159,0.0008306142305363889,0.0001569186755610158
C09,C09_fresh,current_noise_high,46,DD,0.011509875728096364,0.013210206762272823,0.013754809572573062,0.01625533705284971,0.002244933844476698,0.0030451302905768855
C09,C09_fresh,current_noise_high,46,HDM,0.002918225598878737,0.00364051998822957,0.003162748642646178,0.0037474871466197683,0.000244523043767441,0.00010696715839019844
C09,C09_fresh,current_noise_high,46,HECM,0.009012540966764194,0.016142870501780614,0.00957483921864982,0.016886797567588593,0.0005622982518856262,0.000743927065807979
C09,C09_fresh,current_noise_high,47,DD,0.010573039152768455,0.012431682192340063,0.01282798705814055,0.015448331600398242,0.002254947905372095,0.003016649408058179
C09,C09_fresh,current_noise_high,47,HDM,0.0020693100796665195,0.002675080327110354,0.001277705209277321,0.0015050317945806138,-0.0007916048703891984,-0.00117004853252974
C09,C09_fresh,current_noise_high,47,HECM,0.007444339364368795,0.016353249355180708,0.007763746871612589,0.01704673656318573,0.0003194075072437937,0.0006934872080050225
C09,C09_fresh,current_noise_high,48,DD,0.010787811503489116,0.01256201519365786,0.013046430237639153,0.015595380622215407,0.0022586187341500363,0.0030333654285575468
C09,C09_fresh,current_noise_high,48,HDM,0.0024540388853718036,0.003044339998574096,0.0022088818584806856,0.0025659188872683833,-0.000245157026891118,-0.0004784211113057126
C09,C09_fresh,current_noise_high,48,HECM,0.00783859148853476,0.014645769860456558,0.008449744769908684,0.015380980091110706,0.0006111532813739239,0.0007352102306541486
C09,C09_fresh,current_noise_high,49,DD,0.009850914115143687,0.011915332607287906,0.01209357441307373,0.014894035824919591,0.002242660297930044,0.0029787032176316845
C09,C09_fresh,current_noise_high,49,HDM,0.003064722082139347,0.0038451180796925965,0.0012605507160030158,0.0015968064901388961,-0.0018041713661363314,-0.0022483115895537004
C09,C09_fresh,current_noise_high,49,HECM,0.0074346634309187835,0.007867354290828146,0.0042546472571185125,0.00454405374112126,-0.003180016173800271,-0.0033233005497068863
C09,C09_fresh,current_noise_high,50,DD,0.008610713577627395,0.010897690491281834,0.010951609417070901,0.013826356644693323,0.002340895839443507,0.0029286661534114883
C09,C09_fresh,current_noise_high,50,HDM,0.004503754775343162,0.005327679131649349,0.002222185781051354,0.002888656158512147,-0.0022815689942918076,-0.002439022973137202
C09,C09_fresh,current_noise_high,50,HECM,0.0043649473823726545,0.004828682064116166,0.0016342029666491721,0.0020012218695674377,-0.0027307444157234823,-0.0028274601945487286
C09,C09_fresh,current_noise_high,51,DD,0.01123125808111896,0.012955813655058929,0.013462232505648965,0.015981191911597154,0.002230974424530005,0.003025378256538225
C09,C09_fresh,current_noise_high,51,HDM,0.0025824725971641113,0.0032779754015700986,0.0027118014850425025,0.003090136516737474,0.0001293288878783912,-0.00018783888483262477
C09,C09_fresh,current_noise_high,51,HECM,0.026523047340994425,0.10444144885096653,0.02655191745549145,0.10456521787389196,2.8870114497026728e-05,0.00012376902292543512
C09,C09_fresh,missing_gap_1h,42,DD,0.02472140037876286,0.041799493143813836,0.024541954731301545,0.04184578628718952,-0.00017944564746131403,4.629314337568219e-05
C09,C09_fresh,missing_gap_1h,42,HDM,0.028345290329980687,0.04702782428653065,0.02578792459912553,0.04547743745824323,-0.0025573657308551566,-0.0015503868282874186
C09,C09_fresh,missing_gap_1h,42,HECM,0.023391380987148273,0.0414702397086125,0.022562019664924955,0.040985667470279534,-0.0008293613222233182,-0.00048457223833296703
C09,C09_fresh,missing_samples_random,42,DD,0.006741832174201661,0.008935809509317579,0.008489394968406607,0.010741916340952838,0.0017475627942049468,0.001806106831635259
C09,C09_fresh,missing_samples_random,42,HDM,0.011096272641259739,0.012832622847045125,0.009093078700469196,0.010577488014367252,-0.002003193940790543,-0.0022551348326778735
C09,C09_fresh,missing_samples_random,42,HECM,0.006313845664103414,0.008156606730206082,0.007177684489947826,0.008849174462924611,0.0008638388258444124,0.0006925677327185298
C09,C09_fresh,missing_samples_random,43,DD,0.007494618663389493,0.009434901595642472,0.009018704527257107,0.011210779697297817,0.0015240858638676134,0.0017758781016553454
C09,C09_fresh,missing_samples_random,43,HDM,0.010804279586288811,0.012849714501612819,0.008838998010193834,0.010615381718670056,-0.0019652815760949766,-0.002234332782942763
C09,C09_fresh,missing_samples_random,43,HECM,0.0071315617249914694,0.008964396115311418,0.008132473234346491,0.00978274606967744,0.0010009115093550219,0.0008183499543660214
C09,C09_fresh,missing_samples_random,44,DD,0.014354700540798187,0.016101470767490873,0.013565163389757568,0.015711956150267596,-0.0007895371510406191,-0.0003895146172232765
C09,C09_fresh,missing_samples_random,44,HDM,0.029675366732224383,0.03107563283531286,0.028123763967725146,0.029539984614457344,-0.0015516027644992374,-0.001535648220855515
C09,C09_fresh,missing_samples_random,44,HECM,0.012482477906549208,0.013778722077887684,0.012716256833496068,0.013852657047975175,0.00023377892694686,7.39349700874907e-05
C09,C09_fresh,missing_samples_random,45,DD,0.013855434395749676,0.015016987834054042,0.01590167261970829,0.017527811893447313,0.0020462382239586144,0.0025108240593932716
C09,C09_fresh,missing_samples_random,45,HDM,0.006063820109669646,0.008203299870552424,0.006611150624391529,0.008200701007524687,0.0005473305147218827,-2.5988630277373054e-06
C09,C09_fresh,missing_samples_random,45,HECM,0.009474325169534992,0.011312085102550593,0.007880014422848235,0.009610848431786796,-0.0015943107466867574,-0.001701236670763797
C09,C09_fresh,missing_samples_random,46,DD,0.007742211542375131,0.009771804537098638,0.009641573383286672,0.011949147853685463,0.0018993618409115414,0.0021773433165868245
C09,C09_fresh,missing_samples_random,46,HDM,0.00797014317275778,0.009915381369701392,0.006035897361331697,0.007663988710632751,-0.001934245811426082,-0.0022513926590686413
C09,C09_fresh,missing_samples_random,46,HECM,0.006106612423766547,0.0078121935861213,0.00549967624492801,0.007286720545861889,-0.0006069361788385366,-0.0005254730402594115
C09,C09_fresh,temperature_noise,42,DD,0.013411036496480963,0.01489294252886474,0.01408816517927675,0.016482703099388867,0.000677128682795786,0.001589760570524127
C09,C09_fresh,temperature_noise,42,HDM,0.002820712888711849,0.0032941070223151568,0.0009750716028436294,0.0011428277822457984,-0.0018456412858682196,-0.0021512792400693584
C09,C09_fresh,temperature_noise,42,HECM,0.00572665137215634,0.008561955480968924,0.005796059365961881,0.009345776897897897,6.940799380554096e-05,0.0007838214169289728
C09,C09_fresh,temperature_noise,43,DD,0.013356468113065546,0.014827239557204771,0.014136644867793799,0.01646696231764354,0.0007801767547282526,0.0016397227604387707
C09,C09_fresh,temperature_noise,43,HDM,0.002846881691354992,0.003318002791557367,0.0009750716028436294,0.0011428277822457984,-0.0018718100885113625,-0.0021751750093115686
C09,C09_fresh,temperature_noise,43,HECM,0.005738453217589223,0.008568216341692544,0.005796059365961881,0.009345776897897897,5.7606148372657887e-05,0.0007775605562053527
C09,C09_fresh,temperature_noise,44,DD,0.013383287609623984,0.014858327103995256,0.01412261846085088,0.016433251036372405,0.0007393308512268961,0.0015749239323771484
C09,C09_fresh,temperature_noise,44,HDM,0.002805772447576342,0.0032777672552730926,0.0009750716028436294,0.0011428277822457984,-0.0018307008447327128,-0.002134939473027294
C09,C09_fresh,temperature_noise,44,HECM,0.005726066485799327,0.008565680236869263,0.005796059365961881,0.009345776897897897,6.999288016255358e-05,0.0007800966610286338
C09,C09_fresh,temperature_noise,45,DD,0.013308484991916227,0.014773027839810935,0.013976588514724796,0.016326157186310836,0.0006681035228085688,0.0015531293464999003
C09,C09_fresh,temperature_noise,45,HDM,0.00281536130245312,0.0032883390073361394,0.0009750716028436294,0.0011428277822457984,-0.0018402896996094907,-0.002145511225090341
C09,C09_fresh,temperature_noise,45,HECM,0.005731741765667328,0.008566817874689967,0.005796059365961881,0.009345776897897897,6.431760029455228e-05,0.0007789590232079296
C09,C09_fresh,temperature_noise,46,DD,0.013252928362952238,0.01471728275662063,0.014040328056856701,0.016323649245178554,0.0007873996939044628,0.001606366488557923
C09,C09_fresh,temperature_noise,46,HDM,0.002812466357448079,0.003284600594059609,0.0009750716028436294,0.0011428277822457984,-0.0018373947546044497,-0.0021417728118138107
C09,C09_fresh,temperature_noise,46,HECM,0.005725901444006282,0.008566385683351373,0.005796059365961881,0.009345776897897897,7.015792195559905e-05,0.0007793912145465237
C09,C09_fresh,temperature_noise,47,DD,0.01329542589093518,0.014760385536872835,0.014165462874985935,0.016470767383447334,0.0008700369840507552,0.0017103818465744984
C09,C09_fresh,temperature_noise,47,HDM,0.00285135242063917,0.0033218297365541264,0.0009750716028436294,0.0011428277822457984,-0.0018762808177955406,-0.002179001954308328
C09,C09_fresh,temperature_noise,47,HECM,0.005743712378181213,0.008573323441828486,0.005796059365961881,0.009345776897897897,5.2346987780668014e-05,0.0007724534560694107
C09,C09_fresh,temperature_noise,48,DD,0.013419402610712207,0.01491766025553551,0.014166868099993582,0.016530582634055272,0.0007474654892813751,0.0016129223785197617
C09,C09_fresh,temperature_noise,48,HDM,0.0028342987812565975,0.0033056493948269983,0.0009750716028436294,0.0011428277822457984,-0.0018592271784129682,-0.0021628216125812
C09,C09_fresh,temperature_noise,48,HECM,0.005734005786309397,0.008568674840088301,0.005796059365961881,0.009345776897897897,6.205357965248341e-05,0.0007771020578095957
C09,C09_fresh,temperature_noise,49,DD,0.013089556694896979,0.01455452204623853,0.014026979198858452,0.01627945941085879,0.0009374225039614735,0.0017249373646202604
C09,C09_fresh,temperature_noise,49,HDM,0.0028792933684538592,0.003348568218661971,0.0009750716028436294,0.0011428277822457984,-0.00190422176561023,-0.0022057404364161726
C09,C09_fresh,temperature_noise,49,HECM,0.005752584654854423,0.00857408444184983,0.005796059365961881,0.009345776897897897,4.3474711107457584e-05,0.0007716924560480665
C09,C09_fresh,temperature_noise,50,DD,0.013300467280529636,0.014758116883750831,0.014081508258611118,0.01636994196171796,0.0007810409780814823,0.00161182507796713
C09,C09_fresh,temperature_noise,50,HDM,0.0028379359256029742,0.003311728036002442,0.0009750716028436294,0.0011428277822457984,-0.001862864322759345,-0.0021689002537566434
C09,C09_fresh,temperature_noise,50,HECM,0.005739403254486839,0.008569079758639563,0.005796059365961881,0.009345776897897897,5.665611147504142e-05,0.0007766971392583338
C09,C09_fresh,temperature_noise,51,DD,0.013206324638484,0.014662320302081786,0.013906721051113296,0.01623065159368007,0.000700396412629296,0.001568331291598283
C09,C09_fresh,temperature_noise,51,HDM,0.0028656529554771525,0.0033352894546837975,0.0009750716028436294,0.0011428277822457984,-0.0018905813526335232,-0.002192461672437999
C09,C09_fresh,temperature_noise,51,HECM,0.0057395356091838115,0.00856701117594829,0.005796059365961881,0.009345776897897897,5.6523756778069194e-05,0.0007787657219496067
C09,C09_fresh,voltage_noise,42,DD,0.009620011450545156,0.011751571497068273,0.01135035039065144,0.014199512778134407,0.0017303389401062842,0.0024479412810661343
C09,C09_fresh,voltage_noise,42,HDM,0.0029798424159303677,0.0034506336484434598,0.0009750716028436294,0.0011428277822457984,-0.0020047708130867385,-0.0023078058661976614
C09,C09_fresh,voltage_noise,42,HECM,0.005875491073726,0.008772325667912199,0.005898299891275713,0.009570475684717767,2.2808817549712854e-05,0.0007981500168055683
C09,C09_fresh,voltage_noise,43,DD,0.009738034240158002,0.011917648700765412,0.011400694972535074,0.014282631264357233,0.001662660732377072,0.0023649825635918206
C09,C09_fresh,voltage_noise,43,HDM,0.002913849351709235,0.0033835893547861143,0.0009750716028436294,0.0011428277822457984,-0.0019387777488656058,-0.002240761572540316
C09,C09_fresh,voltage_noise,43,HECM,0.005788988581105185,0.008734624549778096,0.005797770377770154,0.009514772836922179,8.781796664969477e-06,0.0007801482871440824
C09,C09_fresh,voltage_noise,44,DD,0.009660216962038106,0.011820309114533037,0.011367004570337324,0.014240912456238593,0.0017067876082992178,0.0024206033417055565
C09,C09_fresh,voltage_noise,44,HDM,0.002956271935749515,0.003426213856174768,0.0009750716028436294,0.0011428277822457984,-0.001981200332905886,-0.0022833860739289694
C09,C09_fresh,voltage_noise,44,HECM,0.005729000122229902,0.008554625205281474,0.005810823300441849,0.009380927418687866,8.18231782119469e-05,0.0008263022134063925
C09,C09_fresh,voltage_noise,45,DD,0.009588911019429257,0.011690915659877163,0.011318678515193751,0.014138226656974104,0.0017297674957644938,0.002447310997096941
C09,C09_fresh,voltage_noise,45,HDM,0.0029838707114356253,0.0034553814928580816,0.0009750716028436294,0.0011428277822457984,-0.002008799108591996,-0.002312553710612283
C09,C09_fresh,voltage_noise,45,HECM,0.005687868184969772,0.00865496738568091,0.00574765806636465,0.009479210643891662,5.9789881394878286e-05,0.0008242432582107519
C09,C09_fresh,voltage_noise,46,DD,0.009693764022171644,0.011840451826556863,0.011397787705921649,0.014264112370303535,0.0017040236837500052,0.002423660543746672
C09,C09_fresh,voltage_noise,46,HDM,0.002957125977661953,0.0034273743656397637,0.0009750716028436294,0.0011428277822457984,-0.0019820543748183235,-0.0022845465833939652
C09,C09_fresh,voltage_noise,46,HECM,0.005812025423574896,0.00873581424518941,0.0057845285132345,0.009482673195645252,-2.7496910340396065e-05,0.000746858950455842
C09,C09_fresh,voltage_noise,47,DD,0.00972202732862394,0.011862216857367245,0.011401732403062494,0.014255912123206196,0.0016797050744385544,0.002393695265838951
C09,C09_fresh,voltage_noise,47,HDM,0.0029310651241872656,0.003400498824532005,0.0009750716028436294,0.0011428277822457984,-0.0019559935213436363,-0.0022576710422862064
C09,C09_fresh,voltage_noise,47,HECM,0.005684652632778017,0.008466007353427256,0.005818226578847639,0.009324436628049729,0.0001335739460696225,0.0008584292746224732
C09,C09_fresh,voltage_noise,48,DD,0.009742153236669153,0.011907535221514285,0.0114112741632679,0.014285665770502052,0.001669120926598747,0.0023781305489877676
C09,C09_fresh,voltage_noise,48,HDM,0.0029210339745508636,0.0033909208541326517,0.0009750716028436294,0.0011428277822457984,-0.0019459623717072343,-0.0022480930718868533
C09,C09_fresh,voltage_noise,48,HECM,0.005829256605604637,0.008652837420413924,0.005858941451048891,0.009436657010792575,2.9684845444253975e-05,0.0007838195903786503
C09,C09_fresh,voltage_noise,49,DD,0.00965590244528133,0.011796300201444856,0.011349706886460276,0.01420128637286027,0.001693804441178946,0.0024049861714154127
C09,C09_fresh,voltage_noise,49,HDM,0.002940148479914647,0.0034095898344849037,0.0009750716028436294,0.0011428277822457984,-0.001965076877071018,-0.0022667620522391053
C09,C09_fresh,voltage_noise,49,HECM,0.00582445351006611,0.008549819031702315,0.005889521708786878,0.009344722373865499,6.506819872076786e-05,0.0007949033421631845
C09,C09_fresh,voltage_noise,50,DD,0.009667712274402553,0.011815563608329098,0.011348342657488249,0.014205819497558211,0.0016806303830856958,0.002390255889229113
C09,C09_fresh,voltage_noise,50,HDM,0.002934071649042054,0.0034033373093984333,0.0009750716028436294,0.0011428277822457984,-0.0019590000461984247,-0.002260509527152635
C09,C09_fresh,voltage_noise,50,HECM,0.005796042935834529,0.008635962397726274,0.005794859950597768,0.009395397808880792,-1.1829852367608445e-06,0.0007594354111545177
C09,C09_fresh,voltage_noise,51,DD,0.009691830296183717,0.011834346238357217,0.011402056504538119,0.014263520930509383,0.001710226208354402,0.0024291746921521664
C09,C09_fresh,voltage_noise,51,HDM,0.0029603237777519205,0.003430286944284516,0.0009750716028436294,0.0011428277822457984,-0.0019852521749082913,-0.0022874591620387174
C09,C09_fresh,voltage_noise,51,HECM,0.005726580413614655,0.008734524407672244,0.005738972613578193,0.009523882772525125,1.2392199963537874e-05,0.000789358364852881
C09,C09_mid_life,baseline,42,DD,0.04032485858272472,0.04313241929701718,0.013134655820569292,0.01422142433648446,-0.02719020276215543,-0.028910994960532718
C09,C09_mid_life,baseline,42,HDM,0.035323383910379653,0.03807154116665065,0.0019624795540406233,0.0028840191779877663,-0.03336090435633903,-0.03518752198866289
C09,C09_mid_life,baseline,42,HECM,0.02016979825670571,0.024540612452725527,0.02936009638202553,0.05298169399788904,0.00919029812531982,0.02844108154516351
C09,C09_mid_life,current_bias_3p0pct,42,DD,0.026234031890523337,0.0279298079520746,0.005007834835398599,0.007314173678205793,-0.021226197055124737,-0.020615634273868807
C09,C09_mid_life,current_bias_3p0pct,42,HDM,0.021129011198961045,0.022788924633462732,0.0141310113517157,0.015334517624001733,-0.006997999847245345,-0.007454407009460999
C09,C09_mid_life,current_bias_3p0pct,42,HECM,0.011970264870580108,0.01532429622328135,0.03931503880010233,0.05248831776328196,0.02734477392952222,0.037164021540000605
C09,C09_mid_life,current_noise_high,42,DD,0.041398452148434586,0.044438767054381156,0.013316746262760996,0.014498269613456974,-0.02808170588567359,-0.029940497440924183
C09,C09_mid_life,current_noise_high,42,HDM,0.0368215713645383,0.03990782263398752,0.0025879024922245983,0.0040308890559383765,-0.0342336688723137,-0.03587693357804914
C09,C09_mid_life,current_noise_high,42,HECM,0.06733771160517134,0.07641323445999008,0.01641360524156784,0.0265453309639213,-0.0509241063636035,-0.04986790349606879
C09,C09_mid_life,current_noise_high,43,DD,0.039500283227821786,0.042425813098976854,0.011556527145990108,0.012663130288426899,-0.02794375608183168,-0.029762682810549956
C09,C09_mid_life,current_noise_high,43,HDM,0.03486502768792278,0.0377829133249516,0.0008701893591401068,0.0023231561006222166,-0.033994838328782674,-0.03545975722432938
C09,C09_mid_life,current_noise_high,43,HECM,0.06623148946463157,0.07529153827591976,0.01643713098792137,0.026749712881047754,-0.0497943584767102,-0.04854182539487201
C09,C09_mid_life,current_noise_high,44,DD,0.04113147369777266,0.044150303998838784,0.013158794115239134,0.014380862792786832,-0.02797267958253353,-0.029769441206051954
C09,C09_mid_life,current_noise_high,44,HDM,0.03646553068867261,0.03944063034519951,0.0021310161983267763,0.003105777808507914,-0.03433451449034583,-0.036334852536691595
C09,C09_mid_life,current_noise_high,44,HECM,0.06708783416564745,0.07590085443847944,0.017150405305958686,0.027570145933959483,-0.04993742885968877,-0.048330708504519954
C09,C09_mid_life,current_noise_high,45,DD,0.04151556951388285,0.044297118792882985,0.013401352014273577,0.014408298607228408,-0.02811421749960927,-0.02988882018565458
C09,C09_mid_life,current_noise_high,45,HDM,0.03690529159362149,0.03961374466465782,0.002455925080541243,0.0035249976418405492,-0.03444936651308025,-0.03608874702281727
C09,C09_mid_life,current_noise_high,45,HECM,0.1595460059964535,0.2655049016714981,0.13985956288961565,0.24594631527490957,-0.019686443106837842,-0.01955858639658853
C09,C09_mid_life,current_noise_high,46,DD,0.04014658908264725,0.04304048788478512,0.01229080941986461,0.013350393279325617,-0.02785577966278264,-0.029690094605459506
C09,C09_mid_life,current_noise_high,46,HDM,0.035536223206967435,0.03847257908066311,0.001900576446794486,0.0029959040723163844,-0.03363564676017295,-0.035476675008346725
C09,C09_mid_life,current_noise_high,46,HECM,0.05023090376304284,0.06460878057525687,0.08212562763848708,0.13296567404877846,0.03189472387544424,0.06835689347352158
C09,C09_mid_life,current_noise_high,47,DD,0.040415257386205494,0.043540413609662446,0.012515960635997879,0.013855718883005208,-0.027899296750207615,-0.02968469472665724
C09,C09_mid_life,current_noise_high,47,HDM,0.03575144990357326,0.03886404961874901,0.001706081446532953,0.0029344605082828163,-0.03404536845704031,-0.03592958911046619
C09,C09_mid_life,current_noise_high,47,HECM,0.050423117523836915,0.06437100346014091,0.0828576031698374,0.13368836045741234,0.03243448564600048,0.06931735699727143
C09,C09_mid_life,current_noise_high,48,DD,0.040938934399144394,0.044180372076322375,0.013101579631647086,0.014516584674836018,-0.02783735476749731,-0.029663787401486355
C09,C09_mid_life,current_noise_high,48,HDM,0.03630885508029236,0.03959171926664111,0.002555937372001196,0.0035447792370397408,-0.03375291770829116,-0.03604694002960137
C09,C09_mid_life,current_noise_high,48,HECM,0.05101627634928813,0.06533401151596192,0.08293617110260938,0.133786447934547,0.03191989475332125,0.06845243641858507
C09,C09_mid_life,current_noise_high,49,DD,0.040493916270834894,0.04339877487267354,0.012589281016239467,0.013766650520151979,-0.027904635254595425,-0.02963212435252156
C09,C09_mid_life,current_noise_high,49,HDM,0.035837258402815195,0.03865749006829606,0.0015029855070484907,0.0027397259825568667,-0.0343342728957667,-0.03591776408573919
C09,C09_mid_life,current_noise_high,49,HECM,0.06661046494584026,0.07565874700946056,0.016708276150071283,0.027108399764237165,-0.04990218879576898,-0.04855034724522339
C09,C09_mid_life,current_noise_high,50,DD,0.04217422469050672,0.045363823367213986,0.014243636054424361,0.01573314113598484,-0.027930588636082356,-0.029630682231229145
C09,C09_mid_life,current_noise_high,50,HDM,0.03750444170188121,0.040625268127258155,0.0030911889452532385,0.004324991317882189,-0.034413252756627974,-0.03630027680937597
C09,C09_mid_life,current_noise_high,50,HECM,0.06779044305674271,0.07657160667894468,0.017700125166616593,0.02798713875329461,-0.05009031789012612,-0.04858446792565007
C09,C09_mid_life,current_noise_high,51,DD,0.040465846491694824,0.043467549567754823,0.01252575371732304,0.013693931917694824,-0.02794009277437178,-0.02977361765006
C09,C09_mid_life,current_noise_high,51,HDM,0.035871167569736816,0.03889857038740654,0.002005177798447617,0.0030864727471868574,-0.0338659897712892,-0.035812097640219684
C09,C09_mid_life,current_noise_high,51,HECM,0.15977040370520348,0.26562912948261913,0.14028188797367983,0.24600527954846088,-0.01948851573152366,-0.01962384993415825
C09,C09_mid_life,missing_gap_1h,42,DD,0.03612616567416539,0.03882436529972972,0.036858454752383536,0.04906783809906271,0.0007322890782181443,0.010243472799332992
C09,C09_mid_life,missing_gap_1h,42,HDM,0.034722460740213956,0.0368869195231724,0.028017507492888748,0.03841849448866981,-0.0067049532473252085,0.001531574965497412
C09,C09_mid_life,missing_gap_1h,42,HECM,0.05444346989799427,0.06585939464854612,0.04075517127168888,0.05268591278187209,-0.013688298626305391,-0.013173481866674032
C09,C09_mid_life,missing_samples_random,42,DD,0.049645451008937296,0.05323509750839654,0.02277378459426549,0.02470799942066232,-0.026871666414671806,-0.028527098087734223
C09,C09_mid_life,missing_samples_random,42,HDM,0.044809461502346215,0.04844936704425531,0.012635052697186296,0.013776796366330144,-0.03217440880515992,-0.03467257067792516
C09,C09_mid_life,missing_samples_random,42,HECM,0.02880155387587445,0.03423533840937508,0.03389280520357303,0.05183128571641105,0.005091251327698582,0.017595947307035974
C09,C09_mid_life,missing_samples_random,43,DD,0.04906516658899785,0.052625472651706355,0.02217132930999696,0.024095619607235604,-0.026893837279000892,-0.02852985304447075
C09,C09_mid_life,missing_samples_random,43,HDM,0.04426713500970937,0.047848645076997154,0.011994581681418343,0.013095194192081609,-0.03227255332829103,-0.03475345088491555
C09,C09_mid_life,missing_samples_random,43,HECM,0.027239749271957086,0.03272702509732102,0.032998986562053405,0.05229465080158675,0.005759237290096319,0.019567625704265734
C09,C09_mid_life,missing_samples_random,44,DD,0.04976926039622231,0.05303434327286241,0.022820861572162066,0.02450143311643362,-0.026948398824060242,-0.02853291015642879
C09,C09_mid_life,missing_samples_random,44,HDM,0.044958226129003874,0.04818810918261564,0.012838034133065498,0.013704391999195155,-0.03212019199593838,-0.034483717183420484
C09,C09_mid_life,missing_samples_random,44,HECM,0.025955798596815783,0.030802759498761656,0.030799589166229893,0.051210462687441734,0.00484379056941411,0.020407703188680078
C09,C09_mid_life,missing_samples_random,45,DD,0.05184040817055355,0.05551167369899768,0.02505643423704611,0.027103301489737656,-0.026783973933507437,-0.02840837220926002
C09,C09_mid_life,missing_samples_random,45,HDM,0.047016854369121196,0.050694723615886186,0.015141936130684566,0.016347282507591997,-0.031874918238436634,-0.034347441108294186
C09,C09_mid_life,missing_samples_random,45,HECM,0.028078896852196614,0.03348133930615446,0.03198143111547802,0.0500490961693724,0.0039025342632814063,0.016567756863217938
C09,C09_mid_life,missing_samples_random,46,DD,0.04919263164262774,0.05269800587765,0.022297831115820014,0.02411887969822833,-0.02689480052680773,-0.028579126179421672
C09,C09_mid_life,missing_samples_random,46,HDM,0.04435023745380995,0.04788615026436191,0.012174247235603843,0.013244655868781787,-0.03217599021820611,-0.03464149439558012
C09,C09_mid_life,missing_samples_random,46,HECM,0.028474819319075105,0.03362292426231147,0.033418028351417425,0.05160960727427068,0.00494320903234232,0.017986683011959208
C09,C09_mid_life,temperature_noise,42,DD,0.036584728607020195,0.04015006055854373,0.01314549218186098,0.01562201644323223,-0.023439236425159216,-0.024528044115311502
C09,C09_mid_life,temperature_noise,42,HDM,0.03249601297655347,0.034991624109131,0.0019624795540406233,0.0028840191779877663,-0.030533533422512846,-0.03210760493114324
C09,C09_mid_life,temperature_noise,42,HECM,0.019206926523521108,0.02311207676812395,0.02936009638202553,0.05298169399788904,0.010153169858504424,0.02986961722976509
C09,C09_mid_life,temperature_noise,43,DD,0.03651719019302579,0.04008707851095403,0.013110194002001219,0.015592051024530722,-0.02340699619102457,-0.024495027486423307
C09,C09_mid_life,temperature_noise,43,HDM,0.03242928366915458,0.03491923922839403,0.0019624795540406233,0.0028840191779877663,-0.03046680411511396,-0.032035220050406266
C09,C09_mid_life,temperature_noise,43,HECM,0.019214438763519404,0.02311214953677152,0.02936009638202553,0.05298169399788904,0.010145657618506127,0.029869544461117517
C09,C09_mid_life,temperature_noise,44,DD,0.03657294106737746,0.04015413906720603,0.013115137203767245,0.0156151684632554,-0.023457803863610217,-0.024538970603950633
C09,C09_mid_life,temperature_noise,44,HDM,0.0324940877747256,0.034989327115472015,0.0019624795540406233,0.0028840191779877663,-0.03053160822068498,-0.03210530793748425
C09,C09_mid_life,temperature_noise,44,HECM,0.01920445250593908,0.02310904310773034,0.02936009638202553,0.05298169399788904,0.010155643876086452,0.029872650890158697
C09,C09_mid_life,temperature_noise,45,DD,0.036441621495960023,0.040037520192911874,0.013076164817604787,0.01558656293472418,-0.023365456678355236,-0.024450957258187696
C09,C09_mid_life,temperature_noise,45,HDM,0.03238586761425247,0.03487782940459048,0.0019624795540406233,0.0028840191779877663,-0.030423388060211845,-0.03199381022660271
C09,C09_mid_life,temperature_noise,45,HECM,0.019183857233695523,0.0230660917248482,0.02936009638202553,0.05298169399788904,0.010176239148330008,0.02991560227304084
C09,C09_mid_life,temperature_noise,46,DD,0.03652766786783196,0.04011594048274834,0.013187618283788439,0.015710972807561736,-0.02334004958404352,-0.0244049676751866
C09,C09_mid_life,temperature_noise,46,HDM,0.032410355451297744,0.034899551584418084,0.0019624795540406233,0.0028840191779877663,-0.030447875897257122,-0.03201553240643032
C09,C09_mid_life,temperature_noise,46,HECM,0.019192163725183797,0.02308782191577311,0.02936009638202553,0.05298169399788904,0.010167932656841735,0.029893872082115927
C09,C09_mid_life,temperature_noise,47,DD,0.0366518062578933,0.04024580662283459,0.01315369374387851,0.015663220778409103,-0.02349811251401479,-0.02458258584442549
C09,C09_mid_life,temperature_noise,47,HDM,0.03259386134555181,0.03509662190690128,0.0019624795540406233,0.0028840191779877663,-0.03063138179151119,-0.03221260272891351
C09,C09_mid_life,temperature_noise,47,HECM,0.01924523887925117,0.023167957008103306,0.02936009638202553,0.05298169399788904,0.010114857502774362,0.029813736989785733
C09,C09_mid_life,temperature_noise,48,DD,0.036585478423045846,0.040168860562923334,0.013175080721409972,0.015675680683507505,-0.023410397701635874,-0.02449317987941583
C09,C09_mid_life,temperature_noise,48,HDM,0.0325080684536809,0.03500668601499538,0.0019624795540406233,0.0028840191779877663,-0.030545588899640277,-0.03212266683700762
C09,C09_mid_life,temperature_noise,48,HECM,0.019237278397554222,0.023143843010237662,0.02936009638202553,0.05298169399788904,0.01012281798447131,0.029837850987651376
C09,C09_mid_life,temperature_noise,49,DD,0.03657250732328974,0.04013386737955391,0.013106140578559664,0.015582336597725748,-0.023466366744730075,-0.024551530781828167
C09,C09_mid_life,temperature_noise,49,HDM,0.03247626953345755,0.034972788251253814,0.0019624795540406233,0.0028840191779877663,-0.03051378997941693,-0.03208876907326605
C09,C09_mid_life,temperature_noise,49,HECM,0.01921127629024957,0.02311207243177233,0.02936009638202553,0.05298169399788904,0.010148820091775961,0.029869621566116708
C09,C09_mid_life,temperature_noise,50,DD,0.0364533431946663,0.04001977975331029,0.013051094067371876,0.015558209324767104,-0.023402249127294425,-0.024461570428543182
C09,C09_mid_life,temperature_noise,50,HDM,0.03239923298498268,0.03488899581029723,0.0019624795540406233,0.0028840191779877663,-0.030436753430942057,-0.032004976632309466
C09,C09_mid_life,temperature_noise,50,HECM,0.01921871258747153,0.023114491834656498,0.02936009638202553,0.05298169399788904,0.010141383794554003,0.02986720216323254
C09,C09_mid_life,temperature_noise,51,DD,0.03650056157132718,0.040083865824647645,0.01319978677731163,0.01568474857757464,-0.02330077479401555,-0.024399117247073006
C09,C09_mid_life,temperature_noise,51,HDM,0.0323903805575109,0.03488236083964947,0.0019624795540406233,0.0028840191779877663,-0.03042790100347028,-0.031998341661661704
C09,C09_mid_life,temperature_noise,51,HECM,0.01917923919735866,0.023059712700916227,0.02936009638202553,0.05298169399788904,0.01018085718466687,0.02992198129697281
C09,C09_mid_life,voltage_noise,42,DD,0.039582706895790444,0.042322823187844354,0.013107512076471439,0.014175334373014097,-0.026475194819319006,-0.028147488814830257
C09,C09_mid_life,voltage_noise,42,HDM,0.03417694626856006,0.0369254279023719,0.0016776480715374738,0.0018087182583907582,-0.03249929819702259,-0.03511670964398114
C09,C09_mid_life,voltage_noise,42,HECM,0.020320519847428258,0.02461537211449025,0.01369802950264999,0.02741492952342643,-0.006622490344778268,0.0027995574089361777
C09,C09_mid_life,voltage_noise,43,DD,0.039702433175491485,0.042450449453299635,0.013113617736949646,0.014181799803142015,-0.026588815438541837,-0.028268649650157622
C09,C09_mid_life,voltage_noise,43,HDM,0.03434423098389436,0.03711001115995739,0.0016776480715374738,0.0018087182583907582,-0.032666582912356884,-0.03530129290156663
C09,C09_mid_life,voltage_noise,43,HECM,0.020074323956777364,0.02437521461755579,0.03127381623929999,0.05701176558008133,0.011199492282522629,0.03263655096252554
C09,C09_mid_life,voltage_noise,44,DD,0.039647049972406916,0.04239847987373006,0.013115075594828583,0.014182883218823824,-0.026531974377578333,-0.02821559665490624
C09,C09_mid_life,voltage_noise,44,HDM,0.03428753225241992,0.037047509024758785,0.0016776480715374738,0.0018087182583907582,-0.03260988418088245,-0.035238790766368024
C09,C09_mid_life,voltage_noise,44,HECM,0.020565838050466925,0.024796058770296833,0.03340943879977809,0.061028743001674136,0.012843600749311165,0.03623268423137731
C09,C09_mid_life,voltage_noise,45,DD,0.039591622251546985,0.04233167237660356,0.013115493515039134,0.014183939325158585,-0.02647612873650785,-0.028147733051444974
C09,C09_mid_life,voltage_noise,45,HDM,0.034207506325342495,0.036961070079675654,0.0016776480715374738,0.0018087182583907582,-0.03252985825380502,-0.03515235182128489
C09,C09_mid_life,voltage_noise,45,HECM,0.021356796407767404,0.025876924317067486,0.06837986787716073,0.12706540246805617,0.04702307146939333,0.10118847815098869
C09,C09_mid_life,voltage_noise,46,DD,0.039703974439500744,0.04245114229741505,0.013110043574520024,0.014175843423960915,-0.02659393086498072,-0.028275298873454133
C09,C09_mid_life,voltage_noise,46,HDM,0.034338754937368314,0.037102114020253193,0.0016776480715374738,0.0018087182583907582,-0.03266110686583084,-0.03529339576186243
C09,C09_mid_life,voltage_noise,46,HECM,0.020172459777962157,0.024461068268679855,0.07172294260065587,0.13396626651052163,0.05155048282269371,0.10950519824184177
C09,C09_mid_life,voltage_noise,47,DD,0.03965341693923223,0.04240143824322284,0.013117206328488383,0.014186909894758027,-0.02653621061074385,-0.028214528348464808
C09,C09_mid_life,voltage_noise,47,HDM,0.0342832141110587,0.03704178625365129,0.0016776480715374738,0.0018087182583907582,-0.03260556603952123,-0.03523306799526053
C09,C09_mid_life,voltage_noise,47,HECM,0.02013141393366611,0.024362173297177447,0.030857566794616622,0.0559883328698788,0.010726152860950511,0.03162615957270136
C09,C09_mid_life,voltage_noise,48,DD,0.03966943709122692,0.042417829580274964,0.013103267288305034,0.014174463423468179,-0.026566169802921882,-0.028243366156806785
C09,C09_mid_life,voltage_noise,48,HDM,0.034308165851433696,0.03706843594824596,0.0016776480715374738,0.0018087182583907582,-0.03263051777989622,-0.0352597176898552
C09,C09_mid_life,voltage_noise,48,HECM,0.020155167782312466,0.02441452794830151,0.07346229661326875,0.13671422043712805,0.053307128830956285,0.11229969248882654
C09,C09_mid_life,voltage_noise,49,DD,0.039675228070283,0.042423616365041446,0.013087101771116523,0.014160354971543823,-0.02658812629916648,-0.02826326139349762
C09,C09_mid_life,voltage_noise,49,HDM,0.034312595516948555,0.037072911553552766,0.0016776480715374738,0.0018087182583907582,-0.03263494744541108,-0.035264193295162005
C09,C09_mid_life,voltage_noise,49,HECM,0.020055241891064588,0.024375009071219655,0.01913895869344178,0.034284861930500836,-0.0009162831976228074,0.009909852859281181
C09,C09_mid_life,voltage_noise,50,DD,0.03967012035910721,0.04241787791235289,0.01309289388863297,0.01416758312880514,-0.026577226470474242,-0.02825029478354775
C09,C09_mid_life,voltage_noise,50,HDM,0.03430919557970739,0.03707111320212527,0.0016776480715374738,0.0018087182583907582,-0.03263154750816991,-0.03526239494373451
C09,C09_mid_life,voltage_noise,50,HECM,0.02002687565044382,0.024274717379884434,0.034033220608713166,0.06195414285123867,0.014006344958269346,0.037679425471354236
C09,C09_mid_life,voltage_noise,51,DD,0.03963779948423353,0.04238581494061766,0.013108294796135685,0.014186023942221071,-0.026529504688097845,-0.02819979099839659
C09,C09_mid_life,voltage_noise,51,HDM,0.03427163361318717,0.03702995303869192,0.0016776480715374738,0.0018087182583907582,-0.032593985541649696,-0.03522123478030116
C09,C09_mid_life,voltage_noise,51,HECM,0.02011067782958469,0.02432386505490962,0.028265048902880095,0.05089444657502234,0.008154371073295405,0.02657058152011272
C13,C13_aged,baseline,42,DD,0.03138839166760665,0.04203862485679566,0.05355894391142427,0.0634132762036767,0.022170552243817615,0.021374651346881046
C13,C13_aged,baseline,42,HDM,0.12882210981126713,0.13627274122921312,0.0004594487625542098,0.0005994348164340204,-0.1283626610487129,-0.1356733064127791
C13,C13_aged,baseline,42,HECM,0.059389906047597765,0.07865235327952239,0.027991755179852817,0.029591716368298767,-0.031398150867744945,-0.049060636911223615
C13,C13_aged,current_bias_3p0pct,42,DD,0.02863622083491815,0.03727162498523366,0.05935805384809802,0.06878113466927051,0.030721833013179874,0.031509509684036846
C13,C13_aged,current_bias_3p0pct,42,HDM,0.11596916108987237,0.12271849482789103,0.017707505298765604,0.018745993529736132,-0.09826165579110677,-0.1039725012981549
C13,C13_aged,current_bias_3p0pct,42,HECM,0.0489169155260752,0.0617309980975337,0.04292183949362251,0.044746892827091135,-0.005995076032452695,-0.016984105270442564
C13,C13_aged,current_noise_high,42,DD,0.03175733235041429,0.04257358102205712,0.05338381280131345,0.06322676636303481,0.021626480450899162,0.020653185340977695
C13,C13_aged,current_noise_high,42,HDM,0.13010105466358066,0.13753427766338228,0.002800079991753861,0.0033147083268296315,-0.1273009746718268,-0.13421956933655266
C13,C13_aged,current_noise_high,42,HECM,0.10963935022662932,0.11795666520630145,0.014864665526461172,0.01847390542618078,-0.09477468470016814,-0.09948275978012067
C13,C13_aged,current_noise_high,43,DD,0.03135338748961797,0.041996360568624,0.054950132146795616,0.06496056482374345,0.02359674465717765,0.02296420425511945
C13,C13_aged,current_noise_high,43,HDM,0.1273891606381064,0.13503310828548754,0.003540674261619309,0.003803437746935527,-0.1238484863764871,-0.131229670538552
C13,C13_aged,current_noise_high,43,HECM,0.11015837609803598,0.1185620256264831,0.015127111822745334,0.02301775713629624,-0.09503126427529066,-0.09554426849018686
C13,C13_aged,current_noise_high,44,DD,0.03183321627918902,0.042557598973928905,0.05414787807264602,0.06414502411223032,0.022314661793457,0.021587425138301412
C13,C13_aged,current_noise_high,44,HDM,0.1290531028804581,0.1366027943849103,0.0017182489104700422,0.0021018829529317225,-0.12733485396998806,-0.13450091143197856
C13,C13_aged,current_noise_high,44,HECM,0.11065394722135188,0.11902145431626984,0.01546717743645423,0.022962407852025465,-0.09518676978489765,-0.09605904646424437
C13,C13_aged,current_noise_high,45,DD,0.032199430610949584,0.043114919239616085,0.05272947001343989,0.06254026578936962,0.020530039402490305,0.019425346549753537
C13,C13_aged,current_noise_high,45,HDM,0.13118639506891208,0.13866143180577925,0.0017824758775370558,0.0022087017658496,-0.12940391919137503,-0.13645273003992964
C13,C13_aged,current_noise_high,45,HECM,0.09455232424814106,0.12641707683999642,0.027131107027488634,0.07367027659419471,-0.06742121722065242,-0.05274680024580171
C13,C13_aged,current_noise_high,46,DD,0.03172852229307364,0.042171560351371026,0.05544690255025453,0.06550027440410121,0.023718380257180892,0.02332871405273018
C13,C13_aged,current_noise_high,46,HDM,0.12682910195043082,0.13433696197715891,0.0050761465529222645,0.006350465789788459,-0.12175295539750855,-0.12798649618737046
C13,C13_aged,current_noise_high,46,HECM,0.09486187994347875,0.10656642947057317,0.019422244721472363,0.028449482489299995,-0.07543963522200639,-0.07811694698127317
C13,C13_aged,current_noise_high,47,DD,0.03159459607015735,0.04220754235149739,0.054647938062125416,0.06468130295441063,0.023053341991968068,0.022473760602913243
C13,C13_aged,current_noise_high,47,HDM,0.127852907951456,0.13545370171273377,0.002913785540365089,0.0032066748040653708,-0.12493912241109092,-0.1322470269086684
C13,C13_aged,current_noise_high,47,HECM,0.09299278638236415,0.10442400420760475,0.015339128283286266,0.022977329571867787,-0.07765365809907789,-0.08144667463573696
C13,C13_aged,current_noise_high,48,DD,0.03152903180405836,0.04197624247725889,0.05502397919626116,0.06506319308300555,0.0234949473922028,0.023086950605746663
C13,C13_aged,current_noise_high,48,HDM,0.12750833106943005,0.1350486959515142,0.003756539084013963,0.004578113129411857,-0.12375179198541608,-0.13047058282210233
C13,C13_aged,current_noise_high,48,HECM,0.09285505576027848,0.10453680273886086,0.01725966083965372,0.024663411642389853,-0.07559539492062477,-0.07987339109647101
C13,C13_aged,current_noise_high,49,DD,0.03192505463611473,0.0427149325885893,0.05385250011180451,0.06379911059827502,0.021927445475689776,0.02108417800968572
C13,C13_aged,current_noise_high,49,HDM,0.1292740326870617,0.13692851787637184,0.001697099942479741,0.002140049774881183,-0.12757693274458196,-0.13478846810149064
C13,C13_aged,current_noise_high,49,HECM,0.11025316045968292,0.11865195085438443,0.013434876398788858,0.02127236887622861,-0.09681828406089406,-0.09737958197815583
C13,C13_aged,current_noise_high,50,DD,0.03239807683900335,0.04309399958676722,0.05295761138534166,0.06287370421913742,0.020559534546338312,0.0197797046323702
C13,C13_aged,current_noise_high,50,HDM,0.13098184345091773,0.13857940552944736,0.0021518762045849055,0.0030054881707286926,-0.12882996724633283,-0.13557391735871868
C13,C13_aged,current_noise_high,50,HECM,0.11106407098957628,0.11934355836814572,0.011448725757559449,0.015513337303093424,-0.09961534523201683,-0.1038302210650523
C13,C13_aged,current_noise_high,51,DD,0.03159706115252324,0.04200276832119649,0.055341454640898936,0.06542825595263989,0.023744393488375697,0.0234254876314434
C13,C13_aged,current_noise_high,51,HDM,0.12710538136591767,0.13463244166067548,0.004618814921973145,0.005448545881054545,-0.12248656644394453,-0.12918389577962094
C13,C13_aged,current_noise_high,51,HECM,0.10640421525385052,0.13571104143097054,0.031216401732631974,0.0761723279492421,-0.07518781352121855,-0.05953871348172844
C13,C13_aged,missing_gap_1h,42,DD,0.055317732264708985,0.09397432835202234,0.06733554531916505,0.08390631884784674,0.012017813054456067,-0.010068009504175593
C13,C13_aged,missing_gap_1h,42,HDM,0.16494659492994454,0.18948208763564658,0.04027963092008958,0.10644559262013843,-0.12466696400985497,-0.08303649501550815
C13,C13_aged,missing_gap_1h,42,HECM,0.0756859639833696,0.10278126533376197,0.06564494728720949,0.11517788222715081,-0.010041016696160115,0.012396616893388834
C13,C13_aged,missing_samples_random,42,DD,0.04421408399822144,0.0526292361352223,0.039767951072497504,0.04946567966252665,-0.0044461329257239335,-0.0031635564726956514
C13,C13_aged,missing_samples_random,42,HDM,0.15368911319696907,0.16145823749350977,0.032543930284252544,0.03519030844110308,-0.12114518291271653,-0.1262679290524067
C13,C13_aged,missing_samples_random,42,HECM,0.05651635477958598,0.07611158003182612,0.04202265948729175,0.04604499328654368,-0.014493695292294224,-0.030066586745282446
C13,C13_aged,missing_samples_random,43,DD,0.035407944273581175,0.0465739091770919,0.0481586064478334,0.05817604653046031,0.012750662174252227,0.01160213735336841
C13,C13_aged,missing_samples_random,43,HDM,0.1392442657635552,0.14698147598334568,0.013633874052773796,0.015195905710173836,-0.1256103917107814,-0.13178557027317184
C13,C13_aged,missing_samples_random,43,HECM,0.06113284092420152,0.08052381198496539,0.023291916194906014,0.025330703318938993,-0.03784092472929551,-0.05519310866602639
C13,C13_aged,missing_samples_random,44,DD,0.033972253334561116,0.04381171487201554,0.057482339853855834,0.06843949332288486,0.023510086519294718,0.024627778450869324
C13,C13_aged,missing_samples_random,44,HDM,0.12433131826325815,0.13310867225402864,0.015061625146277333,0.01724731563106653,-0.10926969311698081,-0.11586135662296211
C13,C13_aged,missing_samples_random,44,HECM,0.11166512517805877,0.12638936893800995,0.038494161741845674,0.04973695109933791,-0.0731709634362131,-0.07665241783867205
C13,C13_aged,missing_samples_random,45,DD,0.035275533779904535,0.04645692331827257,0.04839493053406008,0.058480535406302166,0.013119396754155542,0.012023612088029594
C13,C13_aged,missing_samples_random,45,HDM,0.13906092736016384,0.14703629889533104,0.013301347167516176,0.014597662806132465,-0.12575958019264766,-0.13243863608919856
C13,C13_aged,missing_samples_random,45,HECM,0.06434820874344353,0.08364932975010082,0.02581210920704305,0.02953796739981729,-0.038536099536400484,-0.054111362350283534
C13,C13_aged,missing_samples_random,46,DD,0.03393917138012998,0.045321839828228426,0.05043716702043585,0.06064500201672169,0.016497995640305872,0.015323162188493264
C13,C13_aged,missing_samples_random,46,HDM,0.13559013801652778,0.143621342470758,0.009324689284420207,0.011411991436717577,-0.12626544873210757,-0.1322093510340404
C13,C13_aged,missing_samples_random,46,HECM,0.06500595444913716,0.08402048272481927,0.019566263390988436,0.023607441229059584,-0.045439691058148726,-0.060413041495759684
C13,C13_aged,temperature_noise,42,DD,0.03133348377210131,0.04090083648736907,0.052482303880990094,0.06263582209696898,0.021148820108888786,0.02173498560959991
C13,C13_aged,temperature_noise,42,HDM,0.1251217863711326,0.1323134618563962,0.0004594487625542098,0.0005994348164340204,-0.1246623376085784,-0.13171402703996218
C13,C13_aged,temperature_noise,42,HECM,0.059395349018695774,0.0786318746032456,0.027991755179852817,0.029591716368298767,-0.03140359383884296,-0.049040158234946826
C13,C13_aged,temperature_noise,43,DD,0.03137110482857629,0.04117550176845003,0.05243151731595361,0.06252592846993378,0.02106041248737732,0.021350426701483752
C13,C13_aged,temperature_noise,43,HDM,0.12545969973447677,0.13267378010141534,0.0004594487625542098,0.0005994348164340204,-0.12500025097192255,-0.13207434528498133
C13,C13_aged,temperature_noise,43,HECM,0.059389034975735555,0.07862956758625274,0.027991755179852817,0.029591716368298767,-0.031397279795882735,-0.04903785121795397
C13,C13_aged,temperature_noise,44,DD,0.031190867311816788,0.04089800576835452,0.053144881791261846,0.06319860006722189,0.021954014479445057,0.02230059429886737
C13,C13_aged,temperature_noise,44,HDM,0.12540274211145225,0.1326144464539796,0.0004594487625542098,0.0005994348164340204,-0.12494329334889803,-0.1320150116375456
C13,C13_aged,temperature_noise,44,HECM,0.05939072528725218,0.07862791600166134,0.027991755179852817,0.029591716368298767,-0.031398970107399365,-0.04903619963336257
C13,C13_aged,temperature_noise,45,DD,0.031094371582650746,0.04070979502595341,0.052562071530624956,0.0626273535206853,0.02146769994797421,0.021917558494731884
C13,C13_aged,temperature_noise,45,HDM,0.12534091951903348,0.13254799606903456,0.0004594487625542098,0.0005994348164340204,-0.12488147075647926,-0.13194856125260054
C13,C13_aged,temperature_noise,45,HECM,0.05938266441165284,0.07862082550353286,0.027991755179852817,0.029591716368298767,-0.03139090923180002,-0.04902910913523409
C13,C13_aged,temperature_noise,46,DD,0.031414273611540575,0.04112689819821031,0.052376416508649784,0.06251467633781016,0.02096214289710921,0.02138777813959985
C13,C13_aged,temperature_noise,46,HDM,0.1254973668417967,0.13271405335606315,0.0004594487625542098,0.0005994348164340204,-0.12503791807924247,-0.13211461853962914
C13,C13_aged,temperature_noise,46,HECM,0.05937727880112535,0.07861920430752127,0.027991755179852817,0.029591716368298767,-0.03138552362127253,-0.0490274879392225
C13,C13_aged,temperature_noise,47,DD,0.03146773203846537,0.04126280924452602,0.052340843281480705,0.06250563262970074,0.020873111243015337,0.02124282338517472
C13,C13_aged,temperature_noise,47,HDM,0.1255245672374175,0.13274119115749494,0.0004594487625542098,0.0005994348164340204,-0.1250651184748633,-0.13214175634106093
C13,C13_aged,temperature_noise,47,HECM,0.059367470269432676,0.0786142467903808,0.027991755179852817,0.029591716368298767,-0.031375715089579856,-0.04902253042208203
C13,C13_aged,temperature_noise,48,DD,0.03120487787417869,0.04084277298345329,0.05250686981124145,0.06258889931141298,0.021301991937062757,0.02174612632795969
C13,C13_aged,temperature_noise,48,HDM,0.1254276499118557,0.1326393636681798,0.0004594487625542098,0.0005994348164340204,-0.12496820114930149,-0.13203992885174579
C13,C13_aged,temperature_noise,48,HECM,0.05938000154355465,0.0786212623602621,0.027991755179852817,0.029591716368298767,-0.03138824636370183,-0.049029545991963325
C13,C13_aged,temperature_noise,49,DD,0.03123415577148138,0.0410105262248062,0.052911496517100615,0.06291401350780038,0.021677340745619236,0.021903487282994176
C13,C13_aged,temperature_noise,49,HDM,0.12542210115714872,0.1326334008312806,0.0004594487625542098,0.0005994348164340204,-0.1249626523945945,-0.1320339660148466
C13,C13_aged,temperature_noise,49,HECM,0.05939913221739696,0.0786380640636708,0.027991755179852817,0.029591716368298767,-0.03140737703754415,-0.04904634769537203
C13,C13_aged,temperature_noise,50,DD,0.031174700405053428,0.04072258968281193,0.053003621437590666,0.06302995350922788,0.021828921032537238,0.022307363826415953
C13,C13_aged,temperature_noise,50,HDM,0.12504719528223054,0.1322321565203377,0.0004594487625542098,0.0005994348164340204,-0.12458774651967633,-0.1316327217039037
C13,C13_aged,temperature_noise,50,HECM,0.05938538721806907,0.07862694037701842,0.027991755179852817,0.029591716368298767,-0.031393632038216254,-0.04903522400871965
C13,C13_aged,temperature_noise,51,DD,0.031249155900376076,0.04094536228044299,0.05253653179699167,0.06262955958059804,0.021287375896615595,0.021684197300155056
C13,C13_aged,temperature_noise,51,HDM,0.12541323570957177,0.1326242439712294,0.0004594487625542098,0.0005994348164340204,-0.12495378694701756,-0.1320248091547954
C13,C13_aged,temperature_noise,51,HECM,0.05939805179516414,0.07863700708256145,0.027991755179852817,0.029591716368298767,-0.03140629661531133,-0.04904529071426268
C13,C13_aged,voltage_noise,42,DD,0.03140086294077441,0.042021815737495596,0.053549030638981525,0.06343641049757118,0.022148167698207114,0.02141459476007558
C13,C13_aged,voltage_noise,42,HDM,0.12875353375251486,0.13620141926727525,0.0004594487625542098,0.0005994348164340204,-0.12829408498996064,-0.13560198445084123
C13,C13_aged,voltage_noise,42,HECM,0.055767105986305535,0.06826618984489101,0.0291762479700376,0.030834788192067634,-0.026590858016267933,-0.037431401652823375
C13,C13_aged,voltage_noise,43,DD,0.03142609123307245,0.042054271902440155,0.05355161349632382,0.06344317904536123,0.022125522263251367,0.021388907142921076
C13,C13_aged,voltage_noise,43,HDM,0.12878352813879765,0.13623332950854636,0.0004594487625542098,0.0005994348164340204,-0.12832407937624343,-0.13563389469211234
C13,C13_aged,voltage_noise,43,HECM,0.060233871907154735,0.07973392299917231,0.03097689139422866,0.03449361131320362,-0.029256980512926075,-0.04524031168596869
C13,C13_aged,voltage_noise,44,DD,0.03143001566945774,0.04205710275281706,0.05346783927098485,0.06334426509374787,0.02203782360152711,0.02128716234093081
C13,C13_aged,voltage_noise,44,HDM,0.12872832977118154,0.13617373804576266,0.0004594487625542098,0.0005994348164340204,-0.12826888100862732,-0.13557430322932865
C13,C13_aged,voltage_noise,44,HECM,0.053472298712455374,0.06510022073718277,0.02762474895962348,0.029190260445320616,-0.025847549752831895,-0.03590996029186216
C13,C13_aged,voltage_noise,45,DD,0.03140876375869984,0.042032161877228025,0.05353275830662854,0.06340641638041708,0.022123994547928703,0.021374254503189055
C13,C13_aged,voltage_noise,45,HDM,0.12875798391411128,0.13620545968026088,0.0004594487625542098,0.0005994348164340204,-0.12829853515155706,-0.13560602486382686
C13,C13_aged,voltage_noise,45,HECM,0.06046548373085387,0.08031709583593569,0.027690418185858323,0.029270007374129863,-0.03277506554499555,-0.05104708846180582
C13,C13_aged,voltage_noise,46,DD,0.031406761401687466,0.0420273244514509,0.05361395464607561,0.06348424789569433,0.022207193244388142,0.02145692344424343
C13,C13_aged,voltage_noise,46,HDM,0.12878923978751433,0.1362389241448058,0.0004594487625542098,0.0005994348164340204,-0.12832979102496012,-0.13563948932837178
C13,C13_aged,voltage_noise,46,HECM,0.054684304169733605,0.06636507396054012,0.027797288255681892,0.029392010148843458,-0.026887015914051713,-0.036973063811696655
C13,C13_aged,voltage_noise,47,DD,0.031367654307576695,0.04196231502631511,0.053576526145496066,0.06344804646362485,0.02220887183791937,0.021485731437309745
C13,C13_aged,voltage_noise,47,HDM,0.12872794065115745,0.136173601037799,0.0004594487625542098,0.0005994348164340204,-0.12826849188860323,-0.13557416622136498
C13,C13_aged,voltage_noise,47,HECM,0.060424192259865964,0.07912052714724811,0.030617546698365996,0.03408528030250897,-0.029806645561499968,-0.04503524684473914
C13,C13_aged,voltage_noise,48,DD,0.03150433559484517,0.04211019377977665,0.0535188361067865,0.0634048189837876,0.022014500511941336,0.021294625204010945
C13,C13_aged,voltage_noise,48,HDM,0.1287695121119252,0.13621787771034116,0.0004594487625542098,0.0005994348164340204,-0.12831006334937098,-0.13561844289390715
C13,C13_aged,voltage_noise,48,HECM,0.06027891052678318,0.0807628626689194,0.027824907942377786,0.029410247055276045,-0.032454002584405395,-0.05135261561364335
C13,C13_aged,voltage_noise,49,DD,0.03144345489072389,0.042080689041650604,0.05348853450687764,0.063378262247286,0.022045079616153748,0.021297573205635398
C13,C13_aged,voltage_noise,49,HDM,0.1288227252488857,0.136275035483182,0.0004594487625542098,0.0005994348164340204,-0.12836327648633147,-0.135675600666748
C13,C13_aged,voltage_noise,49,HECM,0.059721868009941816,0.07802898578487248,0.030337262105328697,0.033510970138132694,-0.029384605904613118,-0.04451801564673979
C13,C13_aged,voltage_noise,50,DD,0.031458862935550835,0.04207216520968198,0.05340985629188257,0.06329442042411311,0.021950993356331737,0.021222255214431128
C13,C13_aged,voltage_noise,50,HDM,0.12872144593089796,0.13616733804098569,0.0004594487625542098,0.0005994348164340204,-0.12826199716834374,-0.13556790322455167
C13,C13_aged,voltage_noise,50,HECM,0.05357710847937935,0.06542840842599594,0.030908080613957174,0.03458572854249516,-0.022669027865422173,-0.030842679883500777
C13,C13_aged,voltage_noise,51,DD,0.031429523190855166,0.04206869930013323,0.05355487837101542,0.06342212918172911,0.022125355180160254,0.02135342988159588
C13,C13_aged,voltage_noise,51,HDM,0.12877433234920632,0.13622317000919307,0.0004594487625542098,0.0005994348164340204,-0.1283148835866521,-0.13562373519275905
C13,C13_aged,voltage_noise,51,HECM,0.06038945229100393,0.07974644619777392,0.028431982358298104,0.03005323681792899,-0.03195746993270583,-0.049693209379844935
C13,C13_fresh,baseline,42,DD,0.023067191401999657,0.026526985817139095,0.015523389059520496,0.01961730117301919,-0.00754380234247916,-0.006909684644119906
C13,C13_fresh,baseline,42,HDM,0.0054421348298228514,0.006306987753187524,0.00047202052361416025,0.0005499897808243501,-0.0049701143062086915,-0.005756997972363173
C13,C13_fresh,baseline,42,HECM,0.007970158954324862,0.011906556326012036,0.0068567252202733275,0.01031834000592838,-0.0011134337340515344,-0.0015882163200836557
C13,C13_fresh,current_bias_3p0pct,42,DD,0.028246695900306845,0.03194924334338725,0.020686315450660114,0.02525336911517418,-0.0075603804496467315,-0.006695874228213071
C13,C13_fresh,current_bias_3p0pct,42,HDM,0.01383763273618417,0.01602048666898095,0.008998360404080061,0.010416046499179812,-0.0048392723321041085,-0.005604440169801139
C13,C13_fresh,current_bias_3p0pct,42,HECM,0.012249064512859101,0.017178982069799755,0.009348359941402826,0.013672755078138005,-0.002900704571456275,-0.0035062269916617504
C13,C13_fresh,current_noise_high,42,DD,0.02255070866870721,0.025996156935303612,0.01562216086160448,0.01964498265682615,-0.00692854780710273,-0.006351174278477461
C13,C13_fresh,current_noise_high,42,HDM,0.0052588647042365036,0.006326137818940973,0.0020623742184442,0.00234157839401878,-0.0031964904857923037,-0.003984559424922193
C13,C13_fresh,current_noise_high,42,HECM,0.00803416144242146,0.009920480860362601,0.005154619964870259,0.00571024471700972,-0.002879541477551201,-0.004210236143352881
C13,C13_fresh,current_noise_high,43,DD,0.02389078212994625,0.02727028233225729,0.016891691211351745,0.02083162429742082,-0.0069990909185945055,-0.00643865803483647
C13,C13_fresh,current_noise_high,43,HDM,0.007061061944365408,0.007689254627482875,0.002410686056945087,0.002562992956452542,-0.004650375887420321,-0.005126261671030333
C13,C13_fresh,current_noise_high,43,HECM,0.006246173221042349,0.008072783493561424,0.0040961346657313324,0.005015507376618414,-0.0021500385553110167,-0.0030572761169430102
C13,C13_fresh,current_noise_high,44,DD,0.02312276742410862,0.02658999072616801,0.016248463514860798,0.020210737924584162,-0.006874303909247821,-0.006379252801583846
C13,C13_fresh,current_noise_high,44,HDM,0.0057925912904730125,0.0065748691403840764,0.0013074316422137145,0.0015893044243849054,-0.004485159648259298,-0.004985564715999171
C13,C13_fresh,current_noise_high,44,HECM,0.0063546477567272604,0.008479627276841652,0.004411543001124604,0.005187176183867437,-0.0019431047556026562,-0.003292451092974215
C13,C13_fresh,current_noise_high,45,DD,0.021752681973679577,0.025382648249110656,0.014973736827563203,0.019122461462985324,-0.006778945146116374,-0.006260186786125332
C13,C13_fresh,current_noise_high,45,HDM,0.003975139157989805,0.00506069687707986,0.0011394794767897072,0.0014236197529013182,-0.002835659681200098,-0.003637077124178542
C13,C13_fresh,current_noise_high,45,HECM,0.029384399682682347,0.10592650066770654,0.027202204162324283,0.105273850625474,-0.0021821955203580636,-0.0006526500422325415
C13,C13_fresh,current_noise_high,46,DD,0.024590340797538683,0.027942420445215648,0.01773953683819914,0.021528464564326815,-0.006850803959339544,-0.006413955880888833
C13,C13_fresh,current_noise_high,46,HDM,0.007909024988435962,0.008877649590758603,0.00369720683499577,0.0046175450437202946,-0.004211818153440192,-0.0042601045470383085
C13,C13_fresh,current_noise_high,46,HECM,0.012686492822502695,0.019914552128525345,0.011021352574368398,0.01792247838978233,-0.0016651402481342968,-0.001992073738743015
C13,C13_fresh,current_noise_high,47,DD,0.02404199460340481,0.027418542761543985,0.017044102328183788,0.020939006142512196,-0.006997892275221022,-0.006479536619031789
C13,C13_fresh,current_noise_high,47,HDM,0.0069924578657539075,0.007645725784187985,0.00234452936896276,0.0025326511559713156,-0.004647928496791147,-0.00511307462821667
C13,C13_fresh,current_noise_high,47,HECM,0.01076518653474023,0.019903439243365396,0.009486060318788677,0.018248088422360597,-0.0012791262159515537,-0.0016553508210047987
C13,C13_fresh,current_noise_high,48,DD,0.024108015828366032,0.02746163167429893,0.01713626646430021,0.021007981745756483,-0.006971749364065822,-0.006453649928542447
C13,C13_fresh,current_noise_high,48,HDM,0.007188898325074549,0.007979214960312954,0.002733227908464284,0.0033170029578020207,-0.0044556704166102655,-0.004662212002510933
C13,C13_fresh,current_noise_high,48,HECM,0.01183870683116814,0.01868727526615247,0.010162386829750437,0.01664247504184083,-0.001676320001417703,-0.0020448002243116416
C13,C13_fresh,current_noise_high,49,DD,0.02305191563380586,0.026576249621456858,0.016175242330749445,0.02020835277031799,-0.006876673303056417,-0.006367896851138869
C13,C13_fresh,current_noise_high,49,HDM,0.005750572089877385,0.006616189076541509,0.0013794462164020793,0.001712314790646252,-0.004371125873475306,-0.004903874285895257
C13,C13_fresh,current_noise_high,49,HECM,0.0054913295358778,0.007402669859071263,0.003194073217193772,0.003849523234003574,-0.002297256318684028,-0.0035531466250676887
C13,C13_fresh,current_noise_high,50,DD,0.022026990025214896,0.025640221021572554,0.015232179490480087,0.019347753941972686,-0.006794810534734809,-0.006292467079599868
C13,C13_fresh,current_noise_high,50,HDM,0.00448991305953119,0.00565994319578238,0.001522962660839895,0.002000750530960574,-0.0029669503986912947,-0.0036591926648218056
C13,C13_fresh,current_noise_high,50,HECM,0.006415967147921672,0.008480742350715642,0.0023476671543741887,0.002776332604697689,-0.004068299993547483,-0.005704409746017953
C13,C13_fresh,current_noise_high,51,DD,0.024285210774597703,0.027634977495332228,0.017401575858930377,0.021189951624988435,-0.006883634915667326,-0.006445025870343794
C13,C13_fresh,current_noise_high,51,HDM,0.007442917141609413,0.008300627538021714,0.003211213517685302,0.0037905961428603904,-0.004231703623924111,-0.004510031395161323
C13,C13_fresh,current_noise_high,51,HECM,0.029948516442285477,0.10601460379097478,0.028107478742005827,0.10540352218658992,-0.0018410377002796505,-0.000611081604384861
C13,C13_fresh,missing_gap_1h,42,DD,0.0226598813261412,0.031057530552723325,0.017296362010111265,0.027147080581039543,-0.0053635193160299355,-0.003910449971683782
C13,C13_fresh,missing_gap_1h,42,HDM,0.010461708549136514,0.022442620770078386,0.007278727242664063,0.02261118174567569,-0.0031829813064724512,0.0001685609755973025
C13,C13_fresh,missing_gap_1h,42,HECM,0.013767376479311632,0.024259868057446336,0.012997590632733015,0.023632368767000207,-0.0007697858465786165,-0.0006274992904461291
C13,C13_fresh,missing_samples_random,42,DD,0.02490227835962174,0.02826113963817923,0.018067098749026574,0.021507576204786622,-0.006835179610595165,-0.006753563433392607
C13,C13_fresh,missing_samples_random,42,HDM,0.008117060343760632,0.010527824115079765,0.006918531639597094,0.008535110686698653,-0.0011985287041635373,-0.001992713428381112
C13,C13_fresh,missing_samples_random,42,HECM,0.011499750031374734,0.013515058552397305,0.009445129037264067,0.011632187150487795,-0.002054620994110667,-0.0018828714019095104
C13,C13_fresh,missing_samples_random,43,DD,0.016380012346633104,0.020449298432951613,0.011436503804477966,0.014852800985373211,-0.004943508542155138,-0.005596497447578402
C13,C13_fresh,missing_samples_random,43,HDM,0.0054073513317626784,0.006886644393547751,0.009759029262152389,0.011122288132359328,0.0043516779303897106,0.004235643738811577
C13,C13_fresh,missing_samples_random,43,HECM,0.009012892063735605,0.011813334218811183,0.008245855556077049,0.010020518019973404,-0.0007670365076585563,-0.0017928161988377787
C13,C13_fresh,missing_samples_random,44,DD,0.015847353221236184,0.01982368648960835,0.011034613511635137,0.014459528669668332,-0.004812739709601046,-0.005364157819940018
C13,C13_fresh,missing_samples_random,44,HDM,0.0062470587648263,0.00728124586891072,0.011068048789830698,0.012043978715737294,0.004820990025004398,0.0047627328468265746
C13,C13_fresh,missing_samples_random,44,HECM,0.007612387725474576,0.010707327452575743,0.006488763093637691,0.008467347092034942,-0.001123624631836885,-0.002239980360540801
C13,C13_fresh,missing_samples_random,45,DD,0.028198778026594797,0.03143581568362422,0.021300439943888652,0.024504138289193192,-0.006898338082706144,-0.006931677394431027
C13,C13_fresh,missing_samples_random,45,HDM,0.012814421179378544,0.01468332855406177,0.010010709696191424,0.011337228319660941,-0.002803711483187121,-0.003346100234400828
C13,C13_fresh,missing_samples_random,45,HECM,0.011630886151427267,0.012960381685615228,0.011439663237907752,0.012562947783723482,-0.00019122291351951481,-0.00039743390189174617
C13,C13_fresh,missing_samples_random,46,DD,0.020030764991292214,0.023733177517045814,0.013718046425738721,0.017413128604622026,-0.006312718565553493,-0.0063200489124237876
C13,C13_fresh,missing_samples_random,46,HDM,0.004262976317713607,0.0060740244678859105,0.006797960203491005,0.008119890095021533,0.002534983885777398,0.002045865627135623
C13,C13_fresh,missing_samples_random,46,HECM,0.010426455632464552,0.013024807358592233,0.008639418598591936,0.010808425815552563,-0.0017870370338726165,-0.0022163815430396704
C13,C13_fresh,temperature_noise,42,DD,0.024157242587465218,0.027126590224052193,0.017641243756763084,0.020954255642715667,-0.006515998830702134,-0.006172334581336526
C13,C13_fresh,temperature_noise,42,HDM,0.004786761440452907,0.005668747732620867,0.00047202052361416025,0.0005499897808243501,-0.004314740916838747,-0.005118757951796516
C13,C13_fresh,temperature_noise,42,HECM,0.007844598467883487,0.01182728390509173,0.0068567252202733275,0.01031834000592838,-0.0009878732476101592,-0.0015089438991633501
C13,C13_fresh,temperature_noise,43,DD,0.024204131544414132,0.027179704455025825,0.01767258186624665,0.02099265697112726,-0.006531549678167482,-0.006187047483898565
C13,C13_fresh,temperature_noise,43,HDM,0.004796470826389402,0.0056777142600183544,0.00047202052361416025,0.0005499897808243501,-0.004324450302775242,-0.005127724479194004
C13,C13_fresh,temperature_noise,43,HECM,0.007844703645542699,0.011824109352309433,0.0068567252202733275,0.01031834000592838,-0.0009879784252693714,-0.0015057693463810529
C13,C13_fresh,temperature_noise,44,DD,0.024093299277697423,0.027036730971157157,0.0176371143689003,0.020922408728247837,-0.006456184908797121,-0.0061143222429093196
C13,C13_fresh,temperature_noise,44,HDM,0.004761559013759314,0.005645010631930543,0.00047202052361416025,0.0005499897808243501,-0.004289538490145154,-0.005095020851106193
C13,C13_fresh,temperature_noise,44,HECM,0.007839765204167093,0.011820871869930766,0.0068567252202733275,0.01031834000592838,-0.0009830399838937657,-0.0015025318640023867
C13,C13_fresh,temperature_noise,45,DD,0.024240966902385027,0.0271854202351867,0.017725535988697135,0.02101519843151099,-0.006515430913687892,-0.006170221803675709
C13,C13_fresh,temperature_noise,45,HDM,0.004779167487464383,0.005664234221662679,0.00047202052361416025,0.0005499897808243501,-0.004307146963850223,-0.005114244440838329
C13,C13_fresh,temperature_noise,45,HECM,0.00784393883671499,0.01182269852538511,0.0068567252202733275,0.01031834000592838,-0.0009872136164416631,-0.0015043585194567301
C13,C13_fresh,temperature_noise,46,DD,0.0241187582787475,0.027108868010075452,0.017684447248849957,0.021019678010908493,-0.006434311029897544,-0.006089189999166959
C13,C13_fresh,temperature_noise,46,HDM,0.004733563446277532,0.005620399360123444,0.00047202052361416025,0.0005499897808243501,-0.004261542922663372,-0.005070409579299094
C13,C13_fresh,temperature_noise,46,HECM,0.007821496331267877,0.011811909808235672,0.0068567252202733275,0.01031834000592838,-0.0009647711109945492,-0.001493569802307292
C13,C13_fresh,temperature_noise,47,DD,0.02419427436475234,0.027163706885606292,0.017693563037513307,0.02101131326980239,-0.006500711327239034,-0.0061523936158039035
C13,C13_fresh,temperature_noise,47,HDM,0.004765771809435564,0.005649446944898447,0.00047202052361416025,0.0005499897808243501,-0.004293751285821404,-0.005099457164074096
C13,C13_fresh,temperature_noise,47,HECM,0.007836344194923071,0.011820599523033761,0.0068567252202733275,0.01031834000592838,-0.0009796189746497435,-0.0015022595171053817
C13,C13_fresh,temperature_noise,48,DD,0.024152304526919455,0.027102681656218878,0.017677865251395038,0.020966688487978655,-0.006474439275524418,-0.006135993168240223
C13,C13_fresh,temperature_noise,48,HDM,0.004765434286863695,0.0056503806717612,0.00047202052361416025,0.0005499897808243501,-0.004293413763249535,-0.005100390890936849
C13,C13_fresh,temperature_noise,48,HECM,0.007836301049881474,0.011819150906196483,0.0068567252202733275,0.01031834000592838,-0.0009795758296081468,-0.0015008109002681031
C13,C13_fresh,temperature_noise,49,DD,0.02415857033335967,0.027103564048675123,0.017716118826746792,0.021002842123933937,-0.0064424515066128785,-0.006100721924741186
C13,C13_fresh,temperature_noise,49,HDM,0.004739608778620118,0.005624810162135402,0.00047202052361416025,0.0005499897808243501,-0.004267588255005958,-0.005074820381311052
C13,C13_fresh,temperature_noise,49,HECM,0.007835081016090624,0.011819900432798337,0.0068567252202733275,0.01031834000592838,-0.0009783557958172968,-0.0015015604268699568
C13,C13_fresh,temperature_noise,50,DD,0.024208214727451386,0.02713699235935712,0.01774664583969365,0.021014273186010204,-0.006461568887757736,-0.006122719173346915
C13,C13_fresh,temperature_noise,50,HDM,0.004745216763139969,0.005631781779489075,0.00047202052361416025,0.0005499897808243501,-0.004273196239525809,-0.005081791998664724
C13,C13_fresh,temperature_noise,50,HECM,0.007841089954479765,0.011822765796963263,0.0068567252202733275,0.01031834000592838,-0.0009843647342064376,-0.0015044257910348836
C13,C13_fresh,temperature_noise,51,DD,0.024233968090436774,0.02717666707911296,0.017677689965966525,0.020982043663451633,-0.006556278124470249,-0.006194623415661328
C13,C13_fresh,temperature_noise,51,HDM,0.004805420396087177,0.005685175633506362,0.00047202052361416025,0.0005499897808243501,-0.004333399872473017,-0.005135185852682011
C13,C13_fresh,temperature_noise,51,HECM,0.007844361879790849,0.011826834385589223,0.0068567252202733275,0.01031834000592838,-0.0009876366595175214,-0.0015084943796608435
C13,C13_fresh,voltage_noise,42,DD,0.023363538851865234,0.02684575422861177,0.015572175254832255,0.01967915787326847,-0.007791363597032979,-0.007166596355343301
C13,C13_fresh,voltage_noise,42,HDM,0.00560231875189586,0.006469141026050016,0.00047202052361416025,0.0005499897808243501,-0.0051302982282817,-0.005919151245225665
C13,C13_fresh,voltage_noise,42,HECM,0.008264977802958718,0.012291406944645455,0.007025625588634281,0.010609638547086304,-0.0012393522143244375,-0.0016817683975591507
C13,C13_fresh,voltage_noise,43,DD,0.023421328096136694,0.026918397030058515,0.01559813899815342,0.01972830722410431,-0.007823189097983274,-0.007190089805954206
C13,C13_fresh,voltage_noise,43,HDM,0.005607410056838512,0.006474378750061324,0.00047202052361416025,0.0005499897808243501,-0.0051353895332243524,-0.005924388969236974
C13,C13_fresh,voltage_noise,43,HECM,0.008113247397994593,0.012184020009448786,0.0069931271055270975,0.010563097022733035,-0.0011201202924674952,-0.001620922986715751
C13,C13_fresh,voltage_noise,44,DD,0.02342657554254782,0.026912406619790538,0.015607329534598063,0.01971606176165367,-0.007819246007949757,-0.0071963448581368675
C13,C13_fresh,voltage_noise,44,HDM,0.005608981022618846,0.006475948824070034,0.00047202052361416025,0.0005499897808243501,-0.005136960499004686,-0.005925959043245684
C13,C13_fresh,voltage_noise,44,HECM,0.008017740120091234,0.011947898297592456,0.006788950250118471,0.010264212575590638,-0.0012287898699727632,-0.0016836857220018184
C13,C13_fresh,voltage_noise,45,DD,0.023365466820503805,0.026840975733796957,0.015549265132193908,0.019642909335753096,-0.007816201688309897,-0.007198066398043861
C13,C13_fresh,voltage_noise,45,HDM,0.0056211580791848325,0.006488390007381462,0.00047202052361416025,0.0005499897808243501,-0.005149137555570673,-0.0059384002265571115
C13,C13_fresh,voltage_noise,45,HECM,0.008167393645941198,0.012143684062632784,0.0069504392561647406,0.010498493404768366,-0.0012169543897764578,-0.0016451906578644187
C13,C13_fresh,voltage_noise,46,DD,0.023499035221062788,0.026983150154305274,0.015660054434779035,0.01975899736270609,-0.007838980786283752,-0.007224152791599183
C13,C13_fresh,voltage_noise,46,HDM,0.005620814642745268,0.00648805509027023,0.00047202052361416025,0.0005499897808243501,-0.005148794119131108,-0.00593806530944588
C13,C13_fresh,voltage_noise,46,HECM,0.00812176888427333,0.012124900423347542,0.006926280615255215,0.010449898917802432,-0.0011954882690181148,-0.0016750015055451099
C13,C13_fresh,voltage_noise,47,DD,0.02338224883552111,0.02685445431720068,0.01558292025963716,0.019672068174283373,-0.007799328575883948,-0.007182386142917305
C13,C13_fresh,voltage_noise,47,HDM,0.005610022417513044,0.006476977191314078,0.00047202052361416025,0.0005499897808243501,-0.005138001893898884,-0.005926987410489728
C13,C13_fresh,voltage_noise,47,HECM,0.0079681806422239,0.011896892031460016,0.00685905639687835,0.010317802956729096,-0.0011091242453455507,-0.00157908907473092
C13,C13_fresh,voltage_noise,48,DD,0.02341963221429344,0.02690574910915935,0.015595700178583024,0.019708875432566473,-0.007823932035710416,-0.007196873676592878
C13,C13_fresh,voltage_noise,48,HDM,0.005617138260371885,0.0064841742811270345,0.00047202052361416025,0.0005499897808243501,-0.005145117736757725,-0.005934184500302684
C13,C13_fresh,voltage_noise,48,HECM,0.008081940256278662,0.012031522269714795,0.00691627892527378,0.010398194136647752,-0.0011656613310048825,-0.0016333281330670434
C13,C13_fresh,voltage_noise,49,DD,0.02332742788826683,0.02681057120390004,0.01554551202348871,0.019655971520321225,-0.007781915864778119,-0.007154599683578816
C13,C13_fresh,voltage_noise,49,HDM,0.00559478926008312,0.006461424951490468,0.00047202052361416025,0.0005499897808243501,-0.00512276873646896,-0.005911435170666118
C13,C13_fresh,voltage_noise,49,HECM,0.007972749862478057,0.011905253582589188,0.006909168893461027,0.010371937482695517,-0.0010635809690170304,-0.0015333160998936713
C13,C13_fresh,voltage_noise,50,DD,0.023400617466652396,0.026872506194454762,0.015538295051285872,0.019642294474491964,-0.007862322415366524,-0.007230211719962798
C13,C13_fresh,voltage_noise,50,HDM,0.005636899851406343,0.006504736927795761,0.00047202052361416025,0.0005499897808243501,-0.005164879327792183,-0.0059547471469714106
C13,C13_fresh,voltage_noise,50,HECM,0.00799357083924883,0.011902186314912818,0.0067454302537199515,0.010196110811089728,-0.0012481405855288789,-0.0017060755038230905
C13,C13_fresh,voltage_noise,51,DD,0.023422996265666962,0.026908841079109447,0.01561887572099723,0.019722909810236094,-0.007804120544669732,-0.007185931268873354
C13,C13_fresh,voltage_noise,51,HDM,0.005607301130379683,0.006474229244679266,0.00047202052361416025,0.0005499897808243501,-0.005135280606765523,-0.005924239463854916
C13,C13_fresh,voltage_noise,51,HECM,0.008115659956665544,0.012208370377836578,0.0070050989479481076,0.01060714809021918,-0.0011105610087174369,-0.001601222287617398
C13,C13_mid_life,baseline,42,DD,0.010713841023644121,0.015884696536121137,0.036805165199389124,0.03899963752004221,0.026091324175745,0.02311494098392107
C13,C13_mid_life,baseline,42,HDM,0.027212107498402836,0.02975143241538401,0.0005852202959408188,0.0006578269867672663,-0.026626887202462018,-0.029093605428616744
C13,C13_mid_life,baseline,42,HECM,0.022469706697120177,0.025004745872294364,0.017241411412206156,0.01955898573409211,-0.00522829528491402,-0.005445760138202253
C13,C13_mid_life,current_bias_3p0pct,42,DD,0.009254251020017527,0.014069393044206412,0.042819238819463375,0.044802125636709336,0.03356498779944585,0.030732732592502924
C13,C13_mid_life,current_bias_3p0pct,42,HDM,0.01632522495677925,0.01781793354061892,0.012404533965317635,0.013548449631757383,-0.0039206909914616134,-0.004269483908861536
C13,C13_mid_life,current_bias_3p0pct,42,HECM,0.0069613423216648655,0.009390695270023302,0.034543913790806444,0.03547880999544107,0.02758257146914158,0.02608811472541777
C13,C13_mid_life,current_noise_high,42,DD,0.011185518864576215,0.016167620306158113,0.03697908707888439,0.03925105507055988,0.025793568214308178,0.023083434764401764
C13,C13_mid_life,current_noise_high,42,HDM,0.027910496007587854,0.03042193078959705,0.002278113806455078,0.002600191289257583,-0.025632382201132776,-0.02782173950033947
C13,C13_mid_life,current_noise_high,42,HECM,0.011252995145956353,0.014933891983264263,0.004237036312658442,0.005175033939850615,-0.007015958833297911,-0.009758858043413648
C13,C13_mid_life,current_noise_high,43,DD,0.010168569886534067,0.015446986783025212,0.03844510864826558,0.0406656311991861,0.02827653876173151,0.02521864441616089
C13,C13_mid_life,current_noise_high,43,HDM,0.025590997560464287,0.0283650741241176,0.002813202973953653,0.002986223459569161,-0.022777794586510636,-0.02537885066454844
C13,C13_mid_life,current_noise_high,43,HECM,0.0114263901608558,0.015246042870742833,0.002862918224378364,0.0037524833325899686,-0.008563471936477437,-0.011493559538152865
C13,C13_mid_life,current_noise_high,44,DD,0.010923461357391423,0.01615540680705138,0.03740103971578982,0.039746820246273684,0.026477578358398396,0.023591413439222303
C13,C13_mid_life,current_noise_high,44,HDM,0.026921210632587636,0.02958414187087152,0.0015148377332223442,0.0018231845184847138,-0.02540637289936529,-0.027760957352386803
C13,C13_mid_life,current_noise_high,44,HECM,0.011525451696874597,0.015353569070604752,0.003022470420191856,0.003620299840005212,-0.00850298127668274,-0.01173326923059954
C13,C13_mid_life,current_noise_high,45,DD,0.01149309973422785,0.01658285797327274,0.035914500828252115,0.038088540456577336,0.024421401094024263,0.021505682483304596
C13,C13_mid_life,current_noise_high,45,HDM,0.029001227455003834,0.03147680538374089,0.0012345928494483327,0.0015532147417170413,-0.0277666346055555,-0.029923590642023847
C13,C13_mid_life,current_noise_high,45,HECM,0.05211937200501181,0.10667933979481986,0.023772755311978592,0.09819154622922899,-0.028346616693033216,-0.008487793565590873
C13,C13_mid_life,current_noise_high,46,DD,0.01050933742979778,0.015929930463869188,0.03846986952369347,0.04100419971375807,0.027960532093895686,0.025074269249888884
C13,C13_mid_life,current_noise_high,46,HDM,0.024985661976398718,0.027923507997040957,0.003965116855697625,0.0049811581415803,-0.021020545120701093,-0.022942349855460658
C13,C13_mid_life,current_noise_high,46,HECM,0.03794212629460929,0.04008358180042553,0.00949544154543268,0.0208017750331465,-0.02844668474917661,-0.01928180676727903
C13,C13_mid_life,current_noise_high,47,DD,0.010319439356317779,0.01561901655200012,0.03820108666863957,0.040453021026433694,0.02788164731232179,0.024834004474433576
C13,C13_mid_life,current_noise_high,47,HDM,0.025705909656901144,0.028479443652248113,0.002679324131186865,0.0028823712128233057,-0.02302658552571428,-0.025597072439424808
C13,C13_mid_life,current_noise_high,47,HECM,0.03413601665001971,0.03641731527679915,0.008347647706718914,0.020903704142970325,-0.025788368943300798,-0.015513611133828827
C13,C13_mid_life,current_noise_high,48,DD,0.010509068367337287,0.015743987565947193,0.03839496993895012,0.04081236471842087,0.02788590157161283,0.025068377152473675
C13,C13_mid_life,current_noise_high,48,HDM,0.025457931856561547,0.02826240900983024,0.003121852786334132,0.0037631171377579473,-0.022336079070227416,-0.024499291872072292
C13,C13_mid_life,current_noise_high,48,HECM,0.03362767275099564,0.035807971659280007,0.00866218686431668,0.020103705846424357,-0.02496548588667896,-0.01570426581285565
C13,C13_mid_life,current_noise_high,49,DD,0.010596671547388173,0.015901885293204993,0.0372829547167937,0.03944678101346912,0.02668628316940553,0.02354489572026413
C13,C13_mid_life,current_noise_high,49,HDM,0.02703152653272839,0.029789920051798664,0.0015089815387825817,0.001859698492594955,-0.02552254499394581,-0.02793022155920371
C13,C13_mid_life,current_noise_high,49,HECM,0.01148920044135892,0.015286115917207804,0.0016273458308476928,0.0025121100925748516,-0.009861854610511226,-0.012774005824632952
C13,C13_mid_life,current_noise_high,50,DD,0.011186918920145885,0.016418510035623148,0.036366567182878375,0.03844321178124594,0.025179648262732487,0.022024701745622793
C13,C13_mid_life,current_noise_high,50,HDM,0.028571017633603292,0.031162183065106208,0.0017293194586140241,0.002184111412356403,-0.026841698174989267,-0.028978071652749807
C13,C13_mid_life,current_noise_high,50,HECM,0.01094623460309439,0.014553685020215179,0.0022269988073842315,0.003069825320368575,-0.008719235795710158,-0.011483859699846603
C13,C13_mid_life,current_noise_high,51,DD,0.010605215645926423,0.01593095069986483,0.03856317744116224,0.04102331621361846,0.027957961795235818,0.025092365513753632
C13,C13_mid_life,current_noise_high,51,HDM,0.02541315052764962,0.028234683602062938,0.003486108667361994,0.004102428332355668,-0.021927041860287627,-0.02413225526970727
C13,C13_mid_life,current_noise_high,51,HECM,0.053586385879134994,0.10728342598723493,0.024575997881668477,0.09846602992200047,-0.029010387997466518,-0.008817396065234462
C13,C13_mid_life,missing_gap_1h,42,DD,0.044136673381194966,0.0781359242467803,0.04756021201960309,0.06280677071498006,0.0034235386384081218,-0.015329153531800241
C13,C13_mid_life,missing_gap_1h,42,HDM,0.07196719239977056,0.11371650951002084,0.04433215492677928,0.10356134381544382,-0.027635037472991286,-0.010155165694577015
C13,C13_mid_life,missing_gap_1h,42,HECM,0.04593548912695711,0.07213620955936147,0.03981069065204786,0.06751333677706083,-0.006124798474909245,-0.004622872782300641
C13,C13_mid_life,missing_samples_random,42,DD,0.012184343802850063,0.017774080681085037,0.03416345175195278,0.036275183529390895,0.021979107949102718,0.018501102848305858
C13,C13_mid_life,missing_samples_random,42,HDM,0.03161478978869459,0.035429184310007855,0.004979219982557197,0.006380746112152287,-0.026635569806137398,-0.029048438197855568
C13,C13_mid_life,missing_samples_random,42,HECM,0.033135480674031714,0.03607762136498983,0.005951284281924673,0.012331270099692648,-0.027184196392107042,-0.02374635126529718
C13,C13_mid_life,missing_samples_random,43,DD,0.01824980672677809,0.022566938610849484,0.027454221714293334,0.029513930191577588,0.009204414987515244,0.006946991580728104
C13,C13_mid_life,missing_samples_random,43,HDM,0.04215479507174539,0.045301916411701657,0.01570147690131404,0.0175526549663407,-0.02645331817043135,-0.027749261445360957
C13,C13_mid_life,missing_samples_random,43,HECM,0.022395345661715402,0.02627192567896555,0.01619864074647105,0.01907534554353563,-0.006196704915244353,-0.007196580135429918
C13,C13_mid_life,missing_samples_random,44,DD,0.015174632135481285,0.020166453681944696,0.030857454352715967,0.03302213380224087,0.01568282221723468,0.012855680120296177
C13,C13_mid_life,missing_samples_random,44,HDM,0.03716093242654497,0.04043615482303796,0.010272828325061533,0.01154873667948682,-0.026888104101483436,-0.02888741814355114
C13,C13_mid_life,missing_samples_random,44,HECM,0.030949231327150006,0.03401790494035888,0.007450638847305062,0.012877172355839952,-0.023498592479844944,-0.02114073258451893
C13,C13_mid_life,missing_samples_random,45,DD,0.012631527939860837,0.017985143579176608,0.04001863776255508,0.04332942569114277,0.02738710982269424,0.025344282111966165
C13,C13_mid_life,missing_samples_random,45,HDM,0.02391650422358667,0.02944482860840491,0.010897004377124202,0.012916824725242889,-0.01301949984646247,-0.016528003883162022
C13,C13_mid_life,missing_samples_random,45,HECM,0.04253209337331727,0.04626337049965917,0.01504219390925873,0.019100308395921223,-0.027489899464058543,-0.02716306210373795
C13,C13_mid_life,missing_samples_random,46,DD,0.019719768903334618,0.023772427933525728,0.02650152640596396,0.02934251232346619,0.006781757502629344,0.005570084389940461
C13,C13_mid_life,missing_samples_random,46,HDM,0.043569579885321105,0.046373037223818865,0.017261640946800466,0.01916811060402343,-0.02630793893852064,-0.027204926619795435
C13,C13_mid_life,missing_samples_random,46,HECM,0.02303425903974286,0.027135704829561895,0.022504474397601518,0.04500876799933905,-0.000529784642141342,0.017873063169777152
C13,C13_mid_life,temperature_noise,42,DD,0.010355935156869937,0.015532739197948372,0.03803128506453937,0.04021774748787591,0.027675349907669435,0.02468500828992754
C13,C13_mid_life,temperature_noise,42,HDM,0.02740575193499652,0.029967298830725395,0.0005852202959408188,0.0006578269867672663,-0.026820531639055702,-0.02930947184395813
C13,C13_mid_life,temperature_noise,42,HECM,0.022771768967026255,0.02531692515279182,0.017241411412206156,0.01955898573409211,-0.005530357554820099,-0.00575793941869971
C13,C13_mid_life,temperature_noise,43,DD,0.010244501403583283,0.015404818506039558,0.0384198149994122,0.040630743333065496,0.02817531359582892,0.025225924827025938
C13,C13_mid_life,temperature_noise,43,HDM,0.027410864151649204,0.02997111535483414,0.0005852202959408188,0.0006578269867672663,-0.026825643855708386,-0.029313288368066875
C13,C13_mid_life,temperature_noise,43,HECM,0.02273611710940228,0.0252846506173473,0.017241411412206156,0.01955898573409211,-0.005494705697196123,-0.00572566488325519
C13,C13_mid_life,temperature_noise,44,DD,0.010394564877614167,0.015577742984753982,0.03831044978964067,0.04060979819110157,0.0279158849120265,0.025032055206347586
C13,C13_mid_life,temperature_noise,44,HDM,0.027492376422730887,0.030053903099196873,0.0005852202959408188,0.0006578269867672663,-0.02690715612679007,-0.029396076112429607
C13,C13_mid_life,temperature_noise,44,HECM,0.022764888446236385,0.025324866918762193,0.017241411412206156,0.01955898573409211,-0.005523477034030229,-0.005765881184670082
C13,C13_mid_life,temperature_noise,45,DD,0.0102581156800991,0.015440893940743345,0.038388520044945085,0.04057353682497735,0.028130404364845984,0.025132642884234006
C13,C13_mid_life,temperature_noise,45,HDM,0.027453855877877274,0.030018567311979362,0.0005852202959408188,0.0006578269867672663,-0.026868635581936456,-0.029360740325212097
C13,C13_mid_life,temperature_noise,45,HECM,0.022745492735146304,0.02530087881960535,0.017241411412206156,0.01955898573409211,-0.005504081322940148,-0.00574189308551324
C13,C13_mid_life,temperature_noise,46,DD,0.010407592440764684,0.015527590209974502,0.03814264145769578,0.04040513797215272,0.0277350490169311,0.024877547762178216
C13,C13_mid_life,temperature_noise,46,HDM,0.027496763501968814,0.030063227688901052,0.0005852202959408188,0.0006578269867672663,-0.026911543206027996,-0.029405400702133787
C13,C13_mid_life,temperature_noise,46,HECM,0.022769464003723542,0.025330906949004278,0.017241411412206156,0.01955898573409211,-0.005528052591517386,-0.005771921214912167
C13,C13_mid_life,temperature_noise,47,DD,0.010245068647310037,0.015436395259376495,0.038578927563865786,0.04072614089621427,0.02833385891655575,0.025289745636837776
C13,C13_mid_life,temperature_noise,47,HDM,0.027464448786027343,0.030026754209914717,0.0005852202959408188,0.0006578269867672663,-0.026879228490086525,-0.02936892722314745
C13,C13_mid_life,temperature_noise,47,HECM,0.02275118537755289,0.02530779790346391,0.017241411412206156,0.01955898573409211,-0.005509773965346732,-0.0057488121693718
C13,C13_mid_life,temperature_noise,48,DD,0.010393777998577011,0.015506601561397427,0.038678586477838124,0.040914259775175356,0.02828480847926111,0.02540765821377793
C13,C13_mid_life,temperature_noise,48,HDM,0.027526014530804173,0.030090871175147412,0.0005852202959408188,0.0006578269867672663,-0.026940794234863355,-0.029433044188380147
C13,C13_mid_life,temperature_noise,48,HECM,0.022785151796418733,0.025349853491101373,0.017241411412206156,0.01955898573409211,-0.005543740384212577,-0.0057908677570092625
C13,C13_mid_life,temperature_noise,49,DD,0.010334817362561739,0.015461056024637043,0.03848963214074344,0.0407392197330306,0.0281548147781817,0.02527816370839356
C13,C13_mid_life,temperature_noise,49,HDM,0.027461610780456853,0.030022903421744972,0.0005852202959408188,0.0006578269867672663,-0.026876390484516035,-0.029365076434977707
C13,C13_mid_life,temperature_noise,49,HECM,0.022753491226253947,0.025309304914633155,0.017241411412206156,0.01955898573409211,-0.005512079814047791,-0.005750319180541044
C13,C13_mid_life,temperature_noise,50,DD,0.010257533455971966,0.015414980852208632,0.03845012865962114,0.040652986180715944,0.028192595203649175,0.025238005328507312
C13,C13_mid_life,temperature_noise,50,HDM,0.027497886769608654,0.030063128083219207,0.0005852202959408188,0.0006578269867672663,-0.026912666473667836,-0.029405301096451942
C13,C13_mid_life,temperature_noise,50,HECM,0.02277569601010504,0.02533676844969306,0.017241411412206156,0.01955898573409211,-0.005534284597898884,-0.005777782715600949
C13,C13_mid_life,temperature_noise,51,DD,0.010328035286781294,0.01545280423743389,0.03872578877293995,0.04094868175816132,0.02839775348615866,0.025495877520727427
C13,C13_mid_life,temperature_noise,51,HDM,0.02742854603095107,0.029991170374897336,0.0005852202959408188,0.0006578269867672663,-0.026843325735010252,-0.02933334338813007
C13,C13_mid_life,temperature_noise,51,HECM,0.022757190194662276,0.02530739405768933,0.017241411412206156,0.01955898573409211,-0.00551577878245612,-0.0057484083235972185
C13,C13_mid_life,voltage_noise,42,DD,0.010705065543797585,0.015906497951745764,0.03674830529592069,0.03899308056545612,0.02604323975212311,0.023086582613710355
C13,C13_mid_life,voltage_noise,42,HDM,0.027075886607149987,0.02960742481003608,0.0005852202959408188,0.0006578269867672663,-0.02649066631120917,-0.028949597823268815
C13,C13_mid_life,voltage_noise,42,HECM,0.022030104667779316,0.024585040254567463,0.017301741731956873,0.019449114194812753,-0.004728362935822444,-0.005135926059754711
C13,C13_mid_life,voltage_noise,43,DD,0.010673158640809411,0.01587114631738479,0.03675643127501079,0.03898681743800688,0.02608327263420138,0.02311567112062209
C13,C13_mid_life,voltage_noise,43,HDM,0.02703433683602266,0.029564865908985983,0.0005852202959408188,0.0006578269867672663,-0.026449116540081842,-0.028907038922218718
C13,C13_mid_life,voltage_noise,43,HECM,0.022137941648062848,0.024676668014683146,0.01790935309123576,0.02171649716598185,-0.004228588556827086,-0.002960170848701295
C13,C13_mid_life,voltage_noise,44,DD,0.010576742963215499,0.01582981621568898,0.0369562932620966,0.039167893150794254,0.026379550298881102,0.023338076935105274
C13,C13_mid_life,voltage_noise,44,HDM,0.027021086958992975,0.029551127851191347,0.0005852202959408188,0.0006578269867672663,-0.026435866663052157,-0.02889330086442408
C13,C13_mid_life,voltage_noise,44,HECM,0.022201805299190726,0.02472822596509003,0.018716042358540408,0.024850961170985737,-0.003485762940650318,0.00012273520589570555
C13,C13_mid_life,voltage_noise,45,DD,0.010606193232049548,0.015847564166745095,0.0368500552830987,0.03908693216728136,0.02624386205104915,0.023239368000536265
C13,C13_mid_life,voltage_noise,45,HDM,0.0270384722751778,0.02956890895507882,0.0005852202959408188,0.0006578269867672663,-0.026453251979236984,-0.028911081968311554
C13,C13_mid_life,voltage_noise,45,HECM,0.022087616501731126,0.02463149446417851,0.018500142872697217,0.023872109134588468,-0.003587473629033909,-0.0007593853295900406
C13,C13_mid_life,voltage_noise,46,DD,0.010669064205929217,0.015899184076888312,0.036811207060841025,0.03904826031347151,0.026142142854911808,0.023149076236583195
C13,C13_mid_life,voltage_noise,46,HDM,0.027075122131100846,0.029607446316702823,0.0005852202959408188,0.0006578269867672663,-0.026489901835160028,-0.028949619329935557
C13,C13_mid_life,voltage_noise,46,HECM,0.022196471598690235,0.024733493544412028,0.017204963450256936,0.019297287742847877,-0.004991508148433299,-0.005436205801564151
C13,C13_mid_life,voltage_noise,47,DD,0.010649512358073675,0.015872196062152275,0.03680213859003838,0.039050445039237026,0.026152626231964703,0.023178248977084752
C13,C13_mid_life,voltage_noise,47,HDM,0.027051349314288986,0.02958246492384014,0.0005852202959408188,0.0006578269867672663,-0.026466129018348168,-0.028924637937072874
C13,C13_mid_life,voltage_noise,47,HECM,0.0226239868419006,0.025127474686838198,0.017491876193736874,0.020806127879804005,-0.005132110648163726,-0.004321346807034193
C13,C13_mid_life,voltage_noise,48,DD,0.010659557658187413,0.01588616320684893,0.03673459501233177,0.03895814378201376,0.026075037354144355,0.02307198057516483
C13,C13_mid_life,voltage_noise,48,HDM,0.027043611704903645,0.02957444516818133,0.0005852202959408188,0.0006578269867672663,-0.026458391408962827,-0.028916618181414066
C13,C13_mid_life,voltage_noise,48,HECM,0.022032015864738182,0.024585794396580846,0.017922146110890394,0.02171243562727528,-0.004109869753847788,-0.0028733587693055666
C13,C13_mid_life,voltage_noise,49,DD,0.010637136014084924,0.01584373008667034,0.03677902446050683,0.03899452791921859,0.0261418884464219,0.02315079783254825
C13,C13_mid_life,voltage_noise,49,HDM,0.02706138936297129,0.029592759535592605,0.0005852202959408188,0.0006578269867672663,-0.026476169067030472,-0.02893493254882534
C13,C13_mid_life,voltage_noise,49,HECM,0.022444925244107974,0.024946770838434534,0.017081523345798134,0.01867439425843923,-0.00536340189830984,-0.006272376579995305
C13,C13_mid_life,voltage_noise,50,DD,0.010667776881268957,0.015866636366654797,0.03690351553529521,0.03914703595890634,0.02623573865402625,0.023280399592251543
C13,C13_mid_life,voltage_noise,50,HDM,0.02703231421742232,0.029562860617570255,0.0005852202959408188,0.0006578269867672663,-0.026447093921481504,-0.02890503363080299
C13,C13_mid_life,voltage_noise,50,HECM,0.02232365976801425,0.024842358778342212,0.024693289640981622,0.052554529623876675,0.0023696298729673736,0.027712170845534463
C13,C13_mid_life,voltage_noise,51,DD,0.010659099506394081,0.015909826638800077,0.03678298808571635,0.03902185505381812,0.026123888579322272,0.02311202841501804
C13,C13_mid_life,voltage_noise,51,HDM,0.027064262214407074,0.029595335275330252,0.0005852202959408188,0.0006578269867672663,-0.026479041918466256,-0.028937508288562987
C13,C13_mid_life,voltage_noise,51,HECM,0.022109385586207918,0.02465700543228645,0.01780555576043832,0.021307275806240745,-0.004303829825769597,-0.003349729626045704
C15,C15_aged,baseline,42,DD,0.0339268049543431,0.03860022352585609,0.05798010145400478,0.07030517436718978,0.024053296499661675,0.031704950841333686
C15,C15_aged,baseline,42,HDM,0.09088659598116801,0.09734823399905797,0.00637202586838376,0.006824360292394245,-0.08451457011278425,-0.09052387370666372
C15,C15_aged,baseline,42,HECM,0.10193402693619981,0.11128725543643317,0.048359341432439855,0.05786466731356239,-0.053574685503759954,-0.053422588122870776
C15,C15_aged,current_bias_3p0pct,42,DD,0.035443831399083046,0.04033316890765881,0.06347030800986907,0.07561817174808426,0.02802647661078602,0.03528500284042545
C15,C15_aged,current_bias_3p0pct,42,HDM,0.07752198669666911,0.08305670675041756,0.010333453540296278,0.011077696939632287,-0.06718853315637284,-0.07197900981078527
C15,C15_aged,current_bias_3p0pct,42,HECM,0.09186074972698999,0.10108178975595376,0.03538895840356565,0.04467895215915914,-0.056471791323424336,-0.056402837596794625
C15,C15_aged,current_noise_high,42,DD,0.033316724435686104,0.03794856695096791,0.05787633481295823,0.07020114919743946,0.024559610377272126,0.032252582246471546
C15,C15_aged,current_noise_high,42,HDM,0.09215967801817593,0.09864658889020446,0.006628366834255993,0.007628601151753343,-0.08553131118391993,-0.09101798773845111
C15,C15_aged,current_noise_high,42,HECM,0.055805121305167085,0.06583580161927836,0.033854903381168595,0.04570018767055181,-0.02195021792399849,-0.020135613948726552
C15,C15_aged,current_noise_high,43,DD,0.034171075108888116,0.03887999051059135,0.05913281750996004,0.07165568818598414,0.02496174240107192,0.03277569767539279
C15,C15_aged,current_noise_high,43,HDM,0.08976439803049524,0.09644853683105378,0.00380895060005093,0.004568016055295743,-0.08595544743044431,-0.09188052077575803
C15,C15_aged,current_noise_high,43,HECM,0.053462901380181206,0.06373402071034442,0.04566768829743063,0.05437438574778344,-0.0077952130827505794,-0.009359634962560988
C15,C15_aged,current_noise_high,44,DD,0.033747700114456484,0.038488321983448606,0.05843579265115071,0.07084314693462734,0.024688092536694226,0.03235482495117874
C15,C15_aged,current_noise_high,44,HDM,0.09118924469001319,0.09777943554270092,0.005434481714369718,0.006127157256876052,-0.08575476297564347,-0.09165227828582487
C15,C15_aged,current_noise_high,44,HECM,0.05425745130526242,0.0645240205176482,0.04360154183045789,0.052924082811628824,-0.010655909474804527,-0.01159993770601938
C15,C15_aged,current_noise_high,45,DD,0.03291255298570894,0.03765944608541066,0.05721482205456118,0.06946603647339321,0.024302269068852238,0.03180659038798255
C15,C15_aged,current_noise_high,45,HDM,0.09330646521588447,0.09975921944967032,0.008025256561143881,0.00850110831046915,-0.08528120865474059,-0.09125811113920118
C15,C15_aged,current_noise_high,45,HECM,0.11637624836956181,0.1387114071587679,0.05822935662309497,0.09398735811628937,-0.058146891746466846,-0.04472404904247852
C15,C15_aged,current_noise_high,46,DD,0.03455662637542544,0.03926663790240448,0.059604299474279886,0.0721121421512773,0.025047673098854445,0.03284550424887282
C15,C15_aged,current_noise_high,46,HDM,0.08916945146573367,0.09580162833091498,0.004613282414166625,0.005689098565990145,-0.08455616905156704,-0.09011252976492483
C15,C15_aged,current_noise_high,46,HECM,0.04771255523766175,0.058103353323030536,0.04530293983907594,0.05491838913660482,-0.002409615398585807,-0.0031849641864257136
C15,C15_aged,current_noise_high,47,DD,0.03417241291569222,0.03889493159309773,0.05899412669081872,0.07153011481025234,0.0248217137751265,0.03263518321715461
C15,C15_aged,current_noise_high,47,HDM,0.08990745923675739,0.09659102910428875,0.004013721490691077,0.004776305247500841,-0.0858937377460663,-0.0918147238567879
C15,C15_aged,current_noise_high,47,HECM,0.03521395207949056,0.04349375255707656,0.044526448069964086,0.053725803083618906,0.009312495990473527,0.010232050526542344
C15,C15_aged,current_noise_high,48,DD,0.034295898656417766,0.03898494885084894,0.05923703405483293,0.07175305973048506,0.024941135398415165,0.03276811087963612
C15,C15_aged,current_noise_high,48,HDM,0.08972209782136815,0.09635715837456987,0.004253060809945021,0.0052269009594864985,-0.08546903701142314,-0.09113025741508338
C15,C15_aged,current_noise_high,48,HECM,0.05025558899520339,0.0606279403366385,0.04194029751835594,0.05211810022516804,-0.008315291476847446,-0.008509840111470462
C15,C15_aged,current_noise_high,49,DD,0.033667549050425925,0.03846366735687096,0.05834840990550192,0.07077616888221328,0.024680860855075995,0.03231250152534231
C15,C15_aged,current_noise_high,49,HDM,0.09135027347619615,0.09801761962551132,0.0056526844643569885,0.0063888063756693475,-0.08569758901183916,-0.09162881324984197
C15,C15_aged,current_noise_high,49,HECM,0.053711512927234285,0.06395788724333717,0.04704501528551533,0.05511104537508328,-0.006666497641718956,-0.008846841868253894
C15,C15_aged,current_noise_high,50,DD,0.03305559578456726,0.03788260613371615,0.057330178476025985,0.06966743478587153,0.024274582691458726,0.031784828652155386
C15,C15_aged,current_noise_high,50,HDM,0.09306888438989584,0.09964419263689522,0.0077191907924764195,0.008481683370489811,-0.08534969359741942,-0.09116250926640541
C15,C15_aged,current_noise_high,50,HECM,0.05492357695413657,0.06498920786062498,0.04378095335720435,0.05258590937568022,-0.011142623596932223,-0.012403298484944758
C15,C15_aged,current_noise_high,51,DD,0.03445270733005717,0.03914680355670151,0.059443418971875425,0.07195283136326168,0.024990711641818257,0.03280602780656017
C15,C15_aged,current_noise_high,51,HDM,0.08949487885326426,0.09613309700806119,0.004308007268925428,0.005417419766600972,-0.08518687158433884,-0.09071567724146022
C15,C15_aged,current_noise_high,51,HECM,0.1160608825140648,0.13931733956722236,0.05729214622345319,0.09440457630904674,-0.058768736290611606,-0.04491276325817563
C15,C15_aged,missing_gap_1h,42,DD,0.03674815346196394,0.04933806103109417,0.0607443497643442,0.07440543081416892,0.023996196302380264,0.02506736978307475
C15,C15_aged,missing_gap_1h,42,HDM,0.10157017238978581,0.11208125745493652,0.014139923153619583,0.03851425691995898,-0.08743024923616623,-0.07356700053497754
C15,C15_aged,missing_gap_1h,42,HECM,0.10619585924947117,0.1176438961318146,0.03423051685754224,0.05091129832792269,-0.07196534239192892,-0.0667325978038919
C15,C15_aged,missing_samples_random,42,DD,0.035752333811009444,0.041029873533774706,0.05851893267554624,0.07138471356240085,0.022766598864536795,0.030354840028626144
C15,C15_aged,missing_samples_random,42,HDM,0.09223681185726357,0.10015754617730555,0.011151558887556718,0.014281282106144067,-0.08108525296970685,-0.08587626407116147
C15,C15_aged,missing_samples_random,42,HECM,0.10569102838117633,0.11629728518304408,0.052842028960579344,0.06297812764717019,-0.05284899942059699,-0.05331915753587389
C15,C15_aged,missing_samples_random,43,DD,0.03495847290261947,0.039954721821668954,0.05743238900340369,0.07014485777189498,0.022473916100784218,0.03019013595022603
C15,C15_aged,missing_samples_random,43,HDM,0.09363449577246279,0.1011880123259178,0.012616939548793704,0.015247367885781826,-0.08101755622366909,-0.08594064444013598
C15,C15_aged,missing_samples_random,43,HECM,0.10818026042283681,0.11814285375556684,0.05336045463039749,0.06368442229628382,-0.054819805792439315,-0.054458431459283016
C15,C15_aged,missing_samples_random,44,DD,0.03255396714200277,0.037935887267382354,0.053531882030445524,0.06553324447717082,0.020977914888442757,0.027597357209788467
C15,C15_aged,missing_samples_random,44,HDM,0.10142240182121323,0.10851131378326227,0.020145400266368328,0.023542857333593088,-0.08127700155484491,-0.08496845644966919
C15,C15_aged,missing_samples_random,44,HECM,0.09475028286718043,0.10700507167534254,0.03376519442877706,0.04802642221308359,-0.06098508843840337,-0.05897864946225895
C15,C15_aged,missing_samples_random,45,DD,0.0315358617664639,0.0372148389949865,0.05181115239381011,0.06412265482006504,0.02027529062734621,0.026907815825078542
C15,C15_aged,missing_samples_random,45,HDM,0.10376676327173637,0.1110960892075953,0.022029635188431106,0.02459957148133621,-0.08173712808330526,-0.08649651772625909
C15,C15_aged,missing_samples_random,45,HECM,0.10907441788296561,0.11841970702500576,0.06051884143036272,0.06765838859598855,-0.04855557645260289,-0.05076131842901721
C15,C15_aged,missing_samples_random,46,DD,0.037260183671058204,0.04255563170862627,0.060790724127792975,0.07389227835741549,0.02353054045673477,0.03133664664878922
C15,C15_aged,missing_samples_random,46,HDM,0.08799260087660346,0.0961030896597945,0.011418230830565031,0.014320740940458378,-0.07657437004603843,-0.08178234871933612
C15,C15_aged,missing_samples_random,46,HECM,0.10914172691300474,0.11926407615461067,0.059201343231109836,0.06878619512447526,-0.0499403836818949,-0.05047788103013541
C15,C15_aged,temperature_noise,42,DD,0.0356299058139515,0.040635172004339096,0.057438520729721824,0.06990864168373781,0.021808614915770325,0.029273469679398714
C15,C15_aged,temperature_noise,42,HDM,0.08765520927086476,0.09389269189490396,0.00637202586838376,0.006824360292394245,-0.081283183402481,-0.08706833160250971
C15,C15_aged,temperature_noise,42,HECM,0.1001364997061288,0.1089278435970953,0.048359341432439855,0.05786466731356239,-0.05177715827368894,-0.05106317628353291
C15,C15_aged,temperature_noise,43,DD,0.035382571858326085,0.040429003023473215,0.05668754586405837,0.06942883586868137,0.021304974005732287,0.028999832845208157
C15,C15_aged,temperature_noise,43,HDM,0.08779454736784795,0.09404000398394094,0.00637202586838376,0.006824360292394245,-0.08142252149946419,-0.08721564369154669
C15,C15_aged,temperature_noise,43,HECM,0.10020455542906453,0.10901921222283069,0.048359341432439855,0.05786466731356239,-0.05184521399662468,-0.051154544909268296
C15,C15_aged,temperature_noise,44,DD,0.0353813151843464,0.04043790081184973,0.056756370001019664,0.0693930812990113,0.02137505481667326,0.028955180487161565
C15,C15_aged,temperature_noise,44,HDM,0.0876943807885534,0.0939344052101004,0.00637202586838376,0.006824360292394245,-0.08132235492016965,-0.08711004491770614
C15,C15_aged,temperature_noise,44,HECM,0.10013230813197814,0.10893109286446792,0.048359341432439855,0.05786466731356239,-0.051772966699538285,-0.05106642555090553
C15,C15_aged,temperature_noise,45,DD,0.03564865235925636,0.040592310550632976,0.05749342756790446,0.06999897519326963,0.021844775208648103,0.02940666464263665
C15,C15_aged,temperature_noise,45,HDM,0.0877118856536156,0.0939519811720172,0.00637202586838376,0.006824360292394245,-0.08133985978523184,-0.08712762087962295
C15,C15_aged,temperature_noise,45,HECM,0.10014700591618456,0.10895049215623286,0.048359341432439855,0.05786466731356239,-0.0517876644837447,-0.05108582484267046
C15,C15_aged,temperature_noise,46,DD,0.03537519396310894,0.04033795929870863,0.057034441985954906,0.06966535022771786,0.021659248022845967,0.029327390929009232
C15,C15_aged,temperature_noise,46,HDM,0.08786314506105117,0.09411196067326279,0.00637202586838376,0.006824360292394245,-0.08149111919266741,-0.08728760038086854
C15,C15_aged,temperature_noise,46,HECM,0.10024263207748949,0.10907037489173671,0.048359341432439855,0.05786466731356239,-0.05188329064504963,-0.05120570757817432
C15,C15_aged,temperature_noise,47,DD,0.03564987425534623,0.04063118921924354,0.05728159423582963,0.06984532325406506,0.021631719980483403,0.029214134034821523
C15,C15_aged,temperature_noise,47,HDM,0.08775124090641603,0.09399458386680534,0.00637202586838376,0.006824360292394245,-0.08137921503803228,-0.0871702235744111
C15,C15_aged,temperature_noise,47,HECM,0.10016860169861201,0.10898019451564339,0.048359341432439855,0.05786466731356239,-0.05180926026617216,-0.051115527202081
C15,C15_aged,temperature_noise,48,DD,0.03549001606774188,0.04048392038973693,0.05696728821399513,0.06959945386916491,0.02147727214625325,0.029115533479427982
C15,C15_aged,temperature_noise,48,HDM,0.08766698917809326,0.09390623233700442,0.00637202586838376,0.006824360292394245,-0.0812949633097095,-0.08708187204461017
C15,C15_aged,temperature_noise,48,HECM,0.10010469166449268,0.10890011191748343,0.048359341432439855,0.05786466731356239,-0.051745350232052824,-0.05103544460392104
C15,C15_aged,temperature_noise,49,DD,0.03562883559377115,0.04066477682369361,0.05746905219216584,0.0699787258175734,0.02184021659839469,0.02931394899387979
C15,C15_aged,temperature_noise,49,HDM,0.08761547545440913,0.0938515894589129,0.00637202586838376,0.006824360292394245,-0.08124344958602538,-0.08702722916651866
C15,C15_aged,temperature_noise,49,HECM,0.10009649411545289,0.10888450388138768,0.048359341432439855,0.05786466731356239,-0.05173715268301304,-0.051019836567825286
C15,C15_aged,temperature_noise,50,DD,0.03563551021861104,0.04063314286751423,0.057208449495528856,0.06979104387844794,0.021572939276917814,0.029157901010933705
C15,C15_aged,temperature_noise,50,HDM,0.08765178004094162,0.0938887134530486,0.00637202586838376,0.006824360292394245,-0.08127975417255787,-0.08706435316065435
C15,C15_aged,temperature_noise,50,HECM,0.10011533684058556,0.1089061497696215,0.048359341432439855,0.05786466731356239,-0.051755995408145704,-0.051041482456059106
C15,C15_aged,temperature_noise,51,DD,0.035492576377529214,0.04046760843997969,0.05719490516218608,0.06973789927994706,0.021702328784656867,0.02927029083996737
C15,C15_aged,temperature_noise,51,HDM,0.08785937577628156,0.0941093951355021,0.00637202586838376,0.006824360292394245,-0.0814873499078978,-0.08728503484310784
C15,C15_aged,temperature_noise,51,HECM,0.1002532142357829,0.10907650706188651,0.048359341432439855,0.05786466731356239,-0.051893872803343045,-0.05121183974832412
C15,C15_aged,voltage_noise,42,DD,0.03393548226633105,0.03864077389011951,0.05791189606697488,0.07027255281327996,0.02397641380064383,0.03163177892316045
C15,C15_aged,voltage_noise,42,HDM,0.09084377426399542,0.09730281272719511,0.00637202586838376,0.006824360292394245,-0.08447174839561167,-0.09047845243480086
C15,C15_aged,voltage_noise,42,HECM,0.10181342478755015,0.11118346889873323,0.047868727823642036,0.0575182060512124,-0.05394469696390811,-0.05366526284752084
C15,C15_aged,voltage_noise,43,DD,0.033961404625439506,0.03866563705828745,0.05798648258374455,0.0703247952965592,0.024025077958305045,0.031659158238271756
C15,C15_aged,voltage_noise,43,HDM,0.09086225693739126,0.09732257609037176,0.00637202586838376,0.006824360292394245,-0.08449023106900751,-0.09049821579797751
C15,C15_aged,voltage_noise,43,HECM,0.10215020413937756,0.11144192355939843,0.04838148785600147,0.0578904689064045,-0.05376871628337609,-0.05355145465299393
C15,C15_aged,voltage_noise,44,DD,0.033914803817340855,0.038615755241506164,0.05801312833592155,0.07033751289379393,0.024098324518580697,0.03172175765228777
C15,C15_aged,voltage_noise,44,HDM,0.09088123016373983,0.09734237240776197,0.00637202586838376,0.006824360292394245,-0.08450920429535608,-0.09051801211536772
C15,C15_aged,voltage_noise,44,HECM,0.10181010549224387,0.1111990280040474,0.047736601830140044,0.057429284629935545,-0.054073503662103825,-0.05376974337411186
C15,C15_aged,voltage_noise,45,DD,0.03393012777674274,0.03862894472637743,0.05792941316905756,0.07028611684801944,0.02399928539231482,0.03165717212164201
C15,C15_aged,voltage_noise,45,HDM,0.09086156271712652,0.09732249659242434,0.00637202586838376,0.006824360292394245,-0.08448953684874276,-0.09049813630003009
C15,C15_aged,voltage_noise,45,HECM,0.10195243171203121,0.11131625722581161,0.048320609654882905,0.05786258896183388,-0.0536318220571483,-0.053453668263977724
C15,C15_aged,voltage_noise,46,DD,0.033949371498323055,0.038647101247063456,0.058050311680466475,0.07039891632280672,0.02410094018214342,0.03175181507574326
C15,C15_aged,voltage_noise,46,HDM,0.09089745828454836,0.09735953055719357,0.00637202586838376,0.006824360292394245,-0.0845254324161646,-0.09053517026479932
C15,C15_aged,voltage_noise,46,HECM,0.10206036837571596,0.11139884788287498,0.04832748962600594,0.05782245152284113,-0.053732878749710014,-0.05357639636003385
C15,C15_aged,voltage_noise,47,DD,0.033984284312857445,0.038676898112521244,0.05793716092832815,0.07030428118096928,0.023952876615470707,0.031627383068448034
C15,C15_aged,voltage_noise,47,HDM,0.0908619771630883,0.09732198414274655,0.00637202586838376,0.006824360292394245,-0.08448995129470455,-0.0904976238503523
C15,C15_aged,voltage_noise,47,HECM,0.10228988845028829,0.11156473765930389,0.047891440544144265,0.0575170655233815,-0.054398447906144023,-0.05404767213592239
C15,C15_aged,voltage_noise,48,DD,0.033969270085579824,0.03866721667689085,0.05802656746219782,0.07036740907649401,0.024057297376618,0.03170019239960316
C15,C15_aged,voltage_noise,48,HDM,0.09084489847796248,0.09730357308892794,0.00637202586838376,0.006824360292394245,-0.08447287260957873,-0.09047921279653369
C15,C15_aged,voltage_noise,48,HECM,0.10182739359666809,0.11120248804635645,0.047997574516885064,0.05762120271520334,-0.05382981907978303,-0.05358128533115311
C15,C15_aged,voltage_noise,49,DD,0.03392910966557094,0.038618372263787046,0.05791794032649383,0.07026999005516917,0.023988830660922895,0.03165161779138212
C15,C15_aged,voltage_noise,49,HDM,0.09085196789306489,0.09731151278593357,0.00637202586838376,0.006824360292394245,-0.08447994202468113,-0.09048715249353932
C15,C15_aged,voltage_noise,49,HECM,0.10171705943444809,0.11110479998391594,0.04787764091277952,0.057520610610866794,-0.05383941852166857,-0.053584189373049144
C15,C15_aged,voltage_noise,50,DD,0.03393960832379426,0.03863061987749779,0.05789152600786624,0.07023576734350431,0.023951917684071983,0.031605147466006525
C15,C15_aged,voltage_noise,50,HDM,0.09084729147009832,0.09730578045266515,0.00637202586838376,0.006824360292394245,-0.08447526560171456,-0.0904814201602709
C15,C15_aged,voltage_noise,50,HECM,0.10191345555364918,0.11125203331636889,0.04807879558695792,0.05765940000109775,-0.05383465996669126,-0.053592633315271136
C15,C15_aged,voltage_noise,51,DD,0.0339840743466096,0.03869912983726065,0.058011223052226155,0.07037087520598995,0.024027148705616556,0.0316717453687293
C15,C15_aged,voltage_noise,51,HDM,0.09085121179262387,0.09731114215667586,0.00637202586838376,0.006824360292394245,-0.08447918592424011,-0.0904867818642816
C15,C15_aged,voltage_noise,51,HECM,0.10173653754899861,0.11114072448050383,0.04894775049862478,0.058288337253133975,-0.052788787050373834,-0.05285238722736985
C15,C15_fresh,baseline,42,DD,0.007997603942350252,0.00935766661740229,0.006860532568039677,0.009848876949371614,-0.0011370713743105755,0.0004912103319693242
C15,C15_fresh,baseline,42,HDM,0.00024315489694509901,0.0003099980948578507,0.004505242621804255,0.005068102959745247,0.0042620877248591565,0.004758104864887397
C15,C15_fresh,baseline,42,HECM,0.021116336275603196,0.021443137806254436,0.014707903840872562,0.01525245255920757,-0.006408432434730634,-0.006190685247046865
C15,C15_fresh,current_bias_3p0pct,42,DD,0.012262721096001501,0.01413833809546052,0.008664927828159936,0.010350824598838423,-0.003597793267841565,-0.003787513496622097
C15,C15_fresh,current_bias_3p0pct,42,HDM,0.01214831656917233,0.013638856227048145,0.007796186746806484,0.008740233060904136,-0.004352129822365846,-0.0048986231661440095
C15,C15_fresh,current_bias_3p0pct,42,HECM,0.030697374959651785,0.031910654705192616,0.029544925184209436,0.030170550817642028,-0.001152449775442349,-0.0017401038875505884
C15,C15_fresh,current_noise_high,42,DD,0.007776172545667234,0.009308989461960415,0.00717218467284129,0.00998899612445307,-0.0006039878728259437,0.0006800066624926548
C15,C15_fresh,current_noise_high,42,HDM,0.0018027996251988956,0.002250900401665303,0.004642725327541581,0.005574403813932369,0.0028399257023426854,0.0033235034122670658
C15,C15_fresh,current_noise_high,42,HECM,0.004722638618750587,0.005335257474690971,0.006046810687733709,0.0076682745428205456,0.0013241720689831224,0.0023330170681295746
C15,C15_fresh,current_noise_high,43,DD,0.008482917995327275,0.009836911423193428,0.007048529227991824,0.009534644601085909,-0.0014343887673354512,-0.0003022668221075199
C15,C15_fresh,current_noise_high,43,HDM,0.0017323874653139362,0.001913543773580339,0.0028296077891805126,0.0035547148382580897,0.0010972203238665764,0.0016411710646777506
C15,C15_fresh,current_noise_high,43,HECM,0.004020510160385679,0.0050869707492059235,0.008939202964430173,0.01016570549753773,0.004918692804044494,0.005078734748331807
C15,C15_fresh,current_noise_high,44,DD,0.008155938995471441,0.009592274830577206,0.0071038150292738605,0.009892786418786747,-0.0010521239661975806,0.00030051158820954167
C15,C15_fresh,current_noise_high,44,HDM,0.0008708453040532049,0.0010647327203691383,0.0038678100026682902,0.004616142104872756,0.0029969646986150855,0.0035514093845036175
C15,C15_fresh,current_noise_high,44,HECM,0.004375624072119372,0.005286002484842171,0.008893032576297281,0.010212782288021523,0.004517408504177909,0.004926779803179352
C15,C15_fresh,current_noise_high,45,DD,0.007393507271630737,0.009016428766430329,0.00713997029057649,0.010226824251916823,-0.0002535369810542469,0.0012103954854864943
C15,C15_fresh,current_noise_high,45,HDM,0.001688349451016717,0.0019965546022605056,0.005758086438956958,0.006304247449314912,0.004069736987940241,0.004307692847054407
C15,C15_fresh,current_noise_high,45,HECM,0.02695563006670895,0.10471392569193462,0.025124045018910492,0.10440010653117426,-0.0018315850477984563,-0.0003138191607603563
C15,C15_fresh,current_noise_high,46,DD,0.008957060166175848,0.010351256409587133,0.007608223102907879,0.009962045235515238,-0.0013488370632679693,-0.00038921117407189447
C15,C15_fresh,current_noise_high,46,HDM,0.002934398831251399,0.0036355780327919467,0.003626499160533559,0.004508748112568576,0.0006921003292821603,0.0008731700797766292
C15,C15_fresh,current_noise_high,46,HECM,0.009889254105692141,0.016857174285695508,0.009259281967566623,0.01590420952453616,-0.0006299721381255174,-0.0009529647611593479
C15,C15_fresh,current_noise_high,47,DD,0.008546984280000922,0.009921418032643025,0.007125493924721143,0.009645921629761833,-0.0014214903552797796,-0.000275496402881192
C15,C15_fresh,current_noise_high,47,HDM,0.0016095503343292311,0.0017860198265442417,0.002937466914448658,0.003657891470526439,0.0013279165801194268,0.0018718716439821972
C15,C15_fresh,current_noise_high,47,HECM,0.011298530806372381,0.018115035424387138,0.007256655760001354,0.01586055577573744,-0.004041875046371027,-0.0022544796486496967
C15,C15_fresh,current_noise_high,48,DD,0.00857751173133783,0.009948560859835011,0.007268294112208242,0.00973972896681694,-0.0013092176191295884,-0.00020883189301807055
C15,C15_fresh,current_noise_high,48,HDM,0.0020930848984012426,0.0025745950178838527,0.003229282902383396,0.004025241470619901,0.0011361980039821533,0.0014506464527360486
C15,C15_fresh,current_noise_high,48,HECM,0.010231134300804615,0.01646454411033238,0.007942577360351016,0.014369615133664913,-0.0022885569404535993,-0.0020949289766674668
C15,C15_fresh,current_noise_high,49,DD,0.00792310934796694,0.009387587714122467,0.006983623550663103,0.009791051122573799,-0.0009394857973038361,0.0004034634084513315
C15,C15_fresh,current_noise_high,49,HDM,0.0013906865354402112,0.0017059434638938289,0.004106459021339809,0.004841067551703241,0.002715772485899598,0.0031351240878094125
C15,C15_fresh,current_noise_high,49,HECM,0.0030850978017098055,0.0038671461061799465,0.008552294127618468,0.009370295095475574,0.005467196325908663,0.005503148989295627
C15,C15_fresh,current_noise_high,50,DD,0.007524144163559392,0.009182840896501508,0.007199944262440918,0.01013662515150148,-0.00032419990111847395,0.0009537842549999717
C15,C15_fresh,current_noise_high,50,HDM,0.001862837688281184,0.00265524599633442,0.005457571043729967,0.006200832115146824,0.0035947333554487834,0.0035455861188124042
C15,C15_fresh,current_noise_high,50,HECM,0.00199517960449575,0.0024600608395734915,0.006160094065768641,0.0069024881107771245,0.004164914461272891,0.004442427271203633
C15,C15_fresh,current_noise_high,51,DD,0.008716470560777024,0.010065866436716005,0.007425834407804622,0.009851500804124046,-0.0012906361529724025,-0.00021436563259195907
C15,C15_fresh,current_noise_high,51,HDM,0.0024875071575553393,0.0029367855123445044,0.0033345635382424368,0.004210210508723944,0.0008470563806870974,0.0012734249963794395
C15,C15_fresh,current_noise_high,51,HECM,0.027430148861736267,0.1048307192865789,0.027402719940162135,0.10458906846697427,-2.742892157413246e-05,-0.0002416508196046302
C15,C15_fresh,missing_gap_1h,42,DD,0.013696093099729977,0.035502017010331226,0.012598461686211286,0.03495465960016687,-0.0010976314135186915,-0.0005473574101643591
C15,C15_fresh,missing_gap_1h,42,HDM,0.007140523797953685,0.03304252996863708,0.009673351867613061,0.03273261891578922,0.0025328280696593763,-0.000309911052847861
C15,C15_fresh,missing_gap_1h,42,HECM,0.019509214323816707,0.035887481807775706,0.016484276564731445,0.03443567063169267,-0.0030249377590852618,-0.0014518111760830343
C15,C15_fresh,missing_samples_random,42,DD,0.010030466378640497,0.011786579426140097,0.00936881634966522,0.012312494433919702,-0.0006616500289752768,0.0005259150077796051
C15,C15_fresh,missing_samples_random,42,HDM,0.005949497237547193,0.007400357212372154,0.007937105000696037,0.010018367247845217,0.001987607763148844,0.0026180100354730625
C15,C15_fresh,missing_samples_random,42,HECM,0.00881263876169855,0.010527088002947414,0.01077186008250733,0.013338359182364997,0.0019592213208087794,0.002811271179417584
C15,C15_fresh,missing_samples_random,43,DD,0.008805689332277713,0.01158858530581618,0.014546455501323247,0.016943936101169475,0.005740766169045534,0.005355350795353295
C15,C15_fresh,missing_samples_random,43,HDM,0.013256295057888931,0.014233808141647562,0.017950479151211122,0.019327504149146607,0.004694184093322191,0.005093696007499045
C15,C15_fresh,missing_samples_random,43,HECM,0.016564168703009263,0.017871199703718907,0.010807535746401788,0.012883778685236717,-0.005756632956607475,-0.00498742101848219
C15,C15_fresh,missing_samples_random,44,DD,0.011031041758816609,0.013802125385052795,0.016302348302309155,0.019101626340893667,0.005271306543492546,0.005299500955840872
C15,C15_fresh,missing_samples_random,44,HDM,0.015437330174790207,0.017834082094110804,0.02001468036497118,0.022469717671591963,0.004577350190180974,0.004635635577481159
C15,C15_fresh,missing_samples_random,44,HECM,0.014799558531932834,0.016659020656615457,0.009559519999195756,0.011892896899434218,-0.005240038532737077,-0.004766123757181238
C15,C15_fresh,missing_samples_random,45,DD,0.012104150662998149,0.014518501680302604,0.012278556148473342,0.014631632998598489,0.00017440548547519377,0.00011313131829588513
C15,C15_fresh,missing_samples_random,45,HDM,0.011677898722364494,0.01306149021944001,0.012014236034213215,0.014303329762324745,0.00033633731184872125,0.0012418395428847352
C15,C15_fresh,missing_samples_random,45,HECM,0.013667432893410146,0.015421615041926016,0.014518056860332867,0.017203258556614504,0.0008506239669227207,0.0017816435146884874
C15,C15_fresh,missing_samples_random,46,DD,0.009076100244742185,0.011097925754758348,0.009751427634942444,0.013099598263346937,0.0006753273902002591,0.002001672508588589
C15,C15_fresh,missing_samples_random,46,HDM,0.006240286795254309,0.007744463481322404,0.00938074933240814,0.011679563380775956,0.003140462537153831,0.0039350998994535525
C15,C15_fresh,missing_samples_random,46,HECM,0.00794836639074896,0.009863032380017574,0.009249246589903545,0.011437327650350463,0.001300880199154586,0.0015742952703328896
C15,C15_fresh,temperature_noise,42,DD,0.008933764737423527,0.010545768677380591,0.0077185620780808395,0.010330728155412654,-0.0012152026593426875,-0.0002150405219679373
C15,C15_fresh,temperature_noise,42,HDM,0.000427330849325937,0.0006009488188194252,0.004505242621804255,0.005068102959745247,0.004077911772478318,0.004467154140925822
C15,C15_fresh,temperature_noise,42,HECM,0.020899779260160862,0.021228355363461626,0.014707903840872562,0.01525245255920757,-0.0061918754192883,-0.005975902804254056
C15,C15_fresh,temperature_noise,43,DD,0.008785274529867224,0.010393495865318392,0.00770051759683073,0.010278872787633635,-0.0010847569330364936,-0.0001146230776847574
C15,C15_fresh,temperature_noise,43,HDM,0.00043646550107656823,0.0006095581053372621,0.004505242621804255,0.005068102959745247,0.004068777120727687,0.004458544854407985
C15,C15_fresh,temperature_noise,43,HECM,0.020903998816200704,0.02123299021425039,0.014707903840872562,0.01525245255920757,-0.006196094975328142,-0.005980537655042818
C15,C15_fresh,temperature_noise,44,DD,0.008846774801535506,0.010436810938368924,0.007709907118243075,0.010312856159115253,-0.001136867683292431,-0.00012395477925367104
C15,C15_fresh,temperature_noise,44,HDM,0.0004706661820636079,0.0006465448683718512,0.004505242621804255,0.005068102959745247,0.004034576439740647,0.004421558091373396
C15,C15_fresh,temperature_noise,44,HECM,0.02089761288905589,0.021227429276697796,0.014707903840872562,0.01525245255920757,-0.006189709048183329,-0.005974976717490225
C15,C15_fresh,temperature_noise,45,DD,0.008812460880118543,0.010453081287483672,0.007765931351987442,0.010401562962297996,-0.0010465295281311014,-5.151832518567566e-05
C15,C15_fresh,temperature_noise,45,HDM,0.0004977744019975513,0.0006871036734762754,0.004505242621804255,0.005068102959745247,0.004007468219806704,0.004380999286268972
C15,C15_fresh,temperature_noise,45,HECM,0.02087134170939917,0.021201588941922953,0.014707903840872562,0.01525245255920757,-0.006163437868526607,-0.005949136382715383
C15,C15_fresh,temperature_noise,46,DD,0.008764755950724304,0.01041263623846812,0.007747352550986014,0.01040087859008061,-0.0010174033997382903,-1.1757648387509742e-05
C15,C15_fresh,temperature_noise,46,HDM,0.0005225619343809635,0.000727259367169407,0.004505242621804255,0.005068102959745247,0.003982680687423292,0.0043408435925758404
C15,C15_fresh,temperature_noise,46,HECM,0.020884182309624005,0.021214315949866867,0.014707903840872562,0.01525245255920757,-0.0061762784687514425,-0.005961863390659296
C15,C15_fresh,temperature_noise,47,DD,0.008786956591900917,0.010410379026292204,0.007754364533132063,0.010351559973255745,-0.001032592058768854,-5.881905303645879e-05
C15,C15_fresh,temperature_noise,47,HDM,0.0005312262798046655,0.0007498582964615102,0.004505242621804255,0.005068102959745247,0.00397401634199959,0.0043182446632837376
C15,C15_fresh,temperature_noise,47,HECM,0.020873348738160095,0.021203541587744165,0.014707903840872562,0.01525245255920757,-0.006165444897287533,-0.005951089028536595
C15,C15_fresh,temperature_noise,48,DD,0.00875987384514634,0.010416928145218371,0.007772669742754531,0.010424372527630966,-0.0009872041023918088,7.4443824125951935e-06
C15,C15_fresh,temperature_noise,48,HDM,0.0005268426949214805,0.0007273548904062786,0.004505242621804255,0.005068102959745247,0.003978399926882775,0.004340748069338969
C15,C15_fresh,temperature_noise,48,HECM,0.02086562080543463,0.021196450119791436,0.014707903840872562,0.01525245255920757,-0.006157716964562068,-0.005943997560583865
C15,C15_fresh,temperature_noise,49,DD,0.008762514724253693,0.01040566737065153,0.007757519006594872,0.010389450690428209,-0.0010049957176588202,-1.6216680223321567e-05
C15,C15_fresh,temperature_noise,49,HDM,0.0004924807631545773,0.0007018134827798361,0.004505242621804255,0.005068102959745247,0.0040127618586496775,0.004366289476965411
C15,C15_fresh,temperature_noise,49,HECM,0.020871432307627454,0.021200863715746247,0.014707903840872562,0.01525245255920757,-0.006163528466754891,-0.005948411156538677
C15,C15_fresh,temperature_noise,50,DD,0.008713906265299495,0.010354671962071902,0.007748566611419776,0.010369561232820174,-0.0009653396538797186,1.4889270748271594e-05
C15,C15_fresh,temperature_noise,50,HDM,0.0005242294194548297,0.0007203811066389566,0.004505242621804255,0.005068102959745247,0.003981013202349426,0.004347721853106291
C15,C15_fresh,temperature_noise,50,HECM,0.020860476696918796,0.021191447049026053,0.014707903840872562,0.01525245255920757,-0.006152572856046234,-0.005938994489818482
C15,C15_fresh,temperature_noise,51,DD,0.008791368375494777,0.010384352959458547,0.007688524587526628,0.01032568315414217,-0.0011028437879681491,-5.866980531637686e-05
C15,C15_fresh,temperature_noise,51,HDM,0.0004212620209635413,0.000590750078793961,0.004505242621804255,0.005068102959745247,0.004083980600840714,0.004477352880951286
C15,C15_fresh,temperature_noise,51,HECM,0.02087761151922429,0.021206479845999757,0.014707903840872562,0.01525245255920757,-0.006169707678351727,-0.005954027286792186
C15,C15_fresh,voltage_noise,42,DD,0.00821800660329012,0.009628124795824028,0.007126406097596874,0.009980696940561183,-0.001091600505693245,0.0003525721447371552
C15,C15_fresh,voltage_noise,42,HDM,0.000365719654874281,0.0004264485667462734,0.004505242621804255,0.005068102959745247,0.004139522966929974,0.004641654392998974
C15,C15_fresh,voltage_noise,42,HECM,0.021494654137784713,0.02181036975609944,0.015099546228080907,0.01562740107695526,-0.006395107909703806,-0.006182968679144179
C15,C15_fresh,voltage_noise,43,DD,0.008165505763989873,0.009567228907106205,0.007046749511382707,0.00991079379156684,-0.0011187562526071664,0.00034356488446063427
C15,C15_fresh,voltage_noise,43,HDM,0.00037501335933288576,0.000433497676743954,0.004505242621804255,0.005068102959745247,0.004130229262471369,0.004634605283001293
C15,C15_fresh,voltage_noise,43,HECM,0.02147434309063492,0.021788828001910295,0.014993214711659106,0.015528690515886687,-0.0064811283789758135,-0.0062601374860236075
C15,C15_fresh,voltage_noise,44,DD,0.00821297802252403,0.00960840173751084,0.007094452046562027,0.009964771833203911,-0.0011185259759620035,0.0003563700956930715
C15,C15_fresh,voltage_noise,44,HDM,0.00038024641936731186,0.0004421866425453475,0.004505242621804255,0.005068102959745247,0.004124996202436944,0.0046259163171999
C15,C15_fresh,voltage_noise,44,HECM,0.021249213769005734,0.02156919628466329,0.014751307486321953,0.015290559279245981,-0.00649790628268378,-0.006278637005417307
C15,C15_fresh,voltage_noise,45,DD,0.008169156786801475,0.009568226743172502,0.007096217855231585,0.009971135196305027,-0.0010729389315698896,0.000402908453132525
C15,C15_fresh,voltage_noise,45,HDM,0.00036238389350833804,0.0004225282824058482,0.004505242621804255,0.005068102959745247,0.004142858728295918,0.004645574677339399
C15,C15_fresh,voltage_noise,45,HECM,0.021353423506957205,0.02166578148263279,0.014851323399753532,0.015383955167633277,-0.006502100107203673,-0.006281826314999513
C15,C15_fresh,voltage_noise,46,DD,0.008213139397758546,0.009615504250314445,0.0070907826575111925,0.009947483853646999,-0.0011223567402473536,0.00033197960333255366
C15,C15_fresh,voltage_noise,46,HDM,0.0003681812873231815,0.0004251753075921609,0.004505242621804255,0.005068102959745247,0.004137061334481074,0.0046429276521530866
C15,C15_fresh,voltage_noise,46,HECM,0.021321161130084726,0.0216419710669457,0.014896847603200074,0.015436638345260583,-0.006424313526884651,-0.006205332721685115
C15,C15_fresh,voltage_noise,47,DD,0.008191461293789757,0.009586247903145674,0.007070074545322486,0.00992331144346681,-0.001121386748467271,0.0003370635403211371
C15,C15_fresh,voltage_noise,47,HDM,0.0004091886720874422,0.000468259819809542,0.004505242621804255,0.005068102959745247,0.004096053949716813,0.0045998431399357055
C15,C15_fresh,voltage_noise,47,HECM,0.021208270587219535,0.02153810165259178,0.014709878480747696,0.015256012162534183,-0.006498392106471839,-0.006282089490057596
C15,C15_fresh,voltage_noise,48,DD,0.008196333502496642,0.009591810535628503,0.007090226527507927,0.009969753732524282,-0.0011061069749887147,0.00037794319689577957
C15,C15_fresh,voltage_noise,48,HDM,0.0003746970510308158,0.0004351819820063772,0.004505242621804255,0.005068102959745247,0.004130545570773439,0.00463292097773887
C15,C15_fresh,voltage_noise,48,HECM,0.021253078451870265,0.02157735248242505,0.014768037446795527,0.015310829957663993,-0.006485041005074738,-0.006266522524761056
C15,C15_fresh,voltage_noise,49,DD,0.00819648446092122,0.009594607496825834,0.007081203133746594,0.009964603659960238,-0.001115281327174626,0.00036999616313440446
C15,C15_fresh,voltage_noise,49,HDM,0.000376142958172973,0.0004355339433850754,0.004505242621804255,0.005068102959745247,0.0041290996636312825,0.004632569016360172
C15,C15_fresh,voltage_noise,49,HECM,0.02127373008377828,0.021598559841628322,0.014796500057758713,0.015335231145220925,-0.006477230026019567,-0.006263328696407397
C15,C15_fresh,voltage_noise,50,DD,0.008198247088119264,0.00959596502923527,0.007088212459144804,0.00996757639892638,-0.0011100346289744604,0.0003716113696911102
C15,C15_fresh,voltage_noise,50,HDM,0.0003893699058720828,0.000445461647818638,0.004505242621804255,0.005068102959745247,0.0041158727159321725,0.00462264131192661
C15,C15_fresh,voltage_noise,50,HECM,0.02116099808298652,0.021486608994109316,0.014719849030532884,0.015260743416870849,-0.006441149052453637,-0.006225865577238468
C15,C15_fresh,voltage_noise,51,DD,0.008238922043516539,0.009640118384188606,0.007113358733951926,0.009981441232673593,-0.0011255633095646122,0.00034132284848498694
C15,C15_fresh,voltage_noise,51,HDM,0.00038114824724868023,0.0004408318453055797,0.004505242621804255,0.005068102959745247,0.004124094374555575,0.0046272711144396675
C15,C15_fresh,voltage_noise,51,HECM,0.021373721880113047,0.02169399658998826,0.01490136731016863,0.015447235300523991,-0.006472354569944416,-0.0062467612894642685
C15,C15_mid_life,baseline,42,DD,0.027459256853510257,0.03353526250087312,0.03847477436196986,0.051150614077671,0.011015517508459603,0.01761535157679788
C15,C15_mid_life,baseline,42,HDM,0.03693237885883468,0.04033705164376172,0.005866194177113007,0.0063874287304410355,-0.031066184681721672,-0.03394962291332069
C15,C15_mid_life,baseline,42,HECM,0.03243221952285932,0.04194577468214008,0.02019651636660365,0.027237393088425033,-0.012235703156255665,-0.014708381593715045
C15,C15_mid_life,current_bias_3p0pct,42,DD,0.027637730333336625,0.03443202519083618,0.043744034893078244,0.05723222683873489,0.01610630455974162,0.022800201647898713
C15,C15_mid_life,current_bias_3p0pct,42,HDM,0.02268114227067517,0.024760309254081327,0.009921644559639042,0.010852477224122716,-0.01275949771103613,-0.01390783202995861
C15,C15_mid_life,current_bias_3p0pct,42,HECM,0.020109445681580258,0.029766541112570735,0.026078965479037593,0.028399930210695666,0.005969519797457336,-0.0013666109018750684
C15,C15_mid_life,current_noise_high,42,DD,0.02717575866016164,0.03330517034319835,0.03836584055237792,0.05111101245238374,0.011190081892216281,0.017805842109185392
C15,C15_mid_life,current_noise_high,42,HDM,0.03793401684145316,0.041417422484576714,0.006190753564598763,0.007132508725625011,-0.031743263276854394,-0.03428491375895171
C15,C15_mid_life,current_noise_high,42,HECM,0.021910143439321343,0.026999088218149243,0.020279637998191706,0.030218131987230175,-0.0016305054411296371,0.003219043769080932
C15,C15_mid_life,current_noise_high,43,DD,0.02733193030781893,0.03344908014025102,0.03937530735842697,0.05220343048430809,0.012043377050608036,0.01875435034405707
C15,C15_mid_life,current_noise_high,43,HDM,0.03565373541165326,0.0392970881473468,0.0038105789947010644,0.004573836138385774,-0.03184315641695219,-0.03472325200896103
C15,C15_mid_life,current_noise_high,43,HECM,0.020875554230442045,0.02595116619655351,0.023963953451030254,0.032318539606436034,0.0030883992205882095,0.006367373409882523
C15,C15_mid_life,current_noise_high,44,DD,0.027371781919956515,0.033394932469995614,0.03895095944444655,0.05167618358660342,0.011579177524490034,0.018281251116607805
C15,C15_mid_life,current_noise_high,44,HDM,0.036812449254826574,0.04035258258758058,0.004974997510812521,0.005708113367649891,-0.031837451744014054,-0.03464446921993069
C15,C15_mid_life,current_noise_high,44,HECM,0.021050473602480226,0.026122480738803647,0.02336545836450596,0.03205837364947144,0.0023149847620257333,0.005935892910667796
C15,C15_mid_life,current_noise_high,45,DD,0.027032284093741556,0.03302230306082299,0.03795774768256263,0.05049045435004941,0.010925463588821075,0.017468151289226422
C15,C15_mid_life,current_noise_high,45,HDM,0.038953489237971775,0.042328898665066096,0.007273761317720481,0.007800704860937789,-0.0316797279202513,-0.034528193804128304
C15,C15_mid_life,current_noise_high,45,HECM,0.06228228269200492,0.1115453921233123,0.03822441151062644,0.09813797118470305,-0.024057871181378483,-0.013407420938609249
C15,C15_mid_life,current_noise_high,46,DD,0.027976120542559556,0.034399542828824854,0.039927833273697366,0.05304142526420389,0.01195171273113781,0.018641882435379037
C15,C15_mid_life,current_noise_high,46,HDM,0.0348237639136886,0.03871135607608678,0.004299187198619945,0.005339432951338768,-0.030524576715068655,-0.03337192312474801
C15,C15_mid_life,current_noise_high,46,HECM,0.04968642080588196,0.05650976814065573,0.0254468879211034,0.034282205474851425,-0.02423953288477856,-0.022227562665804307
C15,C15_mid_life,current_noise_high,47,DD,0.02737965196769137,0.03341108334455384,0.039481066088438446,0.05229699033338887,0.012101414120747077,0.01888590698883503
C15,C15_mid_life,current_noise_high,47,HDM,0.0357033726376272,0.03933179683781373,0.003863459949800072,0.004630738861287637,-0.03183991268782713,-0.03470105797652609
C15,C15_mid_life,current_noise_high,47,HECM,0.04719031344985137,0.054133336759006064,0.025002750571827836,0.03521553576463931,-0.022187562878023533,-0.018917800994366754
C15,C15_mid_life,current_noise_high,48,DD,0.02765048496145014,0.03380106256096752,0.03963359617278615,0.05255021821722051,0.011983111211336005,0.018749155656252986
C15,C15_mid_life,current_noise_high,48,HDM,0.03555077150592349,0.03923853488712102,0.00409849645817861,0.005009905213363313,-0.03145227504774488,-0.034228629673757706
C15,C15_mid_life,current_noise_high,48,HECM,0.04641653743991628,0.053712790838667084,0.023659886917525377,0.03271903107988539,-0.0227566505223909,-0.02099375975878169
C15,C15_mid_life,current_noise_high,49,DD,0.02709910788334589,0.03296120658652109,0.03892820949794987,0.05147739728867877,0.011829101614603977,0.01851619070215768
C15,C15_mid_life,current_noise_high,49,HDM,0.037046562125550825,0.0405935584443167,0.005238290988243185,0.005961552029367976,-0.03180827113730764,-0.03463200641494873
C15,C15_mid_life,current_noise_high,49,HECM,0.020933383753511003,0.02598327578597327,0.02387629878539666,0.031840989426311604,0.002942915031885658,0.005857713640338335
C15,C15_mid_life,current_noise_high,50,DD,0.02692077419104014,0.03272640502628517,0.03798020659718969,0.050413398826619285,0.011059432406149549,0.017686993800334117
C15,C15_mid_life,current_noise_high,50,HDM,0.03875722686897042,0.04215464878631044,0.0070250048243584865,0.007759479461052804,-0.03173222204461194,-0.03439516932525764
C15,C15_mid_life,current_noise_high,50,HECM,0.022240906453616215,0.02726319976012702,0.022170802701665528,0.03065773430149321,-7.010375195068766e-05,0.0033945345413661926
C15,C15_mid_life,current_noise_high,51,DD,0.02778650996170375,0.0340808364669964,0.03975259881323798,0.05277018102273695,0.011966088851534228,0.018689344555740547
C15,C15_mid_life,current_noise_high,51,HDM,0.03523968271453047,0.03901181088469276,0.004066041169722788,0.005102488705510594,-0.031173641544807684,-0.03390932217918216
C15,C15_mid_life,current_noise_high,51,HECM,0.06460790158282176,0.11282734512565715,0.0413767982751838,0.09935897583914365,-0.02323110330763796,-0.013468369286513501
C15,C15_mid_life,missing_gap_1h,42,DD,0.036839433163104625,0.0541349966625085,0.04706883657455333,0.06918223099204708,0.010229403411448706,0.015047234329538584
C15,C15_mid_life,missing_gap_1h,42,HDM,0.03526671156029753,0.04785807717608011,0.013851171441866332,0.0345321160462464,-0.0214155401184312,-0.01332596112983371
C15,C15_mid_life,missing_gap_1h,42,HECM,0.05292723421624349,0.06856868313273982,0.03411740285594103,0.05147336345314049,-0.01880983136030246,-0.017095319679599333
C15,C15_mid_life,missing_samples_random,42,DD,0.02832954558370976,0.03451990424634114,0.03834580240784285,0.05053669406630188,0.01001625682413309,0.01601678981996074
C15,C15_mid_life,missing_samples_random,42,HDM,0.04093624663141497,0.04601639028291608,0.01105536608957851,0.013325413247005544,-0.029880880541836463,-0.032690977035910534
C15,C15_mid_life,missing_samples_random,42,HECM,0.046637320120606084,0.055308308306242164,0.02579626691630755,0.03503031500259779,-0.020841053204298535,-0.020277993303644375
C15,C15_mid_life,missing_samples_random,43,DD,0.028489073209554547,0.034513398639295895,0.033848474627826995,0.04546754243602898,0.005359401418272448,0.010954143796733089
C15,C15_mid_life,missing_samples_random,43,HDM,0.05109691248136307,0.05513786879330785,0.021382217049238858,0.023004252813960412,-0.02971469543212421,-0.03213361597934744
C15,C15_mid_life,missing_samples_random,43,HECM,0.035165090960955186,0.04490047814301702,0.02429903481672669,0.039855525572259604,-0.010866056144228496,-0.005044952570757419
C15,C15_mid_life,missing_samples_random,44,DD,0.027677447987949903,0.03366570471782739,0.035171195328403064,0.04639493236373848,0.007493747340453161,0.012729227645911084
C15,C15_mid_life,missing_samples_random,44,HDM,0.048541611883330296,0.05295223742589013,0.018590348407408603,0.02070410036872751,-0.029951263475921693,-0.03224813705716262
C15,C15_mid_life,missing_samples_random,44,HECM,0.04135455469027255,0.05027685832528898,0.02129222190576648,0.03094270333990952,-0.02006233278450607,-0.019334154985379458
C15,C15_mid_life,missing_samples_random,45,DD,0.031589024382627666,0.03978653280024519,0.04498353368814889,0.05896458554259622,0.013394509305521225,0.01917805274235103
C15,C15_mid_life,missing_samples_random,45,HDM,0.030021093669164407,0.03692487936395151,0.013776269173691739,0.016339672562280843,-0.016244824495472668,-0.020585206801670666
C15,C15_mid_life,missing_samples_random,45,HECM,0.059304294704349676,0.06811459617610947,0.03788118668310549,0.04670821530520294,-0.021423108021244183,-0.021406380870906537
C15,C15_mid_life,missing_samples_random,46,DD,0.02802368388237361,0.03402840604373816,0.034011174031128334,0.04525450937826891,0.005987490148754725,0.011226103334530745
C15,C15_mid_life,missing_samples_random,46,HDM,0.05124444745255748,0.05524662958244659,0.0215001381700537,0.023023291263112516,-0.029744309282503784,-0.03222333831933408
C15,C15_mid_life,missing_samples_random,46,HECM,0.0316714263639738,0.04028725244247202,0.015416257335554738,0.02382365033953978,-0.01625516902841906,-0.01646360210293224
C15,C15_mid_life,temperature_noise,42,DD,0.028205731099206013,0.035159028850897465,0.03922189521361725,0.05160611920057292,0.011016164114411236,0.016447090349675453
C15,C15_mid_life,temperature_noise,42,HDM,0.034633609963208196,0.037959046015868116,0.005866194177113007,0.0063874287304410355,-0.02876741578609519,-0.03157161728542708
C15,C15_mid_life,temperature_noise,42,HECM,0.03508532415009623,0.0441094319970543,0.02019651636660365,0.027237393088425033,-0.014888807783492577,-0.016872038908629265
C15,C15_mid_life,temperature_noise,43,DD,0.028317041335716175,0.03536587208071957,0.03896903032247525,0.05154422605012889,0.010651988986759075,0.016178353969409323
C15,C15_mid_life,temperature_noise,43,HDM,0.0346409087784103,0.03796477151315229,0.005866194177113007,0.0063874287304410355,-0.028774714601297293,-0.03157734278271126
C15,C15_mid_life,temperature_noise,43,HECM,0.035104952888902564,0.04413717757420248,0.02019651636660365,0.027237393088425033,-0.014908436522298913,-0.016899784485777444
C15,C15_mid_life,temperature_noise,44,DD,0.02820549457697548,0.03524274775057446,0.03876660180638289,0.051259961301342166,0.01056110722940741,0.016017213550767705
C15,C15_mid_life,temperature_noise,44,HDM,0.03454548013223035,0.037866185667109434,0.005866194177113007,0.0063874287304410355,-0.02867928595511734,-0.0314787569366684
C15,C15_mid_life,temperature_noise,44,HECM,0.03521823710262501,0.04422883285792409,0.02019651636660365,0.027237393088425033,-0.01502172073602136,-0.016991439769499055
C15,C15_mid_life,temperature_noise,45,DD,0.02829939696544062,0.03536513689230535,0.03895884470913487,0.05137308710340285,0.010659447743694248,0.016007950211097494
C15,C15_mid_life,temperature_noise,45,HDM,0.03438751818481808,0.03770737675471348,0.005866194177113007,0.0063874287304410355,-0.028521324007705077,-0.031319948024272445
C15,C15_mid_life,temperature_noise,45,HECM,0.03529823501344547,0.044261668650178464,0.02019651636660365,0.027237393088425033,-0.01510171864684182,-0.01702427556175343
C15,C15_mid_life,temperature_noise,46,DD,0.02827671334319086,0.03536752860321331,0.03892572986888817,0.05146625907766469,0.01064901652569731,0.01609873047445138
C15,C15_mid_life,temperature_noise,46,HDM,0.034504387020122845,0.03782212258206325,0.005866194177113007,0.0063874287304410355,-0.02863819284300984,-0.03143469385162222
C15,C15_mid_life,temperature_noise,46,HECM,0.03517899187102725,0.04418271336905991,0.02019651636660365,0.027237393088425033,-0.014982475504423599,-0.01694532028063488
C15,C15_mid_life,temperature_noise,47,DD,0.028292113752788593,0.035161267415871486,0.039277058842735836,0.05184585179213736,0.010984945089947244,0.016684584376265875
C15,C15_mid_life,temperature_noise,47,HDM,0.03469632641273285,0.038017450270874095,0.005866194177113007,0.0063874287304410355,-0.02883013223561984,-0.03163002154043306
C15,C15_mid_life,temperature_noise,47,HECM,0.03503763576308287,0.04409305107882579,0.02019651636660365,0.027237393088425033,-0.01484111939647922,-0.016855657990400754
C15,C15_mid_life,temperature_noise,48,DD,0.028347908907418826,0.03539026173538001,0.03918096317103113,0.05165347380909373,0.010833054263612307,0.016263212073713715
C15,C15_mid_life,temperature_noise,48,HDM,0.03452689541856286,0.037846427457757695,0.005866194177113007,0.0063874287304410355,-0.028660701241449853,-0.03145899872731666
C15,C15_mid_life,temperature_noise,48,HECM,0.03518176166116995,0.04419566049429219,0.02019651636660365,0.027237393088425033,-0.0149852452945663,-0.016958267405867155
C15,C15_mid_life,temperature_noise,49,DD,0.02824745038890408,0.03519727481508033,0.03919176924869606,0.05161385507534031,0.010944318859791979,0.01641658026025998
C15,C15_mid_life,temperature_noise,49,HDM,0.03451354038245193,0.037833953220802984,0.005866194177113007,0.0063874287304410355,-0.02864734620533892,-0.03144652449036195
C15,C15_mid_life,temperature_noise,49,HECM,0.03515022138594044,0.04415260381174409,0.02019651636660365,0.027237393088425033,-0.01495370501933679,-0.016915210723319054
C15,C15_mid_life,temperature_noise,50,DD,0.02830603382015393,0.03540498273976663,0.03895355163267205,0.051398921782687707,0.010647517812518121,0.015993939042921075
C15,C15_mid_life,temperature_noise,50,HDM,0.03443269233321747,0.03775421515047657,0.005866194177113007,0.0063874287304410355,-0.028566498156104462,-0.031366786420035535
C15,C15_mid_life,temperature_noise,50,HECM,0.0352542628211135,0.04422870289927756,0.02019651636660365,0.027237393088425033,-0.015057746454509847,-0.016991309810852524
C15,C15_mid_life,temperature_noise,51,DD,0.028271990796449955,0.035251126219410366,0.039080257462935385,0.05162746512391319,0.01080826666648543,0.016376338904502824
C15,C15_mid_life,temperature_noise,51,HDM,0.034549388644292155,0.037868743951242505,0.005866194177113007,0.0063874287304410355,-0.028683194467179148,-0.03148131522080147
C15,C15_mid_life,temperature_noise,51,HECM,0.035185449284719485,0.04420246265680846,0.02019651636660365,0.027237393088425033,-0.014988932918115833,-0.016965069568383426
C15,C15_mid_life,voltage_noise,42,DD,0.027562962528000255,0.03365934331200914,0.038512761404099434,0.05117624052639968,0.01094979887609918,0.017516897214390537
C15,C15_mid_life,voltage_noise,42,HDM,0.03679155767506171,0.04018642425917428,0.005866194177113007,0.0063874287304410355,-0.030925363497948704,-0.03379899552873324
C15,C15_mid_life,voltage_noise,42,HECM,0.0320583617398641,0.04159491190190795,0.020166992856373002,0.027215834046874762,-0.011891368883491099,-0.014379077855033187
C15,C15_mid_life,voltage_noise,43,DD,0.027498081735832146,0.03356975130934819,0.038464175955596556,0.05115428860771862,0.01096609421976441,0.01758453729837043
C15,C15_mid_life,voltage_noise,43,HDM,0.03686681590826675,0.04026659353565782,0.005866194177113007,0.0063874287304410355,-0.031000621731153744,-0.033879164805216785
C15,C15_mid_life,voltage_noise,43,HECM,0.03323013648429988,0.04271608447930658,0.021025811968176395,0.02851985406423138,-0.012204324516123483,-0.0141962304150752
C15,C15_mid_life,voltage_noise,44,DD,0.027473567785796692,0.03354805521263337,0.038500096906340396,0.05113089437131476,0.011026529120543704,0.01758283915868139
C15,C15_mid_life,voltage_noise,44,HDM,0.0368655444734141,0.04026530423339871,0.005866194177113007,0.0063874287304410355,-0.030999350296301093,-0.03387787550295768
C15,C15_mid_life,voltage_noise,44,HECM,0.032173349669139754,0.04167999152580296,0.020091172932624402,0.027144876681243612,-0.012082176736515352,-0.014535114844559351
C15,C15_mid_life,voltage_noise,45,DD,0.027517207455899622,0.03360003183564858,0.038448175753739045,0.05109855365014041,0.010930968297839423,0.01749852181449183
C15,C15_mid_life,voltage_noise,45,HDM,0.03682772307181362,0.04022480816849959,0.005866194177113007,0.0063874287304410355,-0.03096152889470061,-0.033837379438058555
C15,C15_mid_life,voltage_noise,45,HECM,0.03209009240819337,0.041630773718381094,0.020178966465902674,0.02726407277349392,-0.011911125942290695,-0.014366700944887175
C15,C15_mid_life,voltage_noise,46,DD,0.027501240335538402,0.033601087009886184,0.03854199322201104,0.051189302850320244,0.011040752886472636,0.01758821584043406
C15,C15_mid_life,voltage_noise,46,HDM,0.03679774558092961,0.040192917658352915,0.005866194177113007,0.0063874287304410355,-0.030931551403816603,-0.03380548892791188
C15,C15_mid_life,voltage_noise,46,HECM,0.032246052803228835,0.04177938812804546,0.020275699247084077,0.027353338649128273,-0.011970353556144758,-0.014426049478917184
C15,C15_mid_life,voltage_noise,47,DD,0.027527534575039016,0.033595594401782176,0.03846197221691533,0.05117680188685423,0.010934437641876314,0.017581207485072053
C15,C15_mid_life,voltage_noise,47,HDM,0.036799695934417107,0.040195214349144595,0.005866194177113007,0.0063874287304410355,-0.0309335017573041,-0.03380778561870356
C15,C15_mid_life,voltage_noise,47,HECM,0.03215292928350341,0.04167304451390896,0.02011357801039959,0.027236558392181854,-0.012039351273103821,-0.01443648612172711
C15,C15_mid_life,voltage_noise,48,DD,0.027510608662088373,0.03360675994584733,0.038461644285267035,0.05114303356335016,0.010951035623178663,0.01753627361750283
C15,C15_mid_life,voltage_noise,48,HDM,0.036848421561503884,0.040247057478031256,0.005866194177113007,0.0063874287304410355,-0.030982227384390878,-0.03385962874759022
C15,C15_mid_life,voltage_noise,48,HECM,0.032892512054284034,0.04238600499579598,0.020184835086551542,0.027276211716407713,-0.012707676967732492,-0.015109793279388266
C15,C15_mid_life,voltage_noise,49,DD,0.02749101189399216,0.03357113744592466,0.03842579861437923,0.05109634063811617,0.010934786720387071,0.01752520319219151
C15,C15_mid_life,voltage_noise,49,HDM,0.03682853156578944,0.04022602725165894,0.005866194177113007,0.0063874287304410355,-0.030962337388676434,-0.03383859852121791
C15,C15_mid_life,voltage_noise,49,HECM,0.03224139180506597,0.041753231450626135,0.020046283540694543,0.027097835657405277,-0.01219510826437143,-0.014655395793220859
C15,C15_mid_life,voltage_noise,50,DD,0.02744649615170599,0.033546266951757574,0.03843909921143913,0.05108401252594818,0.010992603059733139,0.017537745574190605
C15,C15_mid_life,voltage_noise,50,HDM,0.03687654683486086,0.04027694035630069,0.005866194177113007,0.0063874287304410355,-0.03101035265774785,-0.03388951162585965
C15,C15_mid_life,voltage_noise,50,HECM,0.032521134700443995,0.042025871684792514,0.021659121372184367,0.030981253686773673,-0.010862013328259628,-0.01104461799801884
C15,C15_mid_life,voltage_noise,51,DD,0.02753036196098706,0.03361545437413636,0.03852537420637217,0.051202708899796105,0.01099501224538511,0.01758725452565975
C15,C15_mid_life,voltage_noise,51,HDM,0.036838418502712175,0.040236495104879255,0.005866194177113007,0.0063874287304410355,-0.03097222432559917,-0.03384906637443822
C15,C15_mid_life,voltage_noise,51,HECM,0.03347795034698046,0.04290408416839923,0.020283308815729397,0.027329829742130073,-0.01319464153125106,-0.015574254426269155
C25,C25_aged,baseline,42,DD,0.0659105083170552,0.06935582432232712,0.05195033501257018,0.06163471111975558,-0.013960173304485013,-0.007721113202571538
C25,C25_aged,baseline,42,HDM,0.11722820057257746,0.1271090770829091,0.003491436698774856,0.0037862762319319774,-0.1137367638738026,-0.12332280085097713
C25,C25_aged,baseline,42,HECM,0.07791415763747504,0.09130060311376102,0.007868659822405472,0.009699506448420941,-0.07004549781506957,-0.08160109666534009
C25,C25_aged,current_bias_3p0pct,42,DD,0.05929641619798035,0.06257128148373592,0.054343671299550526,0.06393636148203251,-0.004952744898429826,0.0013650799982965894
C25,C25_aged,current_bias_3p0pct,42,HDM,0.1049402680375649,0.11377763188353629,0.012638809586303356,0.013705498303490209,-0.09230145845126154,-0.10007213358004607
C25,C25_aged,current_bias_3p0pct,42,HECM,0.07031581845071079,0.08233466423747833,0.018050905184537017,0.020271306381830577,-0.052264913266173774,-0.062063357855647754
C25,C25_aged,current_noise_high,42,DD,0.06728903105570354,0.0706741186308459,0.051845296611739665,0.06158375388333058,-0.015443734443963873,-0.009090364747515317
C25,C25_aged,current_noise_high,42,HDM,0.11798614411890795,0.1279215709062434,0.003851046812762762,0.004934297532215892,-0.1141350973061452,-0.12298727337402751
C25,C25_aged,current_noise_high,42,HECM,0.10299751911262674,0.11452506269333061,0.0077397164029705786,0.009873730205303782,-0.09525780270965616,-0.10465133248802683
C25,C25_aged,current_noise_high,43,DD,0.065500292148708,0.06904165157761621,0.05278506115874002,0.0626752139889915,-0.012715230989967984,-0.006366437588624721
C25,C25_aged,current_noise_high,43,HDM,0.11569591344196224,0.12579087180881562,0.0016005446535161303,0.002011639656982318,-0.11409536878844612,-0.12377923215183331
C25,C25_aged,current_noise_high,43,HECM,0.10067433536558368,0.112382735212285,0.009475175714804744,0.01083422716493129,-0.09119915965077893,-0.10154850804735371
C25,C25_aged,current_noise_high,44,DD,0.06652393550050836,0.07001155164318865,0.052197055752098674,0.06197616112946325,-0.014326879748409689,-0.008035390513725399
C25,C25_aged,current_noise_high,44,HDM,0.11723773079355157,0.12721340089310632,0.002807727737877325,0.0033548478753278395,-0.11443000305567425,-0.12385855301777847
C25,C25_aged,current_noise_high,44,HECM,0.10116863347308673,0.11282507284703527,0.009351414361765922,0.010706603032088135,-0.0918172191113208,-0.10211846981494714
C25,C25_aged,current_noise_high,45,DD,0.06819185015623078,0.07149039929261893,0.05132370100973754,0.06095777635605171,-0.016868149146493233,-0.010532622936567218
C25,C25_aged,current_noise_high,45,HDM,0.11910878967924952,0.12894855696328944,0.005045942186768276,0.005439037441235782,-0.11406284749248125,-0.12350951952205366
C25,C25_aged,current_noise_high,45,HECM,0.11086076915503183,0.14122263381048486,0.01996289872050253,0.07764396074749065,-0.09089787043452931,-0.06357867306299421
C25,C25_aged,current_noise_high,46,DD,0.06532685755859513,0.0689993665017885,0.05288934536510802,0.06295019591291394,-0.012437512193487113,-0.006049170588874567
C25,C25_aged,current_noise_high,46,HDM,0.11530975883999094,0.12546353868975232,0.0037836461745126195,0.004439470065845636,-0.11152611266547832,-0.12102406862390669
C25,C25_aged,current_noise_high,46,HECM,0.09811563307097378,0.10981913830528,0.011163952741029106,0.013425611257069474,-0.08695168032994467,-0.09639352704821053
C25,C25_aged,current_noise_high,47,DD,0.06582473228891456,0.06933910250736156,0.05265661334679513,0.06255591106776408,-0.013168118942119424,-0.006783191439597477
C25,C25_aged,current_noise_high,47,HDM,0.11595729797060994,0.1260407486121578,0.0017462625889177834,0.0021440275423457674,-0.11421103538169215,-0.12389672106981203
C25,C25_aged,current_noise_high,47,HECM,0.0982020524784488,0.10967767750665658,0.009090974138993943,0.010916399429055087,-0.08911107833945486,-0.09876127807760149
C25,C25_aged,current_noise_high,48,DD,0.06563916342804699,0.06920678931765611,0.05280985931048448,0.06273382145801357,-0.012829304117562508,-0.006472967859642548
C25,C25_aged,current_noise_high,48,HDM,0.1157251078580266,0.1258180719801288,0.002679869577890233,0.003245982672414457,-0.11304523828013636,-0.12257208930771434
C25,C25_aged,current_noise_high,48,HECM,0.09794316061329274,0.10955960661094388,0.010196784971810308,0.012214677410354946,-0.08774637564148242,-0.09734492920058893
C25,C25_aged,current_noise_high,49,DD,0.0668863168084223,0.07030301375933215,0.052024873347875235,0.06174839965967502,-0.014861443460547068,-0.008554614099657132
C25,C25_aged,current_noise_high,49,HDM,0.11743293240493935,0.12740555234011772,0.0030521318733615823,0.003644398658522937,-0.11438080053157777,-0.12376115368159478
C25,C25_aged,current_noise_high,49,HECM,0.1008606305492075,0.112462819138077,0.009507654372656363,0.010296932643809034,-0.09135297617655114,-0.10216588649426797
C25,C25_aged,current_noise_high,50,DD,0.06819362751632954,0.07146840832379531,0.05131251874036898,0.06092025478034026,-0.01688110877596056,-0.01054815354345505
C25,C25_aged,current_noise_high,50,HDM,0.11902610029111181,0.12886929460950852,0.0049480080592805165,0.005715070020164597,-0.1140780922318313,-0.12315422458934393
C25,C25_aged,current_noise_high,50,HECM,0.10305277957843166,0.11436131707436863,0.006148113395512367,0.007292855704723751,-0.09690466618291929,-0.10706846136964487
C25,C25_aged,current_noise_high,51,DD,0.06524158804483453,0.06890134734692814,0.05291073670624176,0.06290130581502253,-0.012330851338592769,-0.006000041531905614
C25,C25_aged,current_noise_high,51,HDM,0.11553434921704521,0.1256661305327112,0.0031589615608877213,0.00379578106836409,-0.11237538765615748,-0.1218703494643471
C25,C25_aged,current_noise_high,51,HECM,0.11359779764621808,0.1433455891226358,0.02386901322596716,0.07862687902017346,-0.08972878442025092,-0.06471871010246236
C25,C25_aged,missing_gap_1h,42,DD,0.06733453715722294,0.07585318422312753,0.0699608408796802,0.09294534203617028,0.002626303722457257,0.01709215781304274
C25,C25_aged,missing_gap_1h,42,HDM,0.10989473120342756,0.12414044636549242,0.03992698174133921,0.08845120607791206,-0.06996774946208835,-0.03568924028758036
C25,C25_aged,missing_gap_1h,42,HECM,0.09977110856518552,0.11817950667503083,0.02332701882339036,0.047839178561190084,-0.07644408974179516,-0.07034032811384075
C25,C25_aged,missing_samples_random,42,DD,0.06843010720572822,0.07271351750738796,0.05075902103347749,0.06120800934661274,-0.017671086172250723,-0.011505508160775217
C25,C25_aged,missing_samples_random,42,HDM,0.12107832695823176,0.13213505648261017,0.010751197807430588,0.013007013336784574,-0.11032712915080117,-0.1191280431458256
C25,C25_aged,missing_samples_random,42,HECM,0.08947207105724492,0.10380778364193362,0.01363215884478763,0.016681290459592518,-0.07583991221245728,-0.0871264931823411
C25,C25_aged,missing_samples_random,43,DD,0.06567687233517149,0.07036561336936716,0.05225697066278943,0.06303352066475251,-0.013419901672382058,-0.007332092704614643
C25,C25_aged,missing_samples_random,43,HDM,0.11729157912303464,0.12875779094637002,0.00961699207104255,0.011636971770941694,-0.1076745870519921,-0.11712081917542833
C25,C25_aged,missing_samples_random,43,HECM,0.09629645473454275,0.11032544631553337,0.01580064588741357,0.019652621514978878,-0.08049580884712917,-0.0906728248005545
C25,C25_aged,missing_samples_random,44,DD,0.07236231685223227,0.07668199025260994,0.04858016060789414,0.0587748681806093,-0.023782156244338125,-0.01790712207200064
C25,C25_aged,missing_samples_random,44,HDM,0.12663874389086346,0.1375010343173157,0.01783273349373821,0.020897739172877277,-0.10880601039712526,-0.11660329514443842
C25,C25_aged,missing_samples_random,44,HECM,0.0864649810663816,0.10130464852618919,0.016135840972665835,0.019577924988936794,-0.07032914009371577,-0.0817267235372524
C25,C25_aged,missing_samples_random,45,DD,0.06207719643819936,0.0675206467536622,0.05442557005120972,0.06572403488494616,-0.007651626386989636,-0.001796611868716047
C25,C25_aged,missing_samples_random,45,HDM,0.11245155285164313,0.1245524608286794,0.012369504495528308,0.014714889967449263,-0.10008204835611482,-0.10983757086123014
C25,C25_aged,missing_samples_random,45,HECM,0.1014734552514552,0.11518633987896061,0.02000479502514684,0.023968342978424345,-0.08146866022630836,-0.09121799690053627
C25,C25_aged,missing_samples_random,46,DD,0.07444003917286938,0.07793048036181445,0.04725724621527741,0.056777635694145075,-0.027182792957591975,-0.021152844667669375
C25,C25_aged,missing_samples_random,46,HDM,0.12910887113289438,0.13953527309196675,0.018867733009392523,0.021007511355451453,-0.11024113812350185,-0.1185277617365153
C25,C25_aged,missing_samples_random,46,HECM,0.08029496415715318,0.09479019454221065,0.0064389684499134,0.008136373647612391,-0.07385599570723977,-0.08665382089459825
C25,C25_aged,temperature_noise,42,DD,0.0654272160026598,0.06940627476817342,0.05317701987813881,0.06287377608051449,-0.012250196124520989,-0.0065324986876589275
C25,C25_aged,temperature_noise,42,HDM,0.11723087288335807,0.12711136081342098,0.003491436698774856,0.0037862762319319774,-0.11373943618458321,-0.123325084581489
C25,C25_aged,temperature_noise,42,HECM,0.07765520633998364,0.09106533793443851,0.007868659822405472,0.009699506448420941,-0.06978654651757817,-0.08136583148601757
C25,C25_aged,temperature_noise,43,DD,0.06541461155845445,0.0694030300386638,0.052593739336743384,0.0624222196358495,-0.012820872221711063,-0.0069808104028143
C25,C25_aged,temperature_noise,43,HDM,0.11717032503905822,0.12704633427886644,0.003491436698774856,0.0037862762319319774,-0.11367888834028336,-0.12326005804693446
C25,C25_aged,temperature_noise,43,HECM,0.07770871514779773,0.09110350020566113,0.007868659822405472,0.009699506448420941,-0.06984005532539225,-0.0814039937572402
C25,C25_aged,temperature_noise,44,DD,0.0652971671406794,0.06929764597972134,0.052882072222046744,0.06268470103488631,-0.012415094918632658,-0.006612944944835025
C25,C25_aged,temperature_noise,44,HDM,0.11718426175501762,0.12706114803636126,0.003491436698774856,0.0037862762319319774,-0.11369282505624276,-0.12327487180442928
C25,C25_aged,temperature_noise,44,HECM,0.07770293875703178,0.09110109255191971,0.007868659822405472,0.009699506448420941,-0.0698342789346263,-0.08140158610349878
C25,C25_aged,temperature_noise,45,DD,0.06528678095687844,0.0692495029875478,0.0531334949508248,0.06292217244559059,-0.012153286006053643,-0.006327330541957207
C25,C25_aged,temperature_noise,45,HDM,0.11722709375657844,0.12710662800808167,0.003491436698774856,0.0037862762319319774,-0.11373565705780359,-0.1233203517761497
C25,C25_aged,temperature_noise,45,HECM,0.07770849214846248,0.09111385794025074,0.007868659822405472,0.009699506448420941,-0.069839832326057,-0.08141435149182981
C25,C25_aged,temperature_noise,46,DD,0.06552375491905839,0.06945259026018587,0.05243003734700266,0.062354633529714105,-0.013093717572055727,-0.007097956730471762
C25,C25_aged,temperature_noise,46,HDM,0.1172694068319269,0.12715224248376797,0.003491436698774856,0.0037862762319319774,-0.11377797013315204,-0.12336596625183599
C25,C25_aged,temperature_noise,46,HECM,0.077661517535122,0.09107722351531358,0.007868659822405472,0.009699506448420941,-0.06979285771271652,-0.08137771706689265
C25,C25_aged,temperature_noise,47,DD,0.06542992924416363,0.06937649546969152,0.05280476174620153,0.06266391004535661,-0.012625167497962102,-0.006712585424334908
C25,C25_aged,temperature_noise,47,HDM,0.11722689199968495,0.127106488396182,0.003491436698774856,0.0037862762319319774,-0.11373545530091009,-0.12332021216425001
C25,C25_aged,temperature_noise,47,HECM,0.07771950823909374,0.09112400458056943,0.007868659822405472,0.009699506448420941,-0.06985084841668826,-0.0814244981321485
C25,C25_aged,temperature_noise,48,DD,0.06558823691677972,0.06957273497560115,0.052661688865713464,0.06247712887562398,-0.012926548051066251,-0.00709560609997717
C25,C25_aged,temperature_noise,48,HDM,0.11723987539936974,0.1271202252267139,0.003491436698774856,0.0037862762319319774,-0.11374843870059488,-0.12333394899478192
C25,C25_aged,temperature_noise,48,HECM,0.07764487937667987,0.09105729579885911,0.007868659822405472,0.009699506448420941,-0.06977621955427439,-0.08135778935043818
C25,C25_aged,temperature_noise,49,DD,0.06562979316416019,0.0696349802567152,0.05256543336320712,0.06231963882303735,-0.013064359800953072,-0.0073153414336778536
C25,C25_aged,temperature_noise,49,HDM,0.11719825585062318,0.12707593412597482,0.003491436698774856,0.0037862762319319774,-0.11370681915184833,-0.12328965789404284
C25,C25_aged,temperature_noise,49,HECM,0.07773953951450654,0.09113740924224907,0.007868659822405472,0.009699506448420941,-0.06987087969210107,-0.08143790279382813
C25,C25_aged,temperature_noise,50,DD,0.06538405860580025,0.06935104981812461,0.05291007013122892,0.06270012797250966,-0.012473988474571332,-0.006650921845614943
C25,C25_aged,temperature_noise,50,HDM,0.1172117709639242,0.12709094888662423,0.003491436698774856,0.0037862762319319774,-0.11372033426514934,-0.12330467265469225
C25,C25_aged,temperature_noise,50,HECM,0.07769801261752574,0.09110123928859584,0.007868659822405472,0.009699506448420941,-0.06982935279512026,-0.0814017328401749
C25,C25_aged,temperature_noise,51,DD,0.06526596419441626,0.06924222236318546,0.0530006760972767,0.06280847027392542,-0.01226528809713956,-0.006433752089260045
C25,C25_aged,temperature_noise,51,HDM,0.11719413296078103,0.12707198183934015,0.003491436698774856,0.0037862762319319774,-0.11370269626200617,-0.12328570560740817
C25,C25_aged,temperature_noise,51,HECM,0.07767699309745252,0.09107838854144859,0.007868659822405472,0.009699506448420941,-0.06980833327504704,-0.08137888209302765
C25,C25_aged,voltage_noise,42,DD,0.06577547463760097,0.06926994379325073,0.05186005330489802,0.06158451817333986,-0.013915421332702953,-0.007685425619910868
C25,C25_aged,voltage_noise,42,HDM,0.11712465050716518,0.1269982097766168,0.003491436698774856,0.0037862762319319774,-0.11363321380839032,-0.12321193354468482
C25,C25_aged,voltage_noise,42,HECM,0.07759134874432093,0.09098475859197853,0.007924890081949548,0.009658769006947373,-0.06966645866237138,-0.08132598958503116
C25,C25_aged,voltage_noise,43,DD,0.06562493043303495,0.06910991853371161,0.051945389592661595,0.06161895631524139,-0.013679540840373358,-0.007490962218470218
C25,C25_aged,voltage_noise,43,HDM,0.11706397098713325,0.12693312354163364,0.003491436698774856,0.0037862762319319774,-0.1135725342883584,-0.12314684730970166
C25,C25_aged,voltage_noise,43,HECM,0.07815523548665321,0.0914928007577041,0.007749594409650476,0.009590142385827387,-0.07040564107700273,-0.08190265837187671
C25,C25_aged,voltage_noise,44,DD,0.06564355869201735,0.06913892787533711,0.051924887283368755,0.06162034209613744,-0.013718671408648596,-0.007518585779199671
C25,C25_aged,voltage_noise,44,HDM,0.11707795306764279,0.12694804350127412,0.003491436698774856,0.0037862762319319774,-0.11358651636886793,-0.12316176726934214
C25,C25_aged,voltage_noise,44,HECM,0.07791908232337531,0.09127715470681332,0.007953098952745504,0.009716693101527372,-0.06996598337062981,-0.08156046160528595
C25,C25_aged,voltage_noise,45,DD,0.06555788453638522,0.06905374096262824,0.05199119083826019,0.0617059648892282,-0.013566693698125035,-0.007347776073400043
C25,C25_aged,voltage_noise,45,HDM,0.11706090672476299,0.1269297828123466,0.003491436698774856,0.0037862762319319774,-0.11356947002598813,-0.12314350658041462
C25,C25_aged,voltage_noise,45,HECM,0.07836568191610503,0.09169564783461738,0.007914619793855491,0.009750350186039041,-0.07045106212224954,-0.08194529764857834
C25,C25_aged,voltage_noise,46,DD,0.0655840508568643,0.06908119615399387,0.05206572808240667,0.06174474356082011,-0.013518322774457636,-0.00733645259317376
C25,C25_aged,voltage_noise,46,HDM,0.11709020919545945,0.1269611009564813,0.003491436698774856,0.0037862762319319774,-0.1135987724966846,-0.12317482472454933
C25,C25_aged,voltage_noise,46,HECM,0.0789006412998308,0.09219294720519296,0.007932341176888905,0.0098416891553745,-0.0709683001229419,-0.08235125804981845
C25,C25_aged,voltage_noise,47,DD,0.06565310092041167,0.06913269573496661,0.05193938000634601,0.06165730778018607,-0.013713720914065662,-0.007475387954780539
C25,C25_aged,voltage_noise,47,HDM,0.11709020510471128,0.1269610756196766,0.003491436698774856,0.0037862762319319774,-0.11359876840593643,-0.12317479938774462
C25,C25_aged,voltage_noise,47,HECM,0.0780584644201494,0.09141010949202871,0.007784085067591338,0.009610572189742332,-0.07027437935255806,-0.08179953730228638
C25,C25_aged,voltage_noise,48,DD,0.06569542151230977,0.0691758962421297,0.051978341590998296,0.06165405428263984,-0.013717079921311472,-0.007521841959489864
C25,C25_aged,voltage_noise,48,HDM,0.11709497546725402,0.12696617391963747,0.003491436698774856,0.0037862762319319774,-0.11360353876847916,-0.12317989768770549
C25,C25_aged,voltage_noise,48,HECM,0.07844426185397431,0.09176359679235038,0.0078414044961951,0.009782877328180443,-0.07060285735777921,-0.08198071946416993
C25,C25_aged,voltage_noise,49,DD,0.06572211558616248,0.06920136923956656,0.051949652429542054,0.06162141573966478,-0.013772463156620424,-0.00757995349990178
C25,C25_aged,voltage_noise,49,HDM,0.11710016983681958,0.12697170097295252,0.003491436698774856,0.0037862762319319774,-0.11360873313804472,-0.12318542474102054
C25,C25_aged,voltage_noise,49,HECM,0.07845238412001704,0.09177219657283357,0.0077985304091488395,0.009721772309148778,-0.0706538537108682,-0.08205042426368479
C25,C25_aged,voltage_noise,50,DD,0.06565933756092368,0.0691431657000449,0.05193724026407161,0.06164521726127135,-0.013722097296852073,-0.0074979484387735565
C25,C25_aged,voltage_noise,50,HDM,0.11708760049642525,0.12695836502312058,0.003491436698774856,0.0037862762319319774,-0.11359616379765039,-0.1231720887911886
C25,C25_aged,voltage_noise,50,HECM,0.07820884873333625,0.09154996642369158,0.007733671757651417,0.00958349808566722,-0.07047517697568484,-0.08196646833802436
C25,C25_aged,voltage_noise,51,DD,0.06563980272776546,0.06913873441327484,0.05194278259305779,0.06166482225720769,-0.013697020134707666,-0.0074739121560671515
C25,C25_aged,voltage_noise,51,HDM,0.11708642080529709,0.12695721213191388,0.003491436698774856,0.0037862762319319774,-0.11359498410652223,-0.1231709358999819
C25,C25_aged,voltage_noise,51,HECM,0.07807618457078265,0.0914260876147604,0.007902580810440584,0.00973076590862264,-0.07017360376034207,-0.08169532170613776
C25,C25_fresh,baseline,42,DD,0.009872036400785178,0.010453594154447675,0.008778411284222278,0.009376063865412223,-0.0010936251165629008,-0.001077530289035452
C25,C25_fresh,baseline,42,HDM,0.003017719819372749,0.006759686853463177,0.004149848172019172,0.007440344703612228,0.0011321283526464225,0.0006806578501490513
C25,C25_fresh,baseline,42,HECM,0.008334272951311965,0.010797565132491615,0.007672412316163731,0.009867422117104004,-0.0006618606351482346,-0.0009301430153876109
C25,C25_fresh,current_bias_3p0pct,42,DD,0.015268092848959627,0.0162655561225081,0.01408240066689306,0.01514864720233125,-0.001185692182066567,-0.0011169089201768512
C25,C25_fresh,current_bias_3p0pct,42,HDM,0.008856263069402225,0.010225377432299803,0.008181402434949109,0.009432917153741041,-0.0006748606344531161,-0.0007924602785587612
C25,C25_fresh,current_bias_3p0pct,42,HECM,0.010196445554087804,0.013583623015720706,0.009832580450365083,0.012988748495813255,-0.00036386510372272106,-0.0005948745199074509
C25,C25_fresh,current_noise_high,42,DD,0.008380480076613558,0.009220911843447555,0.007500367909811322,0.008474127695170235,-0.0008801121668022367,-0.0007467841482773196
C25,C25_fresh,current_noise_high,42,HDM,0.004815892424082535,0.00733031772146534,0.005789009901607156,0.008128842841197583,0.0009731174775246204,0.0007985251197322428
C25,C25_fresh,current_noise_high,42,HECM,0.00594359939736936,0.0067665134470876525,0.005877741042377797,0.00680588410306497,-6.585835499156242e-05,3.9370655977317114e-05
C25,C25_fresh,current_noise_high,43,DD,0.009925129495809017,0.010584551449973053,0.009047368403204631,0.009737235288449398,-0.0008777610926043854,-0.0008473161615236546
C25,C25_fresh,current_noise_high,43,HDM,0.0029729727659880546,0.006542068812554879,0.003853129337536961,0.007154855231171982,0.0008801565715489063,0.0006127864186171025
C25,C25_fresh,current_noise_high,43,HECM,0.005014285683407802,0.006396894804888853,0.006023927763043945,0.0073853490195627085,0.001009642079636143,0.0009884542146738557
C25,C25_fresh,current_noise_high,44,DD,0.0107739322472825,0.01143756929035384,0.00991703492533737,0.010597229321683414,-0.0008568973219451308,-0.0008403399686704258
C25,C25_fresh,current_noise_high,44,HDM,0.0031423899987554037,0.0070276310431139355,0.0035895991986979077,0.007514796277865723,0.000447209199942504,0.0004871652347517878
C25,C25_fresh,current_noise_high,44,HECM,0.004903934195588066,0.005910780043747039,0.006299570091232522,0.007324300360060471,0.0013956358956444563,0.0014135203163134318
C25,C25_fresh,current_noise_high,45,DD,0.009139167622357933,0.00979717186261844,0.008271021942594327,0.008994537871504466,-0.0008681456797636055,-0.0008026339911139744
C25,C25_fresh,current_noise_high,45,HDM,0.003975569592159363,0.007126281551157267,0.004904652862516996,0.007813790450207768,0.0009290832703576328,0.0006875088990505006
C25,C25_fresh,current_noise_high,45,HECM,0.0044922642792395865,0.00560843791651084,0.004602860479466684,0.005975234781881863,0.00011059620022709719,0.00036679686537102307
C25,C25_fresh,current_noise_high,46,DD,0.013137335441330146,0.014050857216582589,0.012306718765976743,0.013218952610353012,-0.0008306166753534027,-0.0008319046062295766
C25,C25_fresh,current_noise_high,46,HDM,0.006003722050558738,0.00839841277404768,0.005881620895382203,0.008570140316214891,-0.00012210115517653514,0.00017172754216721216
C25,C25_fresh,current_noise_high,46,HECM,0.008021628283350362,0.009625200457030187,0.009696465828593265,0.0114506575589164,0.0016748375452429031,0.0018254571018862138
C25,C25_fresh,current_noise_high,47,DD,0.009984341187259877,0.010656544542284558,0.009126408956704928,0.009815850302442638,-0.0008579322305549489,-0.0008406942398419201
C25,C25_fresh,current_noise_high,47,HDM,0.0029957129238163114,0.006571030593403445,0.0038463488938605414,0.007186466495548558,0.00085063597004423,0.0006154359021451131
C25,C25_fresh,current_noise_high,47,HECM,0.004818385261879091,0.005827088930287679,0.006040253788843461,0.0070331319399306435,0.0012218685269643698,0.0012060430096429648
C25,C25_fresh,current_noise_high,48,DD,0.01148060376537508,0.012272691799244255,0.010618383681734737,0.011427174387362455,-0.0008622200836403433,-0.0008455174118818
C25,C25_fresh,current_noise_high,48,HDM,0.004086644520740082,0.0070683289811523655,0.004271842852632106,0.007473302302444387,0.0001851983318920244,0.0004049733212920211
C25,C25_fresh,current_noise_high,48,HECM,0.006622604701220487,0.007740055214748613,0.007849770358193372,0.009201209166435267,0.0012271656569728846,0.0014611539516866537
C25,C25_fresh,current_noise_high,49,DD,0.009488378586740337,0.01011776886616771,0.008607350481757883,0.00925715455674909,-0.000881028104982454,-0.0008606143094186201
C25,C25_fresh,current_noise_high,49,HDM,0.0037554440337927144,0.007132400403722462,0.004543630819176527,0.007737158281768968,0.0007881867853838124,0.0006047578780465053
C25,C25_fresh,current_noise_high,49,HECM,0.003318014660590107,0.004288698555649193,0.003770836332736921,0.004701021285254394,0.00045282167214681385,0.00041232272960520146
C25,C25_fresh,current_noise_high,50,DD,0.008754471548279767,0.009420626332437575,0.00787892179353965,0.00859270891900042,-0.0008755497547401174,-0.0008279174134371552
C25,C25_fresh,current_noise_high,50,HDM,0.004457854270708479,0.0073647752355340225,0.005396636047950864,0.008030895165515464,0.0009387817772423855,0.0006661199299814414
C25,C25_fresh,current_noise_high,50,HECM,0.0035584909818191465,0.005265106193239297,0.003867685819371701,0.005243595238512196,0.0003091948375525547,-2.1510954727100955e-05
C25,C25_fresh,current_noise_high,51,DD,0.012626713504459859,0.01345572557928667,0.011789634128425389,0.01261036632755229,-0.0008370793760344702,-0.0008453592517343803
C25,C25_fresh,current_noise_high,51,HDM,0.005337911579581202,0.007781998793044233,0.00520214347905836,0.008025976355790191,-0.0001357681005228423,0.0002439775627459586
C25,C25_fresh,current_noise_high,51,HECM,0.008209960800477811,0.009651502662781886,0.00950958429456963,0.010917314464072396,0.0012996234940918193,0.00126581180129051
C25,C25_fresh,missing_gap_1h,42,DD,0.04830689358830028,0.0880103841401652,0.04742585067177873,0.08858575367618857,-0.0008810429165215516,0.0005753695360233707
C25,C25_fresh,missing_gap_1h,42,HDM,0.055364294012847676,0.1168052755709728,0.056456037330944994,0.11704991405133128,0.0010917433180973185,0.00024463848035848057
C25,C25_fresh,missing_gap_1h,42,HECM,0.015312087773665408,0.04222622854935904,0.014534500614706368,0.041927747794016396,-0.0007775871589590401,-0.00029848075534264634
C25,C25_fresh,missing_samples_random,42,DD,0.006410112965636555,0.008005052795362382,0.006383174705780787,0.00823171232410518,-2.6938259855767768e-05,0.0002266595287427984
C25,C25_fresh,missing_samples_random,42,HDM,0.012210314444638734,0.014627843453648894,0.01341550238494911,0.01585365427450861,0.0012051879403103764,0.0012258108208597143
C25,C25_fresh,missing_samples_random,42,HECM,0.006000757243234438,0.007515024846621437,0.005635283119304361,0.007040322302648288,-0.00036547412393007645,-0.0004747025439731491
C25,C25_fresh,missing_samples_random,43,DD,0.012102651612160608,0.01527357222069662,0.013458021657111598,0.016808150225038954,0.0013553700449509907,0.0015345780043423338
C25,C25_fresh,missing_samples_random,43,HDM,0.027837533292258795,0.031639511596989384,0.02907961849424793,0.0327910848488062,0.0012420852019891342,0.0011515732518168134
C25,C25_fresh,missing_samples_random,43,HECM,0.014172552967855934,0.01555318755234196,0.013450901201556405,0.015126149560031086,-0.0007216517662995293,-0.000427037992310874
C25,C25_fresh,missing_samples_random,44,DD,0.006400077409790306,0.0077825458142887945,0.006923988109898897,0.008512648097502441,0.0005239107001085907,0.0007301022832136468
C25,C25_fresh,missing_samples_random,44,HDM,0.015545034627837108,0.01767408256510432,0.01674755403334097,0.018883681989270266,0.0012025194055038622,0.0012095994241659441
C25,C25_fresh,missing_samples_random,44,HECM,0.00815804302587233,0.00953197109048479,0.007377205112491883,0.00893435287806004,-0.0007808379133804472,-0.0005976182124247508
C25,C25_fresh,missing_samples_random,45,DD,0.005763603074268051,0.007469166471785261,0.006159615234167063,0.008015064787149974,0.00039601215989901184,0.000545898315364713
C25,C25_fresh,missing_samples_random,45,HDM,0.014175691571454808,0.016161917797874053,0.015398784488786163,0.01740731977749941,0.0012230929173313553,0.0012454019796253567
C25,C25_fresh,missing_samples_random,45,HECM,0.007661781765787529,0.009346323138756845,0.007001617491553537,0.008629247609078686,-0.0006601642742339918,-0.0007170755296781583
C25,C25_fresh,missing_samples_random,46,DD,0.009041227659496977,0.010263548058307871,0.008232259102253415,0.009754809289886819,-0.0008089685572435622,-0.0005087387684210524
C25,C25_fresh,missing_samples_random,46,HDM,0.007575628980409505,0.010866702023239205,0.008589336095263057,0.011938422269849638,0.001013707114853552,0.0010717202466104334
C25,C25_fresh,missing_samples_random,46,HECM,0.006360727188771371,0.007968807913793716,0.006115683482761997,0.00769369392435126,-0.0002450437060093737,-0.0002751139894424555
C25,C25_fresh,temperature_noise,42,DD,0.011106412463666678,0.01237675914035428,0.010693963111800065,0.012015179606391365,-0.00041244935186661273,-0.0003615795339629146
C25,C25_fresh,temperature_noise,42,HDM,0.003542952576180093,0.00689805119853597,0.004149848172019172,0.007440344703612228,0.0006068955958390787,0.0005422935050762578
C25,C25_fresh,temperature_noise,42,HECM,0.008278467175819761,0.010706717289210214,0.007672412316163731,0.009867422117104004,-0.0006060548596560304,-0.0008392951721062098
C25,C25_fresh,temperature_noise,43,DD,0.011111577376425659,0.012337112056156575,0.010703058533630662,0.011987887243302063,-0.00040851884279499706,-0.00034922481285451154
C25,C25_fresh,temperature_noise,43,HDM,0.0035454036865984312,0.006902679273122845,0.004149848172019172,0.007440344703612228,0.0006044444854207405,0.0005376654304893834
C25,C25_fresh,temperature_noise,43,HECM,0.008261044829294356,0.010694654894799734,0.007672412316163731,0.009867422117104004,-0.0005886325131306252,-0.0008272327776957297
C25,C25_fresh,temperature_noise,44,DD,0.011069869443036234,0.012303922243111649,0.0106630290399299,0.011947171506001174,-0.00040684040310633336,-0.0003567507371104745
C25,C25_fresh,temperature_noise,44,HDM,0.0035384845307056406,0.006896991944497074,0.004149848172019172,0.007440344703612228,0.0006113636413135311,0.000543352759115154
C25,C25_fresh,temperature_noise,44,HECM,0.008283158489243615,0.010720450036352486,0.007672412316163731,0.009867422117104004,-0.0006107461730798843,-0.0008530279192484821
C25,C25_fresh,temperature_noise,45,DD,0.011068223491606825,0.01234481721864929,0.010711582911462788,0.012039638041922568,-0.00035664058014403706,-0.0003051791767267227
C25,C25_fresh,temperature_noise,45,HDM,0.0035738769746914223,0.006912137539415266,0.004149848172019172,0.007440344703612228,0.0005759711973277494,0.0005282071641969617
C25,C25_fresh,temperature_noise,45,HECM,0.00828808349035894,0.010724478379114005,0.007672412316163731,0.009867422117104004,-0.0006156711741952103,-0.0008570562620100006
C25,C25_fresh,temperature_noise,46,DD,0.011047550964746846,0.012284693394227856,0.010693570991919117,0.011977216944629627,-0.0003539799728277289,-0.0003074764495982294
C25,C25_fresh,temperature_noise,46,HDM,0.0035765616174898837,0.0069118201149586216,0.004149848172019172,0.007440344703612228,0.000573286554529288,0.0005285245886536066
C25,C25_fresh,temperature_noise,46,HECM,0.008285950901676229,0.010720859897005375,0.007672412316163731,0.009867422117104004,-0.0006135385855124981,-0.0008534377799013712
C25,C25_fresh,temperature_noise,47,DD,0.010960418587653313,0.012168972178453108,0.010630849920391336,0.011880906052693076,-0.00032956866726197714,-0.0002880661257600326
C25,C25_fresh,temperature_noise,47,HDM,0.003599718424084183,0.006920448462151183,0.004149848172019172,0.007440344703612228,0.0005501297479349886,0.0005198962414610453
C25,C25_fresh,temperature_noise,47,HECM,0.008278276692178755,0.010713410691800495,0.007672412316163731,0.009867422117104004,-0.000605864376015024,-0.0008459885746964907
C25,C25_fresh,temperature_noise,48,DD,0.01106120308229778,0.012305105764407815,0.010671628019308446,0.011962915848762797,-0.0003895750629893339,-0.00034218991564501783
C25,C25_fresh,temperature_noise,48,HDM,0.003556968435188118,0.00690499745717348,0.004149848172019172,0.007440344703612228,0.0005928797368310538,0.0005353472464387481
C25,C25_fresh,temperature_noise,48,HECM,0.008279971207294064,0.010712110946600182,0.007672412316163731,0.009867422117104004,-0.0006075588911303338,-0.000844688829496178
C25,C25_fresh,temperature_noise,49,DD,0.011032370811958419,0.012269571457857537,0.010718921153902486,0.01200255061935265,-0.00031344965805593303,-0.0002670208385048868
C25,C25_fresh,temperature_noise,49,HDM,0.003606297118606581,0.006917806003927441,0.004149848172019172,0.007440344703612228,0.0005435510534125905,0.000522538699684787
C25,C25_fresh,temperature_noise,49,HECM,0.008285971156952997,0.010711797104272492,0.007672412316163731,0.009867422117104004,-0.0006135588407892665,-0.0008443749871684877
C25,C25_fresh,temperature_noise,50,DD,0.01113488863406348,0.012379332601306527,0.01075226089696972,0.012052723239903062,-0.00038262773709375926,-0.0003266093614034647
C25,C25_fresh,temperature_noise,50,HDM,0.003559617060107335,0.006904019916428376,0.004149848172019172,0.007440344703612228,0.0005902311119118367,0.0005363247871838523
C25,C25_fresh,temperature_noise,50,HECM,0.008276982255002433,0.010707899871173258,0.007672412316163731,0.009867422117104004,-0.0006045699388387022,-0.0008404777540692542
C25,C25_fresh,temperature_noise,51,DD,0.010975869823506986,0.012196885714366874,0.010576172627312488,0.01185355455712699,-0.00039969719619449735,-0.00034333115723988485
C25,C25_fresh,temperature_noise,51,HDM,0.0035520253164416137,0.0069016040201888805,0.004149848172019172,0.007440344703612228,0.000597822855577558,0.0005387406834233477
C25,C25_fresh,temperature_noise,51,HECM,0.008265877913870493,0.010700743566893585,0.007672412316163731,0.009867422117104004,-0.0005934655977067622,-0.0008333214497895803
C25,C25_fresh,voltage_noise,42,DD,0.01082526839556948,0.01258834858455342,0.012500766051577988,0.014347243303311191,0.0016754976560085077,0.0017588947187577707
C25,C25_fresh,voltage_noise,42,HDM,0.02829779102537879,0.028646829025851996,0.02953983882191775,0.029913499717157076,0.0012420477965389629,0.0012666706913050801
C25,C25_fresh,voltage_noise,42,HECM,0.008882342624904335,0.011386174000115474,0.008209004737024536,0.010446726105125924,-0.0006733378878797987,-0.0009394478949895507
C25,C25_fresh,voltage_noise,43,DD,0.010790633494183693,0.01256183107227786,0.012462993214920944,0.014323613060384212,0.0016723597207372511,0.0017617819881063524
C25,C25_fresh,voltage_noise,43,HDM,0.028298514579760754,0.028647620632466845,0.02953983882191775,0.029913499717157076,0.0012413242421569978,0.0012658790846902315
C25,C25_fresh,voltage_noise,43,HECM,0.008322479791654036,0.010775639574558666,0.007640352664183635,0.009824576458605376,-0.0006821271274704017,-0.0009510631159532906
C25,C25_fresh,voltage_noise,44,DD,0.010827245613892278,0.01258440594961927,0.012496477343666353,0.014348811563181076,0.0016692317297740747,0.0017644056135618057
C25,C25_fresh,voltage_noise,44,HDM,0.0282970633621396,0.028646029756369814,0.02953983882191775,0.029913499717157076,0.001242775459778151,0.0012674699607872625
C25,C25_fresh,voltage_noise,44,HECM,0.008823321732242324,0.011326028137268783,0.008139004769951951,0.010375257324375445,-0.0006843169622903732,-0.0009507708128933378
C25,C25_fresh,voltage_noise,45,DD,0.010816905946876296,0.01256595938816299,0.012510029874865243,0.014351149588338788,0.0016931239279889473,0.0017851902001757985
C25,C25_fresh,voltage_noise,45,HDM,0.02828181406967854,0.028630146657962915,0.02953983882191775,0.029913499717157076,0.0012580247522392118,0.001283353059194161
C25,C25_fresh,voltage_noise,45,HECM,0.008395191491812415,0.010897511243827623,0.007684189762791836,0.009909560364954231,-0.0007110017290205793,-0.000987950878873392
C25,C25_fresh,voltage_noise,46,DD,0.010772922355633699,0.012520140076367803,0.012454204223369408,0.014293984026288977,0.0016812818677357094,0.0017738439499211736
C25,C25_fresh,voltage_noise,46,HDM,0.028291850540637743,0.028640668759722303,0.02953983882191775,0.029913499717157076,0.0012479882812800082,0.001272830957434773
C25,C25_fresh,voltage_noise,46,HECM,0.008165957990243977,0.010611678519413399,0.007480224393339916,0.009654536815436059,-0.0006857335969040609,-0.0009571417039773399
C25,C25_fresh,voltage_noise,47,DD,0.010828494499059581,0.012579098405006215,0.012488422461176693,0.01433070178098174,0.001659927962117112,0.001751603375975526
C25,C25_fresh,voltage_noise,47,HDM,0.028305033512402236,0.028654364327958887,0.02953983882191775,0.029913499717157076,0.001234805309515516,0.001259135389198189
C25,C25_fresh,voltage_noise,47,HECM,0.008320678995562419,0.010781284328995146,0.007668085320074207,0.009862402187975737,-0.0006525936754882113,-0.000918882141019409
C25,C25_fresh,voltage_noise,48,DD,0.010810313521019162,0.012571382327307753,0.012475276749177462,0.014326254983163991,0.0016649632281582998,0.0017548726558562384
C25,C25_fresh,voltage_noise,48,HDM,0.028304565801881888,0.02865386141868323,0.02953983882191775,0.029913499717157076,0.0012352730200358639,0.0012596382984738468
C25,C25_fresh,voltage_noise,48,HECM,0.008256339740378007,0.010726223853496142,0.007565046929581005,0.009765880336929971,-0.0006912928107970021,-0.0009603435165661707
C25,C25_fresh,voltage_noise,49,DD,0.010892041896337593,0.012634169278197473,0.012542100953785855,0.014375524862595888,0.001650059057448262,0.001741355584398415
C25,C25_fresh,voltage_noise,49,HDM,0.028312721512260514,0.02866242501342081,0.02953983882191775,0.029913499717157076,0.0012271173096572371,0.001251074703736265
C25,C25_fresh,voltage_noise,49,HECM,0.009056143499750384,0.011589644811441575,0.008373395048929434,0.01064489331111756,-0.0006827484508209504,-0.0009447515003240155
C25,C25_fresh,voltage_noise,50,DD,0.010848406491949675,0.012592572052811167,0.012515627178197054,0.014356058645284562,0.0016672206862473789,0.0017634865924733949
C25,C25_fresh,voltage_noise,50,HDM,0.028298336709868453,0.02864737835644641,0.02953983882191775,0.029913499717157076,0.0012415021120492989,0.0012661213607106647
C25,C25_fresh,voltage_noise,50,HECM,0.00804555726028349,0.010620155458497364,0.007342725803829585,0.009652337794388241,-0.0007028314564539043,-0.0009678176641091229
C25,C25_fresh,voltage_noise,51,DD,0.010807475564769058,0.01256103466910242,0.01248453057334926,0.014330314823444342,0.001677055008580201,0.0017692801543419227
C25,C25_fresh,voltage_noise,51,HDM,0.0282931587587869,0.028641988174274966,0.02953983882191775,0.029913499717157076,0.0012466800631308513,0.0012715115428821103
C25,C25_fresh,voltage_noise,51,HECM,0.008642054701358058,0.011109947024231594,0.007969509490103008,0.010167818789365152,-0.00067254521125505,-0.0009421282348664427
C25,C25_mid_life,baseline,42,DD,0.04104314724654467,0.04298512836922656,0.02975723666886906,0.03292180465366587,-0.011285910577675608,-0.010063323715560693
C25,C25_mid_life,baseline,42,HDM,0.05376413459363603,0.059079593692086395,0.002863832278548315,0.003147677954030512,-0.050900302315087714,-0.055931915738055886
C25,C25_mid_life,baseline,42,HECM,0.048536020505639564,0.05415178837606751,0.01290589618851755,0.014744744714334807,-0.035630124317122015,-0.0394070436617327
C25,C25_mid_life,current_bias_3p0pct,42,DD,0.03337619845065948,0.034801048579888035,0.03361475069341106,0.036859477702478105,0.00023855224275157877,0.0020584291225900705
C25,C25_mid_life,current_bias_3p0pct,42,HDM,0.042197290158279055,0.04635746932943349,0.010370585302434647,0.011380605625940942,-0.03182670485584441,-0.03497686370349255
C25,C25_mid_life,current_bias_3p0pct,42,HECM,0.035999868737391326,0.04065019933166451,0.028254846673847804,0.029370845066657617,-0.007745022063543522,-0.011279354265006897
C25,C25_mid_life,current_noise_high,42,DD,0.04151448024406538,0.04350600855932731,0.029776312145511904,0.033014498185509195,-0.011738168098553475,-0.010491510373818118
C25,C25_mid_life,current_noise_high,42,HDM,0.054158333723899346,0.05950140019453342,0.0032686417999290836,0.004202319274885786,-0.05088969192397026,-0.055299080919647636
C25,C25_mid_life,current_noise_high,42,HECM,0.04597162509153297,0.05245622955972219,0.006900720228442968,0.0088063362999951,-0.039070904863090006,-0.043649893259727096
C25,C25_mid_life,current_noise_high,43,DD,0.03975440544907579,0.04180833042216353,0.030983910603334643,0.03426680977003087,-0.008770494845741147,-0.007541520652132663
C25,C25_mid_life,current_noise_high,43,HDM,0.05191209416991757,0.05746738553003342,0.0013988724391462723,0.001789643253178488,-0.0505132217307713,-0.05567774227685494
C25,C25_mid_life,current_noise_high,43,HECM,0.04323689942243974,0.05006241696691314,0.010035623312281179,0.011454236581427829,-0.03320127611015856,-0.03860818038548531
C25,C25_mid_life,current_noise_high,44,DD,0.040709294115775146,0.042760110544993124,0.030331031685570463,0.03357667541331151,-0.010378262430204684,-0.009183435131681614
C25,C25_mid_life,current_noise_high,44,HDM,0.05315285632516191,0.05859344450145381,0.0021425017780311107,0.002667004759441938,-0.0510103545471308,-0.05592643974201187
C25,C25_mid_life,current_noise_high,44,HECM,0.04358109825622647,0.05038524942822672,0.009370531249829596,0.010914913227175239,-0.03421056700639687,-0.039470336201051476
C25,C25_mid_life,current_noise_high,45,DD,0.04226933811680715,0.04422631334172751,0.029221422455224067,0.032410963398911884,-0.013047915661583084,-0.011815349942815627
C25,C25_mid_life,current_noise_high,45,HDM,0.05515142089333767,0.06039951093969329,0.004143663337125803,0.0045056689036428775,-0.05100775755621186,-0.05589384203605041
C25,C25_mid_life,current_noise_high,45,HECM,0.07539136396790189,0.11607464301272515,0.021918890224486356,0.08728685435853056,-0.05347247374341553,-0.028787788654194582
C25,C25_mid_life,current_noise_high,46,DD,0.03936631914616057,0.04159838422888736,0.031313347692030466,0.03471150859020607,-0.0080529714541301,-0.006886875638681296
C25,C25_mid_life,current_noise_high,46,HDM,0.05144937885563029,0.057120425465160725,0.0033102979273668346,0.0038924310847925354,-0.04813908092826346,-0.05322799438036819
C25,C25_mid_life,current_noise_high,46,HECM,0.059895055884326254,0.06503126027207941,0.010755025192291271,0.013296931613268071,-0.049140030692034986,-0.051734328658811335
C25,C25_mid_life,current_noise_high,47,DD,0.040056538852142554,0.04210073881959543,0.030763539283683652,0.03404225934685314,-0.009292999568458901,-0.00805847947274229
C25,C25_mid_life,current_noise_high,47,HDM,0.05226345846041453,0.05775693167541316,0.0014622867871747862,0.0018593353205711915,-0.05080117167323975,-0.05589759635484197
C25,C25_mid_life,current_noise_high,47,HECM,0.0557522097127005,0.06085569377372656,0.007439567851629438,0.009411883030795726,-0.048312641861071065,-0.051443810742930834
C25,C25_mid_life,current_noise_high,48,DD,0.039818206401819364,0.04192553686352612,0.030958029359493103,0.03426191869259259,-0.008860177042326261,-0.007663618170933528
C25,C25_mid_life,current_noise_high,48,HDM,0.052015459659958144,0.05756340912264078,0.0023708493241244143,0.0028513182346272463,-0.04964461033583373,-0.054712090888013536
C25,C25_mid_life,current_noise_high,48,HECM,0.05598008141477689,0.06115019551083653,0.00893807309432494,0.010983413455360446,-0.047042008320451946,-0.05016678205547608
C25,C25_mid_life,current_noise_high,49,DD,0.04086958417651073,0.04290216267493384,0.030324793243870846,0.03347328162308252,-0.010544790932639884,-0.009428881051851322
C25,C25_mid_life,current_noise_high,49,HDM,0.05344160000871283,0.05889679323926598,0.002457005775289297,0.00300440704197412,-0.05098459423342353,-0.05589238619729186
C25,C25_mid_life,current_noise_high,49,HECM,0.04360522567717792,0.05033758437248815,0.009405563922955619,0.010268488553570449,-0.0341996617542223,-0.0400690958189177
C25,C25_mid_life,current_noise_high,50,DD,0.042120170191314456,0.04407050002947123,0.029274539692915047,0.0324315174931029,-0.012845630498399409,-0.01163898253636833
C25,C25_mid_life,current_noise_high,50,HDM,0.05493110995489658,0.06020775160226613,0.003914147378824355,0.004599264230038975,-0.051016962576072224,-0.05560848737222716
C25,C25_mid_life,current_noise_high,50,HECM,0.04566310419416706,0.05201304553414382,0.006150897367308507,0.007031428009104617,-0.039512206826858555,-0.0449816175250392
C25,C25_mid_life,current_noise_high,51,DD,0.03959509456536741,0.04175536099284126,0.03110285795273245,0.03448426902765237,-0.00849223661263496,-0.0072710919651888875
C25,C25_mid_life,current_noise_high,51,HDM,0.05172712706020829,0.05732332907707311,0.0027488877976002165,0.0033001503564336837,-0.048978239262608074,-0.05402317872063943
C25,C25_mid_life,current_noise_high,51,HECM,0.07831403567379092,0.11776388513406809,0.025160428302116872,0.08823459250554719,-0.053153607371674044,-0.0295292926285209
C25,C25_mid_life,missing_gap_1h,42,DD,0.055842844699999096,0.07189949492013184,0.04713132755965461,0.08117673328534733,-0.008711517140344488,0.00927723836521549
C25,C25_mid_life,missing_gap_1h,42,HDM,0.06988040486596159,0.08425423547656873,0.039363228870637784,0.08921677930830292,-0.030517175995323803,0.004962543831734195
C25,C25_mid_life,missing_gap_1h,42,HECM,0.08815064735412223,0.11867024000099002,0.04533494295269579,0.08717987236990456,-0.04281570440142644,-0.03149036763108547
C25,C25_mid_life,missing_samples_random,42,DD,0.062496141119532195,0.06451647843049939,0.015164513388883203,0.01828634816579265,-0.047331627730648994,-0.04623013026470674
C25,C25_mid_life,missing_samples_random,42,HDM,0.08136984322849629,0.08623464682368932,0.034350347695096456,0.03570502671186981,-0.04701949553339983,-0.050529620111819516
C25,C25_mid_life,missing_samples_random,42,HECM,0.03746198780683577,0.045386299804446056,0.02804645705108151,0.029305971495775882,-0.009415530755754256,-0.016080328308670174
C25,C25_mid_life,missing_samples_random,43,DD,0.04486938856914955,0.047579399280543035,0.027051478280919257,0.031122048593762365,-0.017817910288230293,-0.01645735068678067
C25,C25_mid_life,missing_samples_random,43,HDM,0.05871138806618718,0.06522610751357792,0.009822252311213827,0.011611806350280753,-0.04888913575497335,-0.05361430116329717
C25,C25_mid_life,missing_samples_random,43,HECM,0.05929410353221438,0.06599587469335379,0.0118815756960077,0.013992693267604094,-0.047412527836206676,-0.052003181425749695
C25,C25_mid_life,missing_samples_random,44,DD,0.0477385207483873,0.0505046881396743,0.02514262710275433,0.029301017440910248,-0.022595893645632973,-0.02120367069876405
C25,C25_mid_life,missing_samples_random,44,HDM,0.06245781799252354,0.06881908391999816,0.014060400806247039,0.016132116696279206,-0.048397417186276506,-0.05268696722371896
C25,C25_mid_life,missing_samples_random,44,HECM,0.058449997836165835,0.0655091102706157,0.013169553291281236,0.01569852502075814,-0.0452804445448846,-0.04981058524985757
C25,C25_mid_life,missing_samples_random,45,DD,0.058556125510577914,0.060797071208483655,0.017620619279292603,0.0210455259492022,-0.04093550623128531,-0.03975154525928146
C25,C25_mid_life,missing_samples_random,45,HDM,0.0762842377945267,0.08175417005989664,0.028530228454620013,0.030944324047705685,-0.047754009339906686,-0.05080984601219096
C25,C25_mid_life,missing_samples_random,45,HECM,0.043524079616999174,0.05106924255062588,0.019151534412637273,0.020568109831145983,-0.0243725452043619,-0.030501132719479896
C25,C25_mid_life,missing_samples_random,46,DD,0.05559562983764606,0.057871231554903334,0.019520379871289573,0.023078143575254305,-0.036075249966356485,-0.03479308797964903
C25,C25_mid_life,missing_samples_random,46,HDM,0.07246351765442884,0.07808397569094075,0.024184819795213214,0.026558430667276277,-0.048278697859215625,-0.05152554502366447
C25,C25_mid_life,missing_samples_random,46,HECM,0.04759830232680818,0.05463689979453019,0.015157150197476694,0.0166729383144337,-0.032441152129331484,-0.03796396148009649
C25,C25_mid_life,temperature_noise,42,DD,0.04085991637017187,0.04337756285653915,0.03265120891422092,0.035981252651064964,-0.008208707455950946,-0.0073963102054741825
C25,C25_mid_life,temperature_noise,42,HDM,0.05440114107595242,0.059761718181889016,0.002863832278548315,0.003147677954030512,-0.051537308797404105,-0.05661404022785851
C25,C25_mid_life,temperature_noise,42,HECM,0.04841972205604415,0.05415818195446528,0.01290589618851755,0.014744744714334807,-0.0355138258675266,-0.03941343724013047
C25,C25_mid_life,temperature_noise,43,DD,0.040965648508460795,0.04347788698938386,0.032420852341279685,0.03564857885946495,-0.00854479616718111,-0.007829308129918909
C25,C25_mid_life,temperature_noise,43,HDM,0.05440733127252891,0.059767952024218134,0.002863832278548315,0.003147677954030512,-0.0515434989939806,-0.056620274070187625
C25,C25_mid_life,temperature_noise,43,HECM,0.048444243957187556,0.05418363449460572,0.01290589618851755,0.014744744714334807,-0.03553834776867001,-0.03943888978027091
C25,C25_mid_life,temperature_noise,44,DD,0.040829450308389574,0.043348374432615785,0.032739575368458895,0.03592917809203065,-0.008089874939930679,-0.0074191963405851324
C25,C25_mid_life,temperature_noise,44,HDM,0.05439431701002127,0.05975417563267393,0.002863832278548315,0.003147677954030512,-0.05153048473147296,-0.05660649767864342
C25,C25_mid_life,temperature_noise,44,HECM,0.04838860642715861,0.054126949983273026,0.01290589618851755,0.014744744714334807,-0.03548271023864106,-0.03938220526893822
C25,C25_mid_life,temperature_noise,45,DD,0.04089435432675616,0.04341214233978366,0.032543525169531885,0.035775168293635244,-0.008350829157224272,-0.007636974046148416
C25,C25_mid_life,temperature_noise,45,HDM,0.054419882482918416,0.059781571185972146,0.002863832278548315,0.003147677954030512,-0.0515560502043701,-0.05663389323194164
C25,C25_mid_life,temperature_noise,45,HECM,0.048407328422298335,0.0541505128764005,0.01290589618851755,0.014744744714334807,-0.035501432233780786,-0.03940576816206569
C25,C25_mid_life,temperature_noise,46,DD,0.04100473849153776,0.04349282434850483,0.03261361381033145,0.03585610777829628,-0.008391124681206313,-0.007636716570208549
C25,C25_mid_life,temperature_noise,46,HDM,0.05449371217301635,0.05986158701863286,0.002863832278548315,0.003147677954030512,-0.05162987989446804,-0.05671390906460235
C25,C25_mid_life,temperature_noise,46,HECM,0.04843415506227192,0.05419017421532556,0.01290589618851755,0.014744744714334807,-0.035528258873754374,-0.03944542950099075
C25,C25_mid_life,temperature_noise,47,DD,0.040963177269621884,0.04347199624585408,0.03255717192904752,0.035845004494109795,-0.008406005340574361,-0.0076269917517442845
C25,C25_mid_life,temperature_noise,47,HDM,0.05447713025931858,0.059843622184373585,0.002863832278548315,0.003147677954030512,-0.051613297980770266,-0.056695944230343076
C25,C25_mid_life,temperature_noise,47,HECM,0.04845012680693816,0.054202999362269515,0.01290589618851755,0.014744744714334807,-0.03554423061842061,-0.039458254647934704
C25,C25_mid_life,temperature_noise,48,DD,0.04099831676801244,0.04350168735196918,0.03232898218620632,0.035618934981457476,-0.008669334581806118,-0.007882752370511704
C25,C25_mid_life,temperature_noise,48,HDM,0.054440554606780364,0.05980278335188219,0.002863832278548315,0.003147677954030512,-0.05157672232823205,-0.05665510539785168
C25,C25_mid_life,temperature_noise,48,HECM,0.04844241297820188,0.05418877788297902,0.01290589618851755,0.014744744714334807,-0.03553651678968433,-0.03944403316864421
C25,C25_mid_life,temperature_noise,49,DD,0.040826218637781006,0.043327999144548705,0.032764323403775,0.03601561031658701,-0.008061895234006008,-0.007312388827961695
C25,C25_mid_life,temperature_noise,49,HDM,0.054429243148339385,0.0597912775472884,0.002863832278548315,0.003147677954030512,-0.05156541086979107,-0.05664359959325789
C25,C25_mid_life,temperature_noise,49,HECM,0.04841871698444047,0.054163086260055546,0.01290589618851755,0.014744744714334807,-0.03551282079592292,-0.03941834154572074
C25,C25_mid_life,temperature_noise,50,DD,0.040925919481120385,0.04344068478139022,0.03268396171868611,0.035925343489217346,-0.008241957762434277,-0.007515341292172871
C25,C25_mid_life,temperature_noise,50,HDM,0.05447776458752206,0.05984370022373448,0.002863832278548315,0.003147677954030512,-0.051613932308973744,-0.05669602226970397
C25,C25_mid_life,temperature_noise,50,HECM,0.048468906205842516,0.05422037696798599,0.01290589618851755,0.014744744714334807,-0.03556301001732497,-0.03947563225365118
C25,C25_mid_life,temperature_noise,51,DD,0.04086353119058744,0.04336950052949846,0.032693419708143934,0.03589207485921278,-0.00817011148244351,-0.007477425670285677
C25,C25_mid_life,temperature_noise,51,HDM,0.05440456741041092,0.05976656407510659,0.002863832278548315,0.003147677954030512,-0.05154073513186261,-0.05661888612107608
C25,C25_mid_life,temperature_noise,51,HECM,0.04846501717397255,0.05420255479580233,0.01290589618851755,0.014744744714334807,-0.035559120985455,-0.03945781008146752
C25,C25_mid_life,voltage_noise,42,DD,0.0408033901543131,0.04278234761813791,0.029746452170648086,0.03298556752784257,-0.011056937983665013,-0.009796780090295339
C25,C25_mid_life,voltage_noise,42,HDM,0.05361280670346453,0.058918109319946725,0.002863832278548315,0.003147677954030512,-0.050748974424916216,-0.055770431365916216
C25,C25_mid_life,voltage_noise,42,HECM,0.04943942032019525,0.05495424675549433,0.013052847573982887,0.014973884714781296,-0.03638657274621236,-0.039980362040713036
C25,C25_mid_life,voltage_noise,43,DD,0.0408670404557543,0.04285116512579768,0.029668391061619663,0.0328667023481945,-0.01119864939413464,-0.009984462777603183
C25,C25_mid_life,voltage_noise,43,HDM,0.05361032948510206,0.05891551126600499,0.002863832278548315,0.003147677954030512,-0.05074649720655375,-0.055767833311974484
C25,C25_mid_life,voltage_noise,43,HECM,0.049331549198025605,0.05485177453413537,0.013348615990885259,0.016110409171582855,-0.03598293320714035,-0.038741365362552516
C25,C25_mid_life,voltage_noise,44,DD,0.04079426171361376,0.042776687416072295,0.029733224169538285,0.03297622147278476,-0.011061037544075471,-0.009800465943287533
C25,C25_mid_life,voltage_noise,44,HDM,0.05359967613265093,0.05890411614030124,0.002863832278548315,0.003147677954030512,-0.05073584385410262,-0.05575643818627073
C25,C25_mid_life,voltage_noise,44,HECM,0.04854339105629792,0.05412875121341864,0.013073921593969444,0.01488102860548683,-0.03546946946232848,-0.03924772260793181
C25,C25_mid_life,voltage_noise,45,DD,0.040834967518978874,0.042818079186362774,0.02969251007509375,0.03289254950743074,-0.011142457443885125,-0.009925529678932031
C25,C25_mid_life,voltage_noise,45,HDM,0.053611843364865505,0.058917203558137295,0.002863832278548315,0.003147677954030512,-0.05074801108631719,-0.055769525604106786
C25,C25_mid_life,voltage_noise,45,HECM,0.04934940529503098,0.054872453431183396,0.013136665421484157,0.015806749446426783,-0.03621273987354682,-0.03906570398475662
C25,C25_mid_life,voltage_noise,46,DD,0.0407282102245817,0.042718389094919436,0.029869298728284328,0.033069179684655066,-0.010858911496297374,-0.00964920941026437
C25,C25_mid_life,voltage_noise,46,HDM,0.0536042283208941,0.05890899298144176,0.002863832278548315,0.003147677954030512,-0.05074039604234579,-0.05576131502741125
C25,C25_mid_life,voltage_noise,46,HECM,0.048835196825993445,0.05439452080343182,0.013154667053310492,0.015077044751057311,-0.035680529772682955,-0.03931747605237451
C25,C25_mid_life,voltage_noise,47,DD,0.040772645788434675,0.042740367602672365,0.02979919149465115,0.03300002186055012,-0.010973454293783526,-0.009740345742122243
C25,C25_mid_life,voltage_noise,47,HDM,0.05360344230249147,0.058908164933306466,0.002863832278548315,0.003147677954030512,-0.05073961002394316,-0.05576048697927596
C25,C25_mid_life,voltage_noise,47,HECM,0.048192788494972695,0.05380650918731214,0.013139413565229711,0.014972057959101422,-0.03505337492974298,-0.03883445122821072
C25,C25_mid_life,voltage_noise,48,DD,0.040756242927498215,0.042743615148535585,0.029792523669405904,0.032992466245906585,-0.010963719258092312,-0.009751148902629
C25,C25_mid_life,voltage_noise,48,HDM,0.05358853607611009,0.05889224484972316,0.002863832278548315,0.003147677954030512,-0.050724703797561776,-0.055744566895692654
C25,C25_mid_life,voltage_noise,48,HECM,0.04936666252455198,0.05488111243202438,0.012986403630819316,0.014873379430779805,-0.03638025889373266,-0.04000773300124457
C25,C25_mid_life,voltage_noise,49,DD,0.04081342921340002,0.04278186405016285,0.029664430098202174,0.03291489135250036,-0.011148999115197844,-0.009866972697662492
C25,C25_mid_life,voltage_noise,49,HDM,0.05358992361265306,0.05889368657404571,0.002863832278548315,0.003147677954030512,-0.050726091334104745,-0.0557460086200152
C25,C25_mid_life,voltage_noise,49,HECM,0.04819137411049272,0.05380625954547542,0.012872181552186399,0.01475669598907817,-0.035319192558306324,-0.03904956355639724
C25,C25_mid_life,voltage_noise,50,DD,0.04081188395833075,0.04279003180063504,0.029687694534507335,0.032897377446555943,-0.011124189423823413,-0.009892654354079093
C25,C25_mid_life,voltage_noise,50,HDM,0.053591671389079575,0.05889557375687368,0.002863832278548315,0.003147677954030512,-0.05072783911053126,-0.05574789580284317
C25,C25_mid_life,voltage_noise,50,HECM,0.04846910700868766,0.05405883257634888,0.013103486831921836,0.014975835592355295,-0.035365620176765825,-0.03908299698399358
C25,C25_mid_life,voltage_noise,51,DD,0.04076735766368971,0.04274451858911399,0.029787880113705235,0.033009011146074775,-0.010979477549984476,-0.009735507443039214
C25,C25_mid_life,voltage_noise,51,HDM,0.053599982860032834,0.05890454182732994,0.002863832278548315,0.003147677954030512,-0.05073615058148452,-0.05575686387329943
C25,C25_mid_life,voltage_noise,51,HECM,0.04940710281765413,0.05491907754987737,0.013372878504590765,0.015295027919882976,-0.03603422431306337,-0.03962404962999439
C27,C27_fresh,baseline,42,DD,0.011690932844577966,0.013015443140577135,0.007027381069903728,0.008898998757945186,-0.004663551774674238,-0.004116444382631949
C27,C27_fresh,baseline,42,HDM,0.017907971876018024,0.017999013966417288,0.01329604291426087,0.013332134765231053,-0.004611928961757154,-0.004666879201186235
C27,C27_fresh,baseline,42,HECM,0.01733772193566861,0.018719025301527064,0.020248250519105383,0.02131244888878462,0.0029105285834367736,0.002593423587257556
C27,C27_fresh,current_bias_3p0pct,42,DD,0.005487234013507578,0.0073981537147155075,0.007301767629930412,0.008535753422498933,0.001814533616422834,0.001137599707783426
C27,C27_fresh,current_bias_3p0pct,42,HDM,0.009666633966758296,0.010171434417662011,0.006239281618898665,0.0076050901509553525,-0.0034273523478596307,-0.0025663442667066584
C27,C27_fresh,current_bias_3p0pct,42,HECM,0.021002972475229902,0.021883149916106213,0.024398753692295255,0.02563978306203856,0.0033957812170653523,0.0037566331459323483
C27,C27_fresh,current_noise_high,42,DD,0.011905965454025112,0.013463221057229094,0.007360743183519843,0.009282312542485781,-0.004545222270505269,-0.004180908514743313
C27,C27_fresh,current_noise_high,42,HDM,0.01823344484006089,0.01846182764648906,0.01349858051855807,0.013736184786629815,-0.004734864321502821,-0.004725642859859245
C27,C27_fresh,current_noise_high,42,HECM,0.01703564579096923,0.018884878423869555,0.02035419121860583,0.02187073085577003,0.003318545427636599,0.0029858524319004744
C27,C27_fresh,current_noise_high,43,DD,0.010012096963298422,0.011591981756946092,0.006517027671487706,0.00801877779424988,-0.003495069291810716,-0.0035732039626962114
C27,C27_fresh,current_noise_high,43,HDM,0.016024414370595305,0.016137532568202523,0.011212785257440475,0.011298653443200888,-0.0048116291131548306,-0.004838879125001635
C27,C27_fresh,current_noise_high,43,HECM,0.017169162515178124,0.0186689820148106,0.020070391785449948,0.021353479932906518,0.002901229270271824,0.0026844979180959162
C27,C27_fresh,current_noise_high,44,DD,0.011080598505381076,0.012545375426024845,0.006798084850752191,0.008538504474704226,-0.004282513654628885,-0.004006870951320619
C27,C27_fresh,current_noise_high,44,HDM,0.017293389652752213,0.017402443125276144,0.01251534559522514,0.01260503305437605,-0.004778044057527072,-0.004797410070900093
C27,C27_fresh,current_noise_high,44,HECM,0.017066790833837286,0.01862798072122901,0.019826673413730126,0.021240226446288788,0.0027598825798928403,0.0026122457250597787
C27,C27_fresh,current_noise_high,45,DD,0.012827328639047014,0.01420338203198156,0.007750759697427244,0.009785766728929328,-0.00507656894161977,-0.004417615303052232
C27,C27_fresh,current_noise_high,45,HDM,0.01928883105550927,0.01942465866575552,0.014561917857025508,0.01463681384041598,-0.004726913198483762,-0.004787844825339541
C27,C27_fresh,current_noise_high,45,HECM,0.01767543445022403,0.018864047205999875,0.02042736960184862,0.021303665624928293,0.002751935151624592,0.0024396184189284173
C27,C27_fresh,current_noise_high,46,DD,0.009681562898534186,0.011427110157565904,0.006636201506033882,0.008225953701908503,-0.003045361392500304,-0.003201156455657401
C27,C27_fresh,current_noise_high,46,HDM,0.015489489350950828,0.015826311006475434,0.010619566990062595,0.011158286409630092,-0.004869922360888233,-0.004668024596845342
C27,C27_fresh,current_noise_high,46,HECM,0.020223143905154412,0.022296131951861763,0.023295155885222477,0.025006731847561886,0.0030720119800680644,0.0027105998957001227
C27,C27_fresh,current_noise_high,47,DD,0.010279364088042016,0.011791377276803874,0.006475709209622753,0.008032691739289603,-0.0038036548784192627,-0.0037586855375142704
C27,C27_fresh,current_noise_high,47,HDM,0.01633124125086599,0.01645102817286168,0.011500990840916832,0.011580854254935054,-0.004830250409949159,-0.0048701739179266255
C27,C27_fresh,current_noise_high,47,HECM,0.016696284094300993,0.018184722498639526,0.01942155127441147,0.020769939793245682,0.0027252671801104786,0.002585217294606156
C27,C27_fresh,current_noise_high,48,DD,0.01005990163147169,0.011684368105933521,0.006506704057934474,0.008097081970438421,-0.003553197573537216,-0.0035872861354951
C27,C27_fresh,current_noise_high,48,HDM,0.016076752905285468,0.016259005810968463,0.011232467593832148,0.011475475918316578,-0.00484428531145332,-0.004783529892651885
C27,C27_fresh,current_noise_high,48,HECM,0.020533996089216952,0.02210036063737188,0.023510810671405136,0.02477093407107411,0.0029768145821881843,0.0026705734337022294
C27,C27_fresh,current_noise_high,49,DD,0.011325295269330347,0.012822967026845713,0.007025960731067244,0.008783243305192305,-0.004299334538263103,-0.0040397237216534074
C27,C27_fresh,current_noise_high,49,HDM,0.017542044257193252,0.01771216009429481,0.012743565242185636,0.012849213900235735,-0.004798479015007616,-0.004862946194059074
C27,C27_fresh,current_noise_high,49,HECM,0.01503458077037668,0.01611000496732979,0.01772769342341402,0.018796306452941842,0.0026931126530373387,0.0026863014856120526
C27,C27_fresh,current_noise_high,50,DD,0.012569986199451608,0.01402514164373898,0.007623411411539843,0.009606687583949012,-0.004946574787911765,-0.004418454059789969
C27,C27_fresh,current_noise_high,50,HDM,0.019023125261689224,0.019246272962377298,0.014274195724822305,0.014433974947516099,-0.00474892953686692,-0.004812298014861199
C27,C27_fresh,current_noise_high,50,HECM,0.016095650324284748,0.017158347723951778,0.018942094506562146,0.0196775828693357,0.002846444182277398,0.002519235145383922
C27,C27_fresh,current_noise_high,51,DD,0.009939409290784788,0.011614938492647884,0.006597153651100738,0.008179722173496272,-0.0033422556396840502,-0.0034352163191516127
C27,C27_fresh,current_noise_high,51,HDM,0.015891483119447474,0.016131806016382918,0.011048812567152911,0.011392965798625547,-0.004842670552294563,-0.0047388402177573705
C27,C27_fresh,current_noise_high,51,HECM,0.020172231491463685,0.021932908112792526,0.023108058664445156,0.02453771434478667,0.0029358271729814714,0.002604806231994144
C27,C27_fresh,missing_gap_1h,42,DD,0.013161986985645226,0.028260696135188022,0.014090044871916297,0.02857405097796315,0.0009280578862710716,0.00031335484277512926
C27,C27_fresh,missing_gap_1h,42,HDM,0.014008817429205886,0.028947518519514773,0.01454633323561952,0.027814771243161066,0.0005375158064136343,-0.0011327472763537072
C27,C27_fresh,missing_gap_1h,42,HECM,0.03530304368714261,0.042570362110542576,0.037749118874347114,0.04423743578459623,0.002446075187204501,0.0016670736740536513
C27,C27_fresh,missing_samples_random,42,DD,0.01718045559923445,0.018781050265533988,0.011614904779481811,0.013815335964651745,-0.00556555081975264,-0.004965714300882242
C27,C27_fresh,missing_samples_random,42,HDM,0.02401504020827512,0.024547539092729144,0.019614678967261205,0.01981681750252658,-0.004400361241013916,-0.004730721590202564
C27,C27_fresh,missing_samples_random,42,HECM,0.013306314915130487,0.015562985597564572,0.015429387842748473,0.017407852611214452,0.002123072927617986,0.0018448670136498799
C27,C27_fresh,missing_samples_random,43,DD,0.020217335688474034,0.021884138685687247,0.014663363109291682,0.01677000297159809,-0.005553972579182352,-0.005114135714089158
C27,C27_fresh,missing_samples_random,43,HDM,0.02751255890423501,0.02820208623249643,0.023206194393267786,0.023580646319852683,-0.004306364510967223,-0.004621439912643747
C27,C27_fresh,missing_samples_random,43,HECM,0.0102676837271819,0.012085192773645722,0.012953126487663618,0.014224448909209231,0.002685442760481719,0.002139256135563509
C27,C27_fresh,missing_samples_random,44,DD,0.020134730466952647,0.021679620533326747,0.014579349935456726,0.01656744420722245,-0.005555380531495921,-0.005112176326104296
C27,C27_fresh,missing_samples_random,44,HDM,0.02742093922984269,0.027976372940071742,0.023118923142621362,0.023369461343964965,-0.004302016087221326,-0.004606911596106777
C27,C27_fresh,missing_samples_random,44,HECM,0.01195718555151863,0.013948413032276558,0.014307943807333587,0.015916368392957642,0.0023507582558149574,0.0019679553606810844
C27,C27_fresh,missing_samples_random,45,DD,0.01708814853306667,0.018680116580137126,0.0115232241505226,0.013729163439474367,-0.005564924382544072,-0.0049509531406627585
C27,C27_fresh,missing_samples_random,45,HDM,0.02389303064249732,0.024429006953717473,0.01948388631421107,0.019671273386344033,-0.004409144328286249,-0.00475773356737344
C27,C27_fresh,missing_samples_random,45,HECM,0.017378993290067146,0.019195683140159705,0.020186158930347618,0.02135699755994064,0.0028071656402804714,0.0021613144197809367
C27,C27_fresh,missing_samples_random,46,DD,0.01797992551401772,0.019541201091028963,0.012405190252648262,0.014531476675910496,-0.00557473526136946,-0.0050097244151184675
C27,C27_fresh,missing_samples_random,46,HDM,0.024925467677207457,0.025438369005999974,0.020551647185865374,0.020726632259202876,-0.004373820491342082,-0.0047117367467970975
C27,C27_fresh,missing_samples_random,46,HECM,0.013615847301503682,0.015779063972586715,0.01608852927898596,0.017943148888227504,0.0024726819774822783,0.002164084915640789
C27,C27_fresh,temperature_noise,42,DD,0.007543233336406251,0.009242311500214286,0.006117875980551279,0.007512502748152427,-0.0014253573558549717,-0.0017298087520618592
C27,C27_fresh,temperature_noise,42,HDM,0.016473614597969033,0.016500591839372376,0.01329604291426087,0.013332134765231053,-0.0031775716837081636,-0.003168457074141323
C27,C27_fresh,temperature_noise,42,HECM,0.017622005508467643,0.01899116213355408,0.020248250519105383,0.02131244888878462,0.00262624501063774,0.00232128675523054
C27,C27_fresh,temperature_noise,43,DD,0.0075070891005122285,0.009189944068021398,0.006076393424895971,0.007459214290418916,-0.0014306956756162574,-0.0017307297776024818
C27,C27_fresh,temperature_noise,43,HDM,0.016465552866596865,0.01649253733410974,0.01329604291426087,0.013332134765231053,-0.0031695099523359957,-0.0031604025688786886
C27,C27_fresh,temperature_noise,43,HECM,0.017617737244340747,0.018986980068527132,0.020248250519105383,0.02131244888878462,0.0026305132747646356,0.0023254688202574876
C27,C27_fresh,temperature_noise,44,DD,0.0075063294755992474,0.009239400906036555,0.006111450948881018,0.007522700199517885,-0.0013948785267182294,-0.0017167007065186698
C27,C27_fresh,temperature_noise,44,HDM,0.016466118414989777,0.01649294264920867,0.01329604291426087,0.013332134765231053,-0.0031700755007289076,-0.0031608078839776167
C27,C27_fresh,temperature_noise,44,HECM,0.017618317869647022,0.018986529975029393,0.020248250519105383,0.02131244888878462,0.00262993264945836,0.0023259189137552275
C27,C27_fresh,temperature_noise,45,DD,0.007454855015771868,0.009173693516776906,0.0060386088268214655,0.0074503316458746464,-0.0014162461889504025,-0.0017233618709022597
C27,C27_fresh,temperature_noise,45,HDM,0.0164409218493987,0.016467531188631333,0.01329604291426087,0.013332134765231053,-0.003144878935137832,-0.0031353964234002805
C27,C27_fresh,temperature_noise,45,HECM,0.017616549226503544,0.018983866056621067,0.020248250519105383,0.02131244888878462,0.0026317012926018388,0.0023285828321635525
C27,C27_fresh,temperature_noise,46,DD,0.007479964431863085,0.009179199259384237,0.006090889840056132,0.00747631148762528,-0.001389074591806953,-0.0017028877717589572
C27,C27_fresh,temperature_noise,46,HDM,0.016414855782425512,0.016441652721295795,0.01329604291426087,0.013332134765231053,-0.003118812868164643,-0.003109517956064742
C27,C27_fresh,temperature_noise,46,HECM,0.01762485326963086,0.018993734619007552,0.020248250519105383,0.02131244888878462,0.002623397249474524,0.0023187142697770682
C27,C27_fresh,temperature_noise,47,DD,0.007549991963922038,0.009277871560769303,0.006113221583770517,0.00753979687527747,-0.0014367703801515218,-0.0017380746854918326
C27,C27_fresh,temperature_noise,47,HDM,0.016473699708779654,0.01650067424760999,0.01329604291426087,0.013332134765231053,-0.003177656794518785,-0.0031685394823789386
C27,C27_fresh,temperature_noise,47,HECM,0.01760970734710272,0.01897765366034028,0.020248250519105383,0.02131244888878462,0.0026385431720026623,0.0023347952284443405
C27,C27_fresh,temperature_noise,48,DD,0.007483030690903507,0.009177634072666013,0.00606805869790328,0.007465391194105862,-0.0014149719930002273,-0.001712242878560151
C27,C27_fresh,temperature_noise,48,HDM,0.01646748390359183,0.016494274207910622,0.01329604291426087,0.013332134765231053,-0.003171440989330962,-0.0031621394426795697
C27,C27_fresh,temperature_noise,48,HECM,0.017614118549120438,0.018981936232507626,0.020248250519105383,0.02131244888878462,0.0026341319699849444,0.0023305126562769944
C27,C27_fresh,temperature_noise,49,DD,0.00759432695860155,0.009315387957552762,0.006137667925826846,0.00754522957505805,-0.0014566590327747039,-0.001770158382494712
C27,C27_fresh,temperature_noise,49,HDM,0.016497231765339772,0.016524331583164388,0.01329604291426087,0.013332134765231053,-0.0032011888510789024,-0.0031921968179333352
C27,C27_fresh,temperature_noise,49,HECM,0.01760676210272209,0.01897408010245813,0.020248250519105383,0.02131244888878462,0.0026414884163832933,0.0023383687863264904
C27,C27_fresh,temperature_noise,50,DD,0.007451724003780247,0.009171247591373008,0.006059271276681672,0.007457284196351324,-0.0013924527270985747,-0.0017139633950216844
C27,C27_fresh,temperature_noise,50,HDM,0.016436454437466132,0.016463163357604525,0.01329604291426087,0.013332134765231053,-0.003140411523205263,-0.0031310285923734724
C27,C27_fresh,temperature_noise,50,HECM,0.017622000484534737,0.018990640896099885,0.020248250519105383,0.02131244888878462,0.002626250034570645,0.002321807992684735
C27,C27_fresh,temperature_noise,51,DD,0.0075038269200853915,0.009173466220404072,0.006049367393856147,0.007422041963721258,-0.0014544595262292442,-0.0017514242566828136
C27,C27_fresh,temperature_noise,51,HDM,0.016492278916002422,0.016519165792031103,0.01329604291426087,0.013332134765231053,-0.003196236001741553,-0.00318703102680005
C27,C27_fresh,temperature_noise,51,HECM,0.017611239813850023,0.018977954177135634,0.020248250519105383,0.02131244888878462,0.0026370107052553597,0.0023344947116489857
C27,C27_fresh,voltage_noise,42,DD,0.011598055984228025,0.013018076959247503,0.00712899712813387,0.009015391020827032,-0.004469058856094155,-0.00400268593842047
C27,C27_fresh,voltage_noise,42,HDM,0.01780879517534265,0.017894090925581644,0.01329604291426087,0.013332134765231053,-0.0045127522610817795,-0.004561956160350591
C27,C27_fresh,voltage_noise,42,HECM,0.02068510591280001,0.021591799260971472,0.023539553363107268,0.024231373501573138,0.0028544474503072563,0.0026395742406016658
C27,C27_fresh,voltage_noise,43,DD,0.011617776029462623,0.013023247025382689,0.007124380812785167,0.009014579770800977,-0.004493395216677456,-0.004008667254581712
C27,C27_fresh,voltage_noise,43,HDM,0.01781572764084019,0.017901504875136524,0.01329604291426087,0.013332134765231053,-0.0045196847265793205,-0.0045693701099054716
C27,C27_fresh,voltage_noise,43,HECM,0.01962495738968342,0.020769066374599014,0.022220409360907203,0.02309111374378531,0.002595451971223784,0.002322047369186297
C27,C27_fresh,voltage_noise,44,DD,0.011565416999041065,0.012991476881188116,0.007136195348823285,0.009016270332575554,-0.00442922165021778,-0.003975206548612562
C27,C27_fresh,voltage_noise,44,HDM,0.01778267218110462,0.017866375032505818,0.01329604291426087,0.013332134765231053,-0.004486629266843751,-0.004534240267274765
C27,C27_fresh,voltage_noise,44,HECM,0.02231127353196146,0.022998249855770148,0.02483741208706829,0.025348629606892853,0.0025261385551068292,0.0023503797511227054
C27,C27_fresh,voltage_noise,45,DD,0.011590417097683409,0.013009151251208361,0.007130921534770163,0.009027744498452202,-0.0044594955629132455,-0.003981406752756159
C27,C27_fresh,voltage_noise,45,HDM,0.01778220846041761,0.01786592370750533,0.01329604291426087,0.013332134765231053,-0.004486165546156742,-0.004533788942274278
C27,C27_fresh,voltage_noise,45,HECM,0.015918397132243654,0.017203739173532764,0.018487506429270772,0.019852477905103867,0.002569109297027118,0.0026487387315711035
C27,C27_fresh,voltage_noise,46,DD,0.011565370986758812,0.012995033943341252,0.007133266440353598,0.009020864524223338,-0.004432104546405214,-0.003974169419117914
C27,C27_fresh,voltage_noise,46,HDM,0.017794451630432848,0.0178788012144629,0.01329604291426087,0.013332134765231053,-0.004498408716171978,-0.004546666449231846
C27,C27_fresh,voltage_noise,46,HECM,0.015612677886204159,0.017103515383728254,0.018658665402729226,0.019957009961577774,0.0030459875165250675,0.00285349457784952
C27,C27_fresh,voltage_noise,47,DD,0.011574228264734296,0.013002121775570785,0.007143635723934081,0.009035073433709137,-0.004430592540800215,-0.003967048341861647
C27,C27_fresh,voltage_noise,47,HDM,0.017786076868780785,0.017870197024772355,0.01329604291426087,0.013332134765231053,-0.004490033954519915,-0.004538062259541302
C27,C27_fresh,voltage_noise,47,HECM,0.02111993026261213,0.02193652305987926,0.023832685693605617,0.024447655095874984,0.002712755430993488,0.002511132035995723
C27,C27_fresh,voltage_noise,48,DD,0.011588573349142837,0.013009223496979444,0.007134565411468825,0.009020057175325648,-0.0044540079376740125,-0.003989166321653796
C27,C27_fresh,voltage_noise,48,HDM,0.017801337731933153,0.017886328922484842,0.01329604291426087,0.013332134765231053,-0.004505294817672284,-0.004554194157253789
C27,C27_fresh,voltage_noise,48,HECM,0.015193080914714295,0.016610894979630954,0.017941447077461817,0.01930685703994865,0.0027483661627475224,0.002695962060317695
C27,C27_fresh,voltage_noise,49,DD,0.01159047082288878,0.013012514912334351,0.0071448339738876005,0.00903589254922789,-0.0044456368490011795,-0.003976622363106461
C27,C27_fresh,voltage_noise,49,HDM,0.017787323245019825,0.01787129389416847,0.01329604291426087,0.013332134765231053,-0.004491280330758955,-0.0045391591289374155
C27,C27_fresh,voltage_noise,49,HECM,0.020752920981230636,0.02154037159107448,0.02363597645288355,0.024239880448756978,0.0028830554716529136,0.0026995088576824977
C27,C27_fresh,voltage_noise,50,DD,0.011609659680941329,0.013035262664865797,0.007159952899330504,0.009041328946354536,-0.004449706781610825,-0.003993933718511261
C27,C27_fresh,voltage_noise,50,HDM,0.01779637639755728,0.017881006769207758,0.01329604291426087,0.013332134765231053,-0.004500333483296412,-0.004548872003976705
C27,C27_fresh,voltage_noise,50,HECM,0.01805002982689978,0.01939324404555804,0.020863482395864993,0.021900295862724906,0.0028134525689652128,0.002507051817166865
C27,C27_fresh,voltage_noise,51,DD,0.011572066974898156,0.012992573649680034,0.007147088299865471,0.009017461600773593,-0.004424978675032685,-0.003975112048906441
C27,C27_fresh,voltage_noise,51,HDM,0.017793985034373624,0.01787839639693294,0.01329604291426087,0.013332134765231053,-0.004497942120112754,-0.004546261631701886
C27,C27_fresh,voltage_noise,51,HECM,0.01504680012962237,0.016412714009705124,0.01787136729434156,0.019255029044428693,0.0028245671647191915,0.0028423150347235693
C29,C29_aged,baseline,42,DD,0.0478838604721392,0.06196334571358708,0.07023643556224182,0.08023801180173686,0.02235257509010262,0.018274666088149774
C29,C29_aged,baseline,42,HDM,0.07207145263241546,0.07729864111632703,0.0012019066991477648,0.0013178345614110912,-0.07086954593326769,-0.07598080655491594
C29,C29_aged,baseline,42,HECM,0.043655390472369056,0.050663706748033804,0.009632702128656242,0.014633489403055047,-0.03402268834371282,-0.03603021734497876
C29,C29_aged,current_bias_3p0pct,42,DD,0.052612157504074275,0.06603511351171225,0.07678557056372765,0.08654996455018735,0.02417341305965337,0.0205148510384751
C29,C29_aged,current_bias_3p0pct,42,HDM,0.05976293482299285,0.06405543128948826,0.016329314006248225,0.017532195111683267,-0.04343362081674462,-0.046523236177804995
C29,C29_aged,current_bias_3p0pct,42,HECM,0.03575830059145444,0.0419459379946099,0.02091895364209915,0.02470821951166337,-0.014839346949355292,-0.017237718482946526
C29,C29_aged,current_noise_high,42,DD,0.04703891794690313,0.06092325386976465,0.07007335500742011,0.08008006319149982,0.023034437060516978,0.01915680932173517
C29,C29_aged,current_noise_high,42,HDM,0.07355896638058551,0.07876179676688148,0.002980753944869687,0.0033390273577913175,-0.07057821243571583,-0.07542276940909017
C29,C29_aged,current_noise_high,42,HECM,0.04016753600799326,0.04860177923064113,0.007365226416264319,0.009433873730137833,-0.032802309591728945,-0.039167905500503294
C29,C29_aged,current_noise_high,43,DD,0.0483240139870203,0.062380562830712305,0.07155198978226507,0.08170472639329447,0.02322797579524477,0.019324163562582167
C29,C29_aged,current_noise_high,43,HDM,0.07097651608623576,0.07644198101129797,0.003940860876644684,0.004141501943005492,-0.06703565520959108,-0.07230047906829248
C29,C29_aged,current_noise_high,43,HECM,0.03841784089568495,0.04709444085403545,0.006662952270925284,0.009462824992995124,-0.03175488862475967,-0.03763161586104032
C29,C29_aged,current_noise_high,44,DD,0.04785346293040898,0.061826350126436475,0.07095197306925048,0.08102588276920336,0.023098510138841503,0.019199532642766887
C29,C29_aged,current_noise_high,44,HDM,0.07242539329979304,0.07780217057000748,0.002251293031050068,0.002648768391433325,-0.07017410026874298,-0.07515340217857415
C29,C29_aged,current_noise_high,44,HECM,0.03922468152963533,0.04790903518963889,0.00738177328338161,0.009771817453842068,-0.03184290824625372,-0.03813721773579682
C29,C29_aged,current_noise_high,45,DD,0.046499385640629415,0.06041347626915524,0.06951900219122702,0.07947376034452895,0.023019616550597602,0.01906028407537371
C29,C29_aged,current_noise_high,45,HDM,0.07464784016271168,0.07985460957315314,0.0013545107312611267,0.0016454732195119188,-0.07329332943145056,-0.07820913635364123
C29,C29_aged,current_noise_high,45,HECM,0.07607750644438367,0.10326886169184255,0.01926303037064228,0.07551646152733718,-0.05681447607374139,-0.027752400164505364
C29,C29_aged,current_noise_high,46,DD,0.049229863528114017,0.06329842992327045,0.0723254676203761,0.0825879244395585,0.023095604092262086,0.019289494516288044
C29,C29_aged,current_noise_high,46,HDM,0.07013328068000449,0.07572187451176815,0.005240551356994253,0.006600234264447941,-0.06489272932301024,-0.0691216402473202
C29,C29_aged,current_noise_high,46,HECM,0.036308419410013254,0.04495211176737699,0.011595138515432004,0.014702532190497495,-0.02471328089458125,-0.030249579576879494
C29,C29_aged,current_noise_high,47,DD,0.04833788138837936,0.06238297985155606,0.0716166052520479,0.0817412066115095,0.023278723863668534,0.019358226759953447
C29,C29_aged,current_noise_high,47,HDM,0.07102594740851621,0.07646983258052777,0.0038626360931216072,0.004093424644044616,-0.0671633113153946,-0.07237640793648314
C29,C29_aged,current_noise_high,47,HECM,0.03551212008175669,0.04405542732452236,0.007272244219573741,0.010104687666511064,-0.02823987586218295,-0.0339507396580113
C29,C29_aged,current_noise_high,48,DD,0.04856806236561035,0.06263898444956562,0.07180634516807595,0.08200828265697836,0.0232382828024656,0.019369298207412747
C29,C29_aged,current_noise_high,48,HDM,0.07084245051558107,0.0763007724165329,0.004217674255052741,0.005028455995277657,-0.06662477626052832,-0.07127231642125524
C29,C29_aged,current_noise_high,48,HECM,0.036810493112416964,0.04539878027378262,0.00895312509057806,0.011304998385762896,-0.027857368021838906,-0.034093781888019724
C29,C29_aged,current_noise_high,49,DD,0.04752805944027262,0.06148584845721148,0.07066388183335805,0.08067179456310879,0.023135822393085426,0.019185946105897307
C29,C29_aged,current_noise_high,49,HDM,0.0727541892676236,0.07814558894466397,0.0021061707876628413,0.0025682972613844638,-0.07064801847996076,-0.07557729168327951
C29,C29_aged,current_noise_high,49,HECM,0.03882737344152057,0.04754774942709999,0.005718408798798393,0.008249513996234836,-0.03310896464272217,-0.03929823543086515
C29,C29_aged,current_noise_high,50,DD,0.046723947374899,0.06053827344635245,0.06989212313247499,0.07979416981200153,0.023168175757575987,0.019255896365649082
C29,C29_aged,current_noise_high,50,HDM,0.07438958782348104,0.0796450036670649,0.0022429402949979004,0.002670653190089127,-0.07214664752848314,-0.07697435047697576
C29,C29_aged,current_noise_high,50,HECM,0.04002124863339317,0.04856329111835852,0.003977560404510617,0.007024496288513717,-0.03604368822888255,-0.0415387948298448
C29,C29_aged,current_noise_high,51,DD,0.04899676400465596,0.06303317627426648,0.0720484503854699,0.08229972261722159,0.023051686380813945,0.019266546342955104
C29,C29_aged,current_noise_high,51,HDM,0.07050815706752528,0.07601534118546412,0.004843544153192244,0.005699406205470514,-0.06566461291433304,-0.0703159349799936
C29,C29_aged,current_noise_high,51,HECM,0.0790397508068519,0.10613129317769363,0.02364038132756082,0.07677596337949866,-0.055399369479291076,-0.029355329798194968
C29,C29_aged,missing_gap_1h,42,DD,0.061630518040234915,0.08796779644748995,0.0867027340442864,0.10874254542757561,0.025072216004051483,0.02077474898008566
C29,C29_aged,missing_gap_1h,42,HDM,0.08596855482344033,0.09454316057764157,0.03305739917925479,0.08917679980471487,-0.05291115564418554,-0.005366360772926709
C29,C29_aged,missing_gap_1h,42,HECM,0.08117615257463694,0.1096248087776788,0.03636140337081725,0.07559324146834549,-0.044814749203819684,-0.03403156730933331
C29,C29_aged,missing_samples_random,42,DD,0.0430631442107208,0.05767038403416169,0.06426310741466182,0.07431431210876821,0.02119996320394102,0.016643928074606518
C29,C29_aged,missing_samples_random,42,HDM,0.08246531636599738,0.08821684359676113,0.01151222048925627,0.012908981622902629,-0.07095309587674112,-0.0753078619738585
C29,C29_aged,missing_samples_random,42,HECM,0.04526082165948932,0.0533485796371747,0.008745224339834252,0.013179636219673897,-0.03651559731965506,-0.0401689434175008
C29,C29_aged,missing_samples_random,43,DD,0.04613426077531911,0.060885169186657984,0.06782682162611256,0.07812556359310013,0.02169256085079345,0.01724039440644215
C29,C29_aged,missing_samples_random,43,HDM,0.07723817414491001,0.08351102028339691,0.006672047243887433,0.00801933630685779,-0.07056612690102257,-0.07549168397653912
C29,C29_aged,missing_samples_random,43,HECM,0.051984551930988734,0.05963267439401854,0.011777451648340613,0.016302090741351187,-0.04020710028264812,-0.04333058365266735
C29,C29_aged,missing_samples_random,44,DD,0.03949498614999007,0.053608536661853924,0.05971386347942518,0.06937281750296295,0.020218877329435107,0.015764280841109028
C29,C29_aged,missing_samples_random,44,HDM,0.09108453601140679,0.09631453653085371,0.021756410632612886,0.022835119329103357,-0.0693281253787939,-0.07347941720175036
C29,C29_aged,missing_samples_random,44,HECM,0.04372249106535847,0.051926136710617216,0.011365740088272527,0.015125725542446981,-0.032356750977085943,-0.03680041116817023
C29,C29_aged,missing_samples_random,45,DD,0.04046960630161097,0.05482415456164793,0.06126582259712222,0.0710329438389645,0.020796216295511247,0.016208789277316567
C29,C29_aged,missing_samples_random,45,HDM,0.08813297125121797,0.09363788452625875,0.018107743625156696,0.019684867017158273,-0.07002522762606127,-0.07395301750910048
C29,C29_aged,missing_samples_random,45,HECM,0.04430931614347712,0.05241448670334004,0.007555908506006141,0.012455921547820428,-0.03675340763747098,-0.03995856515551961
C29,C29_aged,missing_samples_random,46,DD,0.04534719303594169,0.06007414550130384,0.0670949457192725,0.07730470350538235,0.021747752683330818,0.01723055800407851
C29,C29_aged,missing_samples_random,46,HDM,0.07851111703939334,0.08466133914969784,0.007483498738579034,0.009204119841032943,-0.0710276183008143,-0.07545721930866489
C29,C29_aged,missing_samples_random,46,HECM,0.049885357929538736,0.0576266249308661,0.009230121894386711,0.01409353056134707,-0.040655236035152024,-0.043533094369519035
C29,C29_aged,temperature_noise,42,DD,0.04929403790096127,0.0631598979666751,0.06888400361846632,0.07851484216426066,0.01958996571750505,0.015354944197585568
C29,C29_aged,temperature_noise,42,HDM,0.06837493164869106,0.07351158100742115,0.0012019066991477648,0.0013178345614110912,-0.06717302494954329,-0.07219374644601007
C29,C29_aged,temperature_noise,42,HECM,0.04303522454305691,0.049436353572629106,0.009632702128656242,0.014633489403055047,-0.03340252241440067,-0.03480286416957406
C29,C29_aged,temperature_noise,43,DD,0.049048745916742305,0.06301215652587733,0.06892716486536904,0.07851180564259824,0.019878418948626735,0.015499649116720915
C29,C29_aged,temperature_noise,43,HDM,0.06846118652614328,0.07359846243360978,0.0012019066991477648,0.0013178345614110912,-0.0672592798269955,-0.07228062787219869
C29,C29_aged,temperature_noise,43,HECM,0.04305098087101557,0.04946575588036323,0.009632702128656242,0.014633489403055047,-0.03341827874235932,-0.03483226647730818
C29,C29_aged,temperature_noise,44,DD,0.04912841803595607,0.06303194050692548,0.06878342235411529,0.07839546758172758,0.019655004318159218,0.015363527074802097
C29,C29_aged,temperature_noise,44,HDM,0.0684626550005681,0.07360058684055518,0.0012019066991477648,0.0013178345614110912,-0.06726074830142033,-0.07228275227914409
C29,C29_aged,temperature_noise,44,HECM,0.043054101787998206,0.04946906013383521,0.009632702128656242,0.014633489403055047,-0.03342139965934196,-0.03483557073078016
C29,C29_aged,temperature_noise,45,DD,0.0489296858235514,0.06293544258143337,0.0682484645796635,0.07801436017755219,0.019318778756112105,0.015078917596118818
C29,C29_aged,temperature_noise,45,HDM,0.06839523774027421,0.07353182486847225,0.0012019066991477648,0.0013178345614110912,-0.06719333104112644,-0.07221399030706116
C29,C29_aged,temperature_noise,45,HECM,0.04303008313356844,0.04943553337604424,0.009632702128656242,0.014633489403055047,-0.0333973810049122,-0.034802043972989194
C29,C29_aged,temperature_noise,46,DD,0.049193897399844984,0.06313453875348785,0.06866965453187436,0.07829036180705934,0.019475757132029377,0.015155823053571493
C29,C29_aged,temperature_noise,46,HDM,0.06830579447722833,0.07344034126018203,0.0012019066991477648,0.0013178345614110912,-0.06710388777808056,-0.07212250669877095
C29,C29_aged,temperature_noise,46,HECM,0.04299636227761511,0.04938932954084268,0.009632702128656242,0.014633489403055047,-0.03336366014895886,-0.03475584013778763
C29,C29_aged,temperature_noise,47,DD,0.048958446374414474,0.06296502581262034,0.06851558581736214,0.07822451566588545,0.019557139442947666,0.015259489853265112
C29,C29_aged,temperature_noise,47,HDM,0.06837748190792359,0.07351386979668305,0.0012019066991477648,0.0013178345614110912,-0.06717557520877582,-0.07219603523527196
C29,C29_aged,temperature_noise,47,HECM,0.043029661424041424,0.04943173844112355,0.009632702128656242,0.014633489403055047,-0.03339695929538518,-0.0347982490380685
C29,C29_aged,temperature_noise,48,DD,0.04925350690819995,0.06314554894454513,0.06903390699574925,0.0785970093397075,0.019780400087549305,0.015451460395162361
C29,C29_aged,temperature_noise,48,HDM,0.06839454321577743,0.0735307040975092,0.0012019066991477648,0.0013178345614110912,-0.06719263651662966,-0.07221286953609811
C29,C29_aged,temperature_noise,48,HECM,0.04302357402196789,0.0494293027359264,0.009632702128656242,0.014633489403055047,-0.03339087189331165,-0.03479581333287135
C29,C29_aged,temperature_noise,49,DD,0.049170448884358085,0.0631287140697842,0.0690379514951852,0.07867088199992066,0.019867502610827113,0.015542167930136463
C29,C29_aged,temperature_noise,49,HDM,0.06837077055272002,0.07350449328918345,0.0012019066991477648,0.0013178345614110912,-0.06716886385357225,-0.07218665872777236
C29,C29_aged,temperature_noise,49,HECM,0.042988346697268344,0.04939352879581429,0.009632702128656242,0.014633489403055047,-0.033355644568612106,-0.03476003939275924
C29,C29_aged,temperature_noise,50,DD,0.049062493172147024,0.06306392814173531,0.0686004630300397,0.07828196564820945,0.01953796985789267,0.015218037506474144
C29,C29_aged,temperature_noise,50,HDM,0.06836233322447247,0.0734997641122519,0.0012019066991477648,0.0013178345614110912,-0.0671604265253247,-0.07218192955084081
C29,C29_aged,temperature_noise,50,HECM,0.04303600797909918,0.04943482783429652,0.009632702128656242,0.014633489403055047,-0.03340330585044293,-0.034801338431241474
C29,C29_aged,temperature_noise,51,DD,0.049076560724602744,0.06305361864914454,0.06857003406743924,0.07824210232618645,0.019493473342836493,0.015188483677041911
C29,C29_aged,temperature_noise,51,HDM,0.06842018069500046,0.07355800075876535,0.0012019066991477648,0.0013178345614110912,-0.06721827399585269,-0.07224016619735427
C29,C29_aged,temperature_noise,51,HECM,0.04305269958406427,0.04946022859585463,0.009632702128656242,0.014633489403055047,-0.033419997455408024,-0.034826739192799584
C29,C29_aged,voltage_noise,42,DD,0.04786934015470332,0.06195509791411955,0.07020024028153288,0.08021046092034047,0.022330900126829555,0.018255363006220916
C29,C29_aged,voltage_noise,42,HDM,0.07205136565309443,0.07727742370470199,0.0012019066991477648,0.0013178345614110912,-0.07084945895394666,-0.0759595891432909
C29,C29_aged,voltage_noise,42,HECM,0.04370906784548074,0.050696851274528894,0.009577028515754284,0.014487849500793102,-0.03413203932972646,-0.03620900177373579
C29,C29_aged,voltage_noise,43,DD,0.047873105429476745,0.061963641610496556,0.07021748159138173,0.08023363430928057,0.02234437616190499,0.018269992698784016
C29,C29_aged,voltage_noise,43,HDM,0.07205900013316434,0.07728569655261383,0.0012019066991477648,0.0013178345614110912,-0.07085709343401657,-0.07596786199120274
C29,C29_aged,voltage_noise,43,HECM,0.04393346253113188,0.050952924767750235,0.009686706434231479,0.015089703707908016,-0.0342467560969004,-0.035863221059842215
C29,C29_aged,voltage_noise,44,DD,0.0478861665651576,0.061971940536004085,0.07021175620516917,0.08022559116310352,0.02232558964001157,0.01825365062709943
C29,C29_aged,voltage_noise,44,HDM,0.07205871516553075,0.07728542138238173,0.0012019066991477648,0.0013178345614110912,-0.07085680846638298,-0.07596758682097064
C29,C29_aged,voltage_noise,44,HECM,0.04344491574399087,0.05045810805080618,0.00968654688709962,0.014572996487707665,-0.03375836885689125,-0.035885111563098517
C29,C29_aged,voltage_noise,45,DD,0.0478796859685068,0.06196550078538265,0.07025953680491168,0.08026597676039937,0.022379850836404876,0.018300475975016724
C29,C29_aged,voltage_noise,45,HDM,0.07207310582863662,0.07730040376777249,0.0012019066991477648,0.0013178345614110912,-0.07087119912948885,-0.0759825692063614
C29,C29_aged,voltage_noise,45,HECM,0.04350727436245228,0.05050480699753257,0.009617920444156278,0.014367905545437223,-0.033889353918296006,-0.036136901452095346
C29,C29_aged,voltage_noise,46,DD,0.04790349162098559,0.06198913265067144,0.07026179546289107,0.0802725235982603,0.022358303841905486,0.018283390947588858
C29,C29_aged,voltage_noise,46,HDM,0.07205632610323126,0.07728280455587405,0.0012019066991477648,0.0013178345614110912,-0.07085441940408349,-0.07596496999446296
C29,C29_aged,voltage_noise,46,HECM,0.043477826391156806,0.0504835175701471,0.009617935549274441,0.014494313768051662,-0.033859890841882366,-0.03598920380209544
C29,C29_aged,voltage_noise,47,DD,0.04789723371430531,0.06195026279050917,0.07024656416148152,0.08024691920035432,0.022349330447176213,0.018296656409845145
C29,C29_aged,voltage_noise,47,HDM,0.07207655273040561,0.0773035909595278,0.0012019066991477648,0.0013178345614110912,-0.07087464603125784,-0.07598575639811671
C29,C29_aged,voltage_noise,47,HECM,0.04339631086973753,0.05040951827442829,0.009695788031929478,0.014509106032974131,-0.033700522837808056,-0.03590041224145416
C29,C29_aged,voltage_noise,48,DD,0.04785147680692182,0.061950876955892326,0.07017168124320913,0.08019268713795638,0.022320204436287315,0.018241810182064055
C29,C29_aged,voltage_noise,48,HDM,0.0720773343352878,0.0773047543738858,0.0012019066991477648,0.0013178345614110912,-0.07087542763614003,-0.07598691981247471
C29,C29_aged,voltage_noise,48,HECM,0.04365963326356735,0.05068084903216785,0.00965261659355363,0.01468915729591257,-0.034007016670013726,-0.035991691736255285
C29,C29_aged,voltage_noise,49,DD,0.04786585274953504,0.06196017060366421,0.07015125745118533,0.08018930270988184,0.022285404701650295,0.018229132106217627
C29,C29_aged,voltage_noise,49,HDM,0.07203796732333259,0.07726331232612552,0.0012019066991477648,0.0013178345614110912,-0.07083606062418482,-0.07594547776471443
C29,C29_aged,voltage_noise,49,HECM,0.04371473415643208,0.050712409134432805,0.009592763749590515,0.01456743028213847,-0.03412197040684156,-0.036144978852294334
C29,C29_aged,voltage_noise,50,DD,0.047838252954373564,0.06193511734764951,0.07018819085002959,0.08020820720005212,0.022349937895656022,0.018273089852402606
C29,C29_aged,voltage_noise,50,HDM,0.07206849890354756,0.07729563128218646,0.0012019066991477648,0.0013178345614110912,-0.0708665922043998,-0.07597779672077537
C29,C29_aged,voltage_noise,50,HECM,0.043747360389455474,0.050745146244925425,0.009651523324778779,0.014623056355154792,-0.0340958370646767,-0.036122089889770635
C29,C29_aged,voltage_noise,51,DD,0.04790652214624384,0.06196581865795424,0.07027281588862373,0.08025155692430164,0.02236629374237989,0.0182857382663474
C29,C29_aged,voltage_noise,51,HDM,0.07206484594062258,0.07729137085806063,0.0012019066991477648,0.0013178345614110912,-0.07086293924147481,-0.07597353629664955
C29,C29_aged,voltage_noise,51,HECM,0.04373413900522643,0.05075042195420091,0.009681169745298627,0.01484591930715014,-0.034052969259927804,-0.03590450264705077
C29,C29_fresh,baseline,42,DD,0.01387975233678925,0.015387096140348958,0.010034708567466312,0.01135649533537891,-0.003845043769322938,-0.004030600804970048
C29,C29_fresh,baseline,42,HDM,0.003741108149365015,0.004404156715955894,0.0009082366699618871,0.0010557923753929835,-0.002832871479403128,-0.0033483643405629103
C29,C29_fresh,baseline,42,HECM,0.007935668076633576,0.011513876210498757,0.007024681707865143,0.010545086916297975,-0.0009109863687684332,-0.0009687892942007812
C29,C29_fresh,current_bias_3p0pct,42,DD,0.020590451524082662,0.022656840304115775,0.016768175349996903,0.018900835287970204,-0.003822276174085759,-0.0037560050161455708
C29,C29_fresh,current_bias_3p0pct,42,HDM,0.013166055579939067,0.015325892268658556,0.010582583510583034,0.01225639672633942,-0.002583472069356033,-0.003069495542319136
C29,C29_fresh,current_bias_3p0pct,42,HECM,0.013026260651990532,0.01763779627188659,0.011085445950327344,0.015286569642789013,-0.0019408147016631884,-0.0023512266290975775
C29,C29_fresh,current_noise_high,42,DD,0.013483300972917436,0.015034140685586311,0.0101007906231715,0.01154382163041421,-0.0033825103497459354,-0.0034903190551721017
C29,C29_fresh,current_noise_high,42,HDM,0.003792310074332024,0.00462819531762902,0.0022492384624313616,0.0025144010989863953,-0.0015430716119006625,-0.002113794218642625
C29,C29_fresh,current_noise_high,42,HECM,0.006870731683188418,0.007878788890858232,0.004994483940125113,0.005467863308791753,-0.0018762477430633046,-0.0024109255820664787
C29,C29_fresh,current_noise_high,43,DD,0.015231790778724922,0.016694709084182642,0.011648691061895452,0.013052410671809804,-0.00358309971682947,-0.0036422984123728377
C29,C29_fresh,current_noise_high,43,HDM,0.0056045890210590435,0.006035268453577241,0.0030330798724294487,0.003196691644956614,-0.0025715091486295948,-0.002838576808620627
C29,C29_fresh,current_noise_high,43,HECM,0.005138028956498634,0.006152228642526333,0.0037397285935325377,0.004359677619288113,-0.0013983003629660963,-0.0017925510232382202
C29,C29_fresh,current_noise_high,44,DD,0.014275950867291418,0.015806514767924027,0.010874058431035729,0.012264810519243509,-0.0034018924362556897,-0.0035417042486805186
C29,C29_fresh,current_noise_high,44,HDM,0.004274622466495617,0.004813692708790792,0.0017716884177111562,0.0020546573644286185,-0.002502934048784461,-0.0027590353443621737
C29,C29_fresh,current_noise_high,44,HECM,0.005207882924575081,0.006360664710297624,0.00393529346255576,0.004473048883738279,-0.0012725894620193214,-0.0018876158265593449
C29,C29_fresh,current_noise_high,45,DD,0.012736489472455157,0.01430220612857717,0.009432175552357511,0.010794099171472738,-0.0033043139200976453,-0.003508106957104431
C29,C29_fresh,current_noise_high,45,HDM,0.002596814084063847,0.003426597257741724,0.0010453374866628872,0.0012842203842273687,-0.0015514765974009596,-0.0021423768735143556
C29,C29_fresh,current_noise_high,45,HECM,0.028917139803733935,0.10551277591698262,0.027196079100593854,0.10510368279831739,-0.0017210607031400808,-0.0004090931186652297
C29,C29_fresh,current_noise_high,46,DD,0.015717051447396706,0.01734705723795794,0.012295574340674163,0.013865517499299752,-0.003421477106722543,-0.003481539738658189
C29,C29_fresh,current_noise_high,46,HDM,0.006174294940579243,0.007007204541388163,0.003857298857850106,0.004835578910527285,-0.0023169960827291373,-0.0021716256308608782
C29,C29_fresh,current_noise_high,46,HECM,0.012242479350087158,0.019129977616185366,0.011042209508711603,0.017945856658557576,-0.0012002698413755546,-0.0011841209576277899
C29,C29_fresh,current_noise_high,47,DD,0.015044126342162826,0.016511635645925903,0.01151410868620678,0.012901114345374009,-0.0035300176559560463,-0.0036105213005518944
C29,C29_fresh,current_noise_high,47,HDM,0.005359171495246947,0.005832394178016076,0.002791969811951297,0.0029847452946243904,-0.00256720168329565,-0.0028476488833916857
C29,C29_fresh,current_noise_high,47,HECM,0.010640496837409854,0.019305427102639872,0.009669187378739055,0.018323496066116413,-0.0009713094586707993,-0.0009819310365234597
C29,C29_fresh,current_noise_high,48,DD,0.015235696002723077,0.0167495873723692,0.011723471620659535,0.013192934585495437,-0.003512224382063542,-0.0035566527868737645
C29,C29_fresh,current_noise_high,48,HDM,0.005603903844938534,0.006225182995492383,0.0031481310016693935,0.0037490002239216175,-0.002455772843269141,-0.0024761827715707656
C29,C29_fresh,current_noise_high,48,HECM,0.011371269246752653,0.017979481110397637,0.01029022901223393,0.016876269074594386,-0.0010810402345187223,-0.001103212035803252
C29,C29_fresh,current_noise_high,49,DD,0.013999043409877223,0.015551750981444415,0.010555942719219679,0.01195566991372281,-0.0034431006906575443,-0.0035960810677216053
C29,C29_fresh,current_noise_high,49,HDM,0.0040040533546429335,0.0047151813149271075,0.0015900724819195805,0.0019342987385466029,-0.0024139808727233533,-0.0027808825763805047
C29,C29_fresh,current_noise_high,49,HECM,0.003983970424156911,0.005110775342297294,0.0026234956506669994,0.003057335702206169,-0.0013604747734899114,-0.0020534396400911253
C29,C29_fresh,current_noise_high,50,DD,0.012811163365518156,0.014433640268398166,0.009514724852200606,0.010936951576207535,-0.0032964385133175504,-0.0034966886921906307
C29,C29_fresh,current_noise_high,50,HDM,0.003217279917399333,0.004076226200005421,0.0016902126531259873,0.0020622813825029777,-0.0015270672642733458,-0.002013944817502443
C29,C29_fresh,current_noise_high,50,HECM,0.0044006536755382296,0.006036459625120025,0.0022523328617419167,0.0028499041951912498,-0.002148320813796313,-0.0031865554299287755
C29,C29_fresh,current_noise_high,51,DD,0.01536593146041368,0.016918979200253887,0.01190997457121764,0.013402252168372899,-0.003455956889196041,-0.003516727031880988
C29,C29_fresh,current_noise_high,51,HDM,0.005723552049495953,0.006371504215805462,0.0034245143466609482,0.004019019826239163,-0.002299037702835005,-0.0023524843895662995
C29,C29_fresh,current_noise_high,51,HECM,0.02940630128204445,0.10560171901190654,0.0279581705602102,0.10521494372352413,-0.001448130721834251,-0.00038677528838240716
C29,C29_fresh,missing_gap_1h,42,DD,0.021754798896369644,0.032720397563313096,0.01770354396379458,0.03008834775947631,-0.004051254932575063,-0.0026320498038367862
C29,C29_fresh,missing_gap_1h,42,HDM,0.012767589737483381,0.027692943234362367,0.009986889757135997,0.02672294575783733,-0.002780699980347384,-0.0009699974765250384
C29,C29_fresh,missing_gap_1h,42,HECM,0.019302002453748034,0.03125785249324479,0.017895357446521862,0.030153993268119475,-0.0014066450072261726,-0.001103859225125313
C29,C29_fresh,missing_samples_random,42,DD,0.007701822507783808,0.009522809201823022,0.0067156550400286315,0.008490899564645882,-0.0009861674677551762,-0.0010319096371771402
C29,C29_fresh,missing_samples_random,42,HDM,0.008744725822243088,0.010848153911057354,0.011286505085238806,0.013388178395142098,0.002541779262995718,0.0025400244840847446
C29,C29_fresh,missing_samples_random,42,HECM,0.012984027200393152,0.015042147886171357,0.011741964382086073,0.013627876770589627,-0.0012420628183070787,-0.0014142711155817299
C29,C29_fresh,missing_samples_random,43,DD,0.014725596670688207,0.016192637167434742,0.01131563208212991,0.012523469458219425,-0.0034099645885582973,-0.0036691677092153176
C29,C29_fresh,missing_samples_random,43,HDM,0.005365442980275393,0.00625757656653224,0.004632404082613719,0.005736364231370753,-0.0007330388976616734,-0.0005212123351614872
C29,C29_fresh,missing_samples_random,43,HECM,0.007428847906165459,0.009932683472849445,0.00644281659717996,0.00849993066824896,-0.0009860313089854996,-0.0014327528046004841
C29,C29_fresh,missing_samples_random,44,DD,0.007889218165425711,0.009283101961131955,0.008951984943499889,0.011147248864849739,0.0010627667780741777,0.0018641469037177835
C29,C29_fresh,missing_samples_random,44,HDM,0.015132012731201083,0.0179227760180486,0.018035939408068993,0.020495466489049593,0.00290392667686791,0.002572690471000994
C29,C29_fresh,missing_samples_random,44,HECM,0.010747020082545375,0.011944680242630066,0.010573985865293142,0.011705733320459412,-0.00017303421725223256,-0.00023894692217065437
C29,C29_fresh,missing_samples_random,45,DD,0.012264333658818434,0.014057739963652777,0.009139375050546666,0.010819201575294353,-0.0031249586082717686,-0.0032385383883584244
C29,C29_fresh,missing_samples_random,45,HDM,0.005493163633852841,0.006248990470323094,0.0059804175663302735,0.007362405856323061,0.00048725393247743207,0.0011134153859999668
C29,C29_fresh,missing_samples_random,45,HECM,0.011687919032442316,0.012982779368489468,0.010262910413434233,0.011547082236541547,-0.0014250086190080828,-0.001435697131947921
C29,C29_fresh,missing_samples_random,46,DD,0.005783068389222551,0.007351404181631025,0.006943466433349832,0.009060886587820645,0.0011603980441272817,0.0017094824061896201
C29,C29_fresh,missing_samples_random,46,HDM,0.013777152441889874,0.01524724642776461,0.016712404392055475,0.018033690018905674,0.0029352519501656005,0.0027864435911410645
C29,C29_fresh,missing_samples_random,46,HECM,0.009242619958856618,0.011742456545091717,0.009069613019444608,0.010902733611821246,-0.00017300693941200984,-0.0008397229332704707
C29,C29_fresh,temperature_noise,42,DD,0.01795964979619988,0.019414159565921088,0.013013982722375757,0.014474817009064169,-0.004945667073824125,-0.004939342556856919
C29,C29_fresh,temperature_noise,42,HDM,0.004101669863574239,0.0047621811007670005,0.0009082366699618871,0.0010557923753929835,-0.0031934331936123517,-0.003706388725374017
C29,C29_fresh,temperature_noise,42,HECM,0.007883905038312433,0.011503644504549505,0.007024681707865143,0.010545086916297975,-0.0008592233304472903,-0.0009585575882515296
C29,C29_fresh,temperature_noise,43,DD,0.017865862466255215,0.01931506281825318,0.013019134755422674,0.014477485107963858,-0.004846727710832541,-0.004837577710289323
C29,C29_fresh,temperature_noise,43,HDM,0.004032115934976393,0.004686573706286367,0.0009082366699618871,0.0010557923753929835,-0.0031238792650145064,-0.003630781330893384
C29,C29_fresh,temperature_noise,43,HECM,0.007880879710874538,0.011496788458195703,0.007024681707865143,0.010545086916297975,-0.0008561980030093955,-0.0009517015418977273
C29,C29_fresh,temperature_noise,44,DD,0.017732214145052536,0.019203811676853585,0.01291835417324197,0.014375877200834596,-0.004813859971810566,-0.004827934476018989
C29,C29_fresh,temperature_noise,44,HDM,0.004064298729848746,0.0047214706668876685,0.0009082366699618871,0.0010557923753929835,-0.0031560620598868588,-0.003665678291494685
C29,C29_fresh,temperature_noise,44,HECM,0.007869642967703126,0.011494821404415104,0.007024681707865143,0.010545086916297975,-0.0008449612598379827,-0.000949734488117129
C29,C29_fresh,temperature_noise,45,DD,0.017765230026340197,0.01923099262548594,0.012981683686827153,0.014430642111780854,-0.004783546339513044,-0.0048003505137050855
C29,C29_fresh,temperature_noise,45,HDM,0.004040448867925582,0.004697005510289874,0.0009082366699618871,0.0010557923753929835,-0.0031322121979636955,-0.003641213134896891
C29,C29_fresh,temperature_noise,45,HECM,0.00784475286626806,0.01148543517254673,0.007024681707865143,0.010545086916297975,-0.0008200711584029179,-0.0009403482562487554
C29,C29_fresh,temperature_noise,46,DD,0.017830842943527603,0.01929395505770721,0.01305818387938589,0.014525882197016608,-0.004772659064141713,-0.0047680728606906
C29,C29_fresh,temperature_noise,46,HDM,0.0040236420734222665,0.0046784244553547995,0.0009082366699618871,0.0010557923753929835,-0.0031154054034603796,-0.003622632079961816
C29,C29_fresh,temperature_noise,46,HECM,0.00785623591941599,0.011488850015181448,0.007024681707865143,0.010545086916297975,-0.000831554211550848,-0.0009437630988834728
C29,C29_fresh,temperature_noise,47,DD,0.017869838912216517,0.019319788487298824,0.01301316807919564,0.014472693250297193,-0.004856670833020877,-0.004847095237001631
C29,C29_fresh,temperature_noise,47,HDM,0.004044231941952129,0.004700517175895615,0.0009082366699618871,0.0010557923753929835,-0.003135995271990242,-0.003644724800502632
C29,C29_fresh,temperature_noise,47,HECM,0.007858183537726117,0.01149069718761449,0.007024681707865143,0.010545086916297975,-0.0008335018298609737,-0.0009456102713165139
C29,C29_fresh,temperature_noise,48,DD,0.017855268634380295,0.019304019554543642,0.013027614916495074,0.014490480701595665,-0.004827653717885221,-0.004813538852947977
C29,C29_fresh,temperature_noise,48,HDM,0.00402998015329873,0.0046870602570373236,0.0009082366699618871,0.0010557923753929835,-0.0031217434833368434,-0.00363126788164434
C29,C29_fresh,temperature_noise,48,HECM,0.007834856727388333,0.011480722189246246,0.007024681707865143,0.010545086916297975,-0.0008101750195231901,-0.0009356352729482705
C29,C29_fresh,temperature_noise,49,DD,0.01784251676450292,0.019320149218423767,0.0129603608274228,0.014438510939250587,-0.004882155937080119,-0.00488163827917318
C29,C29_fresh,temperature_noise,49,HDM,0.00406940583767423,0.004728191309943795,0.0009082366699618871,0.0010557923753929835,-0.0031611691677123433,-0.0036723989345508116
C29,C29_fresh,temperature_noise,49,HECM,0.007859509869943042,0.011494089517368026,0.007024681707865143,0.010545086916297975,-0.000834828162077899,-0.0009490026010700505
C29,C29_fresh,temperature_noise,50,DD,0.01788470887622334,0.019341660756779237,0.013002060610903594,0.014460333327959431,-0.004882648265319745,-0.004881327428819806
C29,C29_fresh,temperature_noise,50,HDM,0.004075767950527209,0.004735702095244937,0.0009082366699618871,0.0010557923753929835,-0.003167531280565322,-0.003679909719851954
C29,C29_fresh,temperature_noise,50,HECM,0.007857991799910362,0.01149174149683846,0.007024681707865143,0.010545086916297975,-0.000833310092045219,-0.0009466545805404854
C29,C29_fresh,temperature_noise,51,DD,0.017919273323545325,0.01940395506245086,0.013058074664018588,0.014527173023628473,-0.004861198659526738,-0.004876782038822388
C29,C29_fresh,temperature_noise,51,HDM,0.004069948369200757,0.0047256290199605205,0.0009082366699618871,0.0010557923753929835,-0.00316171169923887,-0.003669836644567537
C29,C29_fresh,temperature_noise,51,HECM,0.007900113269891422,0.011506632596548038,0.007024681707865143,0.010545086916297975,-0.0008754315620262791,-0.0009615456802500623
C29,C29_fresh,voltage_noise,42,DD,0.01456832472541787,0.016177340603081142,0.010041324785995445,0.011453391291432274,-0.004526999939422426,-0.004723949311648868
C29,C29_fresh,voltage_noise,42,HDM,0.004128556442460934,0.0047957261656043065,0.0009082366699618871,0.0010557923753929835,-0.0032203197724990466,-0.003739933790211323
C29,C29_fresh,voltage_noise,42,HECM,0.008014927859792442,0.011620520160733958,0.007066611562575185,0.010589986448004619,-0.0009483162972172571,-0.0010305337127293392
C29,C29_fresh,voltage_noise,43,DD,0.014639976059763003,0.016270370179807734,0.010065118758390345,0.01151130168204415,-0.004574857301372658,-0.004759068497763584
C29,C29_fresh,voltage_noise,43,HDM,0.004146860976672018,0.004814971556656994,0.0009082366699618871,0.0010557923753929835,-0.003238624306710131,-0.003759179181264011
C29,C29_fresh,voltage_noise,43,HECM,0.008033630905382484,0.011616196813901535,0.007028353583037527,0.010585029480943677,-0.0010052773223449569,-0.0010311673329578587
C29,C29_fresh,voltage_noise,44,DD,0.014537494793956432,0.016144859672243553,0.010053996808030609,0.011470637518587196,-0.004483497985925823,-0.004674222153656357
C29,C29_fresh,voltage_noise,44,HDM,0.004102497987978358,0.004768929822402004,0.0009082366699618871,0.0010557923753929835,-0.003194261318016471,-0.0037131374470090205
C29,C29_fresh,voltage_noise,44,HECM,0.008021548528605635,0.011599912044718844,0.00702913024284772,0.01053954635064956,-0.0009924182857579148,-0.0010603656940692836
C29,C29_fresh,voltage_noise,45,DD,0.014572593551849183,0.016177019914757874,0.010047188022863657,0.011471833110218354,-0.004525405528985525,-0.00470518680453952
C29,C29_fresh,voltage_noise,45,HDM,0.004117331335113045,0.004784316592966083,0.0009082366699618871,0.0010557923753929835,-0.003209094665151158,-0.0037285242175730993
C29,C29_fresh,voltage_noise,45,HECM,0.008113421855034528,0.011693740608490853,0.007154304311369644,0.010667967623907816,-0.0009591175436648846,-0.001025772984583036
C29,C29_fresh,voltage_noise,46,DD,0.014663180422199702,0.01626336449482926,0.01007065922295432,0.011492940174104781,-0.004592521199245381,-0.004770424320724479
C29,C29_fresh,voltage_noise,46,HDM,0.004147807854626146,0.004815870491170966,0.0009082366699618871,0.0010557923753929835,-0.003239571184664259,-0.0037600781157779823
C29,C29_fresh,voltage_noise,46,HECM,0.007978850020220665,0.01155612568837771,0.007023605658089274,0.010545476196318144,-0.0009552443621313909,-0.0010106494920595656
C29,C29_fresh,voltage_noise,47,DD,0.014617766123892834,0.016248691170491155,0.010068143666449623,0.011517736979769601,-0.0045496224574432115,-0.004730954190721554
C29,C29_fresh,voltage_noise,47,HDM,0.004125345918163069,0.004792709612711851,0.0009082366699618871,0.0010557923753929835,-0.003217109248201182,-0.0037369172373188674
C29,C29_fresh,voltage_noise,47,HECM,0.00792809494283884,0.011510172361221607,0.00696716079396324,0.010513227192227411,-0.0009609341488756003,-0.0009969451689941962
C29,C29_fresh,voltage_noise,48,DD,0.014597117191987688,0.01621783818387027,0.010084976741028128,0.011518516525406088,-0.004512140450959559,-0.004699321658464184
C29,C29_fresh,voltage_noise,48,HDM,0.004116371604652729,0.004783147957908754,0.0009082366699618871,0.0010557923753929835,-0.0032081349346908417,-0.0037273555825157703
C29,C29_fresh,voltage_noise,48,HECM,0.00804278499312367,0.011724572943912975,0.00707565787348153,0.010684595637823818,-0.0009671271196421407,-0.0010399773060891567
C29,C29_fresh,voltage_noise,49,DD,0.014502948131938085,0.016127985743623535,0.010068229784104812,0.011514239825981848,-0.004434718347833273,-0.004613745917641687
C29,C29_fresh,voltage_noise,49,HDM,0.004070575736704774,0.004735444525651389,0.0009082366699618871,0.0010557923753929835,-0.0031623390667428874,-0.0036796521502584054
C29,C29_fresh,voltage_noise,49,HECM,0.007977480183749186,0.011521214596435701,0.007027245236096643,0.010541104999667835,-0.0009502349476525436,-0.0009801095967678659
C29,C29_fresh,voltage_noise,50,DD,0.014583268099320387,0.01621646532791417,0.010071811548441015,0.011525567653574374,-0.004511456550879372,-0.004690897674339797
C29,C29_fresh,voltage_noise,50,HDM,0.004108132414734611,0.004774426917826762,0.0009082366699618871,0.0010557923753929835,-0.003199895744772724,-0.003718634542433778
C29,C29_fresh,voltage_noise,50,HECM,0.008009858240102826,0.01154158856755359,0.007023155007805369,0.01052318579654791,-0.0009867032322974575,-0.0010184027710056793
C29,C29_fresh,voltage_noise,51,DD,0.014608650316898732,0.01623618099320407,0.010083981228601088,0.011527216683182814,-0.004524669088297644,-0.0047089643100212564
C29,C29_fresh,voltage_noise,51,HDM,0.004121518111031877,0.004789366757789222,0.0009082366699618871,0.0010557923753929835,-0.0032132814410699897,-0.0037335743823962383
C29,C29_fresh,voltage_noise,51,HECM,0.007992279029857156,0.011631039312178536,0.0070472960937463325,0.010610140272594217,-0.0009449829361108239,-0.001020899039584319
C29,C29_mid_life,baseline,42,DD,0.031959573766458596,0.0384612997231783,0.06404941833010375,0.07657799515722946,0.03208984456364515,0.03811669543405116
C29,C29_mid_life,baseline,42,HDM,0.0365233215325994,0.03999155416201611,0.0011649190837447433,0.0012941164611819508,-0.03535840244885466,-0.038697437700834156
C29,C29_mid_life,baseline,42,HECM,0.026229515006773806,0.0317067265593585,0.022483052731177646,0.023196931044991605,-0.0037464622755961595,-0.008509795514366897
C29,C29_mid_life,current_bias_3p0pct,42,DD,0.03610099387236452,0.042758934814578195,0.07073798667157757,0.08290948694286293,0.034636992799213055,0.040150552128284736
C29,C29_mid_life,current_bias_3p0pct,42,HDM,0.024208732367801838,0.0265155332892411,0.015065340951634417,0.016515785448596703,-0.00914339141616742,-0.009999747840644398
C29,C29_mid_life,current_bias_3p0pct,42,HECM,0.013757386141300695,0.018971913623906,0.037547023684416335,0.03864959753720013,0.023789637543115638,0.019677683913294133
C29,C29_mid_life,current_noise_high,42,DD,0.030234025990094348,0.03637602233635197,0.06407122935365347,0.07657877804363407,0.033837203363559124,0.0402027557072821
C29,C29_mid_life,current_noise_high,42,HDM,0.03763133230595668,0.04119551536234264,0.002644790933551892,0.0029556336250076438,-0.03498654137240479,-0.038239881737334995
C29,C29_mid_life,current_noise_high,42,HECM,0.017814140992932933,0.022311440597045408,0.0055918215164887436,0.007109026120922174,-0.012222319476444189,-0.015202414476123234
C29,C29_mid_life,current_noise_high,43,DD,0.03156379302279095,0.03751598097042729,0.0654227979332922,0.07797457227179318,0.03385900491050125,0.040458591301365886
C29,C29_mid_life,current_noise_high,43,HDM,0.03529762554735074,0.039055956724786636,0.003591022749512847,0.0037675586800681262,-0.03170660279783789,-0.03528839804471851
C29,C29_mid_life,current_noise_high,43,HECM,0.01728491980743903,0.02177947996626947,0.003422028893284732,0.005186733793027094,-0.0138628909141543,-0.016592746173242377
C29,C29_mid_life,current_noise_high,44,DD,0.030856582297951133,0.036739136198561194,0.0645620570574554,0.07710693220581656,0.033705474759504264,0.04036779600725537
C29,C29_mid_life,current_noise_high,44,HDM,0.03677025571260937,0.04037877234044098,0.0020288325703458764,0.0023547240921950197,-0.03474142314226349,-0.03802404824824596
C29,C29_mid_life,current_noise_high,44,HECM,0.01733416550563487,0.02180822195852809,0.0038052193744927383,0.005221962872844134,-0.013528946131142132,-0.016586259085683955
C29,C29_mid_life,current_noise_high,45,DD,0.029996083975637286,0.03586723746347747,0.06369054691629218,0.07606456905785448,0.033694462940654896,0.040197331594377016
C29,C29_mid_life,current_noise_high,45,HDM,0.03861816812947176,0.04210209439636606,0.0011505131094238592,0.0014046555694676062,-0.0374676550200479,-0.040697438826898455
C29,C29_mid_life,current_noise_high,45,HECM,0.05268791668809249,0.10313383903452554,0.021355513174534508,0.08758251364222254,-0.03133240351355798,-0.015551325392303
C29,C29_mid_life,current_noise_high,46,DD,0.03185484464177659,0.03825508761613083,0.06557362382635833,0.07841644742178533,0.033718779184581736,0.0401613598056545
C29,C29_mid_life,current_noise_high,46,HDM,0.03477794237376906,0.03862956859975943,0.004444127821452336,0.0055802797903297145,-0.03033381455231672,-0.03304928880942972
C29,C29_mid_life,current_noise_high,46,HECM,0.041355886834384153,0.04546109541685911,0.00641381725915464,0.008714504896129243,-0.034942069575229516,-0.036746590520729865
C29,C29_mid_life,current_noise_high,47,DD,0.03113247612678152,0.037085071986759054,0.065029861554657,0.0776624220079646,0.03389738542787547,0.04057735002120554
C29,C29_mid_life,current_noise_high,47,HDM,0.03559874691149142,0.039305049738236744,0.003252141169325137,0.0034599982458757843,-0.03234660574216628,-0.03584505149236096
C29,C29_mid_life,current_noise_high,47,HECM,0.037337751674772164,0.04158283883440945,0.003716382215665604,0.006450051496824229,-0.033621369459106556,-0.03513278733758522
C29,C29_mid_life,current_noise_high,48,DD,0.03181764184185375,0.037928762485795284,0.06555397743422543,0.07815530899916029,0.033736335592371686,0.040226546513365005
C29,C29_mid_life,current_noise_high,48,HDM,0.03524140982278786,0.038968907643699854,0.0037215379946577113,0.004393664537930716,-0.031519871828130146,-0.034575243105769135
C29,C29_mid_life,current_noise_high,48,HECM,0.03768353443211198,0.041663323706020716,0.005105714490660764,0.006690655003485035,-0.032577819941451217,-0.03497266870253568
C29,C29_mid_life,current_noise_high,49,DD,0.03073963487393872,0.03647315682187784,0.06451004698249703,0.07698286543299257,0.033770412108558315,0.04050970861111473
C29,C29_mid_life,current_noise_high,49,HDM,0.0368174054103937,0.040517499334730145,0.0020625253443115913,0.0024678682353401963,-0.034754880066082114,-0.03804963109938995
C29,C29_mid_life,current_noise_high,49,HECM,0.017037255177858934,0.021492886477590064,0.0022736652732597666,0.004363765063960548,-0.014763589904599167,-0.017129121413629517
C29,C29_mid_life,current_noise_high,50,DD,0.030054091825109736,0.03562896041967024,0.06372397877809427,0.07605148143779887,0.033669886952984535,0.04042252101812863
C29,C29_mid_life,current_noise_high,50,HDM,0.03844574520461666,0.04201120041197511,0.0020137009987411464,0.0023509560776998045,-0.036432044205875515,-0.039660244334275306
C29,C29_mid_life,current_noise_high,50,HECM,0.017797999012712992,0.022377643229063347,0.00370293545145006,0.005162397630809662,-0.014095063561262932,-0.017215245598253687
C29,C29_mid_life,current_noise_high,51,DD,0.031786022265191234,0.038019671059736374,0.06551716957455606,0.07830607156004568,0.03373114730936482,0.04028640050030931
C29,C29_mid_life,current_noise_high,51,HDM,0.03492109810901382,0.038722208369790526,0.004295442066412439,0.00505975479400172,-0.030625656042601385,-0.03366245357578881
C29,C29_mid_life,current_noise_high,51,HECM,0.05500147478310395,0.10430225874802643,0.022375764361675918,0.08834465915411567,-0.032625710421428034,-0.015957599593910757
C29,C29_mid_life,missing_gap_1h,42,DD,0.048868992045142313,0.0637696309105614,0.07306044908292063,0.08977450418796844,0.024191457037778315,0.02600487327740704
C29,C29_mid_life,missing_gap_1h,42,HDM,0.03486269154220557,0.047280514168070845,0.01394253786244605,0.034169589788539366,-0.020920153679759523,-0.013110924379531479
C29,C29_mid_life,missing_gap_1h,42,HECM,0.04216649561277681,0.05579688303455692,0.02981731269341639,0.04056714397840091,-0.012349182919360418,-0.01522973905615601
C29,C29_mid_life,missing_samples_random,42,DD,0.027251243608458115,0.03321992898491806,0.05807862026321024,0.07037017459821879,0.030827376654752128,0.03715024561330073
C29,C29_mid_life,missing_samples_random,42,HDM,0.048423846410870185,0.052853815347715084,0.012244755337556248,0.014721859901869123,-0.036179091073313935,-0.03813195544584596
C29,C29_mid_life,missing_samples_random,42,HECM,0.03162299231214237,0.03745609747154021,0.015869164610137956,0.01775814288727616,-0.015753827702004414,-0.01969795458426405
C29,C29_mid_life,missing_samples_random,43,DD,0.03386864119182684,0.040117530292140435,0.06564824951857737,0.07867701806127861,0.03177960832675053,0.03855948776913817
C29,C29_mid_life,missing_samples_random,43,HDM,0.034310529039058464,0.04023405651231561,0.007452702211968819,0.008634367685868118,-0.026857826827089645,-0.031599688826447495
C29,C29_mid_life,missing_samples_random,43,HECM,0.04652636598171172,0.05100978452614029,0.006211749375831769,0.009343737807685177,-0.04031461660587995,-0.04166604671845511
C29,C29_mid_life,missing_samples_random,44,DD,0.025098140956405494,0.030733951911028252,0.056036648621748196,0.06783777631423211,0.0309385076653427,0.03710382440320387
C29,C29_mid_life,missing_samples_random,44,HDM,0.052561830382352535,0.05718520073322987,0.017004871898014178,0.019932153438534817,-0.03555695848433836,-0.03725304729469506
C29,C29_mid_life,missing_samples_random,44,HECM,0.03117289239875795,0.03701311529454358,0.016712850744711117,0.019203452872571757,-0.014460041654046834,-0.017809662421971826
C29,C29_mid_life,missing_samples_random,45,DD,0.037113373626683,0.044969273144278794,0.06830281475690149,0.08207693040445428,0.031189441130218487,0.03710765726017549
C29,C29_mid_life,missing_samples_random,45,HDM,0.03155337561579688,0.03805298608555356,0.014666817482537498,0.01681497228062433,-0.016886558133259382,-0.02123801380492923
C29,C29_mid_life,missing_samples_random,45,HECM,0.05294073270249382,0.05895319490116356,0.017298451940638337,0.019779281199239048,-0.03564228076185548,-0.03917391370192451
C29,C29_mid_life,missing_samples_random,46,DD,0.028744655031479993,0.035624773916839436,0.05980038475221872,0.07237205399815298,0.03105572972073873,0.036747280081313546
C29,C29_mid_life,missing_samples_random,46,HDM,0.04531466745023641,0.04957959445870033,0.008913628793867315,0.010195409292017368,-0.036401038656369095,-0.03938418516668296
C29,C29_mid_life,missing_samples_random,46,HECM,0.03495629251710292,0.0407010907994458,0.013300262878072781,0.015523681124742084,-0.02165602963903014,-0.025177409674703714
C29,C29_mid_life,temperature_noise,42,DD,0.040100878933297834,0.04870302614843777,0.06405447575051725,0.07622415896858444,0.02395359681721941,0.027521132820146663
C29,C29_mid_life,temperature_noise,42,HDM,0.03160050411504098,0.034834107681095065,0.0011649190837447433,0.0012941164611819508,-0.030435585031296234,-0.033539991219913114
C29,C29_mid_life,temperature_noise,42,HECM,0.024919582830917057,0.029788114725844646,0.022483052731177646,0.023196931044991605,-0.0024365300997394104,-0.006591183680853041
C29,C29_mid_life,temperature_noise,43,DD,0.03976175598442487,0.048287648607934545,0.06371510391949431,0.0759670928883243,0.02395334793506944,0.027679444280389758
C29,C29_mid_life,temperature_noise,43,HDM,0.03168539881225735,0.03491610007632006,0.0011649190837447433,0.0012941164611819508,-0.030520479728512604,-0.03362198361513811
C29,C29_mid_life,temperature_noise,43,HECM,0.024903528567734912,0.029789549818449862,0.022483052731177646,0.023196931044991605,-0.0024204758365572662,-0.006592618773458257
C29,C29_mid_life,temperature_noise,44,DD,0.040112271096259006,0.048675938858379814,0.0639215719527857,0.0761083737139062,0.02380930085652669,0.02743243485552639
C29,C29_mid_life,temperature_noise,44,HDM,0.03151658455515961,0.03474745214890691,0.0011649190837447433,0.0012941164611819508,-0.03035166547141487,-0.03345333568772496
C29,C29_mid_life,temperature_noise,44,HECM,0.0248397911981639,0.02970824153009317,0.022483052731177646,0.023196931044991605,-0.0023567384669862523,-0.006511310485101566
C29,C29_mid_life,temperature_noise,45,DD,0.040127716598168627,0.04870254500587523,0.06385027889400871,0.07600393443558082,0.023722562295840084,0.027301389429705586
C29,C29_mid_life,temperature_noise,45,HDM,0.03140190310459575,0.03463564996046427,0.0011649190837447433,0.0012941164611819508,-0.030236984020851006,-0.033341533499282316
C29,C29_mid_life,temperature_noise,45,HECM,0.02482941960190891,0.029681316966747518,0.022483052731177646,0.023196931044991605,-0.002346366870731264,-0.006484385921755913
C29,C29_mid_life,temperature_noise,46,DD,0.03986329896948999,0.04840608428162805,0.06376672262981366,0.07602490593407157,0.02390342366032367,0.027618821652443525
C29,C29_mid_life,temperature_noise,46,HDM,0.031596201647579994,0.03482587073588735,0.0011649190837447433,0.0012941164611819508,-0.03043128256383525,-0.0335317542747054
C29,C29_mid_life,temperature_noise,46,HECM,0.02488012414538691,0.029756023915607152,0.022483052731177646,0.023196931044991605,-0.0023970714142092647,-0.006559092870615547
C29,C29_mid_life,temperature_noise,47,DD,0.03946629262038604,0.04809117809074205,0.06344708565277114,0.07570007009262629,0.023980793032385102,0.02760889200188424
C29,C29_mid_life,temperature_noise,47,HDM,0.031642501488765955,0.034880179965816244,0.0011649190837447433,0.0012941164611819508,-0.03047758240502121,-0.03358606350463429
C29,C29_mid_life,temperature_noise,47,HECM,0.024903559037893208,0.029779760920090884,0.022483052731177646,0.023196931044991605,-0.002420506306715562,-0.00658282987509928
C29,C29_mid_life,temperature_noise,48,DD,0.039905728156445795,0.04840091421899334,0.06370880938053244,0.07596695245074321,0.02380308122408665,0.02756603823174987
C29,C29_mid_life,temperature_noise,48,HDM,0.03162538203784014,0.034862385263971,0.0011649190837447433,0.0012941164611819508,-0.030460462954095397,-0.03356826880278905
C29,C29_mid_life,temperature_noise,48,HECM,0.024912919092528543,0.029785135426139503,0.022483052731177646,0.023196931044991605,-0.0024298663613508964,-0.006588204381147898
C29,C29_mid_life,temperature_noise,49,DD,0.039764891419577855,0.048469991046893764,0.06348281407502322,0.0757771555209614,0.023717922655445367,0.027307164474067634
C29,C29_mid_life,temperature_noise,49,HDM,0.0314901566737641,0.03472526497710495,0.0011649190837447433,0.0012941164611819508,-0.030325237590019354,-0.033431148515923
C29,C29_mid_life,temperature_noise,49,HECM,0.02486870408439124,0.02972734954206224,0.022483052731177646,0.023196931044991605,-0.002385651353213593,-0.006530418497070634
C29,C29_mid_life,temperature_noise,50,DD,0.040142620033534825,0.04877533719186513,0.06368364474720692,0.075950874575953,0.023541024713672094,0.027175537384087865
C29,C29_mid_life,temperature_noise,50,HDM,0.03138339659624068,0.03461552002386726,0.0011649190837447433,0.0012941164611819508,-0.03021847751249594,-0.03332140356268531
C29,C29_mid_life,temperature_noise,50,HECM,0.024847589188170333,0.029693662704113763,0.022483052731177646,0.023196931044991605,-0.002364536456992687,-0.006496731659122158
C29,C29_mid_life,temperature_noise,51,DD,0.04005981016500085,0.048651031604627554,0.063753439914794,0.07603130010966506,0.023693629749793152,0.02738026850503751
C29,C29_mid_life,temperature_noise,51,HDM,0.031515354428688594,0.03474131357669551,0.0011649190837447433,0.0012941164611819508,-0.03035043534494385,-0.033447197115513555
C29,C29_mid_life,temperature_noise,51,HECM,0.02485440388858864,0.029722728397826078,0.022483052731177646,0.023196931044991605,-0.0023713511574109947,-0.006525797352834473
C29,C29_mid_life,voltage_noise,42,DD,0.032318368139798125,0.039023980893105964,0.06399436106126384,0.07654976183651696,0.031675992921465716,0.037525780943411
C29,C29_mid_life,voltage_noise,42,HDM,0.036287158956533824,0.039735478298625664,0.0011649190837447433,0.0012941164611819508,-0.035122239872789084,-0.03844136183744371
C29,C29_mid_life,voltage_noise,42,HECM,0.03337743299618535,0.05699217874384531,0.022449629871376924,0.02315784721965121,-0.010927803124808424,-0.0338343315241941
C29,C29_mid_life,voltage_noise,43,DD,0.03230067191030123,0.03892470992678379,0.06404804435843434,0.07658330499150483,0.0317473724481331,0.03765859506472104
C29,C29_mid_life,voltage_noise,43,HDM,0.03632260969920006,0.03977362366154881,0.0011649190837447433,0.0012941164611819508,-0.03515769061545532,-0.03847950720036686
C29,C29_mid_life,voltage_noise,43,HECM,0.03315344814265171,0.05614861002270796,0.02233829866878088,0.02304883625307743,-0.010815149473870831,-0.03309977376963053
C29,C29_mid_life,voltage_noise,44,DD,0.03222141145604092,0.038833068181940385,0.06399752416202957,0.07654724171952228,0.03177611270598865,0.03771417353758189
C29,C29_mid_life,voltage_noise,44,HDM,0.0363430959857482,0.039796702967681445,0.0011649190837447433,0.0012941164611819508,-0.03517817690200346,-0.038502586506499493
C29,C29_mid_life,voltage_noise,44,HECM,0.02713448320243671,0.03287981478126806,0.02227277512612792,0.022987955491492625,-0.004861708076308792,-0.009891859289775432
C29,C29_mid_life,voltage_noise,45,DD,0.03218055390171921,0.038798730736838476,0.06402301077130497,0.0765447014960115,0.03184245686958576,0.03774597075917303
C29,C29_mid_life,voltage_noise,45,HDM,0.03634619373528761,0.0397996438612003,0.0011649190837447433,0.0012941164611819508,-0.03518127465154287,-0.03850552740001835
C29,C29_mid_life,voltage_noise,45,HECM,0.02544037111121451,0.030453948610430645,0.022715706290528725,0.02343419256460969,-0.002724664820685785,-0.007019756045820957
C29,C29_mid_life,voltage_noise,46,DD,0.032536182899066554,0.03915560636437585,0.0641464422258318,0.07664004151319229,0.03161025932676524,0.037484435148816435
C29,C29_mid_life,voltage_noise,46,HDM,0.03623091088377482,0.03967471976161075,0.0011649190837447433,0.0012941164611819508,-0.03506599180003008,-0.0383806033004288
C29,C29_mid_life,voltage_noise,46,HECM,0.025126654582237944,0.03027784891542023,0.02239525388884185,0.023102163973878796,-0.0027314006933960924,-0.007175684941541433
C29,C29_mid_life,voltage_noise,47,DD,0.03232550360724685,0.03886586661201379,0.06406546794116692,0.07655612690693821,0.031739964333920075,0.037690260294924414
C29,C29_mid_life,voltage_noise,47,HDM,0.0363402894097276,0.03979319855778442,0.0011649190837447433,0.0012941164611819508,-0.035175370325982856,-0.038499082096602466
C29,C29_mid_life,voltage_noise,47,HECM,0.026610175871406655,0.031065861698260155,0.022583264352958016,0.023284867712856826,-0.004026911518448639,-0.007780993985403328
C29,C29_mid_life,voltage_noise,48,DD,0.03239995928292446,0.039001401720676246,0.06409305844415418,0.07660047471996767,0.03169309916122972,0.037599072999291425
C29,C29_mid_life,voltage_noise,48,HDM,0.03629393794196821,0.039743609469984814,0.0011649190837447433,0.0012941164611819508,-0.03512901885822347,-0.03844949300880286
C29,C29_mid_life,voltage_noise,48,HECM,0.03204051039489571,0.05430482593313171,0.02265200901156324,0.023391463107297363,-0.009388501383332467,-0.03091336282583435
C29,C29_mid_life,voltage_noise,49,DD,0.03232812458930529,0.03893484362204496,0.06402463565543395,0.0765368256809912,0.03169651106612866,0.037601982058946236
C29,C29_mid_life,voltage_noise,49,HDM,0.036306938332943496,0.03975735061851178,0.0011649190837447433,0.0012941164611819508,-0.035142019249198755,-0.03846323415732983
C29,C29_mid_life,voltage_noise,49,HECM,0.02534052195422477,0.0304939603455723,0.02245041633984508,0.023165052760720277,-0.00289010561437969,-0.0073289075848520235
C29,C29_mid_life,voltage_noise,50,DD,0.032282612954949844,0.03890461021926419,0.06400570673761416,0.07654471752380775,0.031723093782664316,0.037640107304543556
C29,C29_mid_life,voltage_noise,50,HDM,0.036310029709994425,0.039759954840326225,0.0011649190837447433,0.0012941164611819508,-0.035145110626249684,-0.038465838379144274
C29,C29_mid_life,voltage_noise,50,HECM,0.025310388407273027,0.030189422757464873,0.022110738894325344,0.022825819116016437,-0.003199649512947683,-0.007363603641448436
C29,C29_mid_life,voltage_noise,51,DD,0.03247464035735185,0.03909725826689393,0.06409051716977378,0.07660875468604852,0.03161587681242193,0.03751149641915459
C29,C29_mid_life,voltage_noise,51,HDM,0.03627839836630685,0.03972642209639558,0.0011649190837447433,0.0012941164611819508,-0.03511347928256211,-0.03843230563521363
C29,C29_mid_life,voltage_noise,51,HECM,0.03274788922781763,0.05564769235579468,0.02267707091780061,0.02338613445017135,-0.010070818310017018,-0.03226155790562332
