"Task","WeightAccuracy","WeightFlash","WeightRAM","WeightEnergy","UBase","UPruned","UQuantized","Winner"
"SOC","0","0","0","1","1","0.57129403707033088","4.9864589130031529","Pruned"
"SOC","0","0","0.050000000000000003","0.94999999999999996","1","0.58360154617016113","4.7772982391582692","Pruned"
"SOC","0","0","0.10000000000000001","0.90000000000000002","1","0.59590905526999149","4.5681375653133856","Pruned"
"SOC","0","0","0.14999999999999999","0.84999999999999998","1","0.60821656436982174","4.3589768914685019","Pruned"
"SOC","0","0","0.20000000000000001","0.80000000000000004","1","0.62052407346965222","4.1498162176236182","Pruned"
"SOC","0","0","0.25","0.75","1","0.63283158256948235","3.9406555437787341","Pruned"
"SOC","0","0","0.29999999999999999","0.69999999999999996","1","0.64513909166931271","3.7314948699338495","Pruned"
"SOC","0","0","0.34999999999999998","0.65000000000000002","1","0.65744660076914307","3.5223341960889663","Pruned"
"SOC","0","0","0.40000000000000002","0.59999999999999998","1","0.66975410986897344","3.3131735222440821","Pruned"
"SOC","0","0","0.45000000000000001","0.55000000000000004","1","0.6820616189688038","3.1040128483991989","Pruned"
"SOC","0","0","0.5","0.5","1","0.69436912806863405","2.8948521745543148","Pruned"
"SOC","0","0","0.55000000000000004","0.45000000000000001","1","0.70667663716846441","2.6856915007094311","Pruned"
"SOC","0","0","0.59999999999999998","0.40000000000000002","1","0.71898414626829465","2.4765308268645474","Pruned"
"SOC","0","0","0.65000000000000002","0.34999999999999998","1","0.73129165536812502","2.2673701530196633","Pruned"
"SOC","0","0","0.69999999999999996","0.29999999999999999","1","0.74359916446795526","2.0582094791747796","Pruned"
"SOC","0","0","0.75","0.25","1","0.75590667356778551","1.8490488053298957","Pruned"
"SOC","0","0","0.80000000000000004","0.20000000000000001","1","0.76821418266761587","1.6398881314850122","Pruned"
"SOC","0","0","0.84999999999999998","0.14999999999999999","1","0.78052169176744624","1.4307274576401281","Pruned"
"SOC","0","0","0.90000000000000002","0.10000000000000001","1","0.7928292008672766","1.2215667837952444","Pruned"
"SOC","0","0","0.94999999999999996","0.050000000000000003","1","0.80513670996710685","1.0124061099503605","Pruned"
"SOC","0","0","1","0","1","0.81744421906693721","0.80324543610547672","Quantized"
"SOC","0","0.050000000000000003","0","0.94999999999999996","1","0.57229162158217706","4.7620505134980773","Pruned"
"SOC","0","0.050000000000000003","0.050000000000000003","0.90000000000000002","1","0.58459913068200731","4.5528898396531936","Pruned"
"SOC","0","0.050000000000000003","0.10000000000000001","0.84999999999999998","1","0.59690663978183767","4.3437291658083099","Pruned"
"SOC","0","0.050000000000000003","0.14999999999999999","0.80000000000000004","1","0.60921414888166803","4.1345684919634262","Pruned"
"SOC","0","0.050000000000000003","0.20000000000000001","0.75","1","0.62152165798149817","3.9254078181185417","Pruned"
"SOC","0","0.050000000000000003","0.25","0.69999999999999996","1","0.63382916708132853","3.7162471442736575","Pruned"
"SOC","0","0.050000000000000003","0.29999999999999999","0.65000000000000002","1","0.64613667618115889","3.5070864704287743","Pruned"
"SOC","0","0.050000000000000003","0.34999999999999998","0.59999999999999998","1","0.65844418528098925","3.2979257965838902","Pruned"
"SOC","0","0.050000000000000003","0.40000000000000002","0.55000000000000004","1","0.67075169438081961","3.0887651227390069","Pruned"
"SOC","0","0.050000000000000003","0.45000000000000001","0.5","1","0.68305920348064997","2.8796044488941228","Pruned"
"SOC","0","0.050000000000000003","0.5","0.45000000000000001","1","0.69536671258048022","2.6704437750492387","Pruned"
"SOC","0","0.050000000000000003","0.55000000000000004","0.40000000000000002","1","0.70767422168031069","2.461283101204355","Pruned"
"SOC","0","0.050000000000000003","0.59999999999999998","0.34999999999999998","1","0.71998173078014083","2.2521224273594709","Pruned"
"SOC","0","0.050000000000000003","0.65000000000000002","0.29999999999999999","1","0.73228923987997119","2.0429617535145872","Pruned"
"SOC","0","0.050000000000000003","0.69999999999999996","0.25","1","0.74459674897980144","1.8338010796697035","Pruned"
"SOC","0","0.050000000000000003","0.75","0.20000000000000001","1","0.75690425807963169","1.6246404058248198","Pruned"
"SOC","0","0.050000000000000003","0.80000000000000004","0.14999999999999999","1","0.76921176717946205","1.4154797319799362","Pruned"
"SOC","0","0.050000000000000003","0.84999999999999998","0.10000000000000001","1","0.78151927627929241","1.2063190581350522","Pruned"
"SOC","0","0.050000000000000003","0.90000000000000002","0.050000000000000003","1","0.79382678537912277","0.99715838429016845","Pruned"
"SOC","0","0.050000000000000003","0.94999999999999996","0","1","0.80613429447895302","0.78799771044528455","Quantized"
"SOC","0","0.10000000000000001","0","0.90000000000000002","1","0.57328920609402323","4.5376421139930008","Pruned"
"SOC","0","0.10000000000000001","0.050000000000000003","0.84999999999999998","1","0.58559671519385348","4.3284814401481171","Pruned"
"SOC","0","0.10000000000000001","0.10000000000000001","0.80000000000000004","1","0.59790422429368384","4.1193207663032334","Pruned"
"SOC","0","0.10000000000000001","0.14999999999999999","0.75","1","0.61021173339351409","3.9101600924583497","Pruned"
"SOC","0","0.10000000000000001","0.20000000000000001","0.69999999999999996","1","0.62251924249334445","3.7009994186134652","Pruned"
"SOC","0","0.10000000000000001","0.25","0.65000000000000002","1","0.63482675159317481","3.4918387447685819","Pruned"
"SOC","0","0.10000000000000001","0.29999999999999999","0.59999999999999998","1","0.64713426069300506","3.2826780709236978","Pruned"
"SOC","0","0.10000000000000001","0.34999999999999998","0.55000000000000004","1","0.65944176979283542","3.0735173970788146","Pruned"
"SOC","0","0.10000000000000001","0.40000000000000002","0.5","1","0.67174927889266578","2.8643567232339304","Pruned"
"SOC","0","0.10000000000000001","0.45000000000000001","0.45000000000000001","1","0.68405678799249603","2.6551960493890467","Pruned"
"SOC","0","0.10000000000000001","0.5","0.40000000000000002","1","0.69636429709232639","2.4460353755441631","Pruned"
"SOC","0","0.10000000000000001","0.55000000000000004","0.34999999999999998","1","0.70867180619215675","2.2368747016992789","Pruned"
"SOC","0","0.10000000000000001","0.59999999999999998","0.29999999999999999","1","0.720979315291987","2.0277140278543953","Pruned"
"SOC","0","0.10000000000000001","0.65000000000000002","0.25","1","0.73328682439181736","1.8185533540095113","Pruned"
"SOC","0","0.10000000000000001","0.69999999999999996","0.20000000000000001","1","0.74559433349164772","1.6093926801646277","Pruned"
"SOC","0","0.10000000000000001","0.75","0.14999999999999999","1","0.75790184259147786","1.4002320063197438","Pruned"
"SOC","0","0.10000000000000001","0.80000000000000004","0.10000000000000001","1","0.77020935169130833","1.1910713324748601","Pruned"
"SOC","0","0.10000000000000001","0.84999999999999998","0.050000000000000003","1","0.78251686079113858","0.98191065862997617","Pruned"
"SOC","0","0.10000000000000001","0.90000000000000002","0","1","0.79482436989096894","0.77274998478509238","Quantized"
"SOC","0","0.14999999999999999","0","0.84999999999999998","1","0.57428679060586929","4.3132337144879251","Pruned"
"SOC","0","0.14999999999999999","0.050000000000000003","0.80000000000000004","1","0.58659429970569976","4.1040730406430415","Pruned"
"SOC","0","0.14999999999999999","0.10000000000000001","0.75","1","0.5989018088055299","3.8949123667981573","Pruned"
"SOC","0","0.14999999999999999","0.14999999999999999","0.69999999999999996","1","0.61120931790536026","3.6857516929532732","Pruned"
"SOC","0","0.14999999999999999","0.20000000000000001","0.65000000000000002","1","0.62351682700519062","3.47659101910839","Pruned"
"SOC","0","0.14999999999999999","0.25","0.59999999999999998","1","0.63582433610502087","3.2674303452635058","Pruned"
"SOC","0","0.14999999999999999","0.29999999999999999","0.55000000000000004","1","0.64813184520485123","3.0582696714186226","Pruned"
"SOC","0","0.14999999999999999","0.34999999999999998","0.5","1","0.66043935430468159","2.8491089975737385","Pruned"
"SOC","0","0.14999999999999999","0.40000000000000002","0.45000000000000001","1","0.67274686340451195","2.6399483237288548","Pruned"
"SOC","0","0.14999999999999999","0.45000000000000001","0.40000000000000002","1","0.6850543725043422","2.4307876498839707","Pruned"
"SOC","0","0.14999999999999999","0.5","0.34999999999999998","1","0.69736188160417256","2.2216269760390865","Pruned"
"SOC","0","0.14999999999999999","0.55000000000000004","0.29999999999999999","1","0.70966939070400292","2.0124663021942029","Pruned"
"SOC","0","0.14999999999999999","0.59999999999999998","0.25","1","0.72197689980383317","1.8033056283493192","Pruned"
"SOC","0","0.14999999999999999","0.65000000000000002","0.20000000000000001","1","0.73428440890366353","1.5941449545044355","Pruned"
"SOC","0","0.14999999999999999","0.69999999999999996","0.14999999999999999","1","0.74659191800349367","1.3849842806595516","Pruned"
"SOC","0","0.14999999999999999","0.75","0.10000000000000001","1","0.75889942710332403","1.1758236068146677","Pruned"
"SOC","0","0.14999999999999999","0.80000000000000004","0.050000000000000003","1","0.77120693620315439","0.96666293296978412","Pruned"
"SOC","0","0.14999999999999999","0.84999999999999998","0","1","0.78351444530298464","0.75750225912490021","Quantized"
"SOC","0","0.20000000000000001","0","0.80000000000000004","1","0.57528437511771557","4.0888253149828495","Pruned"
"SOC","0","0.20000000000000001","0.050000000000000003","0.75","1","0.58759188421754582","3.8796646411379649","Pruned"
"SOC","0","0.20000000000000001","0.10000000000000001","0.69999999999999996","1","0.59989939331737618","3.6705039672930808","Pruned"
"SOC","0","0.20000000000000001","0.14999999999999999","0.65000000000000002","1","0.61220690241720654","3.4613432934481976","Pruned"
"SOC","0","0.20000000000000001","0.20000000000000001","0.59999999999999998","1","0.62451441151703679","3.2521826196033135","Pruned"
"SOC","0","0.20000000000000001","0.25","0.55000000000000004","1","0.63682192061686715","3.0430219457584302","Pruned"
"SOC","0","0.20000000000000001","0.29999999999999999","0.5","1","0.6491294297166974","2.8338612719135461","Pruned"
"SOC","0","0.20000000000000001","0.34999999999999998","0.45000000000000001","1","0.66143693881652776","2.6247005980686624","Pruned"
"SOC","0","0.20000000000000001","0.40000000000000002","0.40000000000000002","1","0.67374444791635812","2.4155399242237787","Pruned"
"SOC","0","0.20000000000000001","0.45000000000000001","0.34999999999999998","1","0.68605195701618837","2.2063792503788946","Pruned"
"SOC","0","0.20000000000000001","0.5","0.29999999999999999","1","0.69835946611601873","1.9972185765340109","Pruned"
"SOC","0","0.20000000000000001","0.55000000000000004","0.25","1","0.71066697521584909","1.788057902689127","Pruned"
"SOC","0","0.20000000000000001","0.59999999999999998","0.20000000000000001","1","0.72297448431567934","1.5788972288442433","Pruned"
"SOC","0","0.20000000000000001","0.65000000000000002","0.14999999999999999","1","0.7352819934155097","1.3697365549993594","Pruned"
"SOC","0","0.20000000000000001","0.69999999999999996","0.10000000000000001","1","0.74758950251533995","1.1605758811544757","Pruned"
"SOC","0","0.20000000000000001","0.75","0.050000000000000003","1","0.7598970116151702","0.95141520730959173","Pruned"
"SOC","0","0.20000000000000001","0.80000000000000004","0","1","0.77220452071500056","0.74225453346470804","Quantized"
"SOC","0","0.25","0","0.75","1","0.57628195962956164","3.864416915477773","Pruned"
"SOC","0","0.25","0.050000000000000003","0.69999999999999996","1","0.588589468729392","3.6552562416328889","Pruned"
"SOC","0","0.25","0.10000000000000001","0.65000000000000002","1","0.60089697782922236","3.4460955677880056","Pruned"
"SOC","0","0.25","0.14999999999999999","0.59999999999999998","1","0.61320448692905261","3.2369348939431215","Pruned"
"SOC","0","0.25","0.20000000000000001","0.55000000000000004","1","0.62551199602888297","3.0277742200982383","Pruned"
"SOC","0","0.25","0.25","0.5","1","0.63781950512871322","2.8186135462533537","Pruned"
"SOC","0","0.25","0.29999999999999999","0.45000000000000001","1","0.65012701422854358","2.60945287240847","Pruned"
"SOC","0","0.25","0.34999999999999998","0.40000000000000002","1","0.66243452332837394","2.4002921985635863","Pruned"
"SOC","0","0.25","0.40000000000000002","0.34999999999999998","1","0.67474203242820419","2.1911315247187022","Pruned"
"SOC","0","0.25","0.45000000000000001","0.29999999999999999","1","0.68704954152803455","1.9819708508738185","Pruned"
"SOC","0","0.25","0.5","0.25","1","0.6993570506278648","1.7728101770289348","Pruned"
"SOC","0","0.25","0.55000000000000004","0.20000000000000001","1","0.71166455972769516","1.5636495031840512","Pruned"
"SOC","0","0.25","0.59999999999999998","0.14999999999999999","1","0.72397206882752552","1.354488829339167","Pruned"
"SOC","0","0.25","0.65000000000000002","0.10000000000000001","1","0.73627957792735588","1.1453281554942834","Pruned"
"SOC","0","0.25","0.69999999999999996","0.050000000000000003","1","0.74858708702718613","0.93616748164939967","Pruned"
"SOC","0","0.25","0.75","0","1","0.76089459612701638","0.72700680780451576","Quantized"
"SOC","0","0.29999999999999999","0","0.69999999999999996","1","0.57727954414140781","3.6400085159726965","Pruned"
"SOC","0","0.29999999999999999","0.050000000000000003","0.65000000000000002","1","0.58958705324123817","3.4308478421278132","Pruned"
"SOC","0","0.29999999999999999","0.10000000000000001","0.59999999999999998","1","0.60189456234106853","3.2216871682829291","Pruned"
"SOC","0","0.29999999999999999","0.14999999999999999","0.55000000000000004","1","0.61420207144089889","3.0125264944380459","Pruned"
"SOC","0","0.29999999999999999","0.20000000000000001","0.5","1","0.62650958054072903","2.8033658205931618","Pruned"
"SOC","0","0.29999999999999999","0.25","0.45000000000000001","1","0.63881708964055939","2.5942051467482781","Pruned"
"SOC","0","0.29999999999999999","0.29999999999999999","0.40000000000000002","1","0.65112459874038975","2.3850444729033944","Pruned"
"SOC","0","0.29999999999999999","0.34999999999999998","0.34999999999999998","1","0.66343210784022","2.1758837990585103","Pruned"
"SOC","0","0.29999999999999999","0.40000000000000002","0.29999999999999999","1","0.67573961694005036","1.9667231252136266","Pruned"
"SOC","0","0.29999999999999999","0.45000000000000001","0.25","1","0.68804712603988061","1.7575624513687427","Pruned"
"SOC","0","0.29999999999999999","0.5","0.20000000000000001","1","0.70035463513971097","1.548401777523859","Pruned"
"SOC","0","0.29999999999999999","0.55000000000000004","0.14999999999999999","1","0.71266214423954133","1.3392411036789751","Pruned"
"SOC","0","0.29999999999999999","0.59999999999999998","0.10000000000000001","1","0.72496965333937169","1.1300804298340914","Pruned"
"SOC","0","0.29999999999999999","0.65000000000000002","0.050000000000000003","1","0.73727716243920194","0.92091975598920739","Pruned"
"SOC","0","0.29999999999999999","0.69999999999999996","0","1","0.74958467153903219","0.7117590821443236","Quantized"
"SOC","0","0.34999999999999998","0","0.65000000000000002","1","0.57827712865325398","3.4156001164676213","Pruned"
"SOC","0","0.34999999999999998","0.050000000000000003","0.59999999999999998","1","0.59058463775308434","3.2064394426227372","Pruned"
"SOC","0","0.34999999999999998","0.10000000000000001","0.55000000000000004","1","0.6028921468529147","2.9972787687778535","Pruned"
"SOC","0","0.34999999999999998","0.14999999999999999","0.5","1","0.61519965595274495","2.7881180949329694","Pruned"
"SOC","0","0.34999999999999998","0.20000000000000001","0.45000000000000001","1","0.6275071650525752","2.5789574210880857","Pruned"
"SOC","0","0.34999999999999998","0.25","0.40000000000000002","1","0.63981467415240556","2.369796747243202","Pruned"
"SOC","0","0.34999999999999998","0.29999999999999999","0.34999999999999998","1","0.65212218325223592","2.1606360733983179","Pruned"
"SOC","0","0.34999999999999998","0.34999999999999998","0.29999999999999999","1","0.66442969235206617","1.9514753995534342","Pruned"
"SOC","0","0.34999999999999998","0.40000000000000002","0.25","1","0.67673720145189653","1.7423147257085505","Pruned"
"SOC","0","0.34999999999999998","0.45000000000000001","0.20000000000000001","1","0.68904471055172678","1.5331540518636668","Pruned"
"SOC","0","0.34999999999999998","0.5","0.14999999999999999","1","0.70135221965155714","1.3239933780187827","Pruned"
"SOC","0","0.34999999999999998","0.55000000000000004","0.10000000000000001","1","0.71365972875138761","1.114832704173899","Pruned"
"SOC","0","0.34999999999999998","0.59999999999999998","0.050000000000000003","1","0.72596723785121786","0.90567203032901522","Pruned"
"SOC","0","0.34999999999999998","0.65000000000000002","0","1","0.73827474695104811","0.69651135648413143","Quantized"
"SOC","0","0.40000000000000002","0","0.59999999999999998","1","0.57927471316510015","3.1911917169625448","Pruned"
"SOC","0","0.40000000000000002","0.050000000000000003","0.55000000000000004","1","0.59158222226493051","2.9820310431176615","Pruned"
"SOC","0","0.40000000000000002","0.10000000000000001","0.5","1","0.60388973136476087","2.7728703692727774","Pruned"
"SOC","0","0.40000000000000002","0.14999999999999999","0.45000000000000001","1","0.61619724046459112","2.5637096954278937","Pruned"
"SOC","0","0.40000000000000002","0.20000000000000001","0.40000000000000002","1","0.62850474956442148","2.35454902158301","Pruned"
"SOC","0","0.40000000000000002","0.25","0.34999999999999998","1","0.64081225866425173","2.1453883477381259","Pruned"
"SOC","0","0.40000000000000002","0.29999999999999999","0.29999999999999999","1","0.65311976776408209","1.936227673893242","Pruned"
"SOC","0","0.40000000000000002","0.34999999999999998","0.25","1","0.66542727686391234","1.7270670000483583","Pruned"
"SOC","0","0.40000000000000002","0.40000000000000002","0.20000000000000001","1","0.67773478596374281","1.5179063262034747","Pruned"
"SOC","0","0.40000000000000002","0.45000000000000001","0.14999999999999999","1","0.69004229506357295","1.3087456523585907","Pruned"
"SOC","0","0.40000000000000002","0.5","0.10000000000000001","1","0.70234980416340342","1.0995849785137071","Pruned"
"SOC","0","0.40000000000000002","0.55000000000000004","0.050000000000000003","1","0.71465731326323378","0.89042430466882305","Pruned"
"SOC","0","0.40000000000000002","0.59999999999999998","0","1","0.72696482236306403","0.68126363082393926","Quantized"
"SOC","0","0.45000000000000001","0","0.55000000000000004","1","0.58027229767694632","2.9667833174574696","Pruned"
"SOC","0","0.45000000000000001","0.050000000000000003","0.5","1","0.59257980677677669","2.757622643612585","Pruned"
"SOC","0","0.45000000000000001","0.10000000000000001","0.45000000000000001","1","0.60488731587660705","2.5484619697677013","Pruned"
"SOC","0","0.45000000000000001","0.14999999999999999","0.40000000000000002","1","0.61719482497643741","2.3393012959228177","Pruned"
"SOC","0","0.45000000000000001","0.20000000000000001","0.34999999999999998","1","0.62950233407626766","2.1301406220779335","Pruned"
"SOC","0","0.45000000000000001","0.25","0.29999999999999999","1","0.64180984317609791","1.9209799482330498","Pruned"
"SOC","0","0.45000000000000001","0.29999999999999999","0.25","1","0.65411735227592827","1.7118192743881662","Pruned"
"SOC","0","0.45000000000000001","0.34999999999999998","0.20000000000000001","1","0.66642486137575863","1.5026586005432825","Pruned"
"SOC","0","0.45000000000000001","0.40000000000000002","0.14999999999999999","1","0.67873237047558876","1.2934979266983986","Pruned"
"SOC","0","0.45000000000000001","0.45000000000000001","0.10000000000000001","1","0.69103987957541924","1.0843372528535147","Pruned"
"SOC","0","0.45000000000000001","0.5","0.050000000000000003","1","0.7033473886752496","0.87517657900863088","Pruned"
"SOC","0","0.45000000000000001","0.55000000000000004","0","1","0.71565489777507985","0.66601590516374709","Quantized"
"SOC","0","0.5","0","0.5","1","0.5812698821887925","2.7423749179523931","Pruned"
"SOC","0","0.5","0.050000000000000003","0.45000000000000001","1","0.59357739128862286","2.5332142441075094","Pruned"
"SOC","0","0.5","0.10000000000000001","0.40000000000000002","1","0.60588490038845322","2.3240535702626257","Pruned"
"SOC","0","0.5","0.14999999999999999","0.34999999999999998","1","0.61819240948828347","2.1148928964177416","Pruned"
"SOC","0","0.5","0.20000000000000001","0.29999999999999999","1","0.63049991858811372","1.9057322225728577","Pruned"
"SOC","0","0.5","0.25","0.25","1","0.64280742768794408","1.696571548727974","Pruned"
"SOC","0","0.5","0.29999999999999999","0.20000000000000001","1","0.65511493678777444","1.4874108748830901","Pruned"
"SOC","0","0.5","0.34999999999999998","0.14999999999999999","1","0.66742244588760458","1.2782502010382064","Pruned"
"SOC","0","0.5","0.40000000000000002","0.10000000000000001","1","0.67972995498743505","1.0690895271933227","Pruned"
"SOC","0","0.5","0.45000000000000001","0.050000000000000003","1","0.69203746408726541","0.85992885334843872","Pruned"
"SOC","0","0.5","0.5","0","1","0.70434497318709566","0.65076817950355492","Quantized"
"SOC","0","0.55000000000000004","0","0.45000000000000001","1","0.58226746670063867","2.517966518447317","Pruned"
"SOC","0","0.55000000000000004","0.050000000000000003","0.40000000000000002","1","0.59457497580046903","2.3088058446024333","Pruned"
"SOC","0","0.55000000000000004","0.10000000000000001","0.34999999999999998","1","0.60688248490029939","2.0996451707575492","Pruned"
"SOC","0","0.55000000000000004","0.14999999999999999","0.29999999999999999","1","0.61918999400012975","1.8904844969126655","Pruned"
"SOC","0","0.55000000000000004","0.20000000000000001","0.25","1","0.63149750309996","1.6813238230677818","Pruned"
"SOC","0","0.55000000000000004","0.25","0.20000000000000001","1","0.64380501219979025","1.4721631492228981","Pruned"
"SOC","0","0.55000000000000004","0.29999999999999999","0.14999999999999999","1","0.65611252129962061","1.263002475378014","Pruned"
"SOC","0","0.55000000000000004","0.34999999999999998","0.10000000000000001","1","0.66842003039945097","1.0538418015331303","Pruned"
"SOC","0","0.55000000000000004","0.40000000000000002","0.050000000000000003","1","0.68072753949928122","0.84468112768824655","Pruned"
"SOC","0","0.55000000000000004","0.45000000000000001","0","1","0.69303504859911158","0.63552045384336275","Quantized"
"SOC","0","0.59999999999999998","0","0.40000000000000002","1","0.58326505121248484","2.2935581189422414","Pruned"
"SOC","0","0.59999999999999998","0.050000000000000003","0.34999999999999998","1","0.59557256031231509","2.0843974450973572","Pruned"
"SOC","0","0.59999999999999998","0.10000000000000001","0.29999999999999999","1","0.60788006941214545","1.8752367712524733","Pruned"
"SOC","0","0.59999999999999998","0.14999999999999999","0.25","1","0.62018757851197581","1.6660760974075897","Pruned"
"SOC","0","0.59999999999999998","0.20000000000000001","0.20000000000000001","1","0.63249508761180606","1.4569154235627058","Pruned"
"SOC","0","0.59999999999999998","0.25","0.14999999999999999","1","0.64480259671163642","1.2477547497178221","Pruned"
"SOC","0","0.59999999999999998","0.29999999999999999","0.10000000000000001","1","0.65711010581146678","1.0385940758729382","Pruned"
"SOC","0","0.59999999999999998","0.34999999999999998","0.050000000000000003","1","0.66941761491129703","0.82943340202805438","Pruned"
"SOC","0","0.59999999999999998","0.40000000000000002","0","1","0.68172512401112728","0.62027272818317059","Quantized"
"SOC","0","0.65000000000000002","0","0.34999999999999998","1","0.58426263572433101","2.0691497194371649","Pruned"
"SOC","0","0.65000000000000002","0.050000000000000003","0.29999999999999999","1","0.59657014482416137","1.8599890455922812","Pruned"
"SOC","0","0.65000000000000002","0.10000000000000001","0.25","1","0.60887765392399162","1.6508283717473975","Pruned"
"SOC","0","0.65000000000000002","0.14999999999999999","0.20000000000000001","1","0.62118516302382187","1.4416676979025138","Pruned"
"SOC","0","0.65000000000000002","0.20000000000000001","0.14999999999999999","1","0.63349267212365223","1.2325070240576297","Pruned"
"SOC","0","0.65000000000000002","0.25","0.10000000000000001","1","0.64580018122348259","1.023346350212746","Pruned"
"SOC","0","0.65000000000000002","0.29999999999999999","0.050000000000000003","1","0.65810769032331295","0.81418567636786221","Pruned"
"SOC","0","0.65000000000000002","0.34999999999999998","0","1","0.6704151994231432","0.60502500252297842","Quantized"
"SOC","0","0.69999999999999996","0","0.29999999999999999","1","0.58526022023617719","1.844741319932089","Pruned"
"SOC","0","0.69999999999999996","0.050000000000000003","0.25","1","0.59756772933600744","1.6355806460872051","Pruned"
"SOC","0","0.69999999999999996","0.10000000000000001","0.20000000000000001","1","0.6098752384358378","1.4264199722423214","Pruned"
"SOC","0","0.69999999999999996","0.14999999999999999","0.14999999999999999","1","0.62218274753566805","1.2172592983974375","Pruned"
"SOC","0","0.69999999999999996","0.20000000000000001","0.10000000000000001","1","0.63449025663549841","1.0080986245525538","Pruned"
"SOC","0","0.69999999999999996","0.25","0.050000000000000003","1","0.64679776573532877","0.79893795070767004","Pruned"
"SOC","0","0.69999999999999996","0.29999999999999999","0","1","0.65910527483515902","0.58977727686278614","Quantized"
"SOC","0","0.75","0","0.25","1","0.58625780474802336","1.6203329204270132","Pruned"
"SOC","0","0.75","0.050000000000000003","0.20000000000000001","1","0.59856531384785372","1.4111722465821295","Pruned"
"SOC","0","0.75","0.10000000000000001","0.14999999999999999","1","0.61087282294768386","1.2020115727372453","Pruned"
"SOC","0","0.75","0.14999999999999999","0.10000000000000001","1","0.62318033204751433","0.99285089889236167","Pruned"
"SOC","0","0.75","0.20000000000000001","0.050000000000000003","1","0.63548784114734458","0.78369022504747787","Pruned"
"SOC","0","0.75","0.25","0","1","0.64779535024717494","0.57452955120259408","Quantized"
"SOC","0","0.80000000000000004","0","0.20000000000000001","1","0.58725538925986953","1.3959245209219371","Pruned"
"SOC","0","0.80000000000000004","0.050000000000000003","0.14999999999999999","1","0.59956289835969989","1.1867638470770532","Pruned"
"SOC","0","0.80000000000000004","0.10000000000000001","0.10000000000000001","1","0.61187040745953014","0.9776031732321695","Pruned"
"SOC","0","0.80000000000000004","0.14999999999999999","0.050000000000000003","1","0.6241779165593605","0.7684424993872857","Pruned"
"SOC","0","0.80000000000000004","0.20000000000000001","0","1","0.63648542565919075","0.55928182554240191","Quantized"
"SOC","0","0.84999999999999998","0","0.14999999999999999","1","0.5882529737717157","1.171516121416861","Pruned"
"SOC","0","0.84999999999999998","0.050000000000000003","0.10000000000000001","1","0.60056048287154595","0.96235544757197733","Pruned"
"SOC","0","0.84999999999999998","0.10000000000000001","0.050000000000000003","1","0.61286799197137631","0.75319477372709354","Pruned"
"SOC","0","0.84999999999999998","0.14999999999999999","0","1","0.62517550107120656","0.54403409988220963","Quantized"
"SOC","0","0.90000000000000002","0","0.10000000000000001","1","0.58925055828356188","0.94710772191178516","Pruned"
"SOC","0","0.90000000000000002","0.050000000000000003","0.050000000000000003","1","0.60155806738339213","0.73794704806690126","Pruned"
"SOC","0","0.90000000000000002","0.10000000000000001","0","1","0.61386557648322249","0.52878637422201746","Quantized"
"SOC","0","0.94999999999999996","0","0.050000000000000003","1","0.59024814279540794","0.72269932240670909","Pruned"
"SOC","0","0.94999999999999996","0.050000000000000003","0","1","0.60255565189523819","0.51353864856182529","Quantized"
"SOC","0","1","0","0","1","0.59124572730725411","0.49829092290163313","Quantized"
"SOC","0.050000000000000003","0","0","0.94999999999999996","1","0.586274674847301","4.789122255674914","Pruned"
"SOC","0.050000000000000003","0","0.050000000000000003","0.90000000000000002","1","0.59858218394713125","4.5799615818300303","Pruned"
"SOC","0.050000000000000003","0","0.10000000000000001","0.84999999999999998","1","0.61088969304696161","4.3708009079851466","Pruned"
"SOC","0.050000000000000003","0","0.14999999999999999","0.80000000000000004","1","0.62319720214679197","4.161640234140263","Pruned"
"SOC","0.050000000000000003","0","0.20000000000000001","0.75","1","0.63550471124662211","3.9524795602953788","Pruned"
"SOC","0.050000000000000003","0","0.25","0.69999999999999996","1","0.64781222034645247","3.7433188864504947","Pruned"
"SOC","0.050000000000000003","0","0.29999999999999999","0.65000000000000002","1","0.66011972944628283","3.534158212605611","Pruned"
"SOC","0.050000000000000003","0","0.34999999999999998","0.59999999999999998","1","0.67242723854611319","3.3249975387607269","Pruned"
"SOC","0.050000000000000003","0","0.40000000000000002","0.55000000000000004","1","0.68473474764594355","3.1158368649158437","Pruned"
"SOC","0.050000000000000003","0","0.45000000000000001","0.5","1","0.6970422567457738","2.9066761910709595","Pruned"
"SOC","0.050000000000000003","0","0.5","0.45000000000000001","1","0.70934976584560405","2.6975155172260759","Pruned"
"SOC","0.050000000000000003","0","0.55000000000000004","0.40000000000000002","1","0.72165727494543452","2.4883548433811922","Pruned"
"SOC","0.050000000000000003","0","0.59999999999999998","0.34999999999999998","1","0.73396478404526477","2.279194169536308","Pruned"
"SOC","0.050000000000000003","0","0.65000000000000002","0.29999999999999999","1","0.74627229314509513","2.0700334956914244","Pruned"
"SOC","0.050000000000000003","0","0.69999999999999996","0.25","1","0.75857980224492538","1.8608728218465407","Pruned"
"SOC","0.050000000000000003","0","0.75","0.20000000000000001","1","0.77088731134475563","1.6517121480016568","Pruned"
"SOC","0.050000000000000003","0","0.80000000000000004","0.14999999999999999","1","0.78319482044458599","1.4425514741567729","Pruned"
"SOC","0.050000000000000003","0","0.84999999999999998","0.10000000000000001","1","0.79550232954441635","1.2333908003118892","Pruned"
"SOC","0.050000000000000003","0","0.90000000000000002","0.050000000000000003","1","0.80780983864424671","1.0242301264670055","Pruned"
"SOC","0.050000000000000003","0","0.94999999999999996","0","1","0.82011734774407696","0.81506945262212149","Quantized"
"SOC","0.050000000000000003","0.050000000000000003","0","0.90000000000000002","1","0.58727225935914706","4.5647138561698384","Pruned"
"SOC","0.050000000000000003","0.050000000000000003","0.050000000000000003","0.84999999999999998","1","0.59957976845897742","4.3555531823249547","Pruned"
"SOC","0.050000000000000003","0.050000000000000003","0.10000000000000001","0.80000000000000004","1","0.61188727755880779","4.146392508480071","Pruned"
"SOC","0.050000000000000003","0.050000000000000003","0.14999999999999999","0.75","1","0.62419478665863803","3.9372318346351864","Pruned"
"SOC","0.050000000000000003","0.050000000000000003","0.20000000000000001","0.69999999999999996","1","0.63650229575846839","3.7280711607903023","Pruned"
"SOC","0.050000000000000003","0.050000000000000003","0.25","0.65000000000000002","1","0.64880980485829876","3.5189104869454191","Pruned"
"SOC","0.050000000000000003","0.050000000000000003","0.29999999999999999","0.59999999999999998","1","0.661117313958129","3.309749813100535","Pruned"
"SOC","0.050000000000000003","0.050000000000000003","0.34999999999999998","0.55000000000000004","1","0.67342482305795937","3.1005891392556517","Pruned"
"SOC","0.050000000000000003","0.050000000000000003","0.40000000000000002","0.5","1","0.68573233215778973","2.8914284654107676","Pruned"
"SOC","0.050000000000000003","0.050000000000000003","0.45000000000000001","0.45000000000000001","1","0.69803984125761998","2.6822677915658835","Pruned"
"SOC","0.050000000000000003","0.050000000000000003","0.5","0.40000000000000002","1","0.71034735035745034","2.4731071177209998","Pruned"
"SOC","0.050000000000000003","0.050000000000000003","0.55000000000000004","0.34999999999999998","1","0.7226548594572807","2.2639464438761157","Pruned"
"SOC","0.050000000000000003","0.050000000000000003","0.59999999999999998","0.29999999999999999","1","0.73496236855711095","2.054785770031232","Pruned"
"SOC","0.050000000000000003","0.050000000000000003","0.65000000000000002","0.25","1","0.74726987765694131","1.8456250961863483","Pruned"
"SOC","0.050000000000000003","0.050000000000000003","0.69999999999999996","0.20000000000000001","1","0.75957738675677167","1.6364644223414646","Pruned"
"SOC","0.050000000000000003","0.050000000000000003","0.75","0.14999999999999999","1","0.7718848958566018","1.4273037484965805","Pruned"
"SOC","0.050000000000000003","0.050000000000000003","0.80000000000000004","0.10000000000000001","1","0.78419240495643217","1.218143074651697","Pruned"
"SOC","0.050000000000000003","0.050000000000000003","0.84999999999999998","0.050000000000000003","1","0.79649991405626241","1.0089824008068131","Pruned"
"SOC","0.050000000000000003","0.050000000000000003","0.90000000000000002","0","1","0.80880742315609289","0.79982172696192932","Quantized"
"SOC","0.050000000000000003","0.10000000000000001","0","0.84999999999999998","1","0.58826984387099324","4.3403054566647619","Pruned"
"SOC","0.050000000000000003","0.10000000000000001","0.050000000000000003","0.80000000000000004","1","0.60057735297082371","4.1311447828198782","Pruned"
"SOC","0.050000000000000003","0.10000000000000001","0.10000000000000001","0.75","1","0.61288486207065385","3.9219841089749945","Pruned"
"SOC","0.050000000000000003","0.10000000000000001","0.14999999999999999","0.69999999999999996","1","0.62519237117048421","3.7128234351301099","Pruned"
"SOC","0.050000000000000003","0.10000000000000001","0.20000000000000001","0.65000000000000002","1","0.63749988027031457","3.5036627612852267","Pruned"
"SOC","0.050000000000000003","0.10000000000000001","0.25","0.59999999999999998","1","0.64980738937014482","3.2945020874403426","Pruned"
"SOC","0.050000000000000003","0.10000000000000001","0.29999999999999999","0.55000000000000004","1","0.66211489846997518","3.0853414135954593","Pruned"
"SOC","0.050000000000000003","0.10000000000000001","0.34999999999999998","0.5","1","0.67442240756980554","2.8761807397505752","Pruned"
"SOC","0.050000000000000003","0.10000000000000001","0.40000000000000002","0.45000000000000001","1","0.6867299166696359","2.6670200659056915","Pruned"
"SOC","0.050000000000000003","0.10000000000000001","0.45000000000000001","0.40000000000000002","1","0.69903742576946615","2.4578593920608078","Pruned"
"SOC","0.050000000000000003","0.10000000000000001","0.5","0.34999999999999998","1","0.71134493486929651","2.2486987182159237","Pruned"
"SOC","0.050000000000000003","0.10000000000000001","0.55000000000000004","0.29999999999999999","1","0.72365244396912687","2.03953804437104","Pruned"
"SOC","0.050000000000000003","0.10000000000000001","0.59999999999999998","0.25","1","0.73595995306895712","1.8303773705261561","Pruned"
"SOC","0.050000000000000003","0.10000000000000001","0.65000000000000002","0.20000000000000001","1","0.74826746216878748","1.6212166966812724","Pruned"
"SOC","0.050000000000000003","0.10000000000000001","0.69999999999999996","0.14999999999999999","1","0.76057497126861762","1.4120560228363885","Pruned"
"SOC","0.050000000000000003","0.10000000000000001","0.75","0.10000000000000001","1","0.77288248036844798","1.2028953489915049","Pruned"
"SOC","0.050000000000000003","0.10000000000000001","0.80000000000000004","0.050000000000000003","1","0.78518998946827834","0.99373467514662106","Pruned"
"SOC","0.050000000000000003","0.10000000000000001","0.84999999999999998","0","1","0.79749749856810859","0.78457400130173716","Quantized"
"SOC","0.050000000000000003","0.14999999999999999","0","0.80000000000000004","1","0.58926742838283952","4.1158970571596862","Pruned"
"SOC","0.050000000000000003","0.14999999999999999","0.050000000000000003","0.75","1","0.60157493748266977","3.9067363833148021","Pruned"
"SOC","0.050000000000000003","0.14999999999999999","0.10000000000000001","0.69999999999999996","1","0.61388244658250013","3.697575709469918","Pruned"
"SOC","0.050000000000000003","0.14999999999999999","0.14999999999999999","0.65000000000000002","1","0.62618995568233049","3.4884150356250347","Pruned"
"SOC","0.050000000000000003","0.14999999999999999","0.20000000000000001","0.59999999999999998","1","0.63849746478216074","3.2792543617801506","Pruned"
"SOC","0.050000000000000003","0.14999999999999999","0.25","0.55000000000000004","1","0.65080497388199099","3.0700936879352674","Pruned"
"SOC","0.050000000000000003","0.14999999999999999","0.29999999999999999","0.5","1","0.66311248298182135","2.8609330140903833","Pruned"
"SOC","0.050000000000000003","0.14999999999999999","0.34999999999999998","0.45000000000000001","1","0.67541999208165171","2.6517723402454996","Pruned"
"SOC","0.050000000000000003","0.14999999999999999","0.40000000000000002","0.40000000000000002","1","0.68772750118148207","2.4426116664006159","Pruned"
"SOC","0.050000000000000003","0.14999999999999999","0.45000000000000001","0.34999999999999998","1","0.70003501028131232","2.2334509925557313","Pruned"
"SOC","0.050000000000000003","0.14999999999999999","0.5","0.29999999999999999","1","0.71234251938114268","2.0242903187108476","Pruned"
"SOC","0.050000000000000003","0.14999999999999999","0.55000000000000004","0.25","1","0.72465002848097293","1.815129644865964","Pruned"
"SOC","0.050000000000000003","0.14999999999999999","0.59999999999999998","0.20000000000000001","1","0.73695753758080329","1.6059689710210803","Pruned"
"SOC","0.050000000000000003","0.14999999999999999","0.65000000000000002","0.14999999999999999","1","0.74926504668063365","1.3968082971761961","Pruned"
"SOC","0.050000000000000003","0.14999999999999999","0.69999999999999996","0.10000000000000001","1","0.7615725557804639","1.1876476233313125","Pruned"
"SOC","0.050000000000000003","0.14999999999999999","0.75","0.050000000000000003","1","0.77388006488029415","0.97848694948642867","Pruned"
"SOC","0.050000000000000003","0.14999999999999999","0.80000000000000004","0","1","0.78618757398012451","0.76932627564154499","Quantized"
"SOC","0.050000000000000003","0.20000000000000001","0","0.75","1","0.59026501289468558","3.8914886576546097","Pruned"
"SOC","0.050000000000000003","0.20000000000000001","0.050000000000000003","0.69999999999999996","1","0.60257252199451594","3.6823279838097256","Pruned"
"SOC","0.050000000000000003","0.20000000000000001","0.10000000000000001","0.65000000000000002","1","0.6148800310943463","3.4731673099648424","Pruned"
"SOC","0.050000000000000003","0.20000000000000001","0.14999999999999999","0.59999999999999998","1","0.62718754019417655","3.2640066361199582","Pruned"
"SOC","0.050000000000000003","0.20000000000000001","0.20000000000000001","0.55000000000000004","1","0.63949504929400691","3.054845962275075","Pruned"
"SOC","0.050000000000000003","0.20000000000000001","0.25","0.5","1","0.65180255839383716","2.8456852884301909","Pruned"
"SOC","0.050000000000000003","0.20000000000000001","0.29999999999999999","0.45000000000000001","1","0.66411006749366752","2.6365246145853072","Pruned"
"SOC","0.050000000000000003","0.20000000000000001","0.34999999999999998","0.40000000000000002","1","0.67641757659349788","2.4273639407404235","Pruned"
"SOC","0.050000000000000003","0.20000000000000001","0.40000000000000002","0.34999999999999998","1","0.68872508569332813","2.2182032668955394","Pruned"
"SOC","0.050000000000000003","0.20000000000000001","0.45000000000000001","0.29999999999999999","1","0.70103259479315849","2.0090425930506557","Pruned"
"SOC","0.050000000000000003","0.20000000000000001","0.5","0.25","1","0.71334010389298874","1.7998819192057718","Pruned"
"SOC","0.050000000000000003","0.20000000000000001","0.55000000000000004","0.20000000000000001","1","0.7256476129928191","1.5907212453608881","Pruned"
"SOC","0.050000000000000003","0.20000000000000001","0.59999999999999998","0.14999999999999999","1","0.73795512209264946","1.3815605715160042","Pruned"
"SOC","0.050000000000000003","0.20000000000000001","0.65000000000000002","0.10000000000000001","1","0.75026263119247982","1.1723998976711205","Pruned"
"SOC","0.050000000000000003","0.20000000000000001","0.69999999999999996","0.050000000000000003","1","0.76257014029231007","0.96323922382623661","Pruned"
"SOC","0.050000000000000003","0.20000000000000001","0.75","0","1","0.77487764939214032","0.75407854998135271","Quantized"
"SOC","0.050000000000000003","0.25","0","0.69999999999999996","1","0.59126259740653175","3.6670802581495336","Pruned"
"SOC","0.050000000000000003","0.25","0.050000000000000003","0.65000000000000002","1","0.60357010650636211","3.4579195843046504","Pruned"
"SOC","0.050000000000000003","0.25","0.10000000000000001","0.59999999999999998","1","0.61587761560619247","3.2487589104597663","Pruned"
"SOC","0.050000000000000003","0.25","0.14999999999999999","0.55000000000000004","1","0.62818512470602283","3.039598236614883","Pruned"
"SOC","0.050000000000000003","0.25","0.20000000000000001","0.5","1","0.64049263380585297","2.8304375627699985","Pruned"
"SOC","0.050000000000000003","0.25","0.25","0.45000000000000001","1","0.65280014290568333","2.6212768889251148","Pruned"
"SOC","0.050000000000000003","0.25","0.29999999999999999","0.40000000000000002","1","0.66510765200551369","2.4121162150802311","Pruned"
"SOC","0.050000000000000003","0.25","0.34999999999999998","0.34999999999999998","1","0.67741516110534394","2.202955541235347","Pruned"
"SOC","0.050000000000000003","0.25","0.40000000000000002","0.29999999999999999","1","0.6897226702051743","1.9937948673904633","Pruned"
"SOC","0.050000000000000003","0.25","0.45000000000000001","0.25","1","0.70203017930500455","1.7846341935455796","Pruned"
"SOC","0.050000000000000003","0.25","0.5","0.20000000000000001","1","0.71433768840483491","1.5754735197006959","Pruned"
"SOC","0.050000000000000003","0.25","0.55000000000000004","0.14999999999999999","1","0.72664519750466527","1.366312845855812","Pruned"
"SOC","0.050000000000000003","0.25","0.59999999999999998","0.10000000000000001","1","0.73895270660449563","1.1571521720109281","Pruned"
"SOC","0.050000000000000003","0.25","0.65000000000000002","0.050000000000000003","1","0.75126021570432588","0.94799149816604433","Pruned"
"SOC","0.050000000000000003","0.25","0.69999999999999996","0","1","0.76356772480415613","0.73883082432116054","Quantized"
"SOC","0.050000000000000003","0.29999999999999999","0","0.65000000000000002","1","0.59226018191837793","3.442671858644458","Pruned"
"SOC","0.050000000000000003","0.29999999999999999","0.050000000000000003","0.59999999999999998","1","0.60456769101820829","3.2335111847995739","Pruned"
"SOC","0.050000000000000003","0.29999999999999999","0.10000000000000001","0.55000000000000004","1","0.61687520011803865","3.0243505109546907","Pruned"
"SOC","0.050000000000000003","0.29999999999999999","0.14999999999999999","0.5","1","0.6291827092178689","2.8151898371098065","Pruned"
"SOC","0.050000000000000003","0.29999999999999999","0.20000000000000001","0.45000000000000001","1","0.64149021831769915","2.6060291632649228","Pruned"
"SOC","0.050000000000000003","0.29999999999999999","0.25","0.40000000000000002","1","0.65379772741752951","2.3968684894200392","Pruned"
"SOC","0.050000000000000003","0.29999999999999999","0.29999999999999999","0.34999999999999998","1","0.66610523651735987","2.187707815575155","Pruned"
"SOC","0.050000000000000003","0.29999999999999999","0.34999999999999998","0.29999999999999999","1","0.67841274561719012","1.9785471417302711","Pruned"
"SOC","0.050000000000000003","0.29999999999999999","0.40000000000000002","0.25","1","0.69072025471702048","1.7693864678853874","Pruned"
"SOC","0.050000000000000003","0.29999999999999999","0.45000000000000001","0.20000000000000001","1","0.70302776381685073","1.5602257940405038","Pruned"
"SOC","0.050000000000000003","0.29999999999999999","0.5","0.14999999999999999","1","0.71533527291668109","1.3510651201956199","Pruned"
"SOC","0.050000000000000003","0.29999999999999999","0.55000000000000004","0.10000000000000001","1","0.72764278201651156","1.1419044463507362","Pruned"
"SOC","0.050000000000000003","0.29999999999999999","0.59999999999999998","0.050000000000000003","1","0.73995029111634181","0.93274377250585216","Pruned"
"SOC","0.050000000000000003","0.29999999999999999","0.65000000000000002","0","1","0.75225780021617206","0.72358309866096837","Quantized"
"SOC","0.050000000000000003","0.34999999999999998","0","0.59999999999999998","1","0.5932577664302241","3.2182634591393819","Pruned"
"SOC","0.050000000000000003","0.34999999999999998","0.050000000000000003","0.55000000000000004","1","0.60556527553005446","3.0091027852944983","Pruned"
"SOC","0.050000000000000003","0.34999999999999998","0.10000000000000001","0.5","1","0.61787278462988482","2.7999421114496146","Pruned"
"SOC","0.050000000000000003","0.34999999999999998","0.14999999999999999","0.45000000000000001","1","0.63018029372971507","2.5907814376047305","Pruned"
"SOC","0.050000000000000003","0.34999999999999998","0.20000000000000001","0.40000000000000002","1","0.64248780282954543","2.3816207637598468","Pruned"
"SOC","0.050000000000000003","0.34999999999999998","0.25","0.34999999999999998","1","0.65479531192937568","2.1724600899149626","Pruned"
"SOC","0.050000000000000003","0.34999999999999998","0.29999999999999999","0.29999999999999999","1","0.66710282102920604","1.963299416070079","Pruned"
"SOC","0.050000000000000003","0.34999999999999998","0.34999999999999998","0.25","1","0.67941033012903629","1.7541387422251953","Pruned"
"SOC","0.050000000000000003","0.34999999999999998","0.40000000000000002","0.20000000000000001","1","0.69171783922886676","1.5449780683803116","Pruned"
"SOC","0.050000000000000003","0.34999999999999998","0.45000000000000001","0.14999999999999999","1","0.7040253483286969","1.3358173945354277","Pruned"
"SOC","0.050000000000000003","0.34999999999999998","0.5","0.10000000000000001","1","0.71633285742852726","1.1266567206905438","Pruned"
"SOC","0.050000000000000003","0.34999999999999998","0.55000000000000004","0.050000000000000003","1","0.72864036652835773","0.91749604684566","Pruned"
"SOC","0.050000000000000003","0.34999999999999998","0.59999999999999998","0","1","0.74094787562818798","0.7083353730007762","Quantized"
"SOC","0.050000000000000003","0.40000000000000002","0","0.55000000000000004","1","0.59425535094207027","2.9938550596343063","Pruned"
"SOC","0.050000000000000003","0.40000000000000002","0.050000000000000003","0.5","1","0.60656286004190063","2.7846943857894222","Pruned"
"SOC","0.050000000000000003","0.40000000000000002","0.10000000000000001","0.45000000000000001","1","0.61887036914173099","2.5755337119445385","Pruned"
"SOC","0.050000000000000003","0.40000000000000002","0.14999999999999999","0.40000000000000002","1","0.63117787824156135","2.3663730380996548","Pruned"
"SOC","0.050000000000000003","0.40000000000000002","0.20000000000000001","0.34999999999999998","1","0.6434853873413916","2.1572123642547707","Pruned"
"SOC","0.050000000000000003","0.40000000000000002","0.25","0.29999999999999999","1","0.65579289644122185","1.9480516904098868","Pruned"
"SOC","0.050000000000000003","0.40000000000000002","0.29999999999999999","0.25","1","0.66810040554105221","1.7388910165650031","Pruned"
"SOC","0.050000000000000003","0.40000000000000002","0.34999999999999998","0.20000000000000001","1","0.68040791464088257","1.5297303427201194","Pruned"
"SOC","0.050000000000000003","0.40000000000000002","0.40000000000000002","0.14999999999999999","1","0.69271542374071271","1.3205696688752355","Pruned"
"SOC","0.050000000000000003","0.40000000000000002","0.45000000000000001","0.10000000000000001","1","0.70502293284054318","1.1114089950303518","Pruned"
"SOC","0.050000000000000003","0.40000000000000002","0.5","0.050000000000000003","1","0.71733044194037354","0.90224832118546783","Pruned"
"SOC","0.050000000000000003","0.40000000000000002","0.55000000000000004","0","1","0.72963795104020379","0.69308764734058403","Quantized"
"SOC","0.050000000000000003","0.45000000000000001","0","0.5","1","0.59525293545391644","2.7694466601292298","Pruned"
"SOC","0.050000000000000003","0.45000000000000001","0.050000000000000003","0.45000000000000001","1","0.6075604445537468","2.5602859862843461","Pruned"
"SOC","0.050000000000000003","0.45000000000000001","0.10000000000000001","0.40000000000000002","1","0.61986795365357716","2.3511253124394624","Pruned"
"SOC","0.050000000000000003","0.45000000000000001","0.14999999999999999","0.34999999999999998","1","0.63217546275340741","2.1419646385945783","Pruned"
"SOC","0.050000000000000003","0.45000000000000001","0.20000000000000001","0.29999999999999999","1","0.64448297185323766","1.9328039647496946","Pruned"
"SOC","0.050000000000000003","0.45000000000000001","0.25","0.25","1","0.65679048095306802","1.7236432909048109","Pruned"
"SOC","0.050000000000000003","0.45000000000000001","0.29999999999999999","0.20000000000000001","1","0.66909799005289838","1.5144826170599273","Pruned"
"SOC","0.050000000000000003","0.45000000000000001","0.34999999999999998","0.14999999999999999","1","0.68140549915272852","1.3053219432150431","Pruned"
"SOC","0.050000000000000003","0.45000000000000001","0.40000000000000002","0.10000000000000001","1","0.69371300825255899","1.0961612693701595","Pruned"
"SOC","0.050000000000000003","0.45000000000000001","0.45000000000000001","0.050000000000000003","1","0.70602051735238935","0.88700059552527566","Pruned"
"SOC","0.050000000000000003","0.45000000000000001","0.5","0","1","0.7183280264522196","0.67783992168039187","Quantized"
"SOC","0.050000000000000003","0.5","0","0.45000000000000001","1","0.59625051996576262","2.5450382606241542","Pruned"
"SOC","0.050000000000000003","0.5","0.050000000000000003","0.40000000000000002","1","0.60855802906559298","2.3358775867792705","Pruned"
"SOC","0.050000000000000003","0.5","0.10000000000000001","0.34999999999999998","1","0.62086553816542323","2.1267169129343864","Pruned"
"SOC","0.050000000000000003","0.5","0.14999999999999999","0.29999999999999999","1","0.63317304726525347","1.9175562390895025","Pruned"
"SOC","0.050000000000000003","0.5","0.20000000000000001","0.25","1","0.64548055636508384","1.7083955652446188","Pruned"
"SOC","0.050000000000000003","0.5","0.25","0.20000000000000001","1","0.6577880654649142","1.4992348913997349","Pruned"
"SOC","0.050000000000000003","0.5","0.29999999999999999","0.14999999999999999","1","0.67009557456474456","1.2900742175548512","Pruned"
"SOC","0.050000000000000003","0.5","0.34999999999999998","0.10000000000000001","1","0.68240308366457481","1.0809135437099673","Pruned"
"SOC","0.050000000000000003","0.5","0.40000000000000002","0.050000000000000003","1","0.69471059276440517","0.87175286986508349","Pruned"
"SOC","0.050000000000000003","0.5","0.45000000000000001","0","1","0.70701810186423542","0.6625921960201997","Quantized"
"SOC","0.050000000000000003","0.55000000000000004","0","0.40000000000000002","1","0.59724810447760879","2.3206298611190781","Pruned"
"SOC","0.050000000000000003","0.55000000000000004","0.050000000000000003","0.34999999999999998","1","0.60955561357743915","2.111469187274194","Pruned"
"SOC","0.050000000000000003","0.55000000000000004","0.10000000000000001","0.29999999999999999","1","0.62186312267726951","1.9023085134293103","Pruned"
"SOC","0.050000000000000003","0.55000000000000004","0.14999999999999999","0.25","1","0.63417063177709976","1.6931478395844266","Pruned"
"SOC","0.050000000000000003","0.55000000000000004","0.20000000000000001","0.20000000000000001","1","0.64647814087693001","1.4839871657395429","Pruned"
"SOC","0.050000000000000003","0.55000000000000004","0.25","0.14999999999999999","1","0.65878564997676037","1.2748264918946588","Pruned"
"SOC","0.050000000000000003","0.55000000000000004","0.29999999999999999","0.10000000000000001","1","0.67109315907659073","1.0656658180497751","Pruned"
"SOC","0.050000000000000003","0.55000000000000004","0.34999999999999998","0.050000000000000003","1","0.68340066817642098","0.85650514420489132","Pruned"
"SOC","0.050000000000000003","0.55000000000000004","0.40000000000000002","0","1","0.69570817727625134","0.64734447036000753","Quantized"
"SOC","0.050000000000000003","0.59999999999999998","0","0.34999999999999998","1","0.59824568898945485","2.096221461614002","Pruned"
"SOC","0.050000000000000003","0.59999999999999998","0.050000000000000003","0.29999999999999999","1","0.61055319808928521","1.8870607877691181","Pruned"
"SOC","0.050000000000000003","0.59999999999999998","0.10000000000000001","0.25","1","0.62286070718911557","1.6779001139242344","Pruned"
"SOC","0.050000000000000003","0.59999999999999998","0.14999999999999999","0.20000000000000001","1","0.63516821628894582","1.4687394400793505","Pruned"
"SOC","0.050000000000000003","0.59999999999999998","0.20000000000000001","0.14999999999999999","1","0.64747572538877618","1.2595787662344669","Pruned"
"SOC","0.050000000000000003","0.59999999999999998","0.25","0.10000000000000001","1","0.65978323448860654","1.0504180923895829","Pruned"
"SOC","0.050000000000000003","0.59999999999999998","0.29999999999999999","0.050000000000000003","1","0.67209074358843679","0.84125741854469915","Pruned"
"SOC","0.050000000000000003","0.59999999999999998","0.34999999999999998","0","1","0.68439825268826704","0.63209674469981536","Quantized"
"SOC","0.050000000000000003","0.65000000000000002","0","0.29999999999999999","1","0.59924327350130113","1.871813062108926","Pruned"
"SOC","0.050000000000000003","0.65000000000000002","0.050000000000000003","0.25","1","0.61155078260113138","1.6626523882640423","Pruned"
"SOC","0.050000000000000003","0.65000000000000002","0.10000000000000001","0.20000000000000001","1","0.62385829170096163","1.4534917144191586","Pruned"
"SOC","0.050000000000000003","0.65000000000000002","0.14999999999999999","0.14999999999999999","1","0.63616580080079199","1.2443310405742745","Pruned"
"SOC","0.050000000000000003","0.65000000000000002","0.20000000000000001","0.10000000000000001","1","0.64847330990062235","1.0351703667293908","Pruned"
"SOC","0.050000000000000003","0.65000000000000002","0.25","0.050000000000000003","1","0.66078081900045271","0.82600969288450699","Pruned"
"SOC","0.050000000000000003","0.65000000000000002","0.29999999999999999","0","1","0.67308832810028296","0.61684901903962319","Quantized"
"SOC","0.050000000000000003","0.69999999999999996","0","0.25","1","0.60024085801314719","1.6474046626038499","Pruned"
"SOC","0.050000000000000003","0.69999999999999996","0.050000000000000003","0.20000000000000001","1","0.61254836711297755","1.4382439887589662","Pruned"
"SOC","0.050000000000000003","0.69999999999999996","0.10000000000000001","0.14999999999999999","1","0.6248558762128078","1.2290833149140823","Pruned"
"SOC","0.050000000000000003","0.69999999999999996","0.14999999999999999","0.10000000000000001","1","0.63716338531263816","1.0199226410691986","Pruned"
"SOC","0.050000000000000003","0.69999999999999996","0.20000000000000001","0.050000000000000003","1","0.64947089441246852","0.81076196722431482","Pruned"
"SOC","0.050000000000000003","0.69999999999999996","0.25","0","1","0.66177840351229877","0.60160129337943091","Quantized"
"SOC","0.050000000000000003","0.75","0","0.20000000000000001","1","0.60123844252499348","1.4229962630987743","Pruned"
"SOC","0.050000000000000003","0.75","0.050000000000000003","0.14999999999999999","1","0.61354595162482362","1.2138355892538901","Pruned"
"SOC","0.050000000000000003","0.75","0.10000000000000001","0.10000000000000001","1","0.62585346072465409","1.0046749154090064","Pruned"
"SOC","0.050000000000000003","0.75","0.14999999999999999","0.050000000000000003","1","0.63816096982448434","0.79551424156412265","Pruned"
"SOC","0.050000000000000003","0.75","0.20000000000000001","0","1","0.6504684789243147","0.58635356771923886","Quantized"
"SOC","0.050000000000000003","0.80000000000000004","0","0.14999999999999999","1","0.60223602703683965","1.198587863593698","Pruned"
"SOC","0.050000000000000003","0.80000000000000004","0.050000000000000003","0.10000000000000001","1","0.6145435361366699","0.98942718974881427","Pruned"
"SOC","0.050000000000000003","0.80000000000000004","0.10000000000000001","0.050000000000000003","1","0.62685104523650026","0.78026651590393048","Pruned"
"SOC","0.050000000000000003","0.80000000000000004","0.14999999999999999","0","1","0.63915855433633051","0.57110584205904658","Quantized"
"SOC","0.050000000000000003","0.84999999999999998","0","0.10000000000000001","1","0.60323361154868582","0.9741794640886221","Pruned"
"SOC","0.050000000000000003","0.84999999999999998","0.050000000000000003","0.050000000000000003","1","0.61554112064851607","0.76501879024373831","Pruned"
"SOC","0.050000000000000003","0.84999999999999998","0.10000000000000001","0","1","0.62784862974834643","0.55585811639885441","Quantized"
"SOC","0.050000000000000003","0.90000000000000002","0","0.050000000000000003","1","0.60423119606053199","0.74977106458354614","Pruned"
"SOC","0.050000000000000003","0.90000000000000002","0.050000000000000003","0","1","0.61653870516036224","0.54061039073866235","Quantized"
"SOC","0.050000000000000003","0.94999999999999996","0","0","1","0.60522878057237806","0.52536266507847007","Quantized"
"SOC","0.10000000000000001","0","0","0.90000000000000002","1","0.60125531262427101","4.5917855983466751","Pruned"
"SOC","0.10000000000000001","0","0.050000000000000003","0.84999999999999998","1","0.61356282172410137","4.3826249245017914","Pruned"
"SOC","0.10000000000000001","0","0.10000000000000001","0.80000000000000004","1","0.62587033082393173","4.1734642506569077","Pruned"
"SOC","0.10000000000000001","0","0.14999999999999999","0.75","1","0.63817783992376198","3.9643035768120236","Pruned"
"SOC","0.10000000000000001","0","0.20000000000000001","0.69999999999999996","1","0.65048534902359223","3.7551429029671395","Pruned"
"SOC","0.10000000000000001","0","0.25","0.65000000000000002","1","0.66279285812342259","3.5459822291222558","Pruned"
"SOC","0.10000000000000001","0","0.29999999999999999","0.59999999999999998","1","0.67510036722325295","3.3368215552773717","Pruned"
"SOC","0.10000000000000001","0","0.34999999999999998","0.55000000000000004","1","0.68740787632308331","3.1276608814324884","Pruned"
"SOC","0.10000000000000001","0","0.40000000000000002","0.5","1","0.69971538542291367","2.9185002075876043","Pruned"
"SOC","0.10000000000000001","0","0.45000000000000001","0.45000000000000001","1","0.71202289452274392","2.7093395337427206","Pruned"
"SOC","0.10000000000000001","0","0.5","0.40000000000000002","1","0.72433040362257428","2.5001788598978369","Pruned"
"SOC","0.10000000000000001","0","0.55000000000000004","0.34999999999999998","1","0.73663791272240464","2.2910181860529528","Pruned"
"SOC","0.10000000000000001","0","0.59999999999999998","0.29999999999999999","1","0.74894542182223489","2.0818575122080691","Pruned"
"SOC","0.10000000000000001","0","0.65000000000000002","0.25","1","0.76125293092206514","1.8726968383631852","Pruned"
"SOC","0.10000000000000001","0","0.69999999999999996","0.20000000000000001","1","0.77356044002189539","1.6635361645183016","Pruned"
"SOC","0.10000000000000001","0","0.75","0.14999999999999999","1","0.78586794912172575","1.4543754906734176","Pruned"
"SOC","0.10000000000000001","0","0.80000000000000004","0.10000000000000001","1","0.79817545822155611","1.245214816828534","Pruned"
"SOC","0.10000000000000001","0","0.84999999999999998","0.050000000000000003","1","0.81048296732138636","1.0360541429836501","Pruned"
"SOC","0.10000000000000001","0","0.90000000000000002","0","1","0.82279047642121672","0.82689346913876627","Pruned"
"SOC","0.10000000000000001","0.050000000000000003","0","0.84999999999999998","1","0.60225289713611718","4.3673771988415995","Pruned"
"SOC","0.10000000000000001","0.050000000000000003","0.050000000000000003","0.80000000000000004","1","0.61456040623594754","4.1582165249967158","Pruned"
"SOC","0.10000000000000001","0.050000000000000003","0.10000000000000001","0.75","1","0.62686791533577779","3.9490558511518312","Pruned"
"SOC","0.10000000000000001","0.050000000000000003","0.14999999999999999","0.69999999999999996","1","0.63917542443560815","3.7398951773069471","Pruned"
"SOC","0.10000000000000001","0.050000000000000003","0.20000000000000001","0.65000000000000002","1","0.65148293353543851","3.5307345034620639","Pruned"
"SOC","0.10000000000000001","0.050000000000000003","0.25","0.59999999999999998","1","0.66379044263526876","3.3215738296171797","Pruned"
"SOC","0.10000000000000001","0.050000000000000003","0.29999999999999999","0.55000000000000004","1","0.67609795173509912","3.1124131557722965","Pruned"
"SOC","0.10000000000000001","0.050000000000000003","0.34999999999999998","0.5","1","0.68840546083492948","2.9032524819274124","Pruned"
"SOC","0.10000000000000001","0.050000000000000003","0.40000000000000002","0.45000000000000001","1","0.70071296993475973","2.6940918080825287","Pruned"
"SOC","0.10000000000000001","0.050000000000000003","0.45000000000000001","0.40000000000000002","1","0.71302047903459009","2.4849311342376446","Pruned"
"SOC","0.10000000000000001","0.050000000000000003","0.5","0.34999999999999998","1","0.72532798813442045","2.2757704603927609","Pruned"
"SOC","0.10000000000000001","0.050000000000000003","0.55000000000000004","0.29999999999999999","1","0.73763549723425081","2.0666097865478767","Pruned"
"SOC","0.10000000000000001","0.050000000000000003","0.59999999999999998","0.25","1","0.74994300633408106","1.8574491127029931","Pruned"
"SOC","0.10000000000000001","0.050000000000000003","0.65000000000000002","0.20000000000000001","1","0.76225051543391142","1.6482884388581094","Pruned"
"SOC","0.10000000000000001","0.050000000000000003","0.69999999999999996","0.14999999999999999","1","0.77455802453374156","1.4391277650132255","Pruned"
"SOC","0.10000000000000001","0.050000000000000003","0.75","0.10000000000000001","1","0.78686553363357192","1.2299670911683416","Pruned"
"SOC","0.10000000000000001","0.050000000000000003","0.80000000000000004","0.050000000000000003","1","0.79917304273340228","1.0208064173234579","Pruned"
"SOC","0.10000000000000001","0.050000000000000003","0.84999999999999998","0","1","0.81148055183323253","0.8116457434785741","Pruned"
"SOC","0.10000000000000001","0.10000000000000001","0","0.80000000000000004","1","0.60325048164796347","4.142968799336523","Pruned"
"SOC","0.10000000000000001","0.10000000000000001","0.050000000000000003","0.75","1","0.61555799074779372","3.9338081254916393","Pruned"
"SOC","0.10000000000000001","0.10000000000000001","0.10000000000000001","0.69999999999999996","1","0.62786549984762408","3.7246474516467547","Pruned"
"SOC","0.10000000000000001","0.10000000000000001","0.14999999999999999","0.65000000000000002","1","0.64017300894745444","3.5154867778018715","Pruned"
"SOC","0.10000000000000001","0.10000000000000001","0.20000000000000001","0.59999999999999998","1","0.65248051804728469","3.3063261039569873","Pruned"
"SOC","0.10000000000000001","0.10000000000000001","0.25","0.55000000000000004","1","0.66478802714711493","3.0971654301121041","Pruned"
"SOC","0.10000000000000001","0.10000000000000001","0.29999999999999999","0.5","1","0.6770955362469453","2.88800475626722","Pruned"
"SOC","0.10000000000000001","0.10000000000000001","0.34999999999999998","0.45000000000000001","1","0.68940304534677566","2.6788440824223363","Pruned"
"SOC","0.10000000000000001","0.10000000000000001","0.40000000000000002","0.40000000000000002","1","0.70171055444660602","2.4696834085774526","Pruned"
"SOC","0.10000000000000001","0.10000000000000001","0.45000000000000001","0.34999999999999998","1","0.71401806354643627","2.2605227347325685","Pruned"
"SOC","0.10000000000000001","0.10000000000000001","0.5","0.29999999999999999","1","0.72632557264626663","2.0513620608876848","Pruned"
"SOC","0.10000000000000001","0.10000000000000001","0.55000000000000004","0.25","1","0.73863308174609688","1.8422013870428009","Pruned"
"SOC","0.10000000000000001","0.10000000000000001","0.59999999999999998","0.20000000000000001","1","0.75094059084592724","1.6330407131979172","Pruned"
"SOC","0.10000000000000001","0.10000000000000001","0.65000000000000002","0.14999999999999999","1","0.7632480999457576","1.4238800393530333","Pruned"
"SOC","0.10000000000000001","0.10000000000000001","0.69999999999999996","0.10000000000000001","1","0.77555560904558785","1.2147193655081496","Pruned"
"SOC","0.10000000000000001","0.10000000000000001","0.75","0.050000000000000003","1","0.7878631181454181","1.0055586916632655","Pruned"
"SOC","0.10000000000000001","0.10000000000000001","0.80000000000000004","0","1","0.80017062724524846","0.79639801781838204","Quantized"
"SOC","0.10000000000000001","0.14999999999999999","0","0.75","1","0.60424806615980953","3.9185603998314469","Pruned"
"SOC","0.10000000000000001","0.14999999999999999","0.050000000000000003","0.69999999999999996","1","0.61655557525963989","3.7093997259865628","Pruned"
"SOC","0.10000000000000001","0.14999999999999999","0.10000000000000001","0.65000000000000002","1","0.62886308435947025","3.5002390521416795","Pruned"
"SOC","0.10000000000000001","0.14999999999999999","0.14999999999999999","0.59999999999999998","1","0.6411705934593005","3.2910783782967954","Pruned"
"SOC","0.10000000000000001","0.14999999999999999","0.20000000000000001","0.55000000000000004","1","0.65347810255913075","3.0819177044519122","Pruned"
"SOC","0.10000000000000001","0.14999999999999999","0.25","0.5","1","0.66578561165896111","2.872757030607028","Pruned"
"SOC","0.10000000000000001","0.14999999999999999","0.29999999999999999","0.45000000000000001","1","0.67809312075879147","2.6635963567621443","Pruned"
"SOC","0.10000000000000001","0.14999999999999999","0.34999999999999998","0.40000000000000002","1","0.69040062985862183","2.4544356829172602","Pruned"
"SOC","0.10000000000000001","0.14999999999999999","0.40000000000000002","0.34999999999999998","1","0.70270813895845208","2.2452750090723761","Pruned"
"SOC","0.10000000000000001","0.14999999999999999","0.45000000000000001","0.29999999999999999","1","0.71501564805828244","2.0361143352274924","Pruned"
"SOC","0.10000000000000001","0.14999999999999999","0.5","0.25","1","0.72732315715811269","1.8269536613826087","Pruned"
"SOC","0.10000000000000001","0.14999999999999999","0.55000000000000004","0.20000000000000001","1","0.73963066625794305","1.617792987537725","Pruned"
"SOC","0.10000000000000001","0.14999999999999999","0.59999999999999998","0.14999999999999999","1","0.75193817535777341","1.4086323136928411","Pruned"
"SOC","0.10000000000000001","0.14999999999999999","0.65000000000000002","0.10000000000000001","1","0.76424568445760377","1.1994716398479572","Pruned"
"SOC","0.10000000000000001","0.14999999999999999","0.69999999999999996","0.050000000000000003","1","0.77655319355743402","0.99031096600307356","Pruned"
"SOC","0.10000000000000001","0.14999999999999999","0.75","0","1","0.78886070265726427","0.78115029215818965","Quantized"
"SOC","0.10000000000000001","0.20000000000000001","0","0.69999999999999996","1","0.6052456506716557","3.6941520003263704","Pruned"
"SOC","0.10000000000000001","0.20000000000000001","0.050000000000000003","0.65000000000000002","1","0.61755315977148606","3.4849913264814871","Pruned"
"SOC","0.10000000000000001","0.20000000000000001","0.10000000000000001","0.59999999999999998","1","0.62986066887131642","3.275830652636603","Pruned"
"SOC","0.10000000000000001","0.20000000000000001","0.14999999999999999","0.55000000000000004","1","0.64216817797114678","3.0666699787917198","Pruned"
"SOC","0.10000000000000001","0.20000000000000001","0.20000000000000001","0.5","1","0.65447568707097692","2.8575093049468356","Pruned"
"SOC","0.10000000000000001","0.20000000000000001","0.25","0.45000000000000001","1","0.66678319617080728","2.648348631101952","Pruned"
"SOC","0.10000000000000001","0.20000000000000001","0.29999999999999999","0.40000000000000002","1","0.67909070527063764","2.4391879572570683","Pruned"
"SOC","0.10000000000000001","0.20000000000000001","0.34999999999999998","0.34999999999999998","1","0.69139821437046789","2.2300272834121841","Pruned"
"SOC","0.10000000000000001","0.20000000000000001","0.40000000000000002","0.29999999999999999","1","0.70370572347029825","2.0208666095673005","Pruned"
"SOC","0.10000000000000001","0.20000000000000001","0.45000000000000001","0.25","1","0.7160132325701285","1.8117059357224166","Pruned"
"SOC","0.10000000000000001","0.20000000000000001","0.5","0.20000000000000001","1","0.72832074166995886","1.6025452618775329","Pruned"
"SOC","0.10000000000000001","0.20000000000000001","0.55000000000000004","0.14999999999999999","1","0.74062825076978922","1.393384588032649","Pruned"
"SOC","0.10000000000000001","0.20000000000000001","0.59999999999999998","0.10000000000000001","1","0.75293575986961958","1.1842239141877653","Pruned"
"SOC","0.10000000000000001","0.20000000000000001","0.65000000000000002","0.050000000000000003","1","0.76524326896944983","0.97506324034288128","Pruned"
"SOC","0.10000000000000001","0.20000000000000001","0.69999999999999996","0","1","0.77755077806928008","0.76590256649799748","Quantized"
"SOC","0.10000000000000001","0.25","0","0.65000000000000002","1","0.60624323518350187","3.4697436008212952","Pruned"
"SOC","0.10000000000000001","0.25","0.050000000000000003","0.59999999999999998","1","0.61855074428333223","3.2605829269764111","Pruned"
"SOC","0.10000000000000001","0.25","0.10000000000000001","0.55000000000000004","1","0.63085825338316259","3.0514222531315278","Pruned"
"SOC","0.10000000000000001","0.25","0.14999999999999999","0.5","1","0.64316576248299284","2.8422615792866432","Pruned"
"SOC","0.10000000000000001","0.25","0.20000000000000001","0.45000000000000001","1","0.65547327158282309","2.6331009054417596","Pruned"
"SOC","0.10000000000000001","0.25","0.25","0.40000000000000002","1","0.66778078068265345","2.4239402315968759","Pruned"
"SOC","0.10000000000000001","0.25","0.29999999999999999","0.34999999999999998","1","0.68008828978248381","2.2147795577519918","Pruned"
"SOC","0.10000000000000001","0.25","0.34999999999999998","0.29999999999999999","1","0.69239579888231406","2.0056188839071081","Pruned"
"SOC","0.10000000000000001","0.25","0.40000000000000002","0.25","1","0.70470330798214431","1.7964582100622244","Pruned"
"SOC","0.10000000000000001","0.25","0.45000000000000001","0.20000000000000001","1","0.71701081708197467","1.5872975362173407","Pruned"
"SOC","0.10000000000000001","0.25","0.5","0.14999999999999999","1","0.72931832618180503","1.3781368623724568","Pruned"
"SOC","0.10000000000000001","0.25","0.55000000000000004","0.10000000000000001","1","0.74162583528163539","1.1689761885275729","Pruned"
"SOC","0.10000000000000001","0.25","0.59999999999999998","0.050000000000000003","1","0.75393334438146564","0.95981551468268911","Pruned"
"SOC","0.10000000000000001","0.25","0.65000000000000002","0","1","0.766240853481296","0.75065484083780531","Quantized"
"SOC","0.10000000000000001","0.29999999999999999","0","0.59999999999999998","1","0.60724081969534804","3.2453352013162187","Pruned"
"SOC","0.10000000000000001","0.29999999999999999","0.050000000000000003","0.55000000000000004","1","0.6195483287951784","3.0361745274713354","Pruned"
"SOC","0.10000000000000001","0.29999999999999999","0.10000000000000001","0.5","1","0.63185583789500877","2.8270138536264513","Pruned"
"SOC","0.10000000000000001","0.29999999999999999","0.14999999999999999","0.45000000000000001","1","0.64416334699483901","2.6178531797815676","Pruned"
"SOC","0.10000000000000001","0.29999999999999999","0.20000000000000001","0.40000000000000002","1","0.65647085609466937","2.4086925059366839","Pruned"
"SOC","0.10000000000000001","0.29999999999999999","0.25","0.34999999999999998","1","0.66877836519449962","2.1995318320917998","Pruned"
"SOC","0.10000000000000001","0.29999999999999999","0.29999999999999999","0.29999999999999999","1","0.68108587429432998","1.9903711582469159","Pruned"
"SOC","0.10000000000000001","0.29999999999999999","0.34999999999999998","0.25","1","0.69339338339416023","1.7812104844020322","Pruned"
"SOC","0.10000000000000001","0.29999999999999999","0.40000000000000002","0.20000000000000001","1","0.70570089249399071","1.5720498105571485","Pruned"
"SOC","0.10000000000000001","0.29999999999999999","0.45000000000000001","0.14999999999999999","1","0.71800840159382084","1.3628891367122646","Pruned"
"SOC","0.10000000000000001","0.29999999999999999","0.5","0.10000000000000001","1","0.7303159106936512","1.153728462867381","Pruned"
"SOC","0.10000000000000001","0.29999999999999999","0.55000000000000004","0.050000000000000003","1","0.74262341979348168","0.94456778902249694","Pruned"
"SOC","0.10000000000000001","0.29999999999999999","0.59999999999999998","0","1","0.75493092889331193","0.73540711517761315","Quantized"
"SOC","0.10000000000000001","0.34999999999999998","0","0.55000000000000004","1","0.60823840420719422","3.020926801811143","Pruned"
"SOC","0.10000000000000001","0.34999999999999998","0.050000000000000003","0.5","1","0.62054591330702458","2.8117661279662589","Pruned"
"SOC","0.10000000000000001","0.34999999999999998","0.10000000000000001","0.45000000000000001","1","0.63285342240685483","2.6026054541213752","Pruned"
"SOC","0.10000000000000001","0.34999999999999998","0.14999999999999999","0.40000000000000002","1","0.64516093150668519","2.3934447802764915","Pruned"
"SOC","0.10000000000000001","0.34999999999999998","0.20000000000000001","0.34999999999999998","1","0.65746844060651544","2.1842841064316074","Pruned"
"SOC","0.10000000000000001","0.34999999999999998","0.25","0.29999999999999999","1","0.6697759497063458","1.9751234325867237","Pruned"
"SOC","0.10000000000000001","0.34999999999999998","0.29999999999999999","0.25","1","0.68208345880617605","1.7659627587418401","Pruned"
"SOC","0.10000000000000001","0.34999999999999998","0.34999999999999998","0.20000000000000001","1","0.69439096790600652","1.5568020848969564","Pruned"
"SOC","0.10000000000000001","0.34999999999999998","0.40000000000000002","0.14999999999999999","1","0.70669847700583666","1.3476414110520725","Pruned"
"SOC","0.10000000000000001","0.34999999999999998","0.45000000000000001","0.10000000000000001","1","0.71900598610566702","1.1384807372071886","Pruned"
"SOC","0.10000000000000001","0.34999999999999998","0.5","0.050000000000000003","1","0.73131349520549738","0.92932006336230477","Pruned"
"SOC","0.10000000000000001","0.34999999999999998","0.55000000000000004","0","1","0.74362100430532774","0.72015938951742098","Quantized"
"SOC","0.10000000000000001","0.40000000000000002","0","0.5","1","0.60923598871904039","2.796518402306067","Pruned"
"SOC","0.10000000000000001","0.40000000000000002","0.050000000000000003","0.45000000000000001","1","0.62154349781887075","2.5873577284611833","Pruned"
"SOC","0.10000000000000001","0.40000000000000002","0.10000000000000001","0.40000000000000002","1","0.63385100691870111","2.3781970546162996","Pruned"
"SOC","0.10000000000000001","0.40000000000000002","0.14999999999999999","0.34999999999999998","1","0.64615851601853136","2.1690363807714155","Pruned"
"SOC","0.10000000000000001","0.40000000000000002","0.20000000000000001","0.29999999999999999","1","0.65846602511836161","1.9598757069265318","Pruned"
"SOC","0.10000000000000001","0.40000000000000002","0.25","0.25","1","0.67077353421819197","1.7507150330816479","Pruned"
"SOC","0.10000000000000001","0.40000000000000002","0.29999999999999999","0.20000000000000001","1","0.68308104331802233","1.5415543592367642","Pruned"
"SOC","0.10000000000000001","0.40000000000000002","0.34999999999999998","0.14999999999999999","1","0.69538855241785247","1.3323936853918803","Pruned"
"SOC","0.10000000000000001","0.40000000000000002","0.40000000000000002","0.10000000000000001","1","0.70769606151768294","1.1232330115469966","Pruned"
"SOC","0.10000000000000001","0.40000000000000002","0.45000000000000001","0.050000000000000003","1","0.7200035706175133","0.91407233770211271","Pruned"
"SOC","0.10000000000000001","0.40000000000000002","0.5","0","1","0.73231107971734355","0.70491166385722881","Quantized"
"SOC","0.10000000000000001","0.45000000000000001","0","0.45000000000000001","1","0.61023357323088656","2.5721100028009909","Pruned"
"SOC","0.10000000000000001","0.45000000000000001","0.050000000000000003","0.40000000000000002","1","0.62254108233071692","2.3629493289561072","Pruned"
"SOC","0.10000000000000001","0.45000000000000001","0.10000000000000001","0.34999999999999998","1","0.63484859143054717","2.1537886551112231","Pruned"
"SOC","0.10000000000000001","0.45000000000000001","0.14999999999999999","0.29999999999999999","1","0.64715610053037753","1.9446279812663394","Pruned"
"SOC","0.10000000000000001","0.45000000000000001","0.20000000000000001","0.25","1","0.65946360963020778","1.7354673074214557","Pruned"
"SOC","0.10000000000000001","0.45000000000000001","0.25","0.20000000000000001","1","0.67177111873003814","1.526306633576572","Pruned"
"SOC","0.10000000000000001","0.45000000000000001","0.29999999999999999","0.14999999999999999","1","0.6840786278298685","1.3171459597316879","Pruned"
"SOC","0.10000000000000001","0.45000000000000001","0.34999999999999998","0.10000000000000001","1","0.69638613692969886","1.1079852858868042","Pruned"
"SOC","0.10000000000000001","0.45000000000000001","0.40000000000000002","0.050000000000000003","1","0.70869364602952911","0.89882461204192055","Pruned"
"SOC","0.10000000000000001","0.45000000000000001","0.45000000000000001","0","1","0.72100115512935936","0.68966393819703664","Quantized"
"SOC","0.10000000000000001","0.5","0","0.40000000000000002","1","0.61123115774273273","2.3477016032959153","Pruned"
"SOC","0.10000000000000001","0.5","0.050000000000000003","0.34999999999999998","1","0.62353866684256298","2.1385409294510311","Pruned"
"SOC","0.10000000000000001","0.5","0.10000000000000001","0.29999999999999999","1","0.63584617594239334","1.9293802556061472","Pruned"
"SOC","0.10000000000000001","0.5","0.14999999999999999","0.25","1","0.64815368504222359","1.7202195817612635","Pruned"
"SOC","0.10000000000000001","0.5","0.20000000000000001","0.20000000000000001","1","0.66046119414205395","1.5110589079163799","Pruned"
"SOC","0.10000000000000001","0.5","0.25","0.14999999999999999","1","0.67276870324188431","1.301898234071496","Pruned"
"SOC","0.10000000000000001","0.5","0.29999999999999999","0.10000000000000001","1","0.68507621234171467","1.0927375602266123","Pruned"
"SOC","0.10000000000000001","0.5","0.34999999999999998","0.050000000000000003","1","0.69738372144154492","0.88357688638172827","Pruned"
"SOC","0.10000000000000001","0.5","0.40000000000000002","0","1","0.70969123054137517","0.67441621253684447","Quantized"
"SOC","0.10000000000000001","0.55000000000000004","0","0.34999999999999998","1","0.61222874225457891","2.1232932037908387","Pruned"
"SOC","0.10000000000000001","0.55000000000000004","0.050000000000000003","0.29999999999999999","1","0.62453625135440927","1.9141325299459551","Pruned"
"SOC","0.10000000000000001","0.55000000000000004","0.10000000000000001","0.25","1","0.63684376045423963","1.7049718561010714","Pruned"
"SOC","0.10000000000000001","0.55000000000000004","0.14999999999999999","0.20000000000000001","1","0.64915126955406999","1.4958111822561877","Pruned"
"SOC","0.10000000000000001","0.55000000000000004","0.20000000000000001","0.14999999999999999","1","0.66145877865390013","1.2866505084113036","Pruned"
"SOC","0.10000000000000001","0.55000000000000004","0.25","0.10000000000000001","1","0.6737662877537306","1.0774898345664199","Pruned"
"SOC","0.10000000000000001","0.55000000000000004","0.29999999999999999","0.050000000000000003","1","0.68607379685356085","0.8683291607215361","Pruned"
"SOC","0.10000000000000001","0.55000000000000004","0.34999999999999998","0","1","0.69838130595339121","0.6591684868766523","Quantized"
"SOC","0.10000000000000001","0.59999999999999998","0","0.29999999999999999","1","0.61322632676642508","1.8988848042857629","Pruned"
"SOC","0.10000000000000001","0.59999999999999998","0.050000000000000003","0.25","1","0.62553383586625533","1.6897241304408792","Pruned"
"SOC","0.10000000000000001","0.59999999999999998","0.10000000000000001","0.20000000000000001","1","0.63784134496608558","1.4805634565959955","Pruned"
"SOC","0.10000000000000001","0.59999999999999998","0.14999999999999999","0.14999999999999999","1","0.65014885406591594","1.2714027827511116","Pruned"
"SOC","0.10000000000000001","0.59999999999999998","0.20000000000000001","0.10000000000000001","1","0.6624563631657463","1.0622421089062279","Pruned"
"SOC","0.10000000000000001","0.59999999999999998","0.25","0.050000000000000003","1","0.67476387226557666","0.85308143506134393","Pruned"
"SOC","0.10000000000000001","0.59999999999999998","0.29999999999999999","0","1","0.68707138136540691","0.64392076121646014","Quantized"
"SOC","0.10000000000000001","0.65000000000000002","0","0.25","1","0.61422391127827125","1.674476404780687","Pruned"
"SOC","0.10000000000000001","0.65000000000000002","0.050000000000000003","0.20000000000000001","1","0.62653142037810161","1.4653157309358034","Pruned"
"SOC","0.10000000000000001","0.65000000000000002","0.10000000000000001","0.14999999999999999","1","0.63883892947793175","1.2561550570909192","Pruned"
"SOC","0.10000000000000001","0.65000000000000002","0.14999999999999999","0.10000000000000001","1","0.65114643857776222","1.0469943832460356","Pruned"
"SOC","0.10000000000000001","0.65000000000000002","0.20000000000000001","0.050000000000000003","1","0.66345394767759247","0.83783370940115187","Pruned"
"SOC","0.10000000000000001","0.65000000000000002","0.25","0","1","0.67576145677742283","0.62867303555626797","Quantized"
"SOC","0.10000000000000001","0.69999999999999996","0","0.20000000000000001","1","0.61522149579011742","1.450068005275611","Pruned"
"SOC","0.10000000000000001","0.69999999999999996","0.050000000000000003","0.14999999999999999","1","0.62752900488994756","1.2409073314307271","Pruned"
"SOC","0.10000000000000001","0.69999999999999996","0.10000000000000001","0.10000000000000001","1","0.63983651398977803","1.0317466575858434","Pruned"
"SOC","0.10000000000000001","0.69999999999999996","0.14999999999999999","0.050000000000000003","1","0.65214402308960828","0.82258598374095959","Pruned"
"SOC","0.10000000000000001","0.69999999999999996","0.20000000000000001","0","1","0.66445153218943864","0.6134253098960758","Quantized"
"SOC","0.10000000000000001","0.75","0","0.14999999999999999","1","0.6162190803019636","1.2256596057705349","Pruned"
"SOC","0.10000000000000001","0.75","0.050000000000000003","0.10000000000000001","1","0.62852658940179384","1.0164989319256512","Pruned"
"SOC","0.10000000000000001","0.75","0.10000000000000001","0.050000000000000003","1","0.64083409850162421","0.80733825808076742","Pruned"
"SOC","0.10000000000000001","0.75","0.14999999999999999","0","1","0.65314160760145445","0.59817758423588363","Quantized"
"SOC","0.10000000000000001","0.80000000000000004","0","0.10000000000000001","1","0.61721666481380977","1.001251206265459","Pruned"
"SOC","0.10000000000000001","0.80000000000000004","0.050000000000000003","0.050000000000000003","1","0.62952417391364002","0.79209053242057526","Pruned"
"SOC","0.10000000000000001","0.80000000000000004","0.10000000000000001","0","1","0.64183168301347038","0.58292985857569135","Quantized"
"SOC","0.10000000000000001","0.84999999999999998","0","0.050000000000000003","1","0.61821424932565583","0.77684280676038309","Pruned"
"SOC","0.10000000000000001","0.84999999999999998","0.050000000000000003","0","1","0.63052175842548608","0.56768213291549929","Quantized"
"SOC","0.10000000000000001","0.90000000000000002","0","0","1","0.619211833837502","0.55243440725530701","Quantized"
"SOC","0.14999999999999999","0","0","0.84999999999999998","1","0.61623595040124113","4.3944489410184362","Pruned"
"SOC","0.14999999999999999","0","0.050000000000000003","0.80000000000000004","1","0.62854345950107149","4.1852882671735525","Pruned"
"SOC","0.14999999999999999","0","0.10000000000000001","0.75","1","0.64085096860090174","3.9761275933286679","Pruned"
"SOC","0.14999999999999999","0","0.14999999999999999","0.69999999999999996","1","0.6531584777007321","3.7669669194837838","Pruned"
"SOC","0.14999999999999999","0","0.20000000000000001","0.65000000000000002","1","0.66546598680056246","3.5578062456389006","Pruned"
"SOC","0.14999999999999999","0","0.25","0.59999999999999998","1","0.67777349590039271","3.3486455717940165","Pruned"
"SOC","0.14999999999999999","0","0.29999999999999999","0.55000000000000004","1","0.69008100500022307","3.1394848979491332","Pruned"
"SOC","0.14999999999999999","0","0.34999999999999998","0.5","1","0.70238851410005343","2.9303242241042491","Pruned"
"SOC","0.14999999999999999","0","0.40000000000000002","0.45000000000000001","1","0.71469602319988368","2.7211635502593654","Pruned"
"SOC","0.14999999999999999","0","0.45000000000000001","0.40000000000000002","1","0.72700353229971404","2.5120028764144817","Pruned"
"SOC","0.14999999999999999","0","0.5","0.34999999999999998","1","0.73931104139954429","2.3028422025695976","Pruned"
"SOC","0.14999999999999999","0","0.55000000000000004","0.29999999999999999","1","0.75161855049937476","2.0936815287247139","Pruned"
"SOC","0.14999999999999999","0","0.59999999999999998","0.25","1","0.76392605959920501","1.88452085487983","Pruned"
"SOC","0.14999999999999999","0","0.65000000000000002","0.20000000000000001","1","0.77623356869903537","1.6753601810349463","Pruned"
"SOC","0.14999999999999999","0","0.69999999999999996","0.14999999999999999","1","0.78854107779886551","1.4661995071900624","Pruned"
"SOC","0.14999999999999999","0","0.75","0.10000000000000001","1","0.80084858689869587","1.2570388333451787","Pruned"
"SOC","0.14999999999999999","0","0.80000000000000004","0.050000000000000003","1","0.81315609599852623","1.0478781595002951","Pruned"
"SOC","0.14999999999999999","0","0.84999999999999998","0","1","0.82546360509835648","0.83871748565541104","Pruned"
"SOC","0.14999999999999999","0.050000000000000003","0","0.80000000000000004","1","0.61723353491308741","4.1700405415133606","Pruned"
"SOC","0.14999999999999999","0.050000000000000003","0.050000000000000003","0.75","1","0.62954104401291755","3.960879867668476","Pruned"
"SOC","0.14999999999999999","0.050000000000000003","0.10000000000000001","0.69999999999999996","1","0.64184855311274791","3.7517191938235919","Pruned"
"SOC","0.14999999999999999","0.050000000000000003","0.14999999999999999","0.65000000000000002","1","0.65415606221257827","3.5425585199787086","Pruned"
"SOC","0.14999999999999999","0.050000000000000003","0.20000000000000001","0.59999999999999998","1","0.66646357131240852","3.3333978461338245","Pruned"
"SOC","0.14999999999999999","0.050000000000000003","0.25","0.55000000000000004","1","0.67877108041223888","3.1242371722889413","Pruned"
"SOC","0.14999999999999999","0.050000000000000003","0.29999999999999999","0.5","1","0.69107858951206924","2.9150764984440567","Pruned"
"SOC","0.14999999999999999","0.050000000000000003","0.34999999999999998","0.45000000000000001","1","0.7033860986118996","2.705915824599173","Pruned"
"SOC","0.14999999999999999","0.050000000000000003","0.40000000000000002","0.40000000000000002","1","0.71569360771172985","2.4967551507542893","Pruned"
"SOC","0.14999999999999999","0.050000000000000003","0.45000000000000001","0.34999999999999998","1","0.72800111681156021","2.2875944769094052","Pruned"
"SOC","0.14999999999999999","0.050000000000000003","0.5","0.29999999999999999","1","0.74030862591139046","2.0784338030645215","Pruned"
"SOC","0.14999999999999999","0.050000000000000003","0.55000000000000004","0.25","1","0.75261613501122082","1.8692731292196378","Pruned"
"SOC","0.14999999999999999","0.050000000000000003","0.59999999999999998","0.20000000000000001","1","0.76492364411105118","1.6601124553747542","Pruned"
"SOC","0.14999999999999999","0.050000000000000003","0.65000000000000002","0.14999999999999999","1","0.77723115321088154","1.45095178152987","Pruned"
"SOC","0.14999999999999999","0.050000000000000003","0.69999999999999996","0.10000000000000001","1","0.78953866231071179","1.2417911076849864","Pruned"
"SOC","0.14999999999999999","0.050000000000000003","0.75","0.050000000000000003","1","0.80184617141054204","1.0326304338401027","Pruned"
"SOC","0.14999999999999999","0.050000000000000003","0.80000000000000004","0","1","0.8141536805103724","0.82346975999521888","Pruned"
"SOC","0.14999999999999999","0.10000000000000001","0","0.75","1","0.61823111942493347","3.945632142008284","Pruned"
"SOC","0.14999999999999999","0.10000000000000001","0.050000000000000003","0.69999999999999996","1","0.63053862852476383","3.7364714681633995","Pruned"
"SOC","0.14999999999999999","0.10000000000000001","0.10000000000000001","0.65000000000000002","1","0.64284613762459419","3.5273107943185162","Pruned"
"SOC","0.14999999999999999","0.10000000000000001","0.14999999999999999","0.59999999999999998","1","0.65515364672442444","3.3181501204736321","Pruned"
"SOC","0.14999999999999999","0.10000000000000001","0.20000000000000001","0.55000000000000004","1","0.66746115582425469","3.1089894466287489","Pruned"
"SOC","0.14999999999999999","0.10000000000000001","0.25","0.5","1","0.67976866492408505","2.8998287727838647","Pruned"
"SOC","0.14999999999999999","0.10000000000000001","0.29999999999999999","0.45000000000000001","1","0.69207617402391541","2.6906680989389811","Pruned"
"SOC","0.14999999999999999","0.10000000000000001","0.34999999999999998","0.40000000000000002","1","0.70438368312374577","2.4815074250940974","Pruned"
"SOC","0.14999999999999999","0.10000000000000001","0.40000000000000002","0.34999999999999998","1","0.71669119222357602","2.2723467512492133","Pruned"
"SOC","0.14999999999999999","0.10000000000000001","0.45000000000000001","0.29999999999999999","1","0.72899870132340638","2.0631860774043296","Pruned"
"SOC","0.14999999999999999","0.10000000000000001","0.5","0.25","1","0.74130621042323663","1.8540254035594457","Pruned"
"SOC","0.14999999999999999","0.10000000000000001","0.55000000000000004","0.20000000000000001","1","0.75361371952306699","1.644864729714562","Pruned"
"SOC","0.14999999999999999","0.10000000000000001","0.59999999999999998","0.14999999999999999","1","0.76592122862289735","1.4357040558696781","Pruned"
"SOC","0.14999999999999999","0.10000000000000001","0.65000000000000002","0.10000000000000001","1","0.77822873772272771","1.2265433820247944","Pruned"
"SOC","0.14999999999999999","0.10000000000000001","0.69999999999999996","0.050000000000000003","1","0.79053624682255796","1.0173827081799105","Pruned"
"SOC","0.14999999999999999","0.10000000000000001","0.75","0","1","0.80284375592238821","0.8082220343350266","Pruned"
"SOC","0.14999999999999999","0.14999999999999999","0","0.69999999999999996","1","0.61922870393677965","3.7212237425032075","Pruned"
"SOC","0.14999999999999999","0.14999999999999999","0.050000000000000003","0.65000000000000002","1","0.63153621303661001","3.5120630686583243","Pruned"
"SOC","0.14999999999999999","0.14999999999999999","0.10000000000000001","0.59999999999999998","1","0.64384372213644026","3.3029023948134402","Pruned"
"SOC","0.14999999999999999","0.14999999999999999","0.14999999999999999","0.55000000000000004","1","0.65615123123627062","3.0937417209685569","Pruned"
"SOC","0.14999999999999999","0.14999999999999999","0.20000000000000001","0.5","1","0.66845874033610087","2.8845810471236728","Pruned"
"SOC","0.14999999999999999","0.14999999999999999","0.25","0.45000000000000001","1","0.68076624943593123","2.6754203732787891","Pruned"
"SOC","0.14999999999999999","0.14999999999999999","0.29999999999999999","0.40000000000000002","1","0.69307375853576159","2.466259699433905","Pruned"
"SOC","0.14999999999999999","0.14999999999999999","0.34999999999999998","0.34999999999999998","1","0.70538126763559184","2.2570990255890209","Pruned"
"SOC","0.14999999999999999","0.14999999999999999","0.40000000000000002","0.29999999999999999","1","0.7176887767354222","2.0479383517441372","Pruned"
"SOC","0.14999999999999999","0.14999999999999999","0.45000000000000001","0.25","1","0.72999628583525245","1.8387776778992535","Pruned"
"SOC","0.14999999999999999","0.14999999999999999","0.5","0.20000000000000001","1","0.74230379493508281","1.6296170040543698","Pruned"
"SOC","0.14999999999999999","0.14999999999999999","0.55000000000000004","0.14999999999999999","1","0.75461130403491317","1.4204563302094859","Pruned"
"SOC","0.14999999999999999","0.14999999999999999","0.59999999999999998","0.10000000000000001","1","0.76691881313474353","1.211295656364602","Pruned"
"SOC","0.14999999999999999","0.14999999999999999","0.65000000000000002","0.050000000000000003","1","0.77922632223457378","1.0021349825197183","Pruned"
"SOC","0.14999999999999999","0.14999999999999999","0.69999999999999996","0","1","0.79153383133440403","0.79297430867483443","Pruned"
"SOC","0.14999999999999999","0.20000000000000001","0","0.65000000000000002","1","0.62022628844862582","3.4968153429981319","Pruned"
"SOC","0.14999999999999999","0.20000000000000001","0.050000000000000003","0.59999999999999998","1","0.63253379754845618","3.2876546691532478","Pruned"
"SOC","0.14999999999999999","0.20000000000000001","0.10000000000000001","0.55000000000000004","1","0.64484130664828654","3.0784939953083645","Pruned"
"SOC","0.14999999999999999","0.20000000000000001","0.14999999999999999","0.5","1","0.65714881574811679","2.8693333214634804","Pruned"
"SOC","0.14999999999999999","0.20000000000000001","0.20000000000000001","0.45000000000000001","1","0.66945632484794704","2.6601726476185967","Pruned"
"SOC","0.14999999999999999","0.20000000000000001","0.25","0.40000000000000002","1","0.6817638339477774","2.451011973773713","Pruned"
"SOC","0.14999999999999999","0.20000000000000001","0.29999999999999999","0.34999999999999998","1","0.69407134304760776","2.2418512999288289","Pruned"
"SOC","0.14999999999999999","0.20000000000000001","0.34999999999999998","0.29999999999999999","1","0.70637885214743801","2.0326906260839452","Pruned"
"SOC","0.14999999999999999","0.20000000000000001","0.40000000000000002","0.25","1","0.71868636124726826","1.8235299522390613","Pruned"
"SOC","0.14999999999999999","0.20000000000000001","0.45000000000000001","0.20000000000000001","1","0.73099387034709862","1.6143692783941777","Pruned"
"SOC","0.14999999999999999","0.20000000000000001","0.5","0.14999999999999999","1","0.74330137944692898","1.4052086045492937","Pruned"
"SOC","0.14999999999999999","0.20000000000000001","0.55000000000000004","0.10000000000000001","1","0.75560888854675934","1.1960479307044101","Pruned"
"SOC","0.14999999999999999","0.20000000000000001","0.59999999999999998","0.050000000000000003","1","0.76791639764658959","0.98688725685952605","Pruned"
"SOC","0.14999999999999999","0.20000000000000001","0.65000000000000002","0","1","0.78022390674641995","0.77772658301464226","Quantized"
"SOC","0.14999999999999999","0.25","0","0.59999999999999998","1","0.62122387296047199","3.2724069434930558","Pruned"
"SOC","0.14999999999999999","0.25","0.050000000000000003","0.55000000000000004","1","0.63353138206030235","3.0632462696481726","Pruned"
"SOC","0.14999999999999999","0.25","0.10000000000000001","0.5","1","0.64583889116013271","2.854085595803288","Pruned"
"SOC","0.14999999999999999","0.25","0.14999999999999999","0.45000000000000001","1","0.65814640025996296","2.6449249219584043","Pruned"
"SOC","0.14999999999999999","0.25","0.20000000000000001","0.40000000000000002","1","0.67045390935979332","2.4357642481135207","Pruned"
"SOC","0.14999999999999999","0.25","0.25","0.34999999999999998","1","0.68276141845962357","2.2266035742686365","Pruned"
"SOC","0.14999999999999999","0.25","0.29999999999999999","0.29999999999999999","1","0.69506892755945393","2.0174429004237528","Pruned"
"SOC","0.14999999999999999","0.25","0.34999999999999998","0.25","1","0.70737643665928418","1.8082822265788692","Pruned"
"SOC","0.14999999999999999","0.25","0.40000000000000002","0.20000000000000001","1","0.71968394575911465","1.5991215527339855","Pruned"
"SOC","0.14999999999999999","0.25","0.45000000000000001","0.14999999999999999","1","0.73199145485894479","1.3899608788891016","Pruned"
"SOC","0.14999999999999999","0.25","0.5","0.10000000000000001","1","0.74429896395877515","1.1808002050442177","Pruned"
"SOC","0.14999999999999999","0.25","0.55000000000000004","0.050000000000000003","1","0.75660647305860562","0.97163953119933388","Pruned"
"SOC","0.14999999999999999","0.25","0.59999999999999998","0","1","0.76891398215843587","0.76247885735445009","Quantized"
"SOC","0.14999999999999999","0.29999999999999999","0","0.55000000000000004","1","0.62222145747231816","3.0479985439879802","Pruned"
"SOC","0.14999999999999999","0.29999999999999999","0.050000000000000003","0.5","1","0.63452896657214852","2.8388378701430961","Pruned"
"SOC","0.14999999999999999","0.29999999999999999","0.10000000000000001","0.45000000000000001","1","0.64683647567197877","2.6296771962982124","Pruned"
"SOC","0.14999999999999999","0.29999999999999999","0.14999999999999999","0.40000000000000002","1","0.65914398477180913","2.4205165224533287","Pruned"
"SOC","0.14999999999999999","0.29999999999999999","0.20000000000000001","0.34999999999999998","1","0.67145149387163938","2.2113558486084446","Pruned"
"SOC","0.14999999999999999","0.29999999999999999","0.25","0.29999999999999999","1","0.68375900297146974","2.0021951747635605","Pruned"
"SOC","0.14999999999999999","0.29999999999999999","0.29999999999999999","0.25","1","0.69606651207129999","1.793034500918677","Pruned"
"SOC","0.14999999999999999","0.29999999999999999","0.34999999999999998","0.20000000000000001","1","0.70837402117113046","1.5838738270737933","Pruned"
"SOC","0.14999999999999999","0.29999999999999999","0.40000000000000002","0.14999999999999999","1","0.7206815302709606","1.3747131532289094","Pruned"
"SOC","0.14999999999999999","0.29999999999999999","0.45000000000000001","0.10000000000000001","1","0.73298903937079096","1.1655524793840257","Pruned"
"SOC","0.14999999999999999","0.29999999999999999","0.5","0.050000000000000003","1","0.74529654847062132","0.95639180553914172","Pruned"
"SOC","0.14999999999999999","0.29999999999999999","0.55000000000000004","0","1","0.75760405757045168","0.74723113169425792","Quantized"
"SOC","0.14999999999999999","0.34999999999999998","0","0.5","1","0.62321904198416433","2.8235901444829037","Pruned"
"SOC","0.14999999999999999","0.34999999999999998","0.050000000000000003","0.45000000000000001","1","0.63552655108399458","2.61442947063802","Pruned"
"SOC","0.14999999999999999","0.34999999999999998","0.10000000000000001","0.40000000000000002","1","0.64783406018382494","2.4052687967931363","Pruned"
"SOC","0.14999999999999999","0.34999999999999998","0.14999999999999999","0.34999999999999998","1","0.66014156928365519","2.1961081229482522","Pruned"
"SOC","0.14999999999999999","0.34999999999999998","0.20000000000000001","0.29999999999999999","1","0.67244907838348555","1.9869474491033685","Pruned"
"SOC","0.14999999999999999","0.34999999999999998","0.25","0.25","1","0.6847565874833158","1.7777867752584848","Pruned"
"SOC","0.14999999999999999","0.34999999999999998","0.29999999999999999","0.20000000000000001","1","0.69706409658314628","1.5686261014136011","Pruned"
"SOC","0.14999999999999999","0.34999999999999998","0.34999999999999998","0.14999999999999999","1","0.70937160568297641","1.359465427568717","Pruned"
"SOC","0.14999999999999999","0.34999999999999998","0.40000000000000002","0.10000000000000001","1","0.72167911478280677","1.1503047537238333","Pruned"
"SOC","0.14999999999999999","0.34999999999999998","0.45000000000000001","0.050000000000000003","1","0.73398662388263713","0.94114407987894955","Pruned"
"SOC","0.14999999999999999","0.34999999999999998","0.5","0","1","0.7462941329824675","0.73198340603406575","Quantized"
"SOC","0.14999999999999999","0.40000000000000002","0","0.45000000000000001","1","0.62421662649601051","2.5991817449778281","Pruned"
"SOC","0.14999999999999999","0.40000000000000002","0.050000000000000003","0.40000000000000002","1","0.63652413559584087","2.3900210711329444","Pruned"
"SOC","0.14999999999999999","0.40000000000000002","0.10000000000000001","0.34999999999999998","1","0.64883164469567112","2.1808603972880602","Pruned"
"SOC","0.14999999999999999","0.40000000000000002","0.14999999999999999","0.29999999999999999","1","0.66113915379550137","1.9716997234431763","Pruned"
"SOC","0.14999999999999999","0.40000000000000002","0.20000000000000001","0.25","1","0.67344666289533173","1.7625390495982927","Pruned"
"SOC","0.14999999999999999","0.40000000000000002","0.25","0.20000000000000001","1","0.68575417199516209","1.5533783757534088","Pruned"
"SOC","0.14999999999999999","0.40000000000000002","0.29999999999999999","0.14999999999999999","1","0.69806168109499245","1.3442177019085251","Pruned"
"SOC","0.14999999999999999","0.40000000000000002","0.34999999999999998","0.10000000000000001","1","0.7103691901948227","1.1350570280636412","Pruned"
"SOC","0.14999999999999999","0.40000000000000002","0.40000000000000002","0.050000000000000003","1","0.72267669929465306","0.92589635421875738","Pruned"
"SOC","0.14999999999999999","0.40000000000000002","0.45000000000000001","0","1","0.73498420839448331","0.71673568037387358","Quantized"
"SOC","0.14999999999999999","0.45000000000000001","0","0.40000000000000002","1","0.62521421100785668","2.374773345472752","Pruned"
"SOC","0.14999999999999999","0.45000000000000001","0.050000000000000003","0.34999999999999998","1","0.63752172010768693","2.1656126716278679","Pruned"
"SOC","0.14999999999999999","0.45000000000000001","0.10000000000000001","0.29999999999999999","1","0.64982922920751729","1.9564519977829842","Pruned"
"SOC","0.14999999999999999","0.45000000000000001","0.14999999999999999","0.25","1","0.66213673830734754","1.7472913239381005","Pruned"
"SOC","0.14999999999999999","0.45000000000000001","0.20000000000000001","0.20000000000000001","1","0.6744442474071779","1.5381306500932168","Pruned"
"SOC","0.14999999999999999","0.45000000000000001","0.25","0.14999999999999999","1","0.68675175650700826","1.3289699762483327","Pruned"
"SOC","0.14999999999999999","0.45000000000000001","0.29999999999999999","0.10000000000000001","1","0.69905926560683862","1.119809302403449","Pruned"
"SOC","0.14999999999999999","0.45000000000000001","0.34999999999999998","0.050000000000000003","1","0.71136677470666887","0.91064862855856521","Pruned"
"SOC","0.14999999999999999","0.45000000000000001","0.40000000000000002","0","1","0.72367428380649912","0.70148795471368142","Quantized"
"SOC","0.14999999999999999","0.5","0","0.34999999999999998","1","0.62621179551970274","2.1503649459676755","Pruned"
"SOC","0.14999999999999999","0.5","0.050000000000000003","0.29999999999999999","1","0.6385193046195331","1.941204272122792","Pruned"
"SOC","0.14999999999999999","0.5","0.10000000000000001","0.25","1","0.65082681371936335","1.7320435982779083","Pruned"
"SOC","0.14999999999999999","0.5","0.14999999999999999","0.20000000000000001","1","0.66313432281919371","1.5228829244330244","Pruned"
"SOC","0.14999999999999999","0.5","0.20000000000000001","0.14999999999999999","1","0.67544183191902407","1.3137222505881407","Pruned"
"SOC","0.14999999999999999","0.5","0.25","0.10000000000000001","1","0.68774934101885443","1.1045615767432568","Pruned"
"SOC","0.14999999999999999","0.5","0.29999999999999999","0.050000000000000003","1","0.70005685011868468","0.89540090289837304","Pruned"
"SOC","0.14999999999999999","0.5","0.34999999999999998","0","1","0.71236435921851493","0.68624022905348925","Quantized"
"SOC","0.14999999999999999","0.55000000000000004","0","0.29999999999999999","1","0.62720938003154902","1.9259565464625998","Pruned"
"SOC","0.14999999999999999","0.55000000000000004","0.050000000000000003","0.25","1","0.63951688913137938","1.7167958726177162","Pruned"
"SOC","0.14999999999999999","0.55000000000000004","0.10000000000000001","0.20000000000000001","1","0.65182439823120975","1.5076351987728325","Pruned"
"SOC","0.14999999999999999","0.55000000000000004","0.14999999999999999","0.14999999999999999","1","0.66413190733103988","1.2984745249279483","Pruned"
"SOC","0.14999999999999999","0.55000000000000004","0.20000000000000001","0.10000000000000001","1","0.67643941643087035","1.0893138510830647","Pruned"
"SOC","0.14999999999999999","0.55000000000000004","0.25","0.050000000000000003","1","0.6887469255307006","0.88015317723818087","Pruned"
"SOC","0.14999999999999999","0.55000000000000004","0.29999999999999999","0","1","0.70105443463053096","0.67099250339329708","Quantized"
"SOC","0.14999999999999999","0.59999999999999998","0","0.25","1","0.62820696454339509","1.7015481469575238","Pruned"
"SOC","0.14999999999999999","0.59999999999999998","0.050000000000000003","0.20000000000000001","1","0.64051447364322533","1.4923874731126401","Pruned"
"SOC","0.14999999999999999","0.59999999999999998","0.10000000000000001","0.14999999999999999","1","0.6528219827430557","1.2832267992677562","Pruned"
"SOC","0.14999999999999999","0.59999999999999998","0.14999999999999999","0.10000000000000001","1","0.66512949184288606","1.0740661254228725","Pruned"
"SOC","0.14999999999999999","0.59999999999999998","0.20000000000000001","0.050000000000000003","1","0.67743700094271642","0.8649054515779887","Pruned"
"SOC","0.14999999999999999","0.59999999999999998","0.25","0","1","0.68974451004254667","0.6557447777331048","Quantized"
"SOC","0.14999999999999999","0.65000000000000002","0","0.20000000000000001","1","0.62920454905524137","1.4771397474524481","Pruned"
"SOC","0.14999999999999999","0.65000000000000002","0.050000000000000003","0.14999999999999999","1","0.64151205815507151","1.267979073607564","Pruned"
"SOC","0.14999999999999999","0.65000000000000002","0.10000000000000001","0.10000000000000001","1","0.65381956725490198","1.0588183997626803","Pruned"
"SOC","0.14999999999999999","0.65000000000000002","0.14999999999999999","0.050000000000000003","1","0.66612707635473223","0.84965772591779654","Pruned"
"SOC","0.14999999999999999","0.65000000000000002","0.20000000000000001","0","1","0.67843458545456259","0.64049705207291274","Quantized"
"SOC","0.14999999999999999","0.69999999999999996","0","0.14999999999999999","1","0.63020213356708732","1.2527313479473718","Pruned"
"SOC","0.14999999999999999","0.69999999999999996","0.050000000000000003","0.10000000000000001","1","0.64250964266691768","1.0435706741024882","Pruned"
"SOC","0.14999999999999999","0.69999999999999996","0.10000000000000001","0.050000000000000003","1","0.65481715176674804","0.83441000025760426","Pruned"
"SOC","0.14999999999999999","0.69999999999999996","0.14999999999999999","0","1","0.66712466086657829","0.62524932641272046","Quantized"
"SOC","0.14999999999999999","0.75","0","0.10000000000000001","1","0.63119971807893371","1.028322948442296","Pruned"
"SOC","0.14999999999999999","0.75","0.050000000000000003","0.050000000000000003","1","0.64350722717876396","0.8191622745974122","Pruned"
"SOC","0.14999999999999999","0.75","0.10000000000000001","0","1","0.65581473627859432","0.61000160075252829","Quantized"
"SOC","0.14999999999999999","0.80000000000000004","0","0.050000000000000003","1","0.63219730259077977","0.80391454893722003","Pruned"
"SOC","0.14999999999999999","0.80000000000000004","0.050000000000000003","0","1","0.64450481169061002","0.59475387509233624","Quantized"
"SOC","0.14999999999999999","0.84999999999999998","0","0","1","0.63319488710262595","0.57950614943214396","Quantized"
"SOC","0.20000000000000001","0","0","0.80000000000000004","1","0.63121658817821136","4.1971122836901973","Pruned"
"SOC","0.20000000000000001","0","0.050000000000000003","0.75","1","0.6435240972780415","3.9879516098453132","Pruned"
"SOC","0.20000000000000001","0","0.10000000000000001","0.69999999999999996","1","0.65583160637787186","3.778790936000429","Pruned"
"SOC","0.20000000000000001","0","0.14999999999999999","0.65000000000000002","1","0.66813911547770222","3.5696302621555454","Pruned"
"SOC","0.20000000000000001","0","0.20000000000000001","0.59999999999999998","1","0.68044662457753247","3.3604695883106612","Pruned"
"SOC","0.20000000000000001","0","0.25","0.55000000000000004","1","0.69275413367736283","3.151308914465778","Pruned"
"SOC","0.20000000000000001","0","0.29999999999999999","0.5","1","0.70506164277719319","2.9421482406208939","Pruned"
"SOC","0.20000000000000001","0","0.34999999999999998","0.45000000000000001","1","0.71736915187702355","2.7329875667760102","Pruned"
"SOC","0.20000000000000001","0","0.40000000000000002","0.40000000000000002","1","0.7296766609768538","2.5238268929311265","Pruned"
"SOC","0.20000000000000001","0","0.45000000000000001","0.34999999999999998","1","0.74198417007668416","2.3146662190862424","Pruned"
"SOC","0.20000000000000001","0","0.5","0.29999999999999999","1","0.75429167917651441","2.1055055452413587","Pruned"
"SOC","0.20000000000000001","0","0.55000000000000004","0.25","1","0.76659918827634477","1.896344871396475","Pruned"
"SOC","0.20000000000000001","0","0.59999999999999998","0.20000000000000001","1","0.77890669737617513","1.6871841975515911","Pruned"
"SOC","0.20000000000000001","0","0.65000000000000002","0.14999999999999999","1","0.79121420647600549","1.4780235237067072","Pruned"
"SOC","0.20000000000000001","0","0.69999999999999996","0.10000000000000001","1","0.80352171557583574","1.2688628498618235","Pruned"
"SOC","0.20000000000000001","0","0.75","0.050000000000000003","1","0.81582922467566599","1.0597021760169396","Pruned"
"SOC","0.20000000000000001","0","0.80000000000000004","0","1","0.82813673377549635","0.85054150217205593","Pruned"
"SOC","0.20000000000000001","0.050000000000000003","0","0.75","1","0.63221417269005742","3.9727038841851208","Pruned"
"SOC","0.20000000000000001","0.050000000000000003","0.050000000000000003","0.69999999999999996","1","0.64452168178988778","3.7635432103402366","Pruned"
"SOC","0.20000000000000001","0.050000000000000003","0.10000000000000001","0.65000000000000002","1","0.65682919088971814","3.5543825364953534","Pruned"
"SOC","0.20000000000000001","0.050000000000000003","0.14999999999999999","0.59999999999999998","1","0.66913669998954839","3.3452218626504693","Pruned"
"SOC","0.20000000000000001","0.050000000000000003","0.20000000000000001","0.55000000000000004","1","0.68144420908937864","3.136061188805586","Pruned"
"SOC","0.20000000000000001","0.050000000000000003","0.25","0.5","1","0.693751718189209","2.9269005149607019","Pruned"
"SOC","0.20000000000000001","0.050000000000000003","0.29999999999999999","0.45000000000000001","1","0.70605922728903936","2.7177398411158178","Pruned"
"SOC","0.20000000000000001","0.050000000000000003","0.34999999999999998","0.40000000000000002","1","0.71836673638886972","2.5085791672709341","Pruned"
"SOC","0.20000000000000001","0.050000000000000003","0.40000000000000002","0.34999999999999998","1","0.73067424548869997","2.2994184934260504","Pruned"
"SOC","0.20000000000000001","0.050000000000000003","0.45000000000000001","0.29999999999999999","1","0.74298175458853033","2.0902578195811663","Pruned"
"SOC","0.20000000000000001","0.050000000000000003","0.5","0.25","1","0.75528926368836058","1.8810971457362826","Pruned"
"SOC","0.20000000000000001","0.050000000000000003","0.55000000000000004","0.20000000000000001","1","0.76759677278819094","1.6719364718913989","Pruned"
"SOC","0.20000000000000001","0.050000000000000003","0.59999999999999998","0.14999999999999999","1","0.7799042818880213","1.462775798046515","Pruned"
"SOC","0.20000000000000001","0.050000000000000003","0.65000000000000002","0.10000000000000001","1","0.79221179098785166","1.2536151242016311","Pruned"
"SOC","0.20000000000000001","0.050000000000000003","0.69999999999999996","0.050000000000000003","1","0.80451930008768191","1.0444544503567474","Pruned"
"SOC","0.20000000000000001","0.050000000000000003","0.75","0","1","0.81682680918751216","0.83529377651186354","Pruned"
"SOC","0.20000000000000001","0.10000000000000001","0","0.69999999999999996","1","0.63321175720190359","3.7482954846800443","Pruned"
"SOC","0.20000000000000001","0.10000000000000001","0.050000000000000003","0.65000000000000002","1","0.64551926630173395","3.539134810835161","Pruned"
"SOC","0.20000000000000001","0.10000000000000001","0.10000000000000001","0.59999999999999998","1","0.6578267754015642","3.3299741369902769","Pruned"
"SOC","0.20000000000000001","0.10000000000000001","0.14999999999999999","0.55000000000000004","1","0.67013428450139456","3.1208134631453937","Pruned"
"SOC","0.20000000000000001","0.10000000000000001","0.20000000000000001","0.5","1","0.68244179360122481","2.9116527893005095","Pruned"
"SOC","0.20000000000000001","0.10000000000000001","0.25","0.45000000000000001","1","0.69474930270105517","2.7024921154556258","Pruned"
"SOC","0.20000000000000001","0.10000000000000001","0.29999999999999999","0.40000000000000002","1","0.70705681180088553","2.4933314416107422","Pruned"
"SOC","0.20000000000000001","0.10000000000000001","0.34999999999999998","0.34999999999999998","1","0.71936432090071578","2.284170767765858","Pruned"
"SOC","0.20000000000000001","0.10000000000000001","0.40000000000000002","0.29999999999999999","1","0.73167183000054614","2.0750100939209744","Pruned"
"SOC","0.20000000000000001","0.10000000000000001","0.45000000000000001","0.25","1","0.74397933910037639","1.8658494200760907","Pruned"
"SOC","0.20000000000000001","0.10000000000000001","0.5","0.20000000000000001","1","0.75628684820020675","1.6566887462312068","Pruned"
"SOC","0.20000000000000001","0.10000000000000001","0.55000000000000004","0.14999999999999999","1","0.76859435730003711","1.4475280723863229","Pruned"
"SOC","0.20000000000000001","0.10000000000000001","0.59999999999999998","0.10000000000000001","1","0.78090186639986747","1.2383673985414392","Pruned"
"SOC","0.20000000000000001","0.10000000000000001","0.65000000000000002","0.050000000000000003","1","0.79320937549969772","1.0292067246965553","Pruned"
"SOC","0.20000000000000001","0.10000000000000001","0.69999999999999996","0","1","0.80551688459952797","0.82004605085167148","Pruned"
"SOC","0.20000000000000001","0.14999999999999999","0","0.65000000000000002","1","0.63420934171374976","3.5238870851749691","Pruned"
"SOC","0.20000000000000001","0.14999999999999999","0.050000000000000003","0.59999999999999998","1","0.64651685081358012","3.3147264113300849","Pruned"
"SOC","0.20000000000000001","0.14999999999999999","0.10000000000000001","0.55000000000000004","1","0.65882435991341048","3.1055657374852017","Pruned"
"SOC","0.20000000000000001","0.14999999999999999","0.14999999999999999","0.5","1","0.67113186901324073","2.8964050636403176","Pruned"
"SOC","0.20000000000000001","0.14999999999999999","0.20000000000000001","0.45000000000000001","1","0.68343937811307098","2.6872443897954339","Pruned"
"SOC","0.20000000000000001","0.14999999999999999","0.25","0.40000000000000002","1","0.69574688721290134","2.4780837159505502","Pruned"
"SOC","0.20000000000000001","0.14999999999999999","0.29999999999999999","0.34999999999999998","1","0.7080543963127317","2.2689230421056656","Pruned"
"SOC","0.20000000000000001","0.14999999999999999","0.34999999999999998","0.29999999999999999","1","0.72036190541256195","2.059762368260782","Pruned"
"SOC","0.20000000000000001","0.14999999999999999","0.40000000000000002","0.25","1","0.7326694145123922","1.8506016944158983","Pruned"
"SOC","0.20000000000000001","0.14999999999999999","0.45000000000000001","0.20000000000000001","1","0.74497692361222256","1.6414410205710146","Pruned"
"SOC","0.20000000000000001","0.14999999999999999","0.5","0.14999999999999999","1","0.75728443271205292","1.4322803467261307","Pruned"
"SOC","0.20000000000000001","0.14999999999999999","0.55000000000000004","0.10000000000000001","1","0.76959194181188328","1.223119672881247","Pruned"
"SOC","0.20000000000000001","0.14999999999999999","0.59999999999999998","0.050000000000000003","1","0.78189945091171353","1.0139589990363631","Pruned"
"SOC","0.20000000000000001","0.14999999999999999","0.65000000000000002","0","1","0.79420696001154389","0.8047983251914792","Pruned"
"SOC","0.20000000000000001","0.20000000000000001","0","0.59999999999999998","1","0.63520692622559594","3.2994786856698926","Pruned"
"SOC","0.20000000000000001","0.20000000000000001","0.050000000000000003","0.55000000000000004","1","0.6475144353254263","3.0903180118250093","Pruned"
"SOC","0.20000000000000001","0.20000000000000001","0.10000000000000001","0.5","1","0.65982194442525666","2.8811573379801252","Pruned"
"SOC","0.20000000000000001","0.20000000000000001","0.14999999999999999","0.45000000000000001","1","0.67212945352508691","2.6719966641352415","Pruned"
"SOC","0.20000000000000001","0.20000000000000001","0.20000000000000001","0.40000000000000002","1","0.68443696262491727","2.4628359902903578","Pruned"
"SOC","0.20000000000000001","0.20000000000000001","0.25","0.34999999999999998","1","0.69674447172474752","2.2536753164454737","Pruned"
"SOC","0.20000000000000001","0.20000000000000001","0.29999999999999999","0.29999999999999999","1","0.70905198082457788","2.04451464260059","Pruned"
"SOC","0.20000000000000001","0.20000000000000001","0.34999999999999998","0.25","1","0.72135948992440813","1.8353539687557061","Pruned"
"SOC","0.20000000000000001","0.20000000000000001","0.40000000000000002","0.20000000000000001","1","0.7336669990242386","1.6261932949108224","Pruned"
"SOC","0.20000000000000001","0.20000000000000001","0.45000000000000001","0.14999999999999999","1","0.74597450812406874","1.4170326210659385","Pruned"
"SOC","0.20000000000000001","0.20000000000000001","0.5","0.10000000000000001","1","0.7582820172238991","1.2078719472210548","Pruned"
"SOC","0.20000000000000001","0.20000000000000001","0.55000000000000004","0.050000000000000003","1","0.77058952632372957","0.99871127337617094","Pruned"
"SOC","0.20000000000000001","0.20000000000000001","0.59999999999999998","0","1","0.78289703542355982","0.78955059953128703","Pruned"
"SOC","0.20000000000000001","0.25","0","0.55000000000000004","1","0.63620451073744211","3.0750702861648174","Pruned"
"SOC","0.20000000000000001","0.25","0.050000000000000003","0.5","1","0.64851201983727247","2.8659096123199328","Pruned"
"SOC","0.20000000000000001","0.25","0.10000000000000001","0.45000000000000001","1","0.66081952893710272","2.6567489384750491","Pruned"
"SOC","0.20000000000000001","0.25","0.14999999999999999","0.40000000000000002","1","0.67312703803693308","2.4475882646301654","Pruned"
"SOC","0.20000000000000001","0.25","0.20000000000000001","0.34999999999999998","1","0.68543454713676333","2.2384275907852813","Pruned"
"SOC","0.20000000000000001","0.25","0.25","0.29999999999999999","1","0.69774205623659369","2.0292669169403976","Pruned"
"SOC","0.20000000000000001","0.25","0.29999999999999999","0.25","1","0.71004956533642394","1.8201062430955139","Pruned"
"SOC","0.20000000000000001","0.25","0.34999999999999998","0.20000000000000001","1","0.72235707443625441","1.6109455692506303","Pruned"
"SOC","0.20000000000000001","0.25","0.40000000000000002","0.14999999999999999","1","0.73466458353608455","1.4017848954057464","Pruned"
"SOC","0.20000000000000001","0.25","0.45000000000000001","0.10000000000000001","1","0.74697209263591491","1.1926242215608627","Pruned"
"SOC","0.20000000000000001","0.25","0.5","0.050000000000000003","1","0.75927960173574527","0.98346354771597877","Pruned"
"SOC","0.20000000000000001","0.25","0.55000000000000004","0","1","0.77158711083557563","0.77430287387109487","Pruned"
"SOC","0.20000000000000001","0.29999999999999999","0","0.5","1","0.63720209524928828","2.8506618866597409","Pruned"
"SOC","0.20000000000000001","0.29999999999999999","0.050000000000000003","0.45000000000000001","1","0.64950960434911853","2.6415012128148572","Pruned"
"SOC","0.20000000000000001","0.29999999999999999","0.10000000000000001","0.40000000000000002","1","0.66181711344894889","2.4323405389699735","Pruned"
"SOC","0.20000000000000001","0.29999999999999999","0.14999999999999999","0.34999999999999998","1","0.67412462254877914","2.2231798651250894","Pruned"
"SOC","0.20000000000000001","0.29999999999999999","0.20000000000000001","0.29999999999999999","1","0.6864321316486095","2.0140191912802057","Pruned"
"SOC","0.20000000000000001","0.29999999999999999","0.25","0.25","1","0.69873964074843975","1.8048585174353218","Pruned"
"SOC","0.20000000000000001","0.29999999999999999","0.29999999999999999","0.20000000000000001","1","0.71104714984827022","1.5956978435904381","Pruned"
"SOC","0.20000000000000001","0.29999999999999999","0.34999999999999998","0.14999999999999999","1","0.72335465894810036","1.3865371697455542","Pruned"
"SOC","0.20000000000000001","0.29999999999999999","0.40000000000000002","0.10000000000000001","1","0.73566216804793072","1.1773764959006705","Pruned"
"SOC","0.20000000000000001","0.29999999999999999","0.45000000000000001","0.050000000000000003","1","0.74796967714776108","0.9682158220557866","Pruned"
"SOC","0.20000000000000001","0.29999999999999999","0.5","0","1","0.76027718624759144","0.7590551482109027","Quantized"
"SOC","0.20000000000000001","0.34999999999999998","0","0.45000000000000001","1","0.63819967976113445","2.6262534871546648","Pruned"
"SOC","0.20000000000000001","0.34999999999999998","0.050000000000000003","0.40000000000000002","1","0.65050718886096481","2.4170928133097811","Pruned"
"SOC","0.20000000000000001","0.34999999999999998","0.10000000000000001","0.34999999999999998","1","0.66281469796079506","2.207932139464897","Pruned"
"SOC","0.20000000000000001","0.34999999999999998","0.14999999999999999","0.29999999999999999","1","0.67512220706062531","1.9987714656200133","Pruned"
"SOC","0.20000000000000001","0.34999999999999998","0.20000000000000001","0.25","1","0.68742971616045567","1.7896107917751296","Pruned"
"SOC","0.20000000000000001","0.34999999999999998","0.25","0.20000000000000001","1","0.69973722526028603","1.5804501179302459","Pruned"
"SOC","0.20000000000000001","0.34999999999999998","0.29999999999999999","0.14999999999999999","1","0.71204473436011639","1.3712894440853618","Pruned"
"SOC","0.20000000000000001","0.34999999999999998","0.34999999999999998","0.10000000000000001","1","0.72435224345994664","1.1621287702404781","Pruned"
"SOC","0.20000000000000001","0.34999999999999998","0.40000000000000002","0.050000000000000003","1","0.736659752559777","0.95296809639559443","Pruned"
"SOC","0.20000000000000001","0.34999999999999998","0.45000000000000001","0","1","0.74896726165960725","0.74380742255071053","Quantized"
"SOC","0.20000000000000001","0.40000000000000002","0","0.40000000000000002","1","0.63919726427298063","2.4018450876495891","Pruned"
"SOC","0.20000000000000001","0.40000000000000002","0.050000000000000003","0.34999999999999998","1","0.65150477337281087","2.192684413804705","Pruned"
"SOC","0.20000000000000001","0.40000000000000002","0.10000000000000001","0.29999999999999999","1","0.66381228247264124","1.9835237399598211","Pruned"
"SOC","0.20000000000000001","0.40000000000000002","0.14999999999999999","0.25","1","0.67611979157247148","1.7743630661149374","Pruned"
"SOC","0.20000000000000001","0.40000000000000002","0.20000000000000001","0.20000000000000001","1","0.68842730067230185","1.5652023922700538","Pruned"
"SOC","0.20000000000000001","0.40000000000000002","0.25","0.14999999999999999","1","0.70073480977213221","1.3560417184251699","Pruned"
"SOC","0.20000000000000001","0.40000000000000002","0.29999999999999999","0.10000000000000001","1","0.71304231887196257","1.1468810445802862","Pruned"
"SOC","0.20000000000000001","0.40000000000000002","0.34999999999999998","0.050000000000000003","1","0.72534982797179282","0.93772037073540215","Pruned"
"SOC","0.20000000000000001","0.40000000000000002","0.40000000000000002","0","1","0.73765733707162306","0.72855969689051836","Quantized"
"SOC","0.20000000000000001","0.45000000000000001","0","0.34999999999999998","1","0.6401948487848268","2.1774366881445126","Pruned"
"SOC","0.20000000000000001","0.45000000000000001","0.050000000000000003","0.29999999999999999","1","0.65250235788465716","1.968276014299629","Pruned"
"SOC","0.20000000000000001","0.45000000000000001","0.10000000000000001","0.25","1","0.66480986698448741","1.7591153404547453","Pruned"
"SOC","0.20000000000000001","0.45000000000000001","0.14999999999999999","0.20000000000000001","1","0.67711737608431766","1.5499546666098616","Pruned"
"SOC","0.20000000000000001","0.45000000000000001","0.20000000000000001","0.14999999999999999","1","0.68942488518414802","1.3407939927649777","Pruned"
"SOC","0.20000000000000001","0.45000000000000001","0.25","0.10000000000000001","1","0.70173239428397838","1.1316333189200938","Pruned"
"SOC","0.20000000000000001","0.45000000000000001","0.29999999999999999","0.050000000000000003","1","0.71403990338380874","0.9224726450752101","Pruned"
"SOC","0.20000000000000001","0.45000000000000001","0.34999999999999998","0","1","0.72634741248363899","0.71331197123032619","Quantized"
"SOC","0.20000000000000001","0.5","0","0.29999999999999999","1","0.64119243329667286","1.9530282886394368","Pruned"
"SOC","0.20000000000000001","0.5","0.050000000000000003","0.25","1","0.65349994239650311","1.7438676147945531","Pruned"
"SOC","0.20000000000000001","0.5","0.10000000000000001","0.20000000000000001","1","0.66580745149633347","1.5347069409496692","Pruned"
"SOC","0.20000000000000001","0.5","0.14999999999999999","0.14999999999999999","1","0.67811496059616383","1.3255462671047855","Pruned"
"SOC","0.20000000000000001","0.5","0.20000000000000001","0.10000000000000001","1","0.69042246969599419","1.1163855932599018","Pruned"
"SOC","0.20000000000000001","0.5","0.25","0.050000000000000003","1","0.70272997879582444","0.90722491941501782","Pruned"
"SOC","0.20000000000000001","0.5","0.29999999999999999","0","1","0.7150374878956548","0.69806424557013402","Quantized"
"SOC","0.20000000000000001","0.55000000000000004","0","0.25","1","0.64219001780851914","1.7286198891343609","Pruned"
"SOC","0.20000000000000001","0.55000000000000004","0.050000000000000003","0.20000000000000001","1","0.6544975269083495","1.5194592152894772","Pruned"
"SOC","0.20000000000000001","0.55000000000000004","0.10000000000000001","0.14999999999999999","1","0.66680503600817986","1.3102985414445931","Pruned"
"SOC","0.20000000000000001","0.55000000000000004","0.14999999999999999","0.10000000000000001","1","0.67911254510801011","1.1011378675997094","Pruned"
"SOC","0.20000000000000001","0.55000000000000004","0.20000000000000001","0.050000000000000003","1","0.69142005420784047","0.89197719375482576","Pruned"
"SOC","0.20000000000000001","0.55000000000000004","0.25","0","1","0.70372756330767072","0.68281651990994185","Quantized"
"SOC","0.20000000000000001","0.59999999999999998","0","0.20000000000000001","1","0.64318760232036531","1.5042114896292849","Pruned"
"SOC","0.20000000000000001","0.59999999999999998","0.050000000000000003","0.14999999999999999","1","0.65549511142019545","1.2950508157844012","Pruned"
"SOC","0.20000000000000001","0.59999999999999998","0.10000000000000001","0.10000000000000001","1","0.66780262052002592","1.0858901419395173","Pruned"
"SOC","0.20000000000000001","0.59999999999999998","0.14999999999999999","0.050000000000000003","1","0.68011012961985617","0.87672946809463348","Pruned"
"SOC","0.20000000000000001","0.59999999999999998","0.20000000000000001","0","1","0.69241763871968653","0.66756879424974969","Quantized"
"SOC","0.20000000000000001","0.65000000000000002","0","0.14999999999999999","1","0.64418518683221149","1.2798030901242088","Pruned"
"SOC","0.20000000000000001","0.65000000000000002","0.050000000000000003","0.10000000000000001","1","0.65649269593204174","1.0706424162793251","Pruned"
"SOC","0.20000000000000001","0.65000000000000002","0.10000000000000001","0.050000000000000003","1","0.6688002050318721","0.86148174243444131","Pruned"
"SOC","0.20000000000000001","0.65000000000000002","0.14999999999999999","0","1","0.68110771413170235","0.65232106858955752","Quantized"
"SOC","0.20000000000000001","0.69999999999999996","0","0.10000000000000001","1","0.64518277134405755","1.0553946906191329","Pruned"
"SOC","0.20000000000000001","0.69999999999999996","0.050000000000000003","0.050000000000000003","1","0.6574902804438878","0.84623401677424914","Pruned"
"SOC","0.20000000000000001","0.69999999999999996","0.10000000000000001","0","1","0.66979778954371816","0.63707334292936524","Quantized"
"SOC","0.20000000000000001","0.75","0","0.050000000000000003","1","0.64618035585590372","0.83098629111405697","Pruned"
"SOC","0.20000000000000001","0.75","0.050000000000000003","0","1","0.65848786495573397","0.62182561726917318","Quantized"
"SOC","0.20000000000000001","0.80000000000000004","0","0","1","0.64717794036774989","0.60657789160898101","Quantized"
"SOC","0.25","0","0","0.75","1","0.64619722595518136","3.9997756263619575","Pruned"
"SOC","0.25","0","0.050000000000000003","0.69999999999999996","1","0.65850473505501173","3.7906149525170734","Pruned"
"SOC","0.25","0","0.10000000000000001","0.65000000000000002","1","0.67081224415484209","3.5814542786721901","Pruned"
"SOC","0.25","0","0.14999999999999999","0.59999999999999998","1","0.68311975325467233","3.372293604827306","Pruned"
"SOC","0.25","0","0.20000000000000001","0.55000000000000004","1","0.69542726235450258","3.1631329309824228","Pruned"
"SOC","0.25","0","0.25","0.5","1","0.70773477145433294","2.9539722571375386","Pruned"
"SOC","0.25","0","0.29999999999999999","0.45000000000000001","1","0.72004228055416331","2.744811583292655","Pruned"
"SOC","0.25","0","0.34999999999999998","0.40000000000000002","1","0.73234978965399355","2.5356509094477713","Pruned"
"SOC","0.25","0","0.40000000000000002","0.34999999999999998","1","0.74465729875382392","2.3264902356028871","Pruned"
"SOC","0.25","0","0.45000000000000001","0.29999999999999999","1","0.75696480785365428","2.1173295617580035","Pruned"
"SOC","0.25","0","0.5","0.25","1","0.76927231695348453","1.9081688879131196","Pruned"
"SOC","0.25","0","0.55000000000000004","0.20000000000000001","1","0.78157982605331489","1.6990082140682359","Pruned"
"SOC","0.25","0","0.59999999999999998","0.14999999999999999","1","0.79388733515314525","1.489847540223352","Pruned"
"SOC","0.25","0","0.65000000000000002","0.10000000000000001","1","0.80619484425297561","1.2806868663784683","Pruned"
"SOC","0.25","0","0.69999999999999996","0.050000000000000003","1","0.81850235335280586","1.0715261925335844","Pruned"
"SOC","0.25","0","0.75","0","1","0.83080986245263611","0.86236551868870048","Pruned"
"SOC","0.25","0.050000000000000003","0","0.69999999999999996","1","0.64719481046702754","3.7753672268568814","Pruned"
"SOC","0.25","0.050000000000000003","0.050000000000000003","0.65000000000000002","1","0.6595023195668579","3.5662065530119982","Pruned"
"SOC","0.25","0.050000000000000003","0.10000000000000001","0.59999999999999998","1","0.67180982866668815","3.3570458791671141","Pruned"
"SOC","0.25","0.050000000000000003","0.14999999999999999","0.55000000000000004","1","0.68411733776651851","3.1478852053222308","Pruned"
"SOC","0.25","0.050000000000000003","0.20000000000000001","0.5","1","0.69642484686634876","2.9387245314773462","Pruned"
"SOC","0.25","0.050000000000000003","0.25","0.45000000000000001","1","0.70873235596617912","2.7295638576324626","Pruned"
"SOC","0.25","0.050000000000000003","0.29999999999999999","0.40000000000000002","1","0.72103986506600948","2.5204031837875789","Pruned"
"SOC","0.25","0.050000000000000003","0.34999999999999998","0.34999999999999998","1","0.73334737416583973","2.3112425099426948","Pruned"
"SOC","0.25","0.050000000000000003","0.40000000000000002","0.29999999999999999","1","0.74565488326567009","2.1020818360978111","Pruned"
"SOC","0.25","0.050000000000000003","0.45000000000000001","0.25","1","0.75796239236550034","1.8929211622529274","Pruned"
"SOC","0.25","0.050000000000000003","0.5","0.20000000000000001","1","0.7702699014653307","1.6837604884080437","Pruned"
"SOC","0.25","0.050000000000000003","0.55000000000000004","0.14999999999999999","1","0.78257741056516106","1.4745998145631598","Pruned"
"SOC","0.25","0.050000000000000003","0.59999999999999998","0.10000000000000001","1","0.79488491966499142","1.2654391407182759","Pruned"
"SOC","0.25","0.050000000000000003","0.65000000000000002","0.050000000000000003","1","0.80719242876482167","1.0562784668733922","Pruned"
"SOC","0.25","0.050000000000000003","0.69999999999999996","0","1","0.81949993786465192","0.84711779302850831","Pruned"
"SOC","0.25","0.10000000000000001","0","0.65000000000000002","1","0.64819239497887371","3.5509588273518058","Pruned"
"SOC","0.25","0.10000000000000001","0.050000000000000003","0.59999999999999998","1","0.66049990407870407","3.3417981535069217","Pruned"
"SOC","0.25","0.10000000000000001","0.10000000000000001","0.55000000000000004","1","0.67280741317853443","3.1326374796620384","Pruned"
"SOC","0.25","0.10000000000000001","0.14999999999999999","0.5","1","0.68511492227836468","2.9234768058171543","Pruned"
"SOC","0.25","0.10000000000000001","0.20000000000000001","0.45000000000000001","1","0.69742243137819493","2.7143161319722706","Pruned"
"SOC","0.25","0.10000000000000001","0.25","0.40000000000000002","1","0.70972994047802529","2.5051554581273869","Pruned"
"SOC","0.25","0.10000000000000001","0.29999999999999999","0.34999999999999998","1","0.72203744957785565","2.2959947842825028","Pruned"
"SOC","0.25","0.10000000000000001","0.34999999999999998","0.29999999999999999","1","0.7343449586776859","2.0868341104376187","Pruned"
"SOC","0.25","0.10000000000000001","0.40000000000000002","0.25","1","0.74665246777751615","1.8776734365927352","Pruned"
"SOC","0.25","0.10000000000000001","0.45000000000000001","0.20000000000000001","1","0.75895997687734651","1.6685127627478515","Pruned"
"SOC","0.25","0.10000000000000001","0.5","0.14999999999999999","1","0.77126748597717687","1.4593520889029676","Pruned"
"SOC","0.25","0.10000000000000001","0.55000000000000004","0.10000000000000001","1","0.78357499507700723","1.250191415058084","Pruned"
"SOC","0.25","0.10000000000000001","0.59999999999999998","0.050000000000000003","1","0.79588250417683748","1.0410307412131998","Pruned"
"SOC","0.25","0.10000000000000001","0.65000000000000002","0","1","0.80819001327666784","0.83187006736831615","Pruned"
"SOC","0.25","0.14999999999999999","0","0.59999999999999998","1","0.64918997949071988","3.3265504278467297","Pruned"
"SOC","0.25","0.14999999999999999","0.050000000000000003","0.55000000000000004","1","0.66149748859055024","3.117389754001846","Pruned"
"SOC","0.25","0.14999999999999999","0.10000000000000001","0.5","1","0.6738049976903806","2.9082290801569624","Pruned"
"SOC","0.25","0.14999999999999999","0.14999999999999999","0.45000000000000001","1","0.68611250679021085","2.6990684063120782","Pruned"
"SOC","0.25","0.14999999999999999","0.20000000000000001","0.40000000000000002","1","0.69842001589004121","2.4899077324671945","Pruned"
"SOC","0.25","0.14999999999999999","0.25","0.34999999999999998","1","0.71072752498987146","2.2807470586223104","Pruned"
"SOC","0.25","0.14999999999999999","0.29999999999999999","0.29999999999999999","1","0.72303503408970182","2.0715863847774267","Pruned"
"SOC","0.25","0.14999999999999999","0.34999999999999998","0.25","1","0.73534254318953207","1.8624257109325431","Pruned"
"SOC","0.25","0.14999999999999999","0.40000000000000002","0.20000000000000001","1","0.74765005228936254","1.6532650370876594","Pruned"
"SOC","0.25","0.14999999999999999","0.45000000000000001","0.14999999999999999","1","0.75995756138919268","1.4441043632427755","Pruned"
"SOC","0.25","0.14999999999999999","0.5","0.10000000000000001","1","0.77226507048902304","1.2349436893978916","Pruned"
"SOC","0.25","0.14999999999999999","0.55000000000000004","0.050000000000000003","1","0.78457257958885351","1.0257830155530079","Pruned"
"SOC","0.25","0.14999999999999999","0.59999999999999998","0","1","0.79688008868868376","0.81662234170812398","Pruned"
"SOC","0.25","0.20000000000000001","0","0.55000000000000004","1","0.65018756400256605","3.1021420283416541","Pruned"
"SOC","0.25","0.20000000000000001","0.050000000000000003","0.5","1","0.66249507310239641","2.89298135449677","Pruned"
"SOC","0.25","0.20000000000000001","0.10000000000000001","0.45000000000000001","1","0.67480258220222666","2.6838206806518863","Pruned"
"SOC","0.25","0.20000000000000001","0.14999999999999999","0.40000000000000002","1","0.68711009130205702","2.4746600068070026","Pruned"
"SOC","0.25","0.20000000000000001","0.20000000000000001","0.34999999999999998","1","0.69941760040188727","2.2654993329621185","Pruned"
"SOC","0.25","0.20000000000000001","0.25","0.29999999999999999","1","0.71172510950171763","2.0563386591172348","Pruned"
"SOC","0.25","0.20000000000000001","0.29999999999999999","0.25","1","0.72403261860154788","1.8471779852723509","Pruned"
"SOC","0.25","0.20000000000000001","0.34999999999999998","0.20000000000000001","1","0.73634012770137836","1.6380173114274672","Pruned"
"SOC","0.25","0.20000000000000001","0.40000000000000002","0.14999999999999999","1","0.74864763680120849","1.4288566375825833","Pruned"
"SOC","0.25","0.20000000000000001","0.45000000000000001","0.10000000000000001","1","0.76095514590103885","1.2196959637376996","Pruned"
"SOC","0.25","0.20000000000000001","0.5","0.050000000000000003","1","0.77326265500086921","1.0105352898928155","Pruned"
"SOC","0.25","0.20000000000000001","0.55000000000000004","0","1","0.78557016410069958","0.80137461604793181","Pruned"
"SOC","0.25","0.25","0","0.5","1","0.65118514851441223","2.8777336288365776","Pruned"
"SOC","0.25","0.25","0.050000000000000003","0.45000000000000001","1","0.66349265761424248","2.6685729549916939","Pruned"
"SOC","0.25","0.25","0.10000000000000001","0.40000000000000002","1","0.67580016671407284","2.4594122811468102","Pruned"
"SOC","0.25","0.25","0.14999999999999999","0.34999999999999998","1","0.68810767581390309","2.2502516073019261","Pruned"
"SOC","0.25","0.25","0.20000000000000001","0.29999999999999999","1","0.70041518491373345","2.0410909334570424","Pruned"
"SOC","0.25","0.25","0.25","0.25","1","0.7127226940135637","1.8319302596121587","Pruned"
"SOC","0.25","0.25","0.29999999999999999","0.20000000000000001","1","0.72503020311339417","1.622769585767275","Pruned"
"SOC","0.25","0.25","0.34999999999999998","0.14999999999999999","1","0.73733771221322431","1.4136089119223911","Pruned"
"SOC","0.25","0.25","0.40000000000000002","0.10000000000000001","1","0.74964522131305467","1.2044482380775074","Pruned"
"SOC","0.25","0.25","0.45000000000000001","0.050000000000000003","1","0.76195273041288503","0.99528756423262355","Pruned"
"SOC","0.25","0.25","0.5","0","1","0.77426023951271539","0.78612689038773964","Pruned"
"SOC","0.25","0.29999999999999999","0","0.45000000000000001","1","0.6521827330262584","2.6533252293315019","Pruned"
"SOC","0.25","0.29999999999999999","0.050000000000000003","0.40000000000000002","1","0.66449024212608876","2.4441645554866183","Pruned"
"SOC","0.25","0.29999999999999999","0.10000000000000001","0.34999999999999998","1","0.67679775122591901","2.2350038816417341","Pruned"
"SOC","0.25","0.29999999999999999","0.14999999999999999","0.29999999999999999","1","0.68910526032574926","2.02584320779685","Pruned"
"SOC","0.25","0.29999999999999999","0.20000000000000001","0.25","1","0.70141276942557962","1.8166825339519665","Pruned"
"SOC","0.25","0.29999999999999999","0.25","0.20000000000000001","1","0.71372027852540998","1.6075218601070826","Pruned"
"SOC","0.25","0.29999999999999999","0.29999999999999999","0.14999999999999999","1","0.72602778762524034","1.398361186262199","Pruned"
"SOC","0.25","0.29999999999999999","0.34999999999999998","0.10000000000000001","1","0.73833529672507059","1.1892005124173151","Pruned"
"SOC","0.25","0.29999999999999999","0.40000000000000002","0.050000000000000003","1","0.75064280582490095","0.98003983857243127","Pruned"
"SOC","0.25","0.29999999999999999","0.45000000000000001","0","1","0.7629503149247312","0.77087916472754747","Pruned"
"SOC","0.25","0.34999999999999998","0","0.40000000000000002","1","0.65318031753810457","2.4289168298264259","Pruned"
"SOC","0.25","0.34999999999999998","0.050000000000000003","0.34999999999999998","1","0.66548782663793482","2.2197561559815417","Pruned"
"SOC","0.25","0.34999999999999998","0.10000000000000001","0.29999999999999999","1","0.67779533573776518","2.0105954821366581","Pruned"
"SOC","0.25","0.34999999999999998","0.14999999999999999","0.25","1","0.69010284483759543","1.8014348082917744","Pruned"
"SOC","0.25","0.34999999999999998","0.20000000000000001","0.20000000000000001","1","0.70241035393742579","1.5922741344468907","Pruned"
"SOC","0.25","0.34999999999999998","0.25","0.14999999999999999","1","0.71471786303725615","1.3831134606020066","Pruned"
"SOC","0.25","0.34999999999999998","0.29999999999999999","0.10000000000000001","1","0.72702537213708651","1.1739527867571229","Pruned"
"SOC","0.25","0.34999999999999998","0.34999999999999998","0.050000000000000003","1","0.73933288123691676","0.9647921129122391","Pruned"
"SOC","0.25","0.34999999999999998","0.40000000000000002","0","1","0.75164039033674701","0.7556314390673553","Pruned"
"SOC","0.25","0.40000000000000002","0","0.34999999999999998","1","0.65417790204995074","2.2045084303213498","Pruned"
"SOC","0.25","0.40000000000000002","0.050000000000000003","0.29999999999999999","1","0.6664854111497811","1.9953477564764659","Pruned"
"SOC","0.25","0.40000000000000002","0.10000000000000001","0.25","1","0.67879292024961135","1.7861870826315822","Pruned"
"SOC","0.25","0.40000000000000002","0.14999999999999999","0.20000000000000001","1","0.6911004293494416","1.5770264087866983","Pruned"
"SOC","0.25","0.40000000000000002","0.20000000000000001","0.14999999999999999","1","0.70340793844927196","1.3678657349418146","Pruned"
"SOC","0.25","0.40000000000000002","0.25","0.10000000000000001","1","0.71571544754910232","1.1587050610969309","Pruned"
"SOC","0.25","0.40000000000000002","0.29999999999999999","0.050000000000000003","1","0.72802295664893268","0.94954438725204693","Pruned"
"SOC","0.25","0.40000000000000002","0.34999999999999998","0","1","0.74033046574876293","0.74038371340716314","Pruned"
"SOC","0.25","0.45000000000000001","0","0.29999999999999999","1","0.65517548656179692","1.9801000308162737","Pruned"
"SOC","0.25","0.45000000000000001","0.050000000000000003","0.25","1","0.66748299566162717","1.77093935697139","Pruned"
"SOC","0.25","0.45000000000000001","0.10000000000000001","0.20000000000000001","1","0.67979050476145741","1.5617786831265064","Pruned"
"SOC","0.25","0.45000000000000001","0.14999999999999999","0.14999999999999999","1","0.69209801386128778","1.3526180092816222","Pruned"
"SOC","0.25","0.45000000000000001","0.20000000000000001","0.10000000000000001","1","0.70440552296111814","1.1434573354367386","Pruned"
"SOC","0.25","0.45000000000000001","0.25","0.050000000000000003","1","0.7167130320609485","0.93429666159185476","Pruned"
"SOC","0.25","0.45000000000000001","0.29999999999999999","0","1","0.72902054116077875","0.72513598774697097","Quantized"
"SOC","0.25","0.5","0","0.25","1","0.65617307107364298","1.7556916313111979","Pruned"
"SOC","0.25","0.5","0.050000000000000003","0.20000000000000001","1","0.66848058017347323","1.5465309574663142","Pruned"
"SOC","0.25","0.5","0.10000000000000001","0.14999999999999999","1","0.68078808927330359","1.3373702836214303","Pruned"
"SOC","0.25","0.5","0.14999999999999999","0.10000000000000001","1","0.69309559837313395","1.1282096097765466","Pruned"
"SOC","0.25","0.5","0.20000000000000001","0.050000000000000003","1","0.70540310747296431","0.9190489359316627","Pruned"
"SOC","0.25","0.5","0.25","0","1","0.71771061657279456","0.7098882620867788","Quantized"
"SOC","0.25","0.55000000000000004","0","0.20000000000000001","1","0.65717065558548926","1.531283231806122","Pruned"
"SOC","0.25","0.55000000000000004","0.050000000000000003","0.14999999999999999","1","0.6694781646853194","1.3221225579612379","Pruned"
"SOC","0.25","0.55000000000000004","0.10000000000000001","0.10000000000000001","1","0.68178567378514987","1.1129618841163542","Pruned"
"SOC","0.25","0.55000000000000004","0.14999999999999999","0.050000000000000003","1","0.69409318288498012","0.90380121027147042","Pruned"
"SOC","0.25","0.55000000000000004","0.20000000000000001","0","1","0.70640069198481048","0.69464053642658663","Quantized"
"SOC","0.25","0.59999999999999998","0","0.14999999999999999","1","0.65816824009733521","1.3068748323010457","Pruned"
"SOC","0.25","0.59999999999999998","0.050000000000000003","0.10000000000000001","1","0.67047574919716557","1.097714158456162","Pruned"
"SOC","0.25","0.59999999999999998","0.10000000000000001","0.050000000000000003","1","0.68278325829699593","0.88855348461127814","Pruned"
"SOC","0.25","0.59999999999999998","0.14999999999999999","0","1","0.69509076739682618","0.67939281076639435","Quantized"
"SOC","0.25","0.65000000000000002","0","0.10000000000000001","1","0.65916582460918161","1.0824664327959699","Pruned"
"SOC","0.25","0.65000000000000002","0.050000000000000003","0.050000000000000003","1","0.67147333370901185","0.87330575895108609","Pruned"
"SOC","0.25","0.65000000000000002","0.10000000000000001","0","1","0.68378084280884222","0.66414508510620218","Quantized"
"SOC","0.25","0.69999999999999996","0","0.050000000000000003","1","0.66016340912102767","0.85805803329089392","Pruned"
"SOC","0.25","0.69999999999999996","0.050000000000000003","0","1","0.67247091822085792","0.64889735944601012","Quantized"
"SOC","0.25","0.75","0","0","1","0.66116099363287384","0.63364963378581796","Quantized"
"SOC","0.29999999999999999","0","0","0.69999999999999996","1","0.66117786373215148","3.8024389690337181","Pruned"
"SOC","0.29999999999999999","0","0.050000000000000003","0.65000000000000002","1","0.67348537283198184","3.5932782951888349","Pruned"
"SOC","0.29999999999999999","0","0.10000000000000001","0.59999999999999998","1","0.68579288193181209","3.3841176213439508","Pruned"
"SOC","0.29999999999999999","0","0.14999999999999999","0.55000000000000004","1","0.69810039103164245","3.1749569474990675","Pruned"
"SOC","0.29999999999999999","0","0.20000000000000001","0.5","1","0.7104079001314727","2.9657962736541834","Pruned"
"SOC","0.29999999999999999","0","0.25","0.45000000000000001","1","0.72271540923130306","2.7566355998092997","Pruned"
"SOC","0.29999999999999999","0","0.29999999999999999","0.40000000000000002","1","0.73502291833113342","2.547474925964416","Pruned"
"SOC","0.29999999999999999","0","0.34999999999999998","0.34999999999999998","1","0.74733042743096367","2.3383142521195319","Pruned"
"SOC","0.29999999999999999","0","0.40000000000000002","0.29999999999999999","1","0.75963793653079403","2.1291535782746482","Pruned"
"SOC","0.29999999999999999","0","0.45000000000000001","0.25","1","0.77194544563062428","1.9199929044297643","Pruned"
"SOC","0.29999999999999999","0","0.5","0.20000000000000001","1","0.78425295473045464","1.7108322305848807","Pruned"
"SOC","0.29999999999999999","0","0.55000000000000004","0.14999999999999999","1","0.796560463830285","1.5016715567399967","Pruned"
"SOC","0.29999999999999999","0","0.59999999999999998","0.10000000000000001","1","0.80886797293011536","1.2925108828951131","Pruned"
"SOC","0.29999999999999999","0","0.65000000000000002","0.050000000000000003","1","0.82117548202994561","1.0833502090502289","Pruned"
"SOC","0.29999999999999999","0","0.69999999999999996","0","1","0.83348299112977586","0.87418953520534526","Pruned"
"SOC","0.29999999999999999","0.050000000000000003","0","0.65000000000000002","1","0.66217544824399766","3.578030569528643","Pruned"
"SOC","0.29999999999999999","0.050000000000000003","0.050000000000000003","0.59999999999999998","1","0.67448295734382802","3.3688698956837588","Pruned"
"SOC","0.29999999999999999","0.050000000000000003","0.10000000000000001","0.55000000000000004","1","0.68679046644365838","3.1597092218388756","Pruned"
"SOC","0.29999999999999999","0.050000000000000003","0.14999999999999999","0.5","1","0.69909797554348863","2.950548547993991","Pruned"
"SOC","0.29999999999999999","0.050000000000000003","0.20000000000000001","0.45000000000000001","1","0.71140548464331888","2.7413878741491073","Pruned"
"SOC","0.29999999999999999","0.050000000000000003","0.25","0.40000000000000002","1","0.72371299374314924","2.5322272003042237","Pruned"
"SOC","0.29999999999999999","0.050000000000000003","0.29999999999999999","0.34999999999999998","1","0.7360205028429796","2.3230665264593395","Pruned"
"SOC","0.29999999999999999","0.050000000000000003","0.34999999999999998","0.29999999999999999","1","0.74832801194280985","2.1139058526144558","Pruned"
"SOC","0.29999999999999999","0.050000000000000003","0.40000000000000002","0.25","1","0.76063552104264009","1.9047451787695722","Pruned"
"SOC","0.29999999999999999","0.050000000000000003","0.45000000000000001","0.20000000000000001","1","0.77294303014247046","1.6955845049246885","Pruned"
"SOC","0.29999999999999999","0.050000000000000003","0.5","0.14999999999999999","1","0.78525053924230082","1.4864238310798046","Pruned"
"SOC","0.29999999999999999","0.050000000000000003","0.55000000000000004","0.10000000000000001","1","0.79755804834213118","1.2772631572349207","Pruned"
"SOC","0.29999999999999999","0.050000000000000003","0.59999999999999998","0.050000000000000003","1","0.80986555744196143","1.068102483390037","Pruned"
"SOC","0.29999999999999999","0.050000000000000003","0.65000000000000002","0","1","0.82217306654179179","0.85894180954515309","Pruned"
"SOC","0.29999999999999999","0.10000000000000001","0","0.59999999999999998","1","0.66317303275584383","3.3536221700235664","Pruned"
"SOC","0.29999999999999999","0.10000000000000001","0.050000000000000003","0.55000000000000004","1","0.67548054185567419","3.1444614961786832","Pruned"
"SOC","0.29999999999999999","0.10000000000000001","0.10000000000000001","0.5","1","0.68778805095550444","2.9353008223337991","Pruned"
"SOC","0.29999999999999999","0.10000000000000001","0.14999999999999999","0.45000000000000001","1","0.70009556005533469","2.7261401484889154","Pruned"
"SOC","0.29999999999999999","0.10000000000000001","0.20000000000000001","0.40000000000000002","1","0.71240306915516505","2.5169794746440317","Pruned"
"SOC","0.29999999999999999","0.10000000000000001","0.25","0.34999999999999998","1","0.72471057825499541","2.3078188007991476","Pruned"
"SOC","0.29999999999999999","0.10000000000000001","0.29999999999999999","0.29999999999999999","1","0.73701808735482566","2.0986581269542635","Pruned"
"SOC","0.29999999999999999","0.10000000000000001","0.34999999999999998","0.25","1","0.74932559645465591","1.88949745310938","Pruned"
"SOC","0.29999999999999999","0.10000000000000001","0.40000000000000002","0.20000000000000001","1","0.76163310555448627","1.6803367792644963","Pruned"
"SOC","0.29999999999999999","0.10000000000000001","0.45000000000000001","0.14999999999999999","1","0.77394061465431663","1.4711761054196124","Pruned"
"SOC","0.29999999999999999","0.10000000000000001","0.5","0.10000000000000001","1","0.78624812375414699","1.2620154315747287","Pruned"
"SOC","0.29999999999999999","0.10000000000000001","0.55000000000000004","0.050000000000000003","1","0.79855563285397735","1.0528547577298446","Pruned"
"SOC","0.29999999999999999","0.10000000000000001","0.59999999999999998","0","1","0.8108631419538076","0.84369408388496092","Pruned"
"SOC","0.29999999999999999","0.14999999999999999","0","0.55000000000000004","1","0.66417061726769","3.1292137705184908","Pruned"
"SOC","0.29999999999999999","0.14999999999999999","0.050000000000000003","0.5","1","0.67647812636752025","2.9200530966736067","Pruned"
"SOC","0.29999999999999999","0.14999999999999999","0.10000000000000001","0.45000000000000001","1","0.6887856354673505","2.710892422828723","Pruned"
"SOC","0.29999999999999999","0.14999999999999999","0.14999999999999999","0.40000000000000002","1","0.70109314456718086","2.5017317489838393","Pruned"
"SOC","0.29999999999999999","0.14999999999999999","0.20000000000000001","0.34999999999999998","1","0.71340065366701122","2.2925710751389552","Pruned"
"SOC","0.29999999999999999","0.14999999999999999","0.25","0.29999999999999999","1","0.72570816276684147","2.0834104012940715","Pruned"
"SOC","0.29999999999999999","0.14999999999999999","0.29999999999999999","0.25","1","0.73801567186667183","1.8742497274491878","Pruned"
"SOC","0.29999999999999999","0.14999999999999999","0.34999999999999998","0.20000000000000001","1","0.75032318096650208","1.6650890536043041","Pruned"
"SOC","0.29999999999999999","0.14999999999999999","0.40000000000000002","0.14999999999999999","1","0.76263069006633244","1.4559283797594202","Pruned"
"SOC","0.29999999999999999","0.14999999999999999","0.45000000000000001","0.10000000000000001","1","0.7749381991661628","1.2467677059145363","Pruned"
"SOC","0.29999999999999999","0.14999999999999999","0.5","0.050000000000000003","1","0.78724570826599305","1.0376070320696527","Pruned"
"SOC","0.29999999999999999","0.14999999999999999","0.55000000000000004","0","1","0.79955321736582352","0.82844635822476875","Pruned"
"SOC","0.29999999999999999","0.20000000000000001","0","0.5","1","0.66516820177953617","2.9048053710134147","Pruned"
"SOC","0.29999999999999999","0.20000000000000001","0.050000000000000003","0.45000000000000001","1","0.67747571087936642","2.6956446971685311","Pruned"
"SOC","0.29999999999999999","0.20000000000000001","0.10000000000000001","0.40000000000000002","1","0.68978321997919678","2.4864840233236474","Pruned"
"SOC","0.29999999999999999","0.20000000000000001","0.14999999999999999","0.34999999999999998","1","0.70209072907902703","2.2773233494787632","Pruned"
"SOC","0.29999999999999999","0.20000000000000001","0.20000000000000001","0.29999999999999999","1","0.71439823817885739","2.0681626756338796","Pruned"
"SOC","0.29999999999999999","0.20000000000000001","0.25","0.25","1","0.72670574727868764","1.8590020017889957","Pruned"
"SOC","0.29999999999999999","0.20000000000000001","0.29999999999999999","0.20000000000000001","1","0.73901325637851811","1.649841327944112","Pruned"
"SOC","0.29999999999999999","0.20000000000000001","0.34999999999999998","0.14999999999999999","1","0.75132076547834825","1.4406806540992281","Pruned"
"SOC","0.29999999999999999","0.20000000000000001","0.40000000000000002","0.10000000000000001","1","0.76362827457817861","1.2315199802543444","Pruned"
"SOC","0.29999999999999999","0.20000000000000001","0.45000000000000001","0.050000000000000003","1","0.77593578367800897","1.0223593064094605","Pruned"
"SOC","0.29999999999999999","0.20000000000000001","0.5","0","1","0.78824329277783933","0.81319863256457658","Pruned"
"SOC","0.29999999999999999","0.25","0","0.45000000000000001","1","0.66616578629138234","2.6803969715083387","Pruned"
"SOC","0.29999999999999999","0.25","0.050000000000000003","0.40000000000000002","1","0.67847329539121271","2.471236297663455","Pruned"
"SOC","0.29999999999999999","0.25","0.10000000000000001","0.34999999999999998","1","0.69078080449104295","2.2620756238185709","Pruned"
"SOC","0.29999999999999999","0.25","0.14999999999999999","0.29999999999999999","1","0.7030883135908732","2.0529149499736872","Pruned"
"SOC","0.29999999999999999","0.25","0.20000000000000001","0.25","1","0.71539582269070356","1.8437542761288035","Pruned"
"SOC","0.29999999999999999","0.25","0.25","0.20000000000000001","1","0.72770333179053392","1.6345936022839198","Pruned"
"SOC","0.29999999999999999","0.25","0.29999999999999999","0.14999999999999999","1","0.74001084089036429","1.4254329284390357","Pruned"
"SOC","0.29999999999999999","0.25","0.34999999999999998","0.10000000000000001","1","0.75231834999019453","1.216272254594152","Pruned"
"SOC","0.29999999999999999","0.25","0.40000000000000002","0.050000000000000003","1","0.7646258590900249","1.0071115807492683","Pruned"
"SOC","0.29999999999999999","0.25","0.45000000000000001","0","1","0.77693336818985514","0.79795090690438442","Pruned"
"SOC","0.29999999999999999","0.29999999999999999","0","0.40000000000000002","1","0.66716337080322852","2.455988572003263","Pruned"
"SOC","0.29999999999999999","0.29999999999999999","0.050000000000000003","0.34999999999999998","1","0.67947087990305877","2.2468278981583789","Pruned"
"SOC","0.29999999999999999","0.29999999999999999","0.10000000000000001","0.29999999999999999","1","0.69177838900288902","2.0376672243134948","Pruned"
"SOC","0.29999999999999999","0.29999999999999999","0.14999999999999999","0.25","1","0.70408589810271938","1.8285065504686113","Pruned"
"SOC","0.29999999999999999","0.29999999999999999","0.20000000000000001","0.20000000000000001","1","0.71639340720254974","1.6193458766237276","Pruned"
"SOC","0.29999999999999999","0.29999999999999999","0.25","0.14999999999999999","1","0.7287009163023801","1.4101852027788437","Pruned"
"SOC","0.29999999999999999","0.29999999999999999","0.29999999999999999","0.10000000000000001","1","0.74100842540221035","1.2010245289339601","Pruned"
"SOC","0.29999999999999999","0.29999999999999999","0.34999999999999998","0.050000000000000003","1","0.75331593450204071","0.99186385508907604","Pruned"
"SOC","0.29999999999999999","0.29999999999999999","0.40000000000000002","0","1","0.76562344360187096","0.78270318124419225","Pruned"
"SOC","0.29999999999999999","0.34999999999999998","0","0.34999999999999998","1","0.66816095531507458","2.2315801724981865","Pruned"
"SOC","0.29999999999999999","0.34999999999999998","0.050000000000000003","0.29999999999999999","1","0.68046846441490483","2.0224194986533028","Pruned"
"SOC","0.29999999999999999","0.34999999999999998","0.10000000000000001","0.25","1","0.69277597351473519","1.8132588248084192","Pruned"
"SOC","0.29999999999999999","0.34999999999999998","0.14999999999999999","0.20000000000000001","1","0.70508348261456555","1.6040981509635355","Pruned"
"SOC","0.29999999999999999","0.34999999999999998","0.20000000000000001","0.14999999999999999","1","0.71739099171439591","1.3949374771186513","Pruned"
"SOC","0.29999999999999999","0.34999999999999998","0.25","0.10000000000000001","1","0.72969850081422616","1.1857768032737677","Pruned"
"SOC","0.29999999999999999","0.34999999999999998","0.29999999999999999","0.050000000000000003","1","0.74200600991405652","0.97661612942888387","Pruned"
"SOC","0.29999999999999999","0.34999999999999998","0.34999999999999998","0","1","0.75431351901388677","0.76745545558400008","Pruned"
"SOC","0.29999999999999999","0.40000000000000002","0","0.29999999999999999","1","0.66915853982692075","2.0071717729931109","Pruned"
"SOC","0.29999999999999999","0.40000000000000002","0.050000000000000003","0.25","1","0.681466048926751","1.798011099148227","Pruned"
"SOC","0.29999999999999999","0.40000000000000002","0.10000000000000001","0.20000000000000001","1","0.69377355802658136","1.5888504253033431","Pruned"
"SOC","0.29999999999999999","0.40000000000000002","0.14999999999999999","0.14999999999999999","1","0.70608106712641172","1.3796897514584594","Pruned"
"SOC","0.29999999999999999","0.40000000000000002","0.20000000000000001","0.10000000000000001","1","0.71838857622624208","1.1705290776135757","Pruned"
"SOC","0.29999999999999999","0.40000000000000002","0.25","0.050000000000000003","1","0.73069608532607233","0.9613684037686917","Pruned"
"SOC","0.29999999999999999","0.40000000000000002","0.29999999999999999","0","1","0.74300359442590269","0.75220772992380791","Pruned"
"SOC","0.29999999999999999","0.45000000000000001","0","0.25","1","0.67015612433876692","1.7827633734880348","Pruned"
"SOC","0.29999999999999999","0.45000000000000001","0.050000000000000003","0.20000000000000001","1","0.68246363343859717","1.5736026996431511","Pruned"
"SOC","0.29999999999999999","0.45000000000000001","0.10000000000000001","0.14999999999999999","1","0.69477114253842753","1.364442025798267","Pruned"
"SOC","0.29999999999999999","0.45000000000000001","0.14999999999999999","0.10000000000000001","1","0.70707865163825789","1.1552813519533833","Pruned"
"SOC","0.29999999999999999","0.45000000000000001","0.20000000000000001","0.050000000000000003","1","0.71938616073808825","0.94612067810849965","Pruned"
"SOC","0.29999999999999999","0.45000000000000001","0.25","0","1","0.7316936698379185","0.73696000426361574","Pruned"
"SOC","0.29999999999999999","0.5","0","0.20000000000000001","1","0.67115370885061321","1.5583549739829587","Pruned"
"SOC","0.29999999999999999","0.5","0.050000000000000003","0.14999999999999999","1","0.68346121795044334","1.3491943001380751","Pruned"
"SOC","0.29999999999999999","0.5","0.10000000000000001","0.10000000000000001","1","0.69576872705027382","1.1400336262931912","Pruned"
"SOC","0.29999999999999999","0.5","0.14999999999999999","0.050000000000000003","1","0.70807623615010407","0.93087295244830737","Pruned"
"SOC","0.29999999999999999","0.5","0.20000000000000001","0","1","0.72038374524993443","0.72171227860342357","Pruned"
"SOC","0.29999999999999999","0.55000000000000004","0","0.14999999999999999","1","0.67215129336245938","1.3339465744778827","Pruned"
"SOC","0.29999999999999999","0.55000000000000004","0.050000000000000003","0.10000000000000001","1","0.68445880246228963","1.124785900632999","Pruned"
"SOC","0.29999999999999999","0.55000000000000004","0.10000000000000001","0.050000000000000003","1","0.69676631156211999","0.91562522678811509","Pruned"
"SOC","0.29999999999999999","0.55000000000000004","0.14999999999999999","0","1","0.70907382066195024","0.70646455294323129","Quantized"
"SOC","0.29999999999999999","0.59999999999999998","0","0.10000000000000001","1","0.67314887787430544","1.1095381749728068","Pruned"
"SOC","0.29999999999999999","0.59999999999999998","0.050000000000000003","0.050000000000000003","1","0.68545638697413569","0.90037750112792303","Pruned"
"SOC","0.29999999999999999","0.59999999999999998","0.10000000000000001","0","1","0.69776389607396605","0.69121682728303913","Quantized"
"SOC","0.29999999999999999","0.65000000000000002","0","0.050000000000000003","1","0.67414646238615161","0.88512977546773086","Pruned"
"SOC","0.29999999999999999","0.65000000000000002","0.050000000000000003","0","1","0.68645397148598186","0.67596910162284707","Quantized"
"SOC","0.29999999999999999","0.69999999999999996","0","0","1","0.67514404689799767","0.66072137596265479","Quantized"
"SOC","0.34999999999999998","0","0","0.65000000000000002","1","0.6761585015091216","3.6051023117054797","Pruned"
"SOC","0.34999999999999998","0","0.050000000000000003","0.59999999999999998","1","0.68846601060895196","3.3959416378605956","Pruned"
"SOC","0.34999999999999998","0","0.10000000000000001","0.55000000000000004","1","0.70077351970878232","3.1867809640157123","Pruned"
"SOC","0.34999999999999998","0","0.14999999999999999","0.5","1","0.71308102880861257","2.9776202901708282","Pruned"
"SOC","0.34999999999999998","0","0.20000000000000001","0.45000000000000001","1","0.72538853790844282","2.7684596163259445","Pruned"
"SOC","0.34999999999999998","0","0.25","0.40000000000000002","1","0.73769604700827318","2.5592989424810608","Pruned"
"SOC","0.34999999999999998","0","0.29999999999999999","0.34999999999999998","1","0.75000355610810354","2.3501382686361767","Pruned"
"SOC","0.34999999999999998","0","0.34999999999999998","0.29999999999999999","1","0.76231106520793379","2.140977594791293","Pruned"
"SOC","0.34999999999999998","0","0.40000000000000002","0.25","1","0.77461857430776404","1.9318169209464091","Pruned"
"SOC","0.34999999999999998","0","0.45000000000000001","0.20000000000000001","1","0.7869260834075944","1.7226562471015254","Pruned"
"SOC","0.34999999999999998","0","0.5","0.14999999999999999","1","0.79923359250742476","1.5134955732566415","Pruned"
"SOC","0.34999999999999998","0","0.55000000000000004","0.10000000000000001","1","0.81154110160725512","1.3043348994117578","Pruned"
"SOC","0.34999999999999998","0","0.59999999999999998","0.050000000000000003","1","0.82384861070708537","1.0951742255668737","Pruned"
"SOC","0.34999999999999998","0","0.65000000000000002","0","1","0.83615611980691573","0.88601355172199003","Pruned"
"SOC","0.34999999999999998","0.050000000000000003","0","0.59999999999999998","1","0.67715608602096777","3.3806939122004036","Pruned"
"SOC","0.34999999999999998","0.050000000000000003","0.050000000000000003","0.55000000000000004","1","0.68946359512079813","3.1715332383555204","Pruned"
"SOC","0.34999999999999998","0.050000000000000003","0.10000000000000001","0.5","1","0.70177110422062849","2.9623725645106358","Pruned"
"SOC","0.34999999999999998","0.050000000000000003","0.14999999999999999","0.45000000000000001","1","0.71407861332045874","2.7532118906657521","Pruned"
"SOC","0.34999999999999998","0.050000000000000003","0.20000000000000001","0.40000000000000002","1","0.7263861224202891","2.5440512168208684","Pruned"
"SOC","0.34999999999999998","0.050000000000000003","0.25","0.34999999999999998","1","0.73869363152011935","2.3348905429759843","Pruned"
"SOC","0.34999999999999998","0.050000000000000003","0.29999999999999999","0.29999999999999999","1","0.75100114061994971","2.1257298691311006","Pruned"
"SOC","0.34999999999999998","0.050000000000000003","0.34999999999999998","0.25","1","0.76330864971977996","1.9165691952862169","Pruned"
"SOC","0.34999999999999998","0.050000000000000003","0.40000000000000002","0.20000000000000001","1","0.77561615881961044","1.7074085214413333","Pruned"
"SOC","0.34999999999999998","0.050000000000000003","0.45000000000000001","0.14999999999999999","1","0.78792366791944057","1.4982478475964494","Pruned"
"SOC","0.34999999999999998","0.050000000000000003","0.5","0.10000000000000001","1","0.80023117701927093","1.2890871737515655","Pruned"
"SOC","0.34999999999999998","0.050000000000000003","0.55000000000000004","0.050000000000000003","1","0.81253868611910141","1.0799264999066818","Pruned"
"SOC","0.34999999999999998","0.050000000000000003","0.59999999999999998","0","1","0.82484619521893165","0.87076582606179787","Pruned"
"SOC","0.34999999999999998","0.10000000000000001","0","0.55000000000000004","1","0.67815367053281395","3.156285512695328","Pruned"
"SOC","0.34999999999999998","0.10000000000000001","0.050000000000000003","0.5","1","0.69046117963264431","2.9471248388504439","Pruned"
"SOC","0.34999999999999998","0.10000000000000001","0.10000000000000001","0.45000000000000001","1","0.70276868873247456","2.7379641650055602","Pruned"
"SOC","0.34999999999999998","0.10000000000000001","0.14999999999999999","0.40000000000000002","1","0.71507619783230492","2.5288034911606765","Pruned"
"SOC","0.34999999999999998","0.10000000000000001","0.20000000000000001","0.34999999999999998","1","0.72738370693213517","2.3196428173157924","Pruned"
"SOC","0.34999999999999998","0.10000000000000001","0.25","0.29999999999999999","1","0.73969121603196553","2.1104821434709082","Pruned"
"SOC","0.34999999999999998","0.10000000000000001","0.29999999999999999","0.25","1","0.75199872513179578","1.9013214696260248","Pruned"
"SOC","0.34999999999999998","0.10000000000000001","0.34999999999999998","0.20000000000000001","1","0.76430623423162625","1.6921607957811411","Pruned"
"SOC","0.34999999999999998","0.10000000000000001","0.40000000000000002","0.14999999999999999","1","0.77661374333145639","1.4830001219362572","Pruned"
"SOC","0.34999999999999998","0.10000000000000001","0.45000000000000001","0.10000000000000001","1","0.78892125243128675","1.2738394480913735","Pruned"
"SOC","0.34999999999999998","0.10000000000000001","0.5","0.050000000000000003","1","0.80122876153111711","1.0646787742464894","Pruned"
"SOC","0.34999999999999998","0.10000000000000001","0.55000000000000004","0","1","0.81353627063094747","0.8555181004016057","Pruned"
"SOC","0.34999999999999998","0.14999999999999999","0","0.5","1","0.67915125504466012","2.9318771131902515","Pruned"
"SOC","0.34999999999999998","0.14999999999999999","0.050000000000000003","0.45000000000000001","1","0.69145876414449037","2.7227164393453678","Pruned"
"SOC","0.34999999999999998","0.14999999999999999","0.10000000000000001","0.40000000000000002","1","0.70376627324432073","2.5135557655004841","Pruned"
"SOC","0.34999999999999998","0.14999999999999999","0.14999999999999999","0.34999999999999998","1","0.71607378234415098","2.3043950916556","Pruned"
"SOC","0.34999999999999998","0.14999999999999999","0.20000000000000001","0.29999999999999999","1","0.72838129144398134","2.0952344178107163","Pruned"
"SOC","0.34999999999999998","0.14999999999999999","0.25","0.25","1","0.74068880054381159","1.8860737439658326","Pruned"
"SOC","0.34999999999999998","0.14999999999999999","0.29999999999999999","0.20000000000000001","1","0.75299630964364206","1.6769130701209489","Pruned"
"SOC","0.34999999999999998","0.14999999999999999","0.34999999999999998","0.14999999999999999","1","0.7653038187434722","1.4677523962760648","Pruned"
"SOC","0.34999999999999998","0.14999999999999999","0.40000000000000002","0.10000000000000001","1","0.77761132784330256","1.2585917224311811","Pruned"
"SOC","0.34999999999999998","0.14999999999999999","0.45000000000000001","0.050000000000000003","1","0.78991883694313292","1.0494310485862974","Pruned"
"SOC","0.34999999999999998","0.14999999999999999","0.5","0","1","0.80222634604296328","0.84027037474141353","Pruned"
"SOC","0.34999999999999998","0.20000000000000001","0","0.45000000000000001","1","0.68014883955650629","2.7074687136851758","Pruned"
"SOC","0.34999999999999998","0.20000000000000001","0.050000000000000003","0.40000000000000002","1","0.69245634865633665","2.4983080398402921","Pruned"
"SOC","0.34999999999999998","0.20000000000000001","0.10000000000000001","0.34999999999999998","1","0.7047638577561669","2.289147365995408","Pruned"
"SOC","0.34999999999999998","0.20000000000000001","0.14999999999999999","0.29999999999999999","1","0.71707136685599715","2.0799866921505243","Pruned"
"SOC","0.34999999999999998","0.20000000000000001","0.20000000000000001","0.25","1","0.72937887595582751","1.8708260183056404","Pruned"
"SOC","0.34999999999999998","0.20000000000000001","0.25","0.20000000000000001","1","0.74168638505565787","1.6616653444607565","Pruned"
"SOC","0.34999999999999998","0.20000000000000001","0.29999999999999999","0.14999999999999999","1","0.75399389415548823","1.4525046706158729","Pruned"
"SOC","0.34999999999999998","0.20000000000000001","0.34999999999999998","0.10000000000000001","1","0.76630140325531848","1.2433439967709889","Pruned"
"SOC","0.34999999999999998","0.20000000000000001","0.40000000000000002","0.050000000000000003","1","0.77860891235514884","1.034183322926105","Pruned"
"SOC","0.34999999999999998","0.20000000000000001","0.45000000000000001","0","1","0.79091642145497909","0.82502264908122136","Pruned"
"SOC","0.34999999999999998","0.25","0","0.40000000000000002","1","0.68114642406835246","2.4830603141800998","Pruned"
"SOC","0.34999999999999998","0.25","0.050000000000000003","0.34999999999999998","1","0.69345393316818271","2.2738996403352156","Pruned"
"SOC","0.34999999999999998","0.25","0.10000000000000001","0.29999999999999999","1","0.70576144226801307","2.064738966490332","Pruned"
"SOC","0.34999999999999998","0.25","0.14999999999999999","0.25","1","0.71806895136784332","1.8555782926454483","Pruned"
"SOC","0.34999999999999998","0.25","0.20000000000000001","0.20000000000000001","1","0.73037646046767368","1.6464176188005646","Pruned"
"SOC","0.34999999999999998","0.25","0.25","0.14999999999999999","1","0.74268396956750404","1.4372569449556805","Pruned"
"SOC","0.34999999999999998","0.25","0.29999999999999999","0.10000000000000001","1","0.7549914786673344","1.2280962711107968","Pruned"
"SOC","0.34999999999999998","0.25","0.34999999999999998","0.050000000000000003","1","0.76729898776716465","1.0189355972659131","Pruned"
"SOC","0.34999999999999998","0.25","0.40000000000000002","0","1","0.7796064968669949","0.80977492342102919","Pruned"
"SOC","0.34999999999999998","0.29999999999999999","0","0.34999999999999998","1","0.68214400858019852","2.2586519146750232","Pruned"
"SOC","0.34999999999999998","0.29999999999999999","0.050000000000000003","0.29999999999999999","1","0.69445151768002888","2.0494912408301396","Pruned"
"SOC","0.34999999999999998","0.29999999999999999","0.10000000000000001","0.25","1","0.70675902677985913","1.8403305669852559","Pruned"
"SOC","0.34999999999999998","0.29999999999999999","0.14999999999999999","0.20000000000000001","1","0.71906653587968949","1.6311698931403722","Pruned"
"SOC","0.34999999999999998","0.29999999999999999","0.20000000000000001","0.14999999999999999","1","0.73137404497951986","1.4220092192954885","Pruned"
"SOC","0.34999999999999998","0.29999999999999999","0.25","0.10000000000000001","1","0.74368155407935022","1.2128485454506046","Pruned"
"SOC","0.34999999999999998","0.29999999999999999","0.29999999999999999","0.050000000000000003","1","0.75598906317918046","1.0036878716057207","Pruned"
"SOC","0.34999999999999998","0.29999999999999999","0.34999999999999998","0","1","0.76829657227901071","0.79452719776083702","Pruned"
"SOC","0.34999999999999998","0.34999999999999998","0","0.29999999999999999","1","0.6831415930920447","2.0342435151699476","Pruned"
"SOC","0.34999999999999998","0.34999999999999998","0.050000000000000003","0.25","1","0.69544910219187495","1.8250828413250639","Pruned"
"SOC","0.34999999999999998","0.34999999999999998","0.10000000000000001","0.20000000000000001","1","0.70775661129170531","1.6159221674801802","Pruned"
"SOC","0.34999999999999998","0.34999999999999998","0.14999999999999999","0.14999999999999999","1","0.72006412039153567","1.4067614936352961","Pruned"
"SOC","0.34999999999999998","0.34999999999999998","0.20000000000000001","0.10000000000000001","1","0.73237162949136603","1.1976008197904124","Pruned"
"SOC","0.34999999999999998","0.34999999999999998","0.25","0.050000000000000003","1","0.74467913859119628","0.98844014594552865","Pruned"
"SOC","0.34999999999999998","0.34999999999999998","0.29999999999999999","0","1","0.75698664769102664","0.77927947210064485","Pruned"
"SOC","0.34999999999999998","0.40000000000000002","0","0.25","1","0.68413917760389087","1.8098351156648718","Pruned"
"SOC","0.34999999999999998","0.40000000000000002","0.050000000000000003","0.20000000000000001","1","0.69644668670372112","1.6006744418199881","Pruned"
"SOC","0.34999999999999998","0.40000000000000002","0.10000000000000001","0.14999999999999999","1","0.70875419580355148","1.3915137679751042","Pruned"
"SOC","0.34999999999999998","0.40000000000000002","0.14999999999999999","0.10000000000000001","1","0.72106170490338184","1.1823530941302205","Pruned"
"SOC","0.34999999999999998","0.40000000000000002","0.20000000000000001","0.050000000000000003","1","0.7333692140032122","0.97319242028533659","Pruned"
"SOC","0.34999999999999998","0.40000000000000002","0.25","0","1","0.74567672310304245","0.76403174644045269","Pruned"
"SOC","0.34999999999999998","0.45000000000000001","0","0.20000000000000001","1","0.68513676211573715","1.5854267161597959","Pruned"
"SOC","0.34999999999999998","0.45000000000000001","0.050000000000000003","0.14999999999999999","1","0.69744427121556729","1.3762660423149118","Pruned"
"SOC","0.34999999999999998","0.45000000000000001","0.10000000000000001","0.10000000000000001","1","0.70975178031539776","1.1671053684700281","Pruned"
"SOC","0.34999999999999998","0.45000000000000001","0.14999999999999999","0.050000000000000003","1","0.72205928941522801","0.95794469462514431","Pruned"
"SOC","0.34999999999999998","0.45000000000000001","0.20000000000000001","0","1","0.73436679851505837","0.74878402078026052","Pruned"
"SOC","0.34999999999999998","0.5","0","0.14999999999999999","1","0.6861343466275831","1.3610183166547196","Pruned"
"SOC","0.34999999999999998","0.5","0.050000000000000003","0.10000000000000001","1","0.69844185572741346","1.1518576428098359","Pruned"
"SOC","0.34999999999999998","0.5","0.10000000000000001","0.050000000000000003","1","0.71074936482724382","0.94269696896495203","Pruned"
"SOC","0.34999999999999998","0.5","0.14999999999999999","0","1","0.72305687392707407","0.73353629512006824","Pruned"
"SOC","0.34999999999999998","0.55000000000000004","0","0.10000000000000001","1","0.6871319311394295","1.1366099171496438","Pruned"
"SOC","0.34999999999999998","0.55000000000000004","0.050000000000000003","0.050000000000000003","1","0.69943944023925975","0.92744924330475997","Pruned"
"SOC","0.34999999999999998","0.55000000000000004","0.10000000000000001","0","1","0.71174694933909011","0.71828856945987607","Pruned"
"SOC","0.34999999999999998","0.59999999999999998","0","0.050000000000000003","1","0.68812951565127556","0.91220151764456781","Pruned"
"SOC","0.34999999999999998","0.59999999999999998","0.050000000000000003","0","1","0.70043702475110581","0.70304084379968401","Pruned"
"SOC","0.34999999999999998","0.65000000000000002","0","0","1","0.68912710016312173","0.68779311813949184","Quantized"
"SOC","0.40000000000000002","0","0","0.59999999999999998","1","0.69113913928609172","3.4077656543772403","Pruned"
"SOC","0.40000000000000002","0","0.050000000000000003","0.55000000000000004","1","0.70344664838592208","3.1986049805323571","Pruned"
"SOC","0.40000000000000002","0","0.10000000000000001","0.5","1","0.71575415748575233","2.989444306687473","Pruned"
"SOC","0.40000000000000002","0","0.14999999999999999","0.45000000000000001","1","0.72806166658558258","2.7802836328425893","Pruned"
"SOC","0.40000000000000002","0","0.20000000000000001","0.40000000000000002","1","0.74036917568541294","2.5711229589977056","Pruned"
"SOC","0.40000000000000002","0","0.25","0.34999999999999998","1","0.7526766847852433","2.3619622851528215","Pruned"
"SOC","0.40000000000000002","0","0.29999999999999999","0.29999999999999999","1","0.76498419388507355","2.1528016113079378","Pruned"
"SOC","0.40000000000000002","0","0.34999999999999998","0.25","1","0.7772917029849038","1.9436409374630541","Pruned"
"SOC","0.40000000000000002","0","0.40000000000000002","0.20000000000000001","1","0.78959921208473416","1.7344802636181704","Pruned"
"SOC","0.40000000000000002","0","0.45000000000000001","0.14999999999999999","1","0.80190672118456452","1.5253195897732863","Pruned"
"SOC","0.40000000000000002","0","0.5","0.10000000000000001","1","0.81421423028439488","1.3161589159284026","Pruned"
"SOC","0.40000000000000002","0","0.55000000000000004","0.050000000000000003","1","0.82652173938422524","1.1069982420835189","Pruned"
"SOC","0.40000000000000002","0","0.59999999999999998","0","1","0.83882924848405549","0.89783756823863492","Pruned"
"SOC","0.40000000000000002","0.050000000000000003","0","0.55000000000000004","1","0.69213672379793789","3.1833572548721651","Pruned"
"SOC","0.40000000000000002","0.050000000000000003","0.050000000000000003","0.5","1","0.70444423289776825","2.974196581027281","Pruned"
"SOC","0.40000000000000002","0.050000000000000003","0.10000000000000001","0.45000000000000001","1","0.7167517419975985","2.7650359071823969","Pruned"
"SOC","0.40000000000000002","0.050000000000000003","0.14999999999999999","0.40000000000000002","1","0.72905925109742886","2.5558752333375132","Pruned"
"SOC","0.40000000000000002","0.050000000000000003","0.20000000000000001","0.34999999999999998","1","0.74136676019725911","2.3467145594926295","Pruned"
"SOC","0.40000000000000002","0.050000000000000003","0.25","0.29999999999999999","1","0.75367426929708947","2.1375538856477454","Pruned"
"SOC","0.40000000000000002","0.050000000000000003","0.29999999999999999","0.25","1","0.76598177839691972","1.9283932118028617","Pruned"
"SOC","0.40000000000000002","0.050000000000000003","0.34999999999999998","0.20000000000000001","1","0.77828928749675019","1.719232537957978","Pruned"
"SOC","0.40000000000000002","0.050000000000000003","0.40000000000000002","0.14999999999999999","1","0.79059679659658033","1.5100718641130941","Pruned"
"SOC","0.40000000000000002","0.050000000000000003","0.45000000000000001","0.10000000000000001","1","0.80290430569641069","1.3009111902682104","Pruned"
"SOC","0.40000000000000002","0.050000000000000003","0.5","0.050000000000000003","1","0.81521181479624105","1.0917505164233265","Pruned"
"SOC","0.40000000000000002","0.050000000000000003","0.55000000000000004","0","1","0.82751932389607141","0.88258984257844275","Pruned"
"SOC","0.40000000000000002","0.10000000000000001","0","0.5","1","0.69313430830978406","2.9589488553670886","Pruned"
"SOC","0.40000000000000002","0.10000000000000001","0.050000000000000003","0.45000000000000001","1","0.70544181740961431","2.7497881815222049","Pruned"
"SOC","0.40000000000000002","0.10000000000000001","0.10000000000000001","0.40000000000000002","1","0.71774932650944467","2.5406275076773213","Pruned"
"SOC","0.40000000000000002","0.10000000000000001","0.14999999999999999","0.34999999999999998","1","0.73005683560927492","2.3314668338324371","Pruned"
"SOC","0.40000000000000002","0.10000000000000001","0.20000000000000001","0.29999999999999999","1","0.74236434470910528","2.1223061599875535","Pruned"
"SOC","0.40000000000000002","0.10000000000000001","0.25","0.25","1","0.75467185380893553","1.9131454861426698","Pruned"
"SOC","0.40000000000000002","0.10000000000000001","0.29999999999999999","0.20000000000000001","1","0.766979362908766","1.7039848122977859","Pruned"
"SOC","0.40000000000000002","0.10000000000000001","0.34999999999999998","0.14999999999999999","1","0.77928687200859614","1.494824138452902","Pruned"
"SOC","0.40000000000000002","0.10000000000000001","0.40000000000000002","0.10000000000000001","1","0.7915943811084265","1.2856634646080183","Pruned"
"SOC","0.40000000000000002","0.10000000000000001","0.45000000000000001","0.050000000000000003","1","0.80390189020825686","1.0765027907631346","Pruned"
"SOC","0.40000000000000002","0.10000000000000001","0.5","0","1","0.81620939930808722","0.86734211691825058","Pruned"
"SOC","0.40000000000000002","0.14999999999999999","0","0.45000000000000001","1","0.69413189282163024","2.734540455862013","Pruned"
"SOC","0.40000000000000002","0.14999999999999999","0.050000000000000003","0.40000000000000002","1","0.7064394019214606","2.5253797820171293","Pruned"
"SOC","0.40000000000000002","0.14999999999999999","0.10000000000000001","0.34999999999999998","1","0.71874691102129085","2.3162191081722447","Pruned"
"SOC","0.40000000000000002","0.14999999999999999","0.14999999999999999","0.29999999999999999","1","0.7310544201211211","2.1070584343273611","Pruned"
"SOC","0.40000000000000002","0.14999999999999999","0.20000000000000001","0.25","1","0.74336192922095146","1.8978977604824774","Pruned"
"SOC","0.40000000000000002","0.14999999999999999","0.25","0.20000000000000001","1","0.75566943832078182","1.6887370866375937","Pruned"
"SOC","0.40000000000000002","0.14999999999999999","0.29999999999999999","0.14999999999999999","1","0.76797694742061218","1.4795764127927098","Pruned"
"SOC","0.40000000000000002","0.14999999999999999","0.34999999999999998","0.10000000000000001","1","0.78028445652044243","1.2704157389478261","Pruned"
"SOC","0.40000000000000002","0.14999999999999999","0.40000000000000002","0.050000000000000003","1","0.79259196562027279","1.0612550651029422","Pruned"
"SOC","0.40000000000000002","0.14999999999999999","0.45000000000000001","0","1","0.80489947472010304","0.85209439125805841","Pruned"
"SOC","0.40000000000000002","0.20000000000000001","0","0.40000000000000002","1","0.69512947733347641","2.5101320563569369","Pruned"
"SOC","0.40000000000000002","0.20000000000000001","0.050000000000000003","0.34999999999999998","1","0.70743698643330666","2.3009713825120528","Pruned"
"SOC","0.40000000000000002","0.20000000000000001","0.10000000000000001","0.29999999999999999","1","0.71974449553313691","2.0918107086671691","Pruned"
"SOC","0.40000000000000002","0.20000000000000001","0.14999999999999999","0.25","1","0.73205200463296727","1.8826500348222854","Pruned"
"SOC","0.40000000000000002","0.20000000000000001","0.20000000000000001","0.20000000000000001","1","0.74435951373279763","1.6734893609774018","Pruned"
"SOC","0.40000000000000002","0.20000000000000001","0.25","0.14999999999999999","1","0.75666702283262799","1.4643286871325176","Pruned"
"SOC","0.40000000000000002","0.20000000000000001","0.29999999999999999","0.10000000000000001","1","0.76897453193245824","1.2551680132876339","Pruned"
"SOC","0.40000000000000002","0.20000000000000001","0.34999999999999998","0.050000000000000003","1","0.7812820410322886","1.0460073394427503","Pruned"
"SOC","0.40000000000000002","0.20000000000000001","0.40000000000000002","0","1","0.79358955013211885","0.83684666559786636","Pruned"
"SOC","0.40000000000000002","0.25","0","0.34999999999999998","1","0.69612706184532247","2.2857236568518604","Pruned"
"SOC","0.40000000000000002","0.25","0.050000000000000003","0.29999999999999999","1","0.70843457094515272","2.0765629830069767","Pruned"
"SOC","0.40000000000000002","0.25","0.10000000000000001","0.25","1","0.72074208004498308","1.867402309162093","Pruned"
"SOC","0.40000000000000002","0.25","0.14999999999999999","0.20000000000000001","1","0.73304958914481344","1.6582416353172094","Pruned"
"SOC","0.40000000000000002","0.25","0.20000000000000001","0.14999999999999999","1","0.7453570982446438","1.4490809614723255","Pruned"
"SOC","0.40000000000000002","0.25","0.25","0.10000000000000001","1","0.75766460734447405","1.2399202876274416","Pruned"
"SOC","0.40000000000000002","0.25","0.29999999999999999","0.050000000000000003","1","0.76997211644430441","1.0307596137825579","Pruned"
"SOC","0.40000000000000002","0.25","0.34999999999999998","0","1","0.78227962554413466","0.82159893993767397","Pruned"
"SOC","0.40000000000000002","0.29999999999999999","0","0.29999999999999999","1","0.69712464635716864","2.0613152573467848","Pruned"
"SOC","0.40000000000000002","0.29999999999999999","0.050000000000000003","0.25","1","0.70943215545699889","1.8521545835019011","Pruned"
"SOC","0.40000000000000002","0.29999999999999999","0.10000000000000001","0.20000000000000001","1","0.72173966455682925","1.6429939096570172","Pruned"
"SOC","0.40000000000000002","0.29999999999999999","0.14999999999999999","0.14999999999999999","1","0.73404717365665961","1.4338332358121333","Pruned"
"SOC","0.40000000000000002","0.29999999999999999","0.20000000000000001","0.10000000000000001","1","0.74635468275648997","1.2246725619672496","Pruned"
"SOC","0.40000000000000002","0.29999999999999999","0.25","0.050000000000000003","1","0.75866219185632022","1.0155118881223657","Pruned"
"SOC","0.40000000000000002","0.29999999999999999","0.29999999999999999","0","1","0.77096970095615058","0.80635121427748191","Pruned"
"SOC","0.40000000000000002","0.34999999999999998","0","0.25","1","0.69812223086901481","1.8369068578417087","Pruned"
"SOC","0.40000000000000002","0.34999999999999998","0.050000000000000003","0.20000000000000001","1","0.71042973996884506","1.627746183996825","Pruned"
"SOC","0.40000000000000002","0.34999999999999998","0.10000000000000001","0.14999999999999999","1","0.72273724906867542","1.4185855101519409","Pruned"
"SOC","0.40000000000000002","0.34999999999999998","0.14999999999999999","0.10000000000000001","1","0.73504475816850579","1.2094248363070572","Pruned"
"SOC","0.40000000000000002","0.34999999999999998","0.20000000000000001","0.050000000000000003","1","0.74735226726833615","1.0002641624621735","Pruned"
"SOC","0.40000000000000002","0.34999999999999998","0.25","0","1","0.7596597763681664","0.79110348861728963","Pruned"
"SOC","0.40000000000000002","0.40000000000000002","0","0.20000000000000001","1","0.6991198153808611","1.6124984583366329","Pruned"
"SOC","0.40000000000000002","0.40000000000000002","0.050000000000000003","0.14999999999999999","1","0.71142732448069124","1.403337784491749","Pruned"
"SOC","0.40000000000000002","0.40000000000000002","0.10000000000000001","0.10000000000000001","1","0.72373483358052171","1.1941771106468653","Pruned"
"SOC","0.40000000000000002","0.40000000000000002","0.14999999999999999","0.050000000000000003","1","0.73604234268035196","0.98501643680198137","Pruned"
"SOC","0.40000000000000002","0.40000000000000002","0.20000000000000001","0","1","0.74834985178018232","0.77585576295709757","Pruned"
"SOC","0.40000000000000002","0.45000000000000001","0","0.14999999999999999","1","0.70011739989270705","1.3880900588315568","Pruned"
"SOC","0.40000000000000002","0.45000000000000001","0.050000000000000003","0.10000000000000001","1","0.71242490899253741","1.1789293849866731","Pruned"
"SOC","0.40000000000000002","0.45000000000000001","0.10000000000000001","0.050000000000000003","1","0.72473241809236777","0.9697687111417892","Pruned"
"SOC","0.40000000000000002","0.45000000000000001","0.14999999999999999","0","1","0.73703992719219802","0.7606080372969054","Pruned"
"SOC","0.40000000000000002","0.5","0","0.10000000000000001","1","0.70111498440455333","1.1636816593264809","Pruned"
"SOC","0.40000000000000002","0.5","0.050000000000000003","0.050000000000000003","1","0.71342249350438358","0.95452098548159703","Pruned"
"SOC","0.40000000000000002","0.5","0.10000000000000001","0","1","0.72573000260421394","0.74536031163671312","Pruned"
"SOC","0.40000000000000002","0.55000000000000004","0","0.050000000000000003","1","0.7021125689163995","0.93927325982140475","Pruned"
"SOC","0.40000000000000002","0.55000000000000004","0.050000000000000003","0","1","0.71442007801622975","0.73011258597652096","Pruned"
"SOC","0.40000000000000002","0.59999999999999998","0","0","1","0.70311015342824557","0.71486486031632879","Pruned"
"SOC","0.45000000000000001","0","0","0.55000000000000004","1","0.70611977706306184","3.2104289970490019","Pruned"
"SOC","0.45000000000000001","0","0.050000000000000003","0.5","1","0.7184272861628922","3.0012683232041177","Pruned"
"SOC","0.45000000000000001","0","0.10000000000000001","0.45000000000000001","1","0.73073479526272245","2.7921076493592341","Pruned"
"SOC","0.45000000000000001","0","0.14999999999999999","0.40000000000000002","1","0.74304230436255281","2.5829469755143504","Pruned"
"SOC","0.45000000000000001","0","0.20000000000000001","0.34999999999999998","1","0.75534981346238306","2.3737863016694662","Pruned"
"SOC","0.45000000000000001","0","0.25","0.29999999999999999","1","0.76765732256221342","2.1646256278245826","Pruned"
"SOC","0.45000000000000001","0","0.29999999999999999","0.25","1","0.77996483166204367","1.9554649539796987","Pruned"
"SOC","0.45000000000000001","0","0.34999999999999998","0.20000000000000001","1","0.79227234076187414","1.746304280134815","Pruned"
"SOC","0.45000000000000001","0","0.40000000000000002","0.14999999999999999","1","0.80457984986170428","1.5371436062899311","Pruned"
"SOC","0.45000000000000001","0","0.45000000000000001","0.10000000000000001","1","0.81688735896153464","1.3279829324450474","Pruned"
"SOC","0.45000000000000001","0","0.5","0.050000000000000003","1","0.829194868061365","1.1188222586001635","Pruned"
"SOC","0.45000000000000001","0","0.55000000000000004","0","1","0.84150237716119536","0.90966158475527958","Pruned"
"SOC","0.45000000000000001","0.050000000000000003","0","0.5","1","0.70711736157490801","2.9860205975439253","Pruned"
"SOC","0.45000000000000001","0.050000000000000003","0.050000000000000003","0.45000000000000001","1","0.71942487067473837","2.7768599236990417","Pruned"
"SOC","0.45000000000000001","0.050000000000000003","0.10000000000000001","0.40000000000000002","1","0.73173237977456862","2.567699249854158","Pruned"
"SOC","0.45000000000000001","0.050000000000000003","0.14999999999999999","0.34999999999999998","1","0.74403988887439898","2.3585385760092739","Pruned"
"SOC","0.45000000000000001","0.050000000000000003","0.20000000000000001","0.29999999999999999","1","0.75634739797422923","2.1493779021643902","Pruned"
"SOC","0.45000000000000001","0.050000000000000003","0.25","0.25","1","0.76865490707405959","1.9402172283195065","Pruned"
"SOC","0.45000000000000001","0.050000000000000003","0.29999999999999999","0.20000000000000001","1","0.78096241617388995","1.7310565544746228","Pruned"
"SOC","0.45000000000000001","0.050000000000000003","0.34999999999999998","0.14999999999999999","1","0.79326992527372009","1.5218958806297389","Pruned"
"SOC","0.45000000000000001","0.050000000000000003","0.40000000000000002","0.10000000000000001","1","0.80557743437355056","1.3127352067848552","Pruned"
"SOC","0.45000000000000001","0.050000000000000003","0.45000000000000001","0.050000000000000003","1","0.81788494347338092","1.1035745329399713","Pruned"
"SOC","0.45000000000000001","0.050000000000000003","0.5","0","1","0.83019245257321117","0.89441385909508742","Pruned"
"SOC","0.45000000000000001","0.10000000000000001","0","0.45000000000000001","1","0.70811494608675418","2.7616121980388497","Pruned"
"SOC","0.45000000000000001","0.10000000000000001","0.050000000000000003","0.40000000000000002","1","0.72042245518658454","2.552451524193966","Pruned"
"SOC","0.45000000000000001","0.10000000000000001","0.10000000000000001","0.34999999999999998","1","0.73272996428641479","2.3432908503490819","Pruned"
"SOC","0.45000000000000001","0.10000000000000001","0.14999999999999999","0.29999999999999999","1","0.74503747338624504","2.1341301765041982","Pruned"
"SOC","0.45000000000000001","0.10000000000000001","0.20000000000000001","0.25","1","0.7573449824860754","1.9249695026593145","Pruned"
"SOC","0.45000000000000001","0.10000000000000001","0.25","0.20000000000000001","1","0.76965249158590576","1.7158088288144306","Pruned"
"SOC","0.45000000000000001","0.10000000000000001","0.29999999999999999","0.14999999999999999","1","0.78196000068573612","1.5066481549695467","Pruned"
"SOC","0.45000000000000001","0.10000000000000001","0.34999999999999998","0.10000000000000001","1","0.79426750978556637","1.2974874811246631","Pruned"
"SOC","0.45000000000000001","0.10000000000000001","0.40000000000000002","0.050000000000000003","1","0.80657501888539673","1.0883268072797794","Pruned"
"SOC","0.45000000000000001","0.10000000000000001","0.45000000000000001","0","1","0.81888252798522698","0.87916613343489536","Pruned"
"SOC","0.45000000000000001","0.14999999999999999","0","0.40000000000000002","1","0.70911253059860035","2.5372037985337736","Pruned"
"SOC","0.45000000000000001","0.14999999999999999","0.050000000000000003","0.34999999999999998","1","0.7214200396984306","2.3280431246888895","Pruned"
"SOC","0.45000000000000001","0.14999999999999999","0.10000000000000001","0.29999999999999999","1","0.73372754879826096","2.1188824508440058","Pruned"
"SOC","0.45000000000000001","0.14999999999999999","0.14999999999999999","0.25","1","0.74603505789809121","1.9097217769991222","Pruned"
"SOC","0.45000000000000001","0.14999999999999999","0.20000000000000001","0.20000000000000001","1","0.75834256699792157","1.7005611031542385","Pruned"
"SOC","0.45000000000000001","0.14999999999999999","0.25","0.14999999999999999","1","0.77065007609775193","1.4914004293093543","Pruned"
"SOC","0.45000000000000001","0.14999999999999999","0.29999999999999999","0.10000000000000001","1","0.7829575851975823","1.2822397554644707","Pruned"
"SOC","0.45000000000000001","0.14999999999999999","0.34999999999999998","0.050000000000000003","1","0.79526509429741254","1.073079081619587","Pruned"
"SOC","0.45000000000000001","0.14999999999999999","0.40000000000000002","0","1","0.80757260339724279","0.86391840777470308","Pruned"
"SOC","0.45000000000000001","0.20000000000000001","0","0.34999999999999998","1","0.71011011511044653","2.3127953990286976","Pruned"
"SOC","0.45000000000000001","0.20000000000000001","0.050000000000000003","0.29999999999999999","1","0.72241762421027678","2.1036347251838139","Pruned"
"SOC","0.45000000000000001","0.20000000000000001","0.10000000000000001","0.25","1","0.73472513331010714","1.89447405133893","Pruned"
"SOC","0.45000000000000001","0.20000000000000001","0.14999999999999999","0.20000000000000001","1","0.74703264240993739","1.6853133774940463","Pruned"
"SOC","0.45000000000000001","0.20000000000000001","0.20000000000000001","0.14999999999999999","1","0.75934015150976775","1.4761527036491624","Pruned"
"SOC","0.45000000000000001","0.20000000000000001","0.25","0.10000000000000001","1","0.77164766060959811","1.2669920298042787","Pruned"
"SOC","0.45000000000000001","0.20000000000000001","0.29999999999999999","0.050000000000000003","1","0.78395516970942847","1.0578313559593948","Pruned"
"SOC","0.45000000000000001","0.20000000000000001","0.34999999999999998","0","1","0.79626267880925872","0.84867068211451091","Pruned"
"SOC","0.45000000000000001","0.25","0","0.29999999999999999","1","0.71110769962229259","2.0883869995236215","Pruned"
"SOC","0.45000000000000001","0.25","0.050000000000000003","0.25","1","0.72341520872212284","1.8792263256787378","Pruned"
"SOC","0.45000000000000001","0.25","0.10000000000000001","0.20000000000000001","1","0.7357227178219532","1.6700656518338541","Pruned"
"SOC","0.45000000000000001","0.25","0.14999999999999999","0.14999999999999999","1","0.74803022692178356","1.46090497798897","Pruned"
"SOC","0.45000000000000001","0.25","0.20000000000000001","0.10000000000000001","1","0.76033773602161392","1.2517443041440863","Pruned"
"SOC","0.45000000000000001","0.25","0.25","0.050000000000000003","1","0.77264524512144417","1.0425836302992026","Pruned"
"SOC","0.45000000000000001","0.25","0.29999999999999999","0","1","0.78495275422127453","0.83342295645431874","Pruned"
"SOC","0.45000000000000001","0.29999999999999999","0","0.25","1","0.71210528413413876","1.8639786000185457","Pruned"
"SOC","0.45000000000000001","0.29999999999999999","0.050000000000000003","0.20000000000000001","1","0.72441279323396901","1.654817926173662","Pruned"
"SOC","0.45000000000000001","0.29999999999999999","0.10000000000000001","0.14999999999999999","1","0.73672030233379937","1.4456572523287781","Pruned"
"SOC","0.45000000000000001","0.29999999999999999","0.14999999999999999","0.10000000000000001","1","0.74902781143362973","1.2364965784838944","Pruned"
"SOC","0.45000000000000001","0.29999999999999999","0.20000000000000001","0.050000000000000003","1","0.76133532053346009","1.0273359046390105","Pruned"
"SOC","0.45000000000000001","0.29999999999999999","0.25","0","1","0.77364282963329034","0.81817523079412657","Pruned"
"SOC","0.45000000000000001","0.34999999999999998","0","0.20000000000000001","1","0.71310286864598504","1.6395702005134698","Pruned"
"SOC","0.45000000000000001","0.34999999999999998","0.050000000000000003","0.14999999999999999","1","0.72541037774581518","1.4304095266685857","Pruned"
"SOC","0.45000000000000001","0.34999999999999998","0.10000000000000001","0.10000000000000001","1","0.73771788684564565","1.221248852823702","Pruned"
"SOC","0.45000000000000001","0.34999999999999998","0.14999999999999999","0.050000000000000003","1","0.7500253959454759","1.0120881789788183","Pruned"
"SOC","0.45000000000000001","0.34999999999999998","0.20000000000000001","0","1","0.76233290504530626","0.8029275051339344","Pruned"
"SOC","0.45000000000000001","0.40000000000000002","0","0.14999999999999999","1","0.71410045315783122","1.4151618010083937","Pruned"
"SOC","0.45000000000000001","0.40000000000000002","0.050000000000000003","0.10000000000000001","1","0.72640796225766147","1.20600112716351","Pruned"
"SOC","0.45000000000000001","0.40000000000000002","0.10000000000000001","0.050000000000000003","1","0.73871547135749183","0.99684045331862603","Pruned"
"SOC","0.45000000000000001","0.40000000000000002","0.14999999999999999","0","1","0.75102298045732208","0.78767977947374224","Pruned"
"SOC","0.45000000000000001","0.45000000000000001","0","0.10000000000000001","1","0.71509803766967739","1.1907534015033177","Pruned"
"SOC","0.45000000000000001","0.45000000000000001","0.050000000000000003","0.050000000000000003","1","0.72740554676950764","0.98159272765843386","Pruned"
"SOC","0.45000000000000001","0.45000000000000001","0.10000000000000001","0","1","0.739713055869338","0.77243205381354996","Pruned"
"SOC","0.45000000000000001","0.5","0","0.050000000000000003","1","0.71609562218152345","0.96634500199824169","Pruned"
"SOC","0.45000000000000001","0.5","0.050000000000000003","0","1","0.7284031312813537","0.7571843281533579","Pruned"
"SOC","0.45000000000000001","0.55000000000000004","0","0","1","0.71709320669336973","0.74193660249316573","Pruned"
"SOC","0.5","0","0","0.5","1","0.72110041484003196","3.0130923397207625","Pruned"
"SOC","0.5","0","0.050000000000000003","0.45000000000000001","1","0.73340792393986221","2.8039316658758788","Pruned"
"SOC","0.5","0","0.10000000000000001","0.40000000000000002","1","0.74571543303969257","2.5947709920309951","Pruned"
"SOC","0.5","0","0.14999999999999999","0.34999999999999998","1","0.75802294213952282","2.385610318186111","Pruned"
"SOC","0.5","0","0.20000000000000001","0.29999999999999999","1","0.77033045123935318","2.1764496443412273","Pruned"
"SOC","0.5","0","0.25","0.25","1","0.78263796033918342","1.9672889704963434","Pruned"
"SOC","0.5","0","0.29999999999999999","0.20000000000000001","1","0.7949454694390139","1.7581282966514598","Pruned"
"SOC","0.5","0","0.34999999999999998","0.14999999999999999","1","0.80725297853884403","1.5489676228065759","Pruned"
"SOC","0.5","0","0.40000000000000002","0.10000000000000001","1","0.8195604876386744","1.3398069489616922","Pruned"
"SOC","0.5","0","0.45000000000000001","0.050000000000000003","1","0.83186799673850476","1.1306462751168083","Pruned"
"SOC","0.5","0","0.5","0","1","0.84417550583833512","0.92148560127192436","Pruned"
"SOC","0.5","0.050000000000000003","0","0.45000000000000001","1","0.72209799935187813","2.7886839402156864","Pruned"
"SOC","0.5","0.050000000000000003","0.050000000000000003","0.40000000000000002","1","0.73440550845170838","2.5795232663708028","Pruned"
"SOC","0.5","0.050000000000000003","0.10000000000000001","0.34999999999999998","1","0.74671301755153874","2.3703625925259186","Pruned"
"SOC","0.5","0.050000000000000003","0.14999999999999999","0.29999999999999999","1","0.75902052665136899","2.161201918681035","Pruned"
"SOC","0.5","0.050000000000000003","0.20000000000000001","0.25","1","0.77132803575119935","1.9520412448361513","Pruned"
"SOC","0.5","0.050000000000000003","0.25","0.20000000000000001","1","0.78363554485102971","1.7428805709912676","Pruned"
"SOC","0.5","0.050000000000000003","0.29999999999999999","0.14999999999999999","1","0.79594305395086007","1.5337198971463837","Pruned"
"SOC","0.5","0.050000000000000003","0.34999999999999998","0.10000000000000001","1","0.80825056305069032","1.3245592233015","Pruned"
"SOC","0.5","0.050000000000000003","0.40000000000000002","0.050000000000000003","1","0.82055807215052068","1.1153985494566161","Pruned"
"SOC","0.5","0.050000000000000003","0.45000000000000001","0","1","0.83286558125035093","0.9062378756117323","Pruned"
"SOC","0.5","0.10000000000000001","0","0.40000000000000002","1","0.7230955838637243","2.5642755407106108","Pruned"
"SOC","0.5","0.10000000000000001","0.050000000000000003","0.34999999999999998","1","0.73540309296355455","2.3551148668657267","Pruned"
"SOC","0.5","0.10000000000000001","0.10000000000000001","0.29999999999999999","1","0.7477106020633848","2.1459541930208426","Pruned"
"SOC","0.5","0.10000000000000001","0.14999999999999999","0.25","1","0.76001811116321516","1.9367935191759591","Pruned"
"SOC","0.5","0.10000000000000001","0.20000000000000001","0.20000000000000001","1","0.77232562026304552","1.7276328453310754","Pruned"
"SOC","0.5","0.10000000000000001","0.25","0.14999999999999999","1","0.78463312936287588","1.5184721714861915","Pruned"
"SOC","0.5","0.10000000000000001","0.29999999999999999","0.10000000000000001","1","0.79694063846270613","1.3093114976413078","Pruned"
"SOC","0.5","0.10000000000000001","0.34999999999999998","0.050000000000000003","1","0.80924814756253649","1.1001508237964237","Pruned"
"SOC","0.5","0.10000000000000001","0.40000000000000002","0","1","0.82155565666236674","0.89099014995154002","Pruned"
"SOC","0.5","0.14999999999999999","0","0.34999999999999998","1","0.72409316837557036","2.3398671412055343","Pruned"
"SOC","0.5","0.14999999999999999","0.050000000000000003","0.29999999999999999","1","0.73640067747540061","2.1307064673606506","Pruned"
"SOC","0.5","0.14999999999999999","0.10000000000000001","0.25","1","0.74870818657523097","1.9215457935157669","Pruned"
"SOC","0.5","0.14999999999999999","0.14999999999999999","0.20000000000000001","1","0.76101569567506133","1.7123851196708832","Pruned"
"SOC","0.5","0.14999999999999999","0.20000000000000001","0.14999999999999999","1","0.77332320477489169","1.5032244458259993","Pruned"
"SOC","0.5","0.14999999999999999","0.25","0.10000000000000001","1","0.78563071387472194","1.2940637719811154","Pruned"
"SOC","0.5","0.14999999999999999","0.29999999999999999","0.050000000000000003","1","0.7979382229745523","1.0849030981362318","Pruned"
"SOC","0.5","0.14999999999999999","0.34999999999999998","0","1","0.81024573207438255","0.87574242429134785","Pruned"
"SOC","0.5","0.20000000000000001","0","0.29999999999999999","1","0.72509075288741653","2.1154587417004587","Pruned"
"SOC","0.5","0.20000000000000001","0.050000000000000003","0.25","1","0.73739826198724678","1.9062980678555748","Pruned"
"SOC","0.5","0.20000000000000001","0.10000000000000001","0.20000000000000001","1","0.74970577108707714","1.6971373940106909","Pruned"
"SOC","0.5","0.20000000000000001","0.14999999999999999","0.14999999999999999","1","0.7620132801869075","1.4879767201658072","Pruned"
"SOC","0.5","0.20000000000000001","0.20000000000000001","0.10000000000000001","1","0.77432078928673786","1.2788160463209235","Pruned"
"SOC","0.5","0.20000000000000001","0.25","0.050000000000000003","1","0.78662829838656811","1.0696553724760394","Pruned"
"SOC","0.5","0.20000000000000001","0.29999999999999999","0","1","0.79893580748639847","0.86049469863115569","Pruned"
"SOC","0.5","0.25","0","0.25","1","0.72608833739926271","1.8910503421953826","Pruned"
"SOC","0.5","0.25","0.050000000000000003","0.20000000000000001","1","0.73839584649909296","1.6818896683504989","Pruned"
"SOC","0.5","0.25","0.10000000000000001","0.14999999999999999","1","0.75070335559892332","1.4727289945056148","Pruned"
"SOC","0.5","0.25","0.14999999999999999","0.10000000000000001","1","0.76301086469875368","1.2635683206607311","Pruned"
"SOC","0.5","0.25","0.20000000000000001","0.050000000000000003","1","0.77531837379858404","1.0544076468158474","Pruned"
"SOC","0.5","0.25","0.25","0","1","0.78762588289841429","0.84524697297096352","Pruned"
"SOC","0.5","0.29999999999999999","0","0.20000000000000001","1","0.72708592191110899","1.6666419426903065","Pruned"
"SOC","0.5","0.29999999999999999","0.050000000000000003","0.14999999999999999","1","0.73939343101093913","1.4574812688454228","Pruned"
"SOC","0.5","0.29999999999999999","0.10000000000000001","0.10000000000000001","1","0.7517009401107696","1.2483205950005389","Pruned"
"SOC","0.5","0.29999999999999999","0.14999999999999999","0.050000000000000003","1","0.76400844921059985","1.039159921155655","Pruned"
"SOC","0.5","0.29999999999999999","0.20000000000000001","0","1","0.77631595831043021","0.82999924731077135","Pruned"
"SOC","0.5","0.34999999999999998","0","0.14999999999999999","1","0.72808350642295494","1.4422335431852304","Pruned"
"SOC","0.5","0.34999999999999998","0.050000000000000003","0.10000000000000001","1","0.7403910155227853","1.2330728693403468","Pruned"
"SOC","0.5","0.34999999999999998","0.10000000000000001","0.050000000000000003","1","0.75269852462261566","1.0239121954954631","Pruned"
"SOC","0.5","0.34999999999999998","0.14999999999999999","0","1","0.76500603372244591","0.81475152165057918","Pruned"
"SOC","0.5","0.40000000000000002","0","0.10000000000000001","1","0.72908109093480122","1.2178251436801546","Pruned"
"SOC","0.5","0.40000000000000002","0.050000000000000003","0.050000000000000003","1","0.74138860003463147","1.0086644698352707","Pruned"
"SOC","0.5","0.40000000000000002","0.10000000000000001","0","1","0.75369610913446183","0.7995037959903869","Pruned"
"SOC","0.5","0.45000000000000001","0","0.050000000000000003","1","0.7300786754466474","0.99341674417507864","Pruned"
"SOC","0.5","0.45000000000000001","0.050000000000000003","0","1","0.74238618454647765","0.78425607033019484","Pruned"
"SOC","0.5","0.5","0","0","1","0.73107625995849346","0.76900834467000267","Pruned"
"SOC","0.55000000000000004","0","0","0.45000000000000001","1","0.73608105261700196","2.8157556823925236","Pruned"
"SOC","0.55000000000000004","0","0.050000000000000003","0.40000000000000002","1","0.74838856171683232","2.6065950085476399","Pruned"
"SOC","0.55000000000000004","0","0.10000000000000001","0.34999999999999998","1","0.76069607081666257","2.3974343347027558","Pruned"
"SOC","0.55000000000000004","0","0.14999999999999999","0.29999999999999999","1","0.77300357991649293","2.1882736608578721","Pruned"
"SOC","0.55000000000000004","0","0.20000000000000001","0.25","1","0.78531108901632318","1.9791129870129884","Pruned"
"SOC","0.55000000000000004","0","0.25","0.20000000000000001","1","0.79761859811615365","1.7699523131681045","Pruned"
"SOC","0.55000000000000004","0","0.29999999999999999","0.14999999999999999","1","0.80992610721598379","1.5607916393232206","Pruned"
"SOC","0.55000000000000004","0","0.34999999999999998","0.10000000000000001","1","0.82223361631581415","1.3516309654783369","Pruned"
"SOC","0.55000000000000004","0","0.40000000000000002","0.050000000000000003","1","0.83454112541564451","1.1424702916334533","Pruned"
"SOC","0.55000000000000004","0","0.45000000000000001","0","1","0.84684863451547487","0.93330961778856925","Pruned"
"SOC","0.55000000000000004","0.050000000000000003","0","0.40000000000000002","1","0.73707863712884814","2.5913472828874475","Pruned"
"SOC","0.55000000000000004","0.050000000000000003","0.050000000000000003","0.34999999999999998","1","0.74938614622867838","2.3821866090425639","Pruned"
"SOC","0.55000000000000004","0.050000000000000003","0.10000000000000001","0.29999999999999999","1","0.76169365532850875","2.1730259351976797","Pruned"
"SOC","0.55000000000000004","0.050000000000000003","0.14999999999999999","0.25","1","0.77400116442833899","1.963865261352796","Pruned"
"SOC","0.55000000000000004","0.050000000000000003","0.20000000000000001","0.20000000000000001","1","0.78630867352816947","1.7547045875079124","Pruned"
"SOC","0.55000000000000004","0.050000000000000003","0.25","0.14999999999999999","1","0.7986161826279996","1.5455439136630285","Pruned"
"SOC","0.55000000000000004","0.050000000000000003","0.29999999999999999","0.10000000000000001","1","0.81092369172783008","1.3363832398181448","Pruned"
"SOC","0.55000000000000004","0.050000000000000003","0.34999999999999998","0.050000000000000003","1","0.82323120082766033","1.1272225659732609","Pruned"
"SOC","0.55000000000000004","0.050000000000000003","0.40000000000000002","0","1","0.83553870992749069","0.91806189212837719","Pruned"
"SOC","0.55000000000000004","0.10000000000000001","0","0.34999999999999998","1","0.73807622164069431","2.3669388833823715","Pruned"
"SOC","0.55000000000000004","0.10000000000000001","0.050000000000000003","0.29999999999999999","1","0.75038373074052456","2.1577782095374878","Pruned"
"SOC","0.55000000000000004","0.10000000000000001","0.10000000000000001","0.25","1","0.76269123984035492","1.9486175356926039","Pruned"
"SOC","0.55000000000000004","0.10000000000000001","0.14999999999999999","0.20000000000000001","1","0.77499874894018528","1.7394568618477202","Pruned"
"SOC","0.55000000000000004","0.10000000000000001","0.20000000000000001","0.14999999999999999","1","0.78730625804001564","1.5302961880028363","Pruned"
"SOC","0.55000000000000004","0.10000000000000001","0.25","0.10000000000000001","1","0.79961376713984589","1.3211355141579526","Pruned"
"SOC","0.55000000000000004","0.10000000000000001","0.29999999999999999","0.050000000000000003","1","0.81192127623967625","1.1119748403130687","Pruned"
"SOC","0.55000000000000004","0.10000000000000001","0.34999999999999998","0","1","0.8242287853395065","0.9028141664681848","Pruned"
"SOC","0.55000000000000004","0.14999999999999999","0","0.29999999999999999","1","0.73907380615254048","2.1425304838772954","Pruned"
"SOC","0.55000000000000004","0.14999999999999999","0.050000000000000003","0.25","1","0.75138131525237073","1.9333698100324117","Pruned"
"SOC","0.55000000000000004","0.14999999999999999","0.10000000000000001","0.20000000000000001","1","0.76368882435220109","1.724209136187528","Pruned"
"SOC","0.55000000000000004","0.14999999999999999","0.14999999999999999","0.14999999999999999","1","0.77599633345203145","1.5150484623426441","Pruned"
"SOC","0.55000000000000004","0.14999999999999999","0.20000000000000001","0.10000000000000001","1","0.78830384255186181","1.3058877884977604","Pruned"
"SOC","0.55000000000000004","0.14999999999999999","0.25","0.050000000000000003","1","0.80061135165169206","1.0967271146528765","Pruned"
"SOC","0.55000000000000004","0.14999999999999999","0.29999999999999999","0","1","0.81291886075152242","0.88756644080799274","Pruned"
"SOC","0.55000000000000004","0.20000000000000001","0","0.25","1","0.74007139066438665","1.9181220843722195","Pruned"
"SOC","0.55000000000000004","0.20000000000000001","0.050000000000000003","0.20000000000000001","1","0.7523788997642169","1.7089614105273359","Pruned"
"SOC","0.55000000000000004","0.20000000000000001","0.10000000000000001","0.14999999999999999","1","0.76468640886404726","1.499800736682452","Pruned"
"SOC","0.55000000000000004","0.20000000000000001","0.14999999999999999","0.10000000000000001","1","0.77699391796387762","1.2906400628375683","Pruned"
"SOC","0.55000000000000004","0.20000000000000001","0.20000000000000001","0.050000000000000003","1","0.78930142706370798","1.0814793889926844","Pruned"
"SOC","0.55000000000000004","0.20000000000000001","0.25","0","1","0.80160893616353823","0.87231871514780046","Pruned"
"SOC","0.55000000000000004","0.25","0","0.20000000000000001","1","0.74106897517623271","1.6937136848671437","Pruned"
"SOC","0.55000000000000004","0.25","0.050000000000000003","0.14999999999999999","1","0.75337648427606307","1.4845530110222598","Pruned"
"SOC","0.55000000000000004","0.25","0.10000000000000001","0.10000000000000001","1","0.76568399337589343","1.2753923371773759","Pruned"
"SOC","0.55000000000000004","0.25","0.14999999999999999","0.050000000000000003","1","0.77799150247572368","1.0662316633324922","Pruned"
"SOC","0.55000000000000004","0.25","0.20000000000000001","0","1","0.79029901157555404","0.8570709894876084","Pruned"
"SOC","0.55000000000000004","0.29999999999999999","0","0.14999999999999999","1","0.74206655968807889","1.4693052853620676","Pruned"
"SOC","0.55000000000000004","0.29999999999999999","0.050000000000000003","0.10000000000000001","1","0.75437406878790925","1.2601446115171839","Pruned"
"SOC","0.55000000000000004","0.29999999999999999","0.10000000000000001","0.050000000000000003","1","0.76668157788773961","1.0509839376722998","Pruned"
"SOC","0.55000000000000004","0.29999999999999999","0.14999999999999999","0","1","0.77898908698756986","0.84182326382741612","Pruned"
"SOC","0.55000000000000004","0.34999999999999998","0","0.10000000000000001","1","0.74306414419992517","1.2448968858569915","Pruned"
"SOC","0.55000000000000004","0.34999999999999998","0.050000000000000003","0.050000000000000003","1","0.75537165329975542","1.0357362120121079","Pruned"
"SOC","0.55000000000000004","0.34999999999999998","0.10000000000000001","0","1","0.76767916239958578","0.82657553816722396","Pruned"
"SOC","0.55000000000000004","0.40000000000000002","0","0.050000000000000003","1","0.74406172871177134","1.0204884863519155","Pruned"
"SOC","0.55000000000000004","0.40000000000000002","0.050000000000000003","0","1","0.75636923781160159","0.81132781250703179","Pruned"
"SOC","0.55000000000000004","0.45000000000000001","0","0","1","0.7450593132236174","0.79608008684683962","Pruned"
"SOC","0.59999999999999998","0","0","0.40000000000000002","1","0.75106169039397208","2.6184190250642847","Pruned"
"SOC","0.59999999999999998","0","0.050000000000000003","0.34999999999999998","1","0.76336919949380233","2.4092583512194006","Pruned"
"SOC","0.59999999999999998","0","0.10000000000000001","0.29999999999999999","1","0.77567670859363269","2.2000976773745169","Pruned"
"SOC","0.59999999999999998","0","0.14999999999999999","0.25","1","0.78798421769346294","1.990937003529633","Pruned"
"SOC","0.59999999999999998","0","0.20000000000000001","0.20000000000000001","1","0.80029172679329341","1.7817763296847493","Pruned"
"SOC","0.59999999999999998","0","0.25","0.14999999999999999","1","0.81259923589312355","1.5726156558398654","Pruned"
"SOC","0.59999999999999998","0","0.29999999999999999","0.10000000000000001","1","0.82490674499295402","1.3634549819949817","Pruned"
"SOC","0.59999999999999998","0","0.34999999999999998","0.050000000000000003","1","0.83721425409278427","1.1542943081500976","Pruned"
"SOC","0.59999999999999998","0","0.40000000000000002","0","1","0.84952176319261463","0.94513363430521391","Pruned"
"SOC","0.59999999999999998","0.050000000000000003","0","0.34999999999999998","1","0.75205927490581825","2.3940106255592082","Pruned"
"SOC","0.59999999999999998","0.050000000000000003","0.050000000000000003","0.29999999999999999","1","0.7643667840056485","2.1848499517143245","Pruned"
"SOC","0.59999999999999998","0.050000000000000003","0.10000000000000001","0.25","1","0.77667429310547886","1.9756892778694408","Pruned"
"SOC","0.59999999999999998","0.050000000000000003","0.14999999999999999","0.20000000000000001","1","0.78898180220530922","1.7665286040245571","Pruned"
"SOC","0.59999999999999998","0.050000000000000003","0.20000000000000001","0.14999999999999999","1","0.80128931130513958","1.5573679301796732","Pruned"
"SOC","0.59999999999999998","0.050000000000000003","0.25","0.10000000000000001","1","0.81359682040496983","1.3482072563347893","Pruned"
"SOC","0.59999999999999998","0.050000000000000003","0.29999999999999999","0.050000000000000003","1","0.82590432950480019","1.1390465824899056","Pruned"
"SOC","0.59999999999999998","0.050000000000000003","0.34999999999999998","0","1","0.83821183860463044","0.92988590864502174","Pruned"
"SOC","0.59999999999999998","0.10000000000000001","0","0.29999999999999999","1","0.75305685941766443","2.1696022260541321","Pruned"
"SOC","0.59999999999999998","0.10000000000000001","0.050000000000000003","0.25","1","0.76536436851749468","1.9604415522092487","Pruned"
"SOC","0.59999999999999998","0.10000000000000001","0.10000000000000001","0.20000000000000001","1","0.77767187761732504","1.7512808783643647","Pruned"
"SOC","0.59999999999999998","0.10000000000000001","0.14999999999999999","0.14999999999999999","1","0.7899793867171554","1.5421202045194811","Pruned"
"SOC","0.59999999999999998","0.10000000000000001","0.20000000000000001","0.10000000000000001","1","0.80228689581698576","1.3329595306745974","Pruned"
"SOC","0.59999999999999998","0.10000000000000001","0.25","0.050000000000000003","1","0.81459440491681601","1.1237988568297133","Pruned"
"SOC","0.59999999999999998","0.10000000000000001","0.29999999999999999","0","1","0.82690191401664637","0.91463818298482957","Pruned"
"SOC","0.59999999999999998","0.14999999999999999","0","0.25","1","0.75405444392951049","1.9451938265490565","Pruned"
"SOC","0.59999999999999998","0.14999999999999999","0.050000000000000003","0.20000000000000001","1","0.76636195302934085","1.7360331527041728","Pruned"
"SOC","0.59999999999999998","0.14999999999999999","0.10000000000000001","0.14999999999999999","1","0.77866946212917121","1.5268724788592887","Pruned"
"SOC","0.59999999999999998","0.14999999999999999","0.14999999999999999","0.10000000000000001","1","0.79097697122900146","1.317711805014405","Pruned"
"SOC","0.59999999999999998","0.14999999999999999","0.20000000000000001","0.050000000000000003","1","0.80328448032883182","1.1085511311695213","Pruned"
"SOC","0.59999999999999998","0.14999999999999999","0.25","0","1","0.81559198942866207","0.8993904573246374","Pruned"
"SOC","0.59999999999999998","0.20000000000000001","0","0.20000000000000001","1","0.75505202844135666","1.7207854270439804","Pruned"
"SOC","0.59999999999999998","0.20000000000000001","0.050000000000000003","0.14999999999999999","1","0.76735953754118702","1.5116247531990967","Pruned"
"SOC","0.59999999999999998","0.20000000000000001","0.10000000000000001","0.10000000000000001","1","0.77966704664101738","1.3024640793542128","Pruned"
"SOC","0.59999999999999998","0.20000000000000001","0.14999999999999999","0.050000000000000003","1","0.79197455574084763","1.0933034055093289","Pruned"
"SOC","0.59999999999999998","0.20000000000000001","0.20000000000000001","0","1","0.80428206484067799","0.88414273166444524","Pruned"
"SOC","0.59999999999999998","0.25","0","0.14999999999999999","1","0.75604961295320283","1.4963770275389043","Pruned"
"SOC","0.59999999999999998","0.25","0.050000000000000003","0.10000000000000001","1","0.76835712205303319","1.2872163536940207","Pruned"
"SOC","0.59999999999999998","0.25","0.10000000000000001","0.050000000000000003","1","0.78066463115286355","1.078055679849137","Pruned"
"SOC","0.59999999999999998","0.25","0.14999999999999999","0","1","0.7929721402526938","0.86889500600425307","Pruned"
"SOC","0.59999999999999998","0.29999999999999999","0","0.10000000000000001","1","0.757047197465049","1.2719686280338285","Pruned"
"SOC","0.59999999999999998","0.29999999999999999","0.050000000000000003","0.050000000000000003","1","0.76935470656487925","1.0628079541889446","Pruned"
"SOC","0.59999999999999998","0.29999999999999999","0.10000000000000001","0","1","0.78166221566470961","0.85364728034406079","Pruned"
"SOC","0.59999999999999998","0.34999999999999998","0","0.050000000000000003","1","0.75804478197689518","1.0475602285287526","Pruned"
"SOC","0.59999999999999998","0.34999999999999998","0.050000000000000003","0","1","0.77035229107672543","0.83839955468386873","Pruned"
"SOC","0.59999999999999998","0.40000000000000002","0","0","1","0.75904236648874135","0.82315182902367656","Pruned"
"SOC","0.65000000000000002","0","0","0.34999999999999998","1","0.7660423281709422","2.4210823677360453","Pruned"
"SOC","0.65000000000000002","0","0.050000000000000003","0.29999999999999999","1","0.77834983727077245","2.2119216938911617","Pruned"
"SOC","0.65000000000000002","0","0.10000000000000001","0.25","1","0.79065734637060281","2.002761020046278","Pruned"
"SOC","0.65000000000000002","0","0.14999999999999999","0.20000000000000001","1","0.80296485547043317","1.7936003462013941","Pruned"
"SOC","0.65000000000000002","0","0.20000000000000001","0.14999999999999999","1","0.81527236457026353","1.5844396723565102","Pruned"
"SOC","0.65000000000000002","0","0.25","0.10000000000000001","1","0.82757987367009378","1.3752789985116265","Pruned"
"SOC","0.65000000000000002","0","0.29999999999999999","0.050000000000000003","1","0.83988738276992414","1.1661183246667426","Pruned"
"SOC","0.65000000000000002","0","0.34999999999999998","0","1","0.85219489186975439","0.95695765082185869","Pruned"
"SOC","0.65000000000000002","0.050000000000000003","0","0.29999999999999999","1","0.76703991268278837","2.1966739682309693","Pruned"
"SOC","0.65000000000000002","0.050000000000000003","0.050000000000000003","0.25","1","0.77934742178261862","1.9875132943860856","Pruned"
"SOC","0.65000000000000002","0.050000000000000003","0.10000000000000001","0.20000000000000001","1","0.79165493088244898","1.7783526205412019","Pruned"
"SOC","0.65000000000000002","0.050000000000000003","0.14999999999999999","0.14999999999999999","1","0.80396243998227934","1.569191946696318","Pruned"
"SOC","0.65000000000000002","0.050000000000000003","0.20000000000000001","0.10000000000000001","1","0.8162699490821097","1.3600312728514343","Pruned"
"SOC","0.65000000000000002","0.050000000000000003","0.25","0.050000000000000003","1","0.82857745818193995","1.1508705990065504","Pruned"
"SOC","0.65000000000000002","0.050000000000000003","0.29999999999999999","0","1","0.84088496728177031","0.94170992516166663","Pruned"
"SOC","0.65000000000000002","0.10000000000000001","0","0.25","1","0.76803749719463454","1.9722655687258934","Pruned"
"SOC","0.65000000000000002","0.10000000000000001","0.050000000000000003","0.20000000000000001","1","0.78034500629446479","1.7631048948810097","Pruned"
"SOC","0.65000000000000002","0.10000000000000001","0.10000000000000001","0.14999999999999999","1","0.79265251539429515","1.5539442210361258","Pruned"
"SOC","0.65000000000000002","0.10000000000000001","0.14999999999999999","0.10000000000000001","1","0.80496002449412551","1.3447835471912422","Pruned"
"SOC","0.65000000000000002","0.10000000000000001","0.20000000000000001","0.050000000000000003","1","0.81726753359395587","1.1356228733463583","Pruned"
"SOC","0.65000000000000002","0.10000000000000001","0.25","0","1","0.82957504269378612","0.92646219950147435","Pruned"
"SOC","0.65000000000000002","0.14999999999999999","0","0.20000000000000001","1","0.76903508170648061","1.7478571692208176","Pruned"
"SOC","0.65000000000000002","0.14999999999999999","0.050000000000000003","0.14999999999999999","1","0.78134259080631097","1.5386964953759337","Pruned"
"SOC","0.65000000000000002","0.14999999999999999","0.10000000000000001","0.10000000000000001","1","0.79365009990614133","1.3295358215310498","Pruned"
"SOC","0.65000000000000002","0.14999999999999999","0.14999999999999999","0.050000000000000003","1","0.80595760900597158","1.1203751476861661","Pruned"
"SOC","0.65000000000000002","0.14999999999999999","0.20000000000000001","0","1","0.81826511810580194","0.91121447384128229","Pruned"
"SOC","0.65000000000000002","0.20000000000000001","0","0.14999999999999999","1","0.77003266621832678","1.5234487697157415","Pruned"
"SOC","0.65000000000000002","0.20000000000000001","0.050000000000000003","0.10000000000000001","1","0.78234017531815714","1.3142880958708578","Pruned"
"SOC","0.65000000000000002","0.20000000000000001","0.10000000000000001","0.050000000000000003","1","0.7946476844179875","1.1051274220259737","Pruned"
"SOC","0.65000000000000002","0.20000000000000001","0.14999999999999999","0","1","0.80695519351781775","0.89596674818109001","Pruned"
"SOC","0.65000000000000002","0.25","0","0.10000000000000001","1","0.77103025073017306","1.2990403702106654","Pruned"
"SOC","0.65000000000000002","0.25","0.050000000000000003","0.050000000000000003","1","0.78333775983000331","1.0898796963657817","Pruned"
"SOC","0.65000000000000002","0.25","0.10000000000000001","0","1","0.79564526892983367","0.88071902252089784","Pruned"
"SOC","0.65000000000000002","0.29999999999999999","0","0.050000000000000003","1","0.77202783524201923","1.0746319707055894","Pruned"
"SOC","0.65000000000000002","0.29999999999999999","0.050000000000000003","0","1","0.78433534434184948","0.86547129686070567","Pruned"
"SOC","0.65000000000000002","0.34999999999999998","0","0","1","0.77302541975386529","0.85022357120051351","Pruned"
"SOC","0.69999999999999996","0","0","0.29999999999999999","1","0.78102296594791232","2.2237457104078064","Pruned"
"SOC","0.69999999999999996","0","0.050000000000000003","0.25","1","0.79333047504774257","2.0145850365629228","Pruned"
"SOC","0.69999999999999996","0","0.10000000000000001","0.20000000000000001","1","0.80563798414757293","1.8054243627180386","Pruned"
"SOC","0.69999999999999996","0","0.14999999999999999","0.14999999999999999","1","0.81794549324740329","1.596263688873155","Pruned"
"SOC","0.69999999999999996","0","0.20000000000000001","0.10000000000000001","1","0.83025300234723365","1.3871030150282713","Pruned"
"SOC","0.69999999999999996","0","0.25","0.050000000000000003","1","0.8425605114470639","1.1779423411833871","Pruned"
"SOC","0.69999999999999996","0","0.29999999999999999","0","1","0.85486802054689426","0.96878166733850346","Pruned"
"SOC","0.69999999999999996","0.050000000000000003","0","0.25","1","0.78202055045975849","1.9993373109027304","Pruned"
"SOC","0.69999999999999996","0.050000000000000003","0.050000000000000003","0.20000000000000001","1","0.79432805955958874","1.7901766370578467","Pruned"
"SOC","0.69999999999999996","0.050000000000000003","0.10000000000000001","0.14999999999999999","1","0.8066355686594191","1.5810159632129626","Pruned"
"SOC","0.69999999999999996","0.050000000000000003","0.14999999999999999","0.10000000000000001","1","0.81894307775924946","1.3718552893680789","Pruned"
"SOC","0.69999999999999996","0.050000000000000003","0.20000000000000001","0.050000000000000003","1","0.83125058685907982","1.1626946155231952","Pruned"
"SOC","0.69999999999999996","0.050000000000000003","0.25","0","1","0.84355809595891007","0.95353394167831129","Pruned"
"SOC","0.69999999999999996","0.10000000000000001","0","0.20000000000000001","1","0.78301813497160477","1.7749289113976543","Pruned"
"SOC","0.69999999999999996","0.10000000000000001","0.050000000000000003","0.14999999999999999","1","0.79532564407143491","1.5657682375527706","Pruned"
"SOC","0.69999999999999996","0.10000000000000001","0.10000000000000001","0.10000000000000001","1","0.80763315317126538","1.3566075637078867","Pruned"
"SOC","0.69999999999999996","0.10000000000000001","0.14999999999999999","0.050000000000000003","1","0.81994066227109563","1.1474468898630028","Pruned"
"SOC","0.69999999999999996","0.10000000000000001","0.20000000000000001","0","1","0.83224817137092599","0.93828621601811912","Pruned"
"SOC","0.69999999999999996","0.14999999999999999","0","0.14999999999999999","1","0.78401571948345072","1.5505205118925782","Pruned"
"SOC","0.69999999999999996","0.14999999999999999","0.050000000000000003","0.10000000000000001","1","0.79632322858328108","1.3413598380476945","Pruned"
"SOC","0.69999999999999996","0.14999999999999999","0.10000000000000001","0.050000000000000003","1","0.80863073768311144","1.1321991642028109","Pruned"
"SOC","0.69999999999999996","0.14999999999999999","0.14999999999999999","0","1","0.82093824678294169","0.92303849035792696","Pruned"
"SOC","0.69999999999999996","0.20000000000000001","0","0.10000000000000001","1","0.78501330399529701","1.3261121123875024","Pruned"
"SOC","0.69999999999999996","0.20000000000000001","0.050000000000000003","0.050000000000000003","1","0.79732081309512726","1.1169514385426185","Pruned"
"SOC","0.69999999999999996","0.20000000000000001","0.10000000000000001","0","1","0.80962832219495762","0.90779076469773468","Pruned"
"SOC","0.69999999999999996","0.25","0","0.050000000000000003","1","0.78601088850714318","1.1017037128824265","Pruned"
"SOC","0.69999999999999996","0.25","0.050000000000000003","0","1","0.79831839760697343","0.89254303903754262","Pruned"
"SOC","0.69999999999999996","0.29999999999999999","0","0","1","0.78700847301898924","0.87729531337735034","Pruned"
"SOC","0.75","0","0","0.25","1","0.79600360372488244","2.0264090530795675","Pruned"
"SOC","0.75","0","0.050000000000000003","0.20000000000000001","1","0.80831111282471269","1.8172483792346836","Pruned"
"SOC","0.75","0","0.10000000000000001","0.14999999999999999","1","0.82061862192454305","1.6080877053897997","Pruned"
"SOC","0.75","0","0.14999999999999999","0.10000000000000001","1","0.83292613102437341","1.398927031544916","Pruned"
"SOC","0.75","0","0.20000000000000001","0.050000000000000003","1","0.84523364012420377","1.1897663577000321","Pruned"
"SOC","0.75","0","0.25","0","1","0.85754114922403402","0.98060568385514824","Pruned"
"SOC","0.75","0.050000000000000003","0","0.20000000000000001","1","0.79700118823672872","1.8020006535744915","Pruned"
"SOC","0.75","0.050000000000000003","0.050000000000000003","0.14999999999999999","1","0.80930869733655886","1.5928399797296076","Pruned"
"SOC","0.75","0.050000000000000003","0.10000000000000001","0.10000000000000001","1","0.82161620643638933","1.3836793058847237","Pruned"
"SOC","0.75","0.050000000000000003","0.14999999999999999","0.050000000000000003","1","0.83392371553621958","1.17451863203984","Pruned"
"SOC","0.75","0.050000000000000003","0.20000000000000001","0","1","0.84623122463604994","0.96535795819495618","Pruned"
"SOC","0.75","0.10000000000000001","0","0.14999999999999999","1","0.79799877274857489","1.5775922540694154","Pruned"
"SOC","0.75","0.10000000000000001","0.050000000000000003","0.10000000000000001","1","0.81030628184840514","1.3684315802245317","Pruned"
"SOC","0.75","0.10000000000000001","0.10000000000000001","0.050000000000000003","1","0.8226137909482355","1.1592709063796476","Pruned"
"SOC","0.75","0.10000000000000001","0.14999999999999999","0","1","0.83492130004806575","0.9501102325347639","Pruned"
"SOC","0.75","0.14999999999999999","0","0.10000000000000001","1","0.79899635726042095","1.3531838545643393","Pruned"
"SOC","0.75","0.14999999999999999","0.050000000000000003","0.050000000000000003","1","0.8113038663602512","1.1440231807194556","Pruned"
"SOC","0.75","0.14999999999999999","0.10000000000000001","0","1","0.82361137546008156","0.93486250687457173","Pruned"
"SOC","0.75","0.20000000000000001","0","0.050000000000000003","1","0.79999394177226713","1.1287754550592632","Pruned"
"SOC","0.75","0.20000000000000001","0.050000000000000003","0","1","0.81230145087209737","0.91961478121437956","Pruned"
"SOC","0.75","0.25","0","0","1","0.8009915262841133","0.90436705555418739","Pruned"
"SOC","0.80000000000000004","0","0","0.20000000000000001","1","0.81098424150185244","1.8290723957513286","Pruned"
"SOC","0.80000000000000004","0","0.050000000000000003","0.14999999999999999","1","0.8232917506016828","1.6199117219064445","Pruned"
"SOC","0.80000000000000004","0","0.10000000000000001","0.10000000000000001","1","0.83559925970151316","1.4107510480615608","Pruned"
"SOC","0.80000000000000004","0","0.14999999999999999","0.050000000000000003","1","0.84790676880134341","1.2015903742166771","Pruned"
"SOC","0.80000000000000004","0","0.20000000000000001","0","1","0.86021427790117377","0.99242970037179323","Pruned"
"SOC","0.80000000000000004","0.050000000000000003","0","0.14999999999999999","1","0.81198182601369862","1.6046639962462526","Pruned"
"SOC","0.80000000000000004","0.050000000000000003","0.050000000000000003","0.10000000000000001","1","0.82428933511352898","1.3955033224013689","Pruned"
"SOC","0.80000000000000004","0.050000000000000003","0.10000000000000001","0.050000000000000003","1","0.83659684421335934","1.1863426485564847","Pruned"
"SOC","0.80000000000000004","0.050000000000000003","0.14999999999999999","0","1","0.84890435331318959","0.97718197471160106","Pruned"
"SOC","0.80000000000000004","0.10000000000000001","0","0.10000000000000001","1","0.8129794105255449","1.3802555967411765","Pruned"
"SOC","0.80000000000000004","0.10000000000000001","0.050000000000000003","0.050000000000000003","1","0.82528691962537515","1.1710949228962928","Pruned"
"SOC","0.80000000000000004","0.10000000000000001","0.10000000000000001","0","1","0.83759442872520551","0.96193424905140879","Pruned"
"SOC","0.80000000000000004","0.14999999999999999","0","0.050000000000000003","1","0.81397699503739096","1.1558471972361004","Pruned"
"SOC","0.80000000000000004","0.14999999999999999","0.050000000000000003","0","1","0.82628450413722121","0.94668652339121673","Pruned"
"SOC","0.80000000000000004","0.20000000000000001","0","0","1","0.81497457954923713","0.93143879773102445","Pruned"
"SOC","0.84999999999999998","0","0","0.14999999999999999","1","0.82596487927882256","1.6317357384230891","Pruned"
"SOC","0.84999999999999998","0","0.050000000000000003","0.10000000000000001","1","0.83827238837865292","1.4225750645782054","Pruned"
"SOC","0.84999999999999998","0","0.10000000000000001","0.050000000000000003","1","0.85057989747848328","1.2134143907333215","Pruned"
"SOC","0.84999999999999998","0","0.14999999999999999","0","1","0.86288740657831353","1.0042537168884376","Pruned"
"SOC","0.84999999999999998","0.050000000000000003","0","0.10000000000000001","1","0.82696246379066884","1.4073273389180132","Pruned"
"SOC","0.84999999999999998","0.050000000000000003","0.050000000000000003","0.050000000000000003","1","0.83926997289049909","1.1981666650731295","Pruned"
"SOC","0.84999999999999998","0.050000000000000003","0.10000000000000001","0","1","0.85157748199032945","0.98900599122824551","Pruned"
"SOC","0.84999999999999998","0.10000000000000001","0","0.050000000000000003","1","0.82796004830251502","1.1829189394129371","Pruned"
"SOC","0.84999999999999998","0.10000000000000001","0.050000000000000003","0","1","0.84026755740234527","0.97375826556805334","Pruned"
"SOC","0.84999999999999998","0.14999999999999999","0","0","1","0.82895763281436108","0.95851053990786117","Pruned"
"SOC","0.90000000000000002","0","0","0.10000000000000001","1","0.84094551705579279","1.4343990810948504","Pruned"
"SOC","0.90000000000000002","0","0.050000000000000003","0.050000000000000003","1","0.85325302615562304","1.2252384072499665","Pruned"
"SOC","0.90000000000000002","0","0.10000000000000001","0","1","0.8655605352554534","1.0160777334050826","Pruned"
"SOC","0.90000000000000002","0.050000000000000003","0","0.050000000000000003","1","0.84194310156763896","1.2099906815897743","Pruned"
"SOC","0.90000000000000002","0.050000000000000003","0.050000000000000003","0","1","0.85425061066746921","1.0008300077448904","Pruned"
"SOC","0.90000000000000002","0.10000000000000001","0","0","1","0.84294068607948514","0.98558228208469822","Pruned"
"SOC","0.94999999999999996","0","0","0.050000000000000003","1","0.8559261548327628","1.2370624237666112","Pruned"
"SOC","0.94999999999999996","0","0.050000000000000003","0","1","0.86823366393259305","1.0279017499217273","Pruned"
"SOC","0.94999999999999996","0.050000000000000003","0","0","1","0.85692373934460897","1.0126540242615352","Pruned"
"SOC","1","0","0","0","1","0.87090679260973292","1.0397257664383721","Pruned"
"SOH","0","0","0","1","1","0.55971401249061969","1.2848033725904884","Pruned"
"SOH","0","0","0.050000000000000003","0.94999999999999996","1","0.57177434178553632","1.2591132614983633","Pruned"
"SOH","0","0","0.10000000000000001","0.90000000000000002","1","0.58383467108045306","1.2334231504062381","Pruned"
"SOH","0","0","0.14999999999999999","0.84999999999999998","1","0.59589500037536969","1.207733039314113","Pruned"
"SOH","0","0","0.20000000000000001","0.80000000000000004","1","0.60795532967028632","1.182042928221988","Pruned"
"SOH","0","0","0.25","0.75","1","0.62001565896520305","1.1563528171298627","Pruned"
"SOH","0","0","0.29999999999999999","0.69999999999999996","1","0.63207598826011968","1.1306627060377377","Pruned"
"SOH","0","0","0.34999999999999998","0.65000000000000002","1","0.64413631755503631","1.1049725949456126","Pruned"
"SOH","0","0","0.40000000000000002","0.59999999999999998","1","0.65619664684995294","1.0792824838534876","Pruned"
"SOH","0","0","0.45000000000000001","0.55000000000000004","1","0.66825697614486956","1.0535923727613625","Pruned"
"SOH","0","0","0.5","0.5","1","0.6803173054397863","1.0279022616692373","Pruned"
"SOH","0","0","0.55000000000000004","0.45000000000000001","1","0.69237763473470304","1.0022121505771122","Pruned"
"SOH","0","0","0.59999999999999998","0.40000000000000002","1","0.70443796402961967","0.97652203948498706","Pruned"
"SOH","0","0","0.65000000000000002","0.34999999999999998","1","0.7164982933245363","0.9508319283928619","Pruned"
"SOH","0","0","0.69999999999999996","0.29999999999999999","1","0.72855862261945292","0.92514181730073686","Pruned"
"SOH","0","0","0.75","0.25","1","0.74061895191436955","0.89945170620861181","Pruned"
"SOH","0","0","0.80000000000000004","0.20000000000000001","1","0.75267928120928629","0.87376159511648666","Pruned"
"SOH","0","0","0.84999999999999998","0.14999999999999999","1","0.7647396105042028","0.84807148402436161","Pruned"
"SOH","0","0","0.90000000000000002","0.10000000000000001","1","0.77679993979911954","0.82238137293223645","Pruned"
"SOH","0","0","0.94999999999999996","0.050000000000000003","1","0.78886026909403617","0.79669126184011141","Pruned"
"SOH","0","0","1","0","1","0.80092059838895291","0.77100115074798625","Quantized"
"SOH","0","0.050000000000000003","0","0.94999999999999996","1","0.55895368500041709","1.2411602188863371","Pruned"
"SOH","0","0.050000000000000003","0.050000000000000003","0.90000000000000002","1","0.57101401429533372","1.2154701077942121","Pruned"
"SOH","0","0.050000000000000003","0.10000000000000001","0.84999999999999998","1","0.58307434359025034","1.1897799967020868","Pruned"
"SOH","0","0.050000000000000003","0.14999999999999999","0.80000000000000004","1","0.59513467288516708","1.1640898856099617","Pruned"
"SOH","0","0.050000000000000003","0.20000000000000001","0.75","1","0.60719500218008371","1.1383997745178365","Pruned"
"SOH","0","0.050000000000000003","0.25","0.69999999999999996","1","0.61925533147500034","1.1127096634257114","Pruned"
"SOH","0","0.050000000000000003","0.29999999999999999","0.65000000000000002","1","0.63131566076991708","1.0870195523335864","Pruned"
"SOH","0","0.050000000000000003","0.34999999999999998","0.59999999999999998","1","0.6433759900648337","1.0613294412414613","Pruned"
"SOH","0","0.050000000000000003","0.40000000000000002","0.55000000000000004","1","0.65543631935975033","1.0356393301493363","Pruned"
"SOH","0","0.050000000000000003","0.45000000000000001","0.5","1","0.66749664865466696","1.0099492190572112","Pruned"
"SOH","0","0.050000000000000003","0.5","0.45000000000000001","1","0.6795569779495837","0.98425910796508598","Pruned"
"SOH","0","0.050000000000000003","0.55000000000000004","0.40000000000000002","1","0.69161730724450043","0.95856899687296093","Pruned"
"SOH","0","0.050000000000000003","0.59999999999999998","0.34999999999999998","1","0.70367763653941695","0.93287888578083566","Pruned"
"SOH","0","0.050000000000000003","0.65000000000000002","0.29999999999999999","1","0.71573796583433369","0.90718877468871073","Pruned"
"SOH","0","0.050000000000000003","0.69999999999999996","0.25","1","0.72779829512925032","0.88149866359658557","Pruned"
"SOH","0","0.050000000000000003","0.75","0.20000000000000001","1","0.73985862442416694","0.85580855250446053","Pruned"
"SOH","0","0.050000000000000003","0.80000000000000004","0.14999999999999999","1","0.75191895371908368","0.83011844141233537","Pruned"
"SOH","0","0.050000000000000003","0.84999999999999998","0.10000000000000001","1","0.7639792830140002","0.80442833032021033","Pruned"
"SOH","0","0.050000000000000003","0.90000000000000002","0.050000000000000003","1","0.77603961230891694","0.77873821922808517","Pruned"
"SOH","0","0.050000000000000003","0.94999999999999996","0","1","0.78809994160383356","0.75304810813596013","Quantized"
"SOH","0","0.10000000000000001","0","0.90000000000000002","1","0.55819335751021448","1.1975170651821858","Pruned"
"SOH","0","0.10000000000000001","0.050000000000000003","0.84999999999999998","1","0.57025368680513111","1.1718269540900608","Pruned"
"SOH","0","0.10000000000000001","0.10000000000000001","0.80000000000000004","1","0.58231401610004774","1.1461368429979355","Pruned"
"SOH","0","0.10000000000000001","0.14999999999999999","0.75","1","0.59437434539496437","1.1204467319058105","Pruned"
"SOH","0","0.10000000000000001","0.20000000000000001","0.69999999999999996","1","0.6064346746898811","1.0947566208136852","Pruned"
"SOH","0","0.10000000000000001","0.25","0.65000000000000002","1","0.61849500398479773","1.0690665097215604","Pruned"
"SOH","0","0.10000000000000001","0.29999999999999999","0.59999999999999998","1","0.63055533327971447","1.0433763986294351","Pruned"
"SOH","0","0.10000000000000001","0.34999999999999998","0.55000000000000004","1","0.6426156625746311","1.0176862875373103","Pruned"
"SOH","0","0.10000000000000001","0.40000000000000002","0.5","1","0.65467599186954772","0.99199617644518501","Pruned"
"SOH","0","0.10000000000000001","0.45000000000000001","0.45000000000000001","1","0.66673632116446435","0.96630606535305985","Pruned"
"SOH","0","0.10000000000000001","0.5","0.40000000000000002","1","0.67879665045938098","0.94061595426093469","Pruned"
"SOH","0","0.10000000000000001","0.55000000000000004","0.34999999999999998","1","0.69085697975429772","0.91492584316880965","Pruned"
"SOH","0","0.10000000000000001","0.59999999999999998","0.29999999999999999","1","0.70291730904921434","0.88923573207668449","Pruned"
"SOH","0","0.10000000000000001","0.65000000000000002","0.25","1","0.71497763834413108","0.86354562098455945","Pruned"
"SOH","0","0.10000000000000001","0.69999999999999996","0.20000000000000001","1","0.72703796763904771","0.83785550989243429","Pruned"
"SOH","0","0.10000000000000001","0.75","0.14999999999999999","1","0.73909829693396434","0.81216539880030925","Pruned"
"SOH","0","0.10000000000000001","0.80000000000000004","0.10000000000000001","1","0.75115862622888108","0.78647528770818409","Pruned"
"SOH","0","0.10000000000000001","0.84999999999999998","0.050000000000000003","1","0.76321895552379759","0.76078517661605904","Quantized"
"SOH","0","0.10000000000000001","0.90000000000000002","0","1","0.77527928481871433","0.73509506552393389","Quantized"
"SOH","0","0.14999999999999999","0","0.84999999999999998","1","0.55743303002001177","1.1538739114780345","Pruned"
"SOH","0","0.14999999999999999","0.050000000000000003","0.80000000000000004","1","0.5694933593149285","1.1281838003859095","Pruned"
"SOH","0","0.14999999999999999","0.10000000000000001","0.75","1","0.58155368860984513","1.1024936892937842","Pruned"
"SOH","0","0.14999999999999999","0.14999999999999999","0.69999999999999996","1","0.59361401790476176","1.0768035782016592","Pruned"
"SOH","0","0.14999999999999999","0.20000000000000001","0.65000000000000002","1","0.60567434719967839","1.0511134671095341","Pruned"
"SOH","0","0.14999999999999999","0.25","0.59999999999999998","1","0.61773467649459513","1.0254233560174089","Pruned"
"SOH","0","0.14999999999999999","0.29999999999999999","0.55000000000000004","1","0.62979500578951175","0.99973324492528404","Pruned"
"SOH","0","0.14999999999999999","0.34999999999999998","0.5","1","0.64185533508442849","0.97404313383315877","Pruned"
"SOH","0","0.14999999999999999","0.40000000000000002","0.45000000000000001","1","0.65391566437934512","0.94835302274103372","Pruned"
"SOH","0","0.14999999999999999","0.45000000000000001","0.40000000000000002","1","0.66597599367426175","0.92266291164890857","Pruned"
"SOH","0","0.14999999999999999","0.5","0.34999999999999998","1","0.67803632296917837","0.89697280055678341","Pruned"
"SOH","0","0.14999999999999999","0.55000000000000004","0.29999999999999999","1","0.69009665226409511","0.87128268946465837","Pruned"
"SOH","0","0.14999999999999999","0.59999999999999998","0.25","1","0.70215698155901174","0.84559257837253321","Pruned"
"SOH","0","0.14999999999999999","0.65000000000000002","0.20000000000000001","1","0.71421731085392837","0.81990246728040816","Pruned"
"SOH","0","0.14999999999999999","0.69999999999999996","0.14999999999999999","1","0.72627764014884499","0.79421235618828301","Pruned"
"SOH","0","0.14999999999999999","0.75","0.10000000000000001","1","0.73833796944376162","0.76852224509615796","Pruned"
"SOH","0","0.14999999999999999","0.80000000000000004","0.050000000000000003","1","0.75039829873867836","0.74283213400403281","Quantized"
"SOH","0","0.14999999999999999","0.84999999999999998","0","1","0.76245862803359488","0.71714202291190776","Quantized"
"SOH","0","0.20000000000000001","0","0.80000000000000004","1","0.55667270252980916","1.1102307577738832","Pruned"
"SOH","0","0.20000000000000001","0.050000000000000003","0.75","1","0.5687330318247259","1.084540646681758","Pruned"
"SOH","0","0.20000000000000001","0.10000000000000001","0.69999999999999996","1","0.58079336111964253","1.0588505355896329","Pruned"
"SOH","0","0.20000000000000001","0.14999999999999999","0.65000000000000002","1","0.59285369041455915","1.0331604244975079","Pruned"
"SOH","0","0.20000000000000001","0.20000000000000001","0.59999999999999998","1","0.60491401970947578","1.0074703134053828","Pruned"
"SOH","0","0.20000000000000001","0.25","0.55000000000000004","1","0.61697434900439252","0.9817802023132578","Pruned"
"SOH","0","0.20000000000000001","0.29999999999999999","0.5","1","0.62903467829930915","0.95609009122113253","Pruned"
"SOH","0","0.20000000000000001","0.34999999999999998","0.45000000000000001","1","0.64109500759422577","0.93039998012900749","Pruned"
"SOH","0","0.20000000000000001","0.40000000000000002","0.40000000000000002","1","0.65315533688914251","0.90470986903688244","Pruned"
"SOH","0","0.20000000000000001","0.45000000000000001","0.34999999999999998","1","0.66521566618405914","0.87901975794475717","Pruned"
"SOH","0","0.20000000000000001","0.5","0.29999999999999999","1","0.67727599547897577","0.85332964685263213","Pruned"
"SOH","0","0.20000000000000001","0.55000000000000004","0.25","1","0.68933632477389251","0.82763953576050708","Pruned"
"SOH","0","0.20000000000000001","0.59999999999999998","0.20000000000000001","1","0.70139665406880913","0.80194942466838193","Pruned"
"SOH","0","0.20000000000000001","0.65000000000000002","0.14999999999999999","1","0.71345698336372576","0.77625931357625688","Pruned"
"SOH","0","0.20000000000000001","0.69999999999999996","0.10000000000000001","1","0.72551731265864239","0.75056920248413173","Pruned"
"SOH","0","0.20000000000000001","0.75","0.050000000000000003","1","0.73757764195355902","0.72487909139200668","Quantized"
"SOH","0","0.20000000000000001","0.80000000000000004","0","1","0.74963797124847575","0.69918898029988152","Quantized"
"SOH","0","0.25","0","0.75","1","0.55591237503960655","1.0665876040697317","Pruned"
"SOH","0","0.25","0.050000000000000003","0.69999999999999996","1","0.56797270433452318","1.0408974929776067","Pruned"
"SOH","0","0.25","0.10000000000000001","0.65000000000000002","1","0.58003303362943992","1.0152073818854817","Pruned"
"SOH","0","0.25","0.14999999999999999","0.59999999999999998","1","0.59209336292435655","0.98951727079335661","Pruned"
"SOH","0","0.25","0.20000000000000001","0.55000000000000004","1","0.60415369221927318","0.96382715970123156","Pruned"
"SOH","0","0.25","0.25","0.5","1","0.6162140215141898","0.93813704860910641","Pruned"
"SOH","0","0.25","0.29999999999999999","0.45000000000000001","1","0.62827435080910654","0.91244693751698125","Pruned"
"SOH","0","0.25","0.34999999999999998","0.40000000000000002","1","0.64033468010402317","0.8867568264248562","Pruned"
"SOH","0","0.25","0.40000000000000002","0.34999999999999998","1","0.65239500939893991","0.86106671533273105","Pruned"
"SOH","0","0.25","0.45000000000000001","0.29999999999999999","1","0.66445533869385653","0.835376604240606","Pruned"
"SOH","0","0.25","0.5","0.25","1","0.67651566798877316","0.80968649314848085","Pruned"
"SOH","0","0.25","0.55000000000000004","0.20000000000000001","1","0.68857599728368979","0.7839963820563558","Pruned"
"SOH","0","0.25","0.59999999999999998","0.14999999999999999","1","0.70063632657860642","0.75830627096423064","Pruned"
"SOH","0","0.25","0.65000000000000002","0.10000000000000001","1","0.71269665587352315","0.7326161598721056","Pruned"
"SOH","0","0.25","0.69999999999999996","0.050000000000000003","1","0.72475698516843978","0.70692604877998044","Quantized"
"SOH","0","0.25","0.75","0","1","0.73681731446335641","0.6812359376878554","Quantized"
"SOH","0","0.29999999999999999","0","0.69999999999999996","1","0.55515204754940395","1.0229444503655805","Pruned"
"SOH","0","0.29999999999999999","0.050000000000000003","0.65000000000000002","1","0.56721237684432058","0.99725433927345553","Pruned"
"SOH","0","0.29999999999999999","0.10000000000000001","0.59999999999999998","1","0.57927270613923731","0.97156422818133048","Pruned"
"SOH","0","0.29999999999999999","0.14999999999999999","0.55000000000000004","1","0.59133303543415394","0.94587411708920544","Pruned"
"SOH","0","0.29999999999999999","0.20000000000000001","0.5","1","0.60339336472907057","0.92018400599708028","Pruned"
"SOH","0","0.29999999999999999","0.25","0.45000000000000001","1","0.6154536940239872","0.89449389490495512","Pruned"
"SOH","0","0.29999999999999999","0.29999999999999999","0.40000000000000002","1","0.62751402331890382","0.86880378381282997","Pruned"
"SOH","0","0.29999999999999999","0.34999999999999998","0.34999999999999998","1","0.63957435261382056","0.84311367272070492","Pruned"
"SOH","0","0.29999999999999999","0.40000000000000002","0.29999999999999999","1","0.65163468190873719","0.81742356162857988","Pruned"
"SOH","0","0.29999999999999999","0.45000000000000001","0.25","1","0.66369501120365382","0.79173345053645472","Pruned"
"SOH","0","0.29999999999999999","0.5","0.20000000000000001","1","0.67575534049857056","0.76604333944432956","Pruned"
"SOH","0","0.29999999999999999","0.55000000000000004","0.14999999999999999","1","0.68781566979348718","0.74035322835220452","Pruned"
"SOH","0","0.29999999999999999","0.59999999999999998","0.10000000000000001","1","0.69987599908840381","0.71466311726007936","Pruned"
"SOH","0","0.29999999999999999","0.65000000000000002","0.050000000000000003","1","0.71193632838332055","0.68897300616795432","Quantized"
"SOH","0","0.29999999999999999","0.69999999999999996","0","1","0.72399665767823718","0.66328289507582916","Quantized"
"SOH","0","0.34999999999999998","0","0.65000000000000002","1","0.55439172005920123","0.9793012966614294","Pruned"
"SOH","0","0.34999999999999998","0.050000000000000003","0.59999999999999998","1","0.56645204935411797","0.95361118556930424","Pruned"
"SOH","0","0.34999999999999998","0.10000000000000001","0.55000000000000004","1","0.5785123786490346","0.92792107447717931","Pruned"
"SOH","0","0.34999999999999998","0.14999999999999999","0.5","1","0.59057270794395134","0.90223096338505404","Pruned"
"SOH","0","0.34999999999999998","0.20000000000000001","0.45000000000000001","1","0.60263303723886796","0.876540852292929","Pruned"
"SOH","0","0.34999999999999998","0.25","0.40000000000000002","1","0.61469336653378459","0.85085074120080384","Pruned"
"SOH","0","0.34999999999999998","0.29999999999999999","0.34999999999999998","1","0.62675369582870122","0.82516063010867868","Pruned"
"SOH","0","0.34999999999999998","0.34999999999999998","0.29999999999999999","1","0.63881402512361785","0.79947051901655364","Pruned"
"SOH","0","0.34999999999999998","0.40000000000000002","0.25","1","0.65087435441853458","0.77378040792442848","Pruned"
"SOH","0","0.34999999999999998","0.45000000000000001","0.20000000000000001","1","0.66293468371345121","0.74809029683230344","Pruned"
"SOH","0","0.34999999999999998","0.5","0.14999999999999999","1","0.67499501300836795","0.72240018574017828","Pruned"
"SOH","0","0.34999999999999998","0.55000000000000004","0.10000000000000001","1","0.68705534230328458","0.69671007464805323","Pruned"
"SOH","0","0.34999999999999998","0.59999999999999998","0.050000000000000003","1","0.6991156715982012","0.67101996355592808","Quantized"
"SOH","0","0.34999999999999998","0.65000000000000002","0","1","0.71117600089311783","0.64532985246380303","Quantized"
"SOH","0","0.40000000000000002","0","0.59999999999999998","1","0.55363139256899863","0.93565814295727812","Pruned"
"SOH","0","0.40000000000000002","0.050000000000000003","0.55000000000000004","1","0.56569172186391536","0.90996803186515307","Pruned"
"SOH","0","0.40000000000000002","0.10000000000000001","0.5","1","0.57775205115883199","0.88427792077302791","Pruned"
"SOH","0","0.40000000000000002","0.14999999999999999","0.45000000000000001","1","0.58981238045374873","0.85858780968090276","Pruned"
"SOH","0","0.40000000000000002","0.20000000000000001","0.40000000000000002","1","0.60187270974866536","0.83289769858877771","Pruned"
"SOH","0","0.40000000000000002","0.25","0.34999999999999998","1","0.61393303904358199","0.80720758749665245","Pruned"
"SOH","0","0.40000000000000002","0.29999999999999999","0.29999999999999999","1","0.62599336833849861","0.7815174764045274","Pruned"
"SOH","0","0.40000000000000002","0.34999999999999998","0.25","1","0.63805369763341524","0.75582736531240236","Pruned"
"SOH","0","0.40000000000000002","0.40000000000000002","0.20000000000000001","1","0.65011402692833198","0.73013725422027731","Pruned"
"SOH","0","0.40000000000000002","0.45000000000000001","0.14999999999999999","1","0.66217435622324861","0.70444714312815215","Pruned"
"SOH","0","0.40000000000000002","0.5","0.10000000000000001","1","0.67423468551816534","0.678757032036027","Pruned"
"SOH","0","0.40000000000000002","0.55000000000000004","0.050000000000000003","1","0.68629501481308197","0.65306692094390195","Quantized"
"SOH","0","0.40000000000000002","0.59999999999999998","0","1","0.6983553441079986","0.6273768098517768","Quantized"
"SOH","0","0.45000000000000001","0","0.55000000000000004","1","0.55287106507879602","0.89201498925312694","Pruned"
"SOH","0","0.45000000000000001","0.050000000000000003","0.5","1","0.56493139437371276","0.86632487816100179","Pruned"
"SOH","0","0.45000000000000001","0.10000000000000001","0.45000000000000001","1","0.57699172366862939","0.84063476706887663","Pruned"
"SOH","0","0.45000000000000001","0.14999999999999999","0.40000000000000002","1","0.58905205296354612","0.81494465597675148","Pruned"
"SOH","0","0.45000000000000001","0.20000000000000001","0.34999999999999998","1","0.60111238225846275","0.78925454488462643","Pruned"
"SOH","0","0.45000000000000001","0.25","0.29999999999999999","1","0.61317271155337938","0.76356443379250127","Pruned"
"SOH","0","0.45000000000000001","0.29999999999999999","0.25","1","0.62523304084829601","0.73787432270037612","Pruned"
"SOH","0","0.45000000000000001","0.34999999999999998","0.20000000000000001","1","0.63729337014321263","0.71218421160825107","Pruned"
"SOH","0","0.45000000000000001","0.40000000000000002","0.14999999999999999","1","0.64935369943812937","0.68649410051612603","Pruned"
"SOH","0","0.45000000000000001","0.45000000000000001","0.10000000000000001","1","0.661414028733046","0.66080398942400087","Quantized"
"SOH","0","0.45000000000000001","0.5","0.050000000000000003","1","0.67347435802796274","0.63511387833187571","Quantized"
"SOH","0","0.45000000000000001","0.55000000000000004","0","1","0.68553468732287937","0.60942376723975067","Quantized"
"SOH","0","0.5","0","0.5","1","0.55211073758859341","0.84837183554897555","Pruned"
"SOH","0","0.5","0.050000000000000003","0.45000000000000001","1","0.56417106688351004","0.82268172445685039","Pruned"
"SOH","0","0.5","0.10000000000000001","0.40000000000000002","1","0.57623139617842667","0.79699161336472524","Pruned"
"SOH","0","0.5","0.14999999999999999","0.34999999999999998","1","0.58829172547334341","0.77130150227260019","Pruned"
"SOH","0","0.5","0.20000000000000001","0.29999999999999999","1","0.60035205476826004","0.74561139118047515","Pruned"
"SOH","0","0.5","0.25","0.25","1","0.61241238406317677","0.71992128008834999","Pruned"
"SOH","0","0.5","0.29999999999999999","0.20000000000000001","1","0.6244727133580934","0.69423116899622483","Pruned"
"SOH","0","0.5","0.34999999999999998","0.14999999999999999","1","0.63653304265301003","0.66854105790409979","Pruned"
"SOH","0","0.5","0.40000000000000002","0.10000000000000001","1","0.64859337194792666","0.64285094681197463","Quantized"
"SOH","0","0.5","0.45000000000000001","0.050000000000000003","1","0.66065370124284328","0.61716083571984959","Quantized"
"SOH","0","0.5","0.5","0","1","0.67271403053776002","0.59147072462772443","Quantized"
"SOH","0","0.55000000000000004","0","0.45000000000000001","1","0.55135041009839081","0.80472868184482427","Pruned"
"SOH","0","0.55000000000000004","0.050000000000000003","0.40000000000000002","1","0.56341073939330744","0.77903857075269922","Pruned"
"SOH","0","0.55000000000000004","0.10000000000000001","0.34999999999999998","1","0.57547106868822406","0.75334845966057395","Pruned"
"SOH","0","0.55000000000000004","0.14999999999999999","0.29999999999999999","1","0.5875313979831408","0.72765834856844891","Pruned"
"SOH","0","0.55000000000000004","0.20000000000000001","0.25","1","0.59959172727805743","0.70196823747632386","Pruned"
"SOH","0","0.55000000000000004","0.25","0.20000000000000001","1","0.61165205657297417","0.67627812638419871","Pruned"
"SOH","0","0.55000000000000004","0.29999999999999999","0.14999999999999999","1","0.6237123858678908","0.65058801529207355","Pruned"
"SOH","0","0.55000000000000004","0.34999999999999998","0.10000000000000001","1","0.63577271516280742","0.62489790419994851","Quantized"
"SOH","0","0.55000000000000004","0.40000000000000002","0.050000000000000003","1","0.64783304445772405","0.59920779310782346","Quantized"
"SOH","0","0.55000000000000004","0.45000000000000001","0","1","0.65989337375264068","0.5735176820156983","Quantized"
"SOH","0","0.59999999999999998","0","0.40000000000000002","1","0.5505900826081882","0.76108552814067298","Pruned"
"SOH","0","0.59999999999999998","0.050000000000000003","0.34999999999999998","1","0.56265041190310483","0.73539541704854772","Pruned"
"SOH","0","0.59999999999999998","0.10000000000000001","0.29999999999999999","1","0.57471074119802146","0.70970530595642267","Pruned"
"SOH","0","0.59999999999999998","0.14999999999999999","0.25","1","0.58677107049293808","0.68401519486429763","Pruned"
"SOH","0","0.59999999999999998","0.20000000000000001","0.20000000000000001","1","0.59883139978785482","0.65832508377217258","Pruned"
"SOH","0","0.59999999999999998","0.25","0.14999999999999999","1","0.61089172908277145","0.63263497268004742","Pruned"
"SOH","0","0.59999999999999998","0.29999999999999999","0.10000000000000001","1","0.62295205837768808","0.60694486158792227","Quantized"
"SOH","0","0.59999999999999998","0.34999999999999998","0.050000000000000003","1","0.63501238767260482","0.58125475049579722","Quantized"
"SOH","0","0.59999999999999998","0.40000000000000002","0","1","0.64707271696752144","0.55556463940367207","Quantized"
"SOH","0","0.65000000000000002","0","0.34999999999999998","1","0.5498297551179856","0.7174423744365217","Pruned"
"SOH","0","0.65000000000000002","0.050000000000000003","0.29999999999999999","1","0.56189008441290222","0.69175226334439666","Pruned"
"SOH","0","0.65000000000000002","0.10000000000000001","0.25","1","0.57395041370781885","0.6660621522522715","Pruned"
"SOH","0","0.65000000000000002","0.14999999999999999","0.20000000000000001","1","0.58601074300273548","0.64037204116014634","Pruned"
"SOH","0","0.65000000000000002","0.20000000000000001","0.14999999999999999","1","0.59807107229765222","0.6146819300680213","Pruned"
"SOH","0","0.65000000000000002","0.25","0.10000000000000001","1","0.61013140159256884","0.58899181897589614","Quantized"
"SOH","0","0.65000000000000002","0.29999999999999999","0.050000000000000003","1","0.62219173088748547","0.56330170788377099","Quantized"
"SOH","0","0.65000000000000002","0.34999999999999998","0","1","0.63425206018240221","0.53761159679164594","Quantized"
"SOH","0","0.69999999999999996","0","0.29999999999999999","1","0.54906942762778288","0.67379922073237042","Pruned"
"SOH","0","0.69999999999999996","0.050000000000000003","0.25","1","0.56112975692269962","0.64810910964024526","Pruned"
"SOH","0","0.69999999999999996","0.10000000000000001","0.20000000000000001","1","0.57319008621761625","0.62241899854812011","Pruned"
"SOH","0","0.69999999999999996","0.14999999999999999","0.14999999999999999","1","0.58525041551253287","0.59672888745599506","Pruned"
"SOH","0","0.69999999999999996","0.20000000000000001","0.10000000000000001","1","0.5973107448074495","0.5710387763638699","Quantized"
"SOH","0","0.69999999999999996","0.25","0.050000000000000003","1","0.60937107410236613","0.54534866527174486","Quantized"
"SOH","0","0.69999999999999996","0.29999999999999999","0","1","0.62143140339728287","0.5196585541796197","Quantized"
"SOH","0","0.75","0","0.25","1","0.54830910013758039","0.63015606702821914","Pruned"
"SOH","0","0.75","0.050000000000000003","0.20000000000000001","1","0.56036942943249701","0.60446595593609409","Pruned"
"SOH","0","0.75","0.10000000000000001","0.14999999999999999","1","0.57242975872741364","0.57877584484396893","Pruned"
"SOH","0","0.75","0.14999999999999999","0.10000000000000001","1","0.58449008802233027","0.55308573375184378","Quantized"
"SOH","0","0.75","0.20000000000000001","0.050000000000000003","1","0.59655041731724701","0.52739562265971873","Quantized"
"SOH","0","0.75","0.25","0","1","0.60861074661216363","0.50170551156759358","Quantized"
"SOH","0","0.80000000000000004","0","0.20000000000000001","1","0.54754877264737767","0.58651291332406785","Pruned"
"SOH","0","0.80000000000000004","0.050000000000000003","0.14999999999999999","1","0.55960910194229441","0.56082280223194281","Pruned"
"SOH","0","0.80000000000000004","0.10000000000000001","0.10000000000000001","1","0.57166943123721103","0.53513269113981765","Quantized"
"SOH","0","0.80000000000000004","0.14999999999999999","0.050000000000000003","1","0.58372976053212766","0.50944258004769249","Quantized"
"SOH","0","0.80000000000000004","0.20000000000000001","0","1","0.59579008982704429","0.48375246895556745","Quantized"
"SOH","0","0.84999999999999998","0","0.14999999999999999","1","0.54678844515717495","0.54286975961991657","Quantized"
"SOH","0","0.84999999999999998","0.050000000000000003","0.10000000000000001","1","0.55884877445209169","0.51717964852779141","Quantized"
"SOH","0","0.84999999999999998","0.10000000000000001","0.050000000000000003","1","0.57090910374700832","0.49148953743566631","Quantized"
"SOH","0","0.84999999999999998","0.14999999999999999","0","1","0.58296943304192494","0.46579942634354121","Quantized"
"SOH","0","0.90000000000000002","0","0.10000000000000001","1","0.54602811766697246","0.49922660591576529","Quantized"
"SOH","0","0.90000000000000002","0.050000000000000003","0.050000000000000003","1","0.55808844696188908","0.47353649482364019","Quantized"
"SOH","0","0.90000000000000002","0.10000000000000001","0","1","0.57014877625680582","0.44784638373151509","Quantized"
"SOH","0","0.94999999999999996","0","0.050000000000000003","1","0.54526779017676974","0.45558345221161395","Quantized"
"SOH","0","0.94999999999999996","0.050000000000000003","0","1","0.55732811947168637","0.42989334111948885","Quantized"
"SOH","0","1","0","0","1","0.54450746268656713","0.41194029850746267","Quantized"
"SOH","0.050000000000000003","0","0","0.94999999999999996","1","0.61721615401553309","1.3032979122763813","Pruned"
"SOH","0.050000000000000003","0","0.050000000000000003","0.90000000000000002","1","0.62927648331044972","1.277607801184256","Pruned"
"SOH","0.050000000000000003","0","0.10000000000000001","0.84999999999999998","1","0.64133681260536646","1.2519176900921309","Pruned"
"SOH","0.050000000000000003","0","0.14999999999999999","0.80000000000000004","1","0.65339714190028308","1.2262275790000059","Pruned"
"SOH","0.050000000000000003","0","0.20000000000000001","0.75","1","0.66545747119519971","1.2005374679078806","Pruned"
"SOH","0.050000000000000003","0","0.25","0.69999999999999996","1","0.67751780049011634","1.1748473568157556","Pruned"
"SOH","0.050000000000000003","0","0.29999999999999999","0.65000000000000002","1","0.68957812978503308","1.1491572457236305","Pruned"
"SOH","0.050000000000000003","0","0.34999999999999998","0.59999999999999998","1","0.70163845907994971","1.1234671346315053","Pruned"
"SOH","0.050000000000000003","0","0.40000000000000002","0.55000000000000004","1","0.71369878837486644","1.0977770235393804","Pruned"
"SOH","0.050000000000000003","0","0.45000000000000001","0.5","1","0.72575911766978307","1.0720869124472552","Pruned"
"SOH","0.050000000000000003","0","0.5","0.45000000000000001","1","0.7378194469646997","1.0463968013551301","Pruned"
"SOH","0.050000000000000003","0","0.55000000000000004","0.40000000000000002","1","0.74987977625961633","1.0207066902630051","Pruned"
"SOH","0.050000000000000003","0","0.59999999999999998","0.34999999999999998","1","0.76194010555453295","0.99501657917087982","Pruned"
"SOH","0.050000000000000003","0","0.65000000000000002","0.29999999999999999","1","0.77400043484944969","0.96932646807875478","Pruned"
"SOH","0.050000000000000003","0","0.69999999999999996","0.25","1","0.78606076414436632","0.94363635698662962","Pruned"
"SOH","0.050000000000000003","0","0.75","0.20000000000000001","1","0.79812109343928295","0.91794624589450458","Pruned"
"SOH","0.050000000000000003","0","0.80000000000000004","0.14999999999999999","1","0.81018142273419969","0.89225613480237942","Pruned"
"SOH","0.050000000000000003","0","0.84999999999999998","0.10000000000000001","1","0.8222417520291162","0.86656602371025437","Pruned"
"SOH","0.050000000000000003","0","0.90000000000000002","0.050000000000000003","1","0.83430208132403294","0.84087591261812922","Pruned"
"SOH","0.050000000000000003","0","0.94999999999999996","0","1","0.84636241061894957","0.81518580152600417","Quantized"
"SOH","0.050000000000000003","0.050000000000000003","0","0.90000000000000002","1","0.61645582652533049","1.25965475857223","Pruned"
"SOH","0.050000000000000003","0.050000000000000003","0.050000000000000003","0.84999999999999998","1","0.62851615582024711","1.2339646474801047","Pruned"
"SOH","0.050000000000000003","0.050000000000000003","0.10000000000000001","0.80000000000000004","1","0.64057648511516385","1.2082745363879797","Pruned"
"SOH","0.050000000000000003","0.050000000000000003","0.14999999999999999","0.75","1","0.65263681441008048","1.1825844252958544","Pruned"
"SOH","0.050000000000000003","0.050000000000000003","0.20000000000000001","0.69999999999999996","1","0.66469714370499711","1.1568943142037293","Pruned"
"SOH","0.050000000000000003","0.050000000000000003","0.25","0.65000000000000002","1","0.67675747299991373","1.1312042031116043","Pruned"
"SOH","0.050000000000000003","0.050000000000000003","0.29999999999999999","0.59999999999999998","1","0.68881780229483036","1.1055140920194793","Pruned"
"SOH","0.050000000000000003","0.050000000000000003","0.34999999999999998","0.55000000000000004","1","0.7008781315897471","1.0798239809273542","Pruned"
"SOH","0.050000000000000003","0.050000000000000003","0.40000000000000002","0.5","1","0.71293846088466373","1.0541338698352289","Pruned"
"SOH","0.050000000000000003","0.050000000000000003","0.45000000000000001","0.45000000000000001","1","0.72499879017958035","1.0284437587431039","Pruned"
"SOH","0.050000000000000003","0.050000000000000003","0.5","0.40000000000000002","1","0.73705911947449709","1.0027536476509789","Pruned"
"SOH","0.050000000000000003","0.050000000000000003","0.55000000000000004","0.34999999999999998","1","0.74911944876941372","0.97706353655885381","Pruned"
"SOH","0.050000000000000003","0.050000000000000003","0.59999999999999998","0.29999999999999999","1","0.76117977806433035","0.95137342546672854","Pruned"
"SOH","0.050000000000000003","0.050000000000000003","0.65000000000000002","0.25","1","0.77324010735924709","0.92568331437460349","Pruned"
"SOH","0.050000000000000003","0.050000000000000003","0.69999999999999996","0.20000000000000001","1","0.78530043665416371","0.89999320328247834","Pruned"
"SOH","0.050000000000000003","0.050000000000000003","0.75","0.14999999999999999","1","0.79736076594908034","0.87430309219035329","Pruned"
"SOH","0.050000000000000003","0.050000000000000003","0.80000000000000004","0.10000000000000001","1","0.80942109524399708","0.84861298109822814","Pruned"
"SOH","0.050000000000000003","0.050000000000000003","0.84999999999999998","0.050000000000000003","1","0.8214814245389136","0.82292287000610309","Pruned"
"SOH","0.050000000000000003","0.050000000000000003","0.90000000000000002","0","1","0.83354175383383033","0.79723275891397793","Quantized"
"SOH","0.050000000000000003","0.10000000000000001","0","0.84999999999999998","1","0.61569549903512777","1.2160116048680787","Pruned"
"SOH","0.050000000000000003","0.10000000000000001","0.050000000000000003","0.80000000000000004","1","0.62775582833004451","1.1903214937759534","Pruned"
"SOH","0.050000000000000003","0.10000000000000001","0.10000000000000001","0.75","1","0.63981615762496113","1.1646313826838282","Pruned"
"SOH","0.050000000000000003","0.10000000000000001","0.14999999999999999","0.69999999999999996","1","0.65187648691987787","1.1389412715917031","Pruned"
"SOH","0.050000000000000003","0.10000000000000001","0.20000000000000001","0.65000000000000002","1","0.6639368162147945","1.1132511604995781","Pruned"
"SOH","0.050000000000000003","0.10000000000000001","0.25","0.59999999999999998","1","0.67599714550971113","1.087561049407453","Pruned"
"SOH","0.050000000000000003","0.10000000000000001","0.29999999999999999","0.55000000000000004","1","0.68805747480462776","1.061870938315328","Pruned"
"SOH","0.050000000000000003","0.10000000000000001","0.34999999999999998","0.5","1","0.70011780409954438","1.0361808272232027","Pruned"
"SOH","0.050000000000000003","0.10000000000000001","0.40000000000000002","0.45000000000000001","1","0.71217813339446112","1.0104907161310777","Pruned"
"SOH","0.050000000000000003","0.10000000000000001","0.45000000000000001","0.40000000000000002","1","0.72423846268937775","0.98480060503895261","Pruned"
"SOH","0.050000000000000003","0.10000000000000001","0.5","0.34999999999999998","1","0.73629879198429449","0.95911049394682757","Pruned"
"SOH","0.050000000000000003","0.10000000000000001","0.55000000000000004","0.29999999999999999","1","0.74835912127921111","0.93342038285470252","Pruned"
"SOH","0.050000000000000003","0.10000000000000001","0.59999999999999998","0.25","1","0.76041945057412774","0.90773027176257726","Pruned"
"SOH","0.050000000000000003","0.10000000000000001","0.65000000000000002","0.20000000000000001","1","0.77247977986904437","0.88204016067045221","Pruned"
"SOH","0.050000000000000003","0.10000000000000001","0.69999999999999996","0.14999999999999999","1","0.784540109163961","0.85635004957832705","Pruned"
"SOH","0.050000000000000003","0.10000000000000001","0.75","0.10000000000000001","1","0.79660043845887762","0.83065993848620201","Pruned"
"SOH","0.050000000000000003","0.10000000000000001","0.80000000000000004","0.050000000000000003","1","0.80866076775379447","0.80496982739407685","Quantized"
"SOH","0.050000000000000003","0.10000000000000001","0.84999999999999998","0","1","0.82072109704871088","0.77927971630195181","Quantized"
"SOH","0.050000000000000003","0.14999999999999999","0","0.80000000000000004","1","0.61493517154492516","1.1723684511639272","Pruned"
"SOH","0.050000000000000003","0.14999999999999999","0.050000000000000003","0.75","1","0.6269955008398419","1.1466783400718021","Pruned"
"SOH","0.050000000000000003","0.14999999999999999","0.10000000000000001","0.69999999999999996","1","0.63905583013475853","1.1209882289796771","Pruned"
"SOH","0.050000000000000003","0.14999999999999999","0.14999999999999999","0.65000000000000002","1","0.65111615942967527","1.0952981178875518","Pruned"
"SOH","0.050000000000000003","0.14999999999999999","0.20000000000000001","0.59999999999999998","1","0.66317648872459189","1.069608006795427","Pruned"
"SOH","0.050000000000000003","0.14999999999999999","0.25","0.55000000000000004","1","0.67523681801950852","1.0439178957033017","Pruned"
"SOH","0.050000000000000003","0.14999999999999999","0.29999999999999999","0.5","1","0.68729714731442515","1.0182277846111767","Pruned"
"SOH","0.050000000000000003","0.14999999999999999","0.34999999999999998","0.45000000000000001","1","0.69935747660934178","0.99253767351905153","Pruned"
"SOH","0.050000000000000003","0.14999999999999999","0.40000000000000002","0.40000000000000002","1","0.71141780590425852","0.96684756242692638","Pruned"
"SOH","0.050000000000000003","0.14999999999999999","0.45000000000000001","0.34999999999999998","1","0.72347813519917514","0.94115745133480133","Pruned"
"SOH","0.050000000000000003","0.14999999999999999","0.5","0.29999999999999999","1","0.73553846449409188","0.91546734024267629","Pruned"
"SOH","0.050000000000000003","0.14999999999999999","0.55000000000000004","0.25","1","0.74759879378900851","0.88977722915055124","Pruned"
"SOH","0.050000000000000003","0.14999999999999999","0.59999999999999998","0.20000000000000001","1","0.75965912308392514","0.86408711805842597","Pruned"
"SOH","0.050000000000000003","0.14999999999999999","0.65000000000000002","0.14999999999999999","1","0.77171945237884176","0.83839700696630093","Pruned"
"SOH","0.050000000000000003","0.14999999999999999","0.69999999999999996","0.10000000000000001","1","0.78377978167375839","0.81270689587417577","Pruned"
"SOH","0.050000000000000003","0.14999999999999999","0.75","0.050000000000000003","1","0.79584011096867502","0.78701678478205073","Quantized"
"SOH","0.050000000000000003","0.14999999999999999","0.80000000000000004","0","1","0.80790044026359187","0.76132667368992557","Quantized"
"SOH","0.050000000000000003","0.20000000000000001","0","0.75","1","0.61417484405472256","1.1287252974597759","Pruned"
"SOH","0.050000000000000003","0.20000000000000001","0.050000000000000003","0.69999999999999996","1","0.62623517334963918","1.1030351863676509","Pruned"
"SOH","0.050000000000000003","0.20000000000000001","0.10000000000000001","0.65000000000000002","1","0.63829550264455592","1.0773450752755258","Pruned"
"SOH","0.050000000000000003","0.20000000000000001","0.14999999999999999","0.59999999999999998","1","0.65035583193947255","1.0516549641834008","Pruned"
"SOH","0.050000000000000003","0.20000000000000001","0.20000000000000001","0.55000000000000004","1","0.66241616123438929","1.0259648530912757","Pruned"
"SOH","0.050000000000000003","0.20000000000000001","0.25","0.5","1","0.67447649052930592","1.0002747419991505","Pruned"
"SOH","0.050000000000000003","0.20000000000000001","0.29999999999999999","0.45000000000000001","1","0.68653681982422254","0.97458463090702541","Pruned"
"SOH","0.050000000000000003","0.20000000000000001","0.34999999999999998","0.40000000000000002","1","0.69859714911913917","0.94889451981490025","Pruned"
"SOH","0.050000000000000003","0.20000000000000001","0.40000000000000002","0.34999999999999998","1","0.71065747841405591","0.92320440872277509","Pruned"
"SOH","0.050000000000000003","0.20000000000000001","0.45000000000000001","0.29999999999999999","1","0.72271780770897254","0.89751429763065005","Pruned"
"SOH","0.050000000000000003","0.20000000000000001","0.5","0.25","1","0.73477813700388916","0.871824186538525","Pruned"
"SOH","0.050000000000000003","0.20000000000000001","0.55000000000000004","0.20000000000000001","1","0.7468384662988059","0.84613407544639996","Pruned"
"SOH","0.050000000000000003","0.20000000000000001","0.59999999999999998","0.14999999999999999","1","0.75889879559372253","0.82044396435427469","Pruned"
"SOH","0.050000000000000003","0.20000000000000001","0.65000000000000002","0.10000000000000001","1","0.77095912488863916","0.79475385326214965","Pruned"
"SOH","0.050000000000000003","0.20000000000000001","0.69999999999999996","0.050000000000000003","1","0.78301945418355579","0.76906374217002449","Quantized"
"SOH","0.050000000000000003","0.20000000000000001","0.75","0","1","0.79507978347847241","0.74337363107789944","Quantized"
"SOH","0.050000000000000003","0.25","0","0.69999999999999996","1","0.61341451656451995","1.0850821437556246","Pruned"
"SOH","0.050000000000000003","0.25","0.050000000000000003","0.65000000000000002","1","0.62547484585943658","1.0593920326634996","Pruned"
"SOH","0.050000000000000003","0.25","0.10000000000000001","0.59999999999999998","1","0.63753517515435321","1.0337019215713745","Pruned"
"SOH","0.050000000000000003","0.25","0.14999999999999999","0.55000000000000004","1","0.64959550444926994","1.0080118104792495","Pruned"
"SOH","0.050000000000000003","0.25","0.20000000000000001","0.5","1","0.66165583374418657","0.98232169938712433","Pruned"
"SOH","0.050000000000000003","0.25","0.25","0.45000000000000001","1","0.67371616303910331","0.95663158829499917","Pruned"
"SOH","0.050000000000000003","0.25","0.29999999999999999","0.40000000000000002","1","0.68577649233401994","0.93094147720287412","Pruned"
"SOH","0.050000000000000003","0.25","0.34999999999999998","0.34999999999999998","1","0.69783682162893657","0.90525136611074886","Pruned"
"SOH","0.050000000000000003","0.25","0.40000000000000002","0.29999999999999999","1","0.70989715092385319","0.87956125501862381","Pruned"
"SOH","0.050000000000000003","0.25","0.45000000000000001","0.25","1","0.72195748021876982","0.85387114392649877","Pruned"
"SOH","0.050000000000000003","0.25","0.5","0.20000000000000001","1","0.73401780951368656","0.82818103283437372","Pruned"
"SOH","0.050000000000000003","0.25","0.55000000000000004","0.14999999999999999","1","0.7460781388086033","0.80249092174224868","Pruned"
"SOH","0.050000000000000003","0.25","0.59999999999999998","0.10000000000000001","1","0.75813846810351992","0.77680081065012341","Pruned"
"SOH","0.050000000000000003","0.25","0.65000000000000002","0.050000000000000003","1","0.77019879739843655","0.75111069955799836","Quantized"
"SOH","0.050000000000000003","0.25","0.69999999999999996","0","1","0.78225912669335318","0.72542058846587321","Quantized"
"SOH","0.050000000000000003","0.29999999999999999","0","0.65000000000000002","1","0.61265418907431735","1.0414389900514736","Pruned"
"SOH","0.050000000000000003","0.29999999999999999","0.050000000000000003","0.59999999999999998","1","0.62471451836923397","1.0157488789593483","Pruned"
"SOH","0.050000000000000003","0.29999999999999999","0.10000000000000001","0.55000000000000004","1","0.6367748476641506","0.99005876786722335","Pruned"
"SOH","0.050000000000000003","0.29999999999999999","0.14999999999999999","0.5","1","0.64883517695906723","0.96436865677509809","Pruned"
"SOH","0.050000000000000003","0.29999999999999999","0.20000000000000001","0.45000000000000001","1","0.66089550625398397","0.93867854568297304","Pruned"
"SOH","0.050000000000000003","0.29999999999999999","0.25","0.40000000000000002","1","0.67295583554890059","0.91298843459084789","Pruned"
"SOH","0.050000000000000003","0.29999999999999999","0.29999999999999999","0.34999999999999998","1","0.68501616484381733","0.88729832349872273","Pruned"
"SOH","0.050000000000000003","0.29999999999999999","0.34999999999999998","0.29999999999999999","1","0.69707649413873396","0.86160821240659768","Pruned"
"SOH","0.050000000000000003","0.29999999999999999","0.40000000000000002","0.25","1","0.70913682343365059","0.83591810131447253","Pruned"
"SOH","0.050000000000000003","0.29999999999999999","0.45000000000000001","0.20000000000000001","1","0.72119715272856721","0.81022799022234748","Pruned"
"SOH","0.050000000000000003","0.29999999999999999","0.5","0.14999999999999999","1","0.73325748202348395","0.78453787913022244","Pruned"
"SOH","0.050000000000000003","0.29999999999999999","0.55000000000000004","0.10000000000000001","1","0.74531781131840058","0.75884776803809739","Pruned"
"SOH","0.050000000000000003","0.29999999999999999","0.59999999999999998","0.050000000000000003","1","0.75737814061331721","0.73315765694597212","Quantized"
"SOH","0.050000000000000003","0.29999999999999999","0.65000000000000002","0","1","0.76943846990823395","0.70746754585384708","Quantized"
"SOH","0.050000000000000003","0.34999999999999998","0","0.59999999999999998","1","0.61189386158411474","0.99779583634732216","Pruned"
"SOH","0.050000000000000003","0.34999999999999998","0.050000000000000003","0.55000000000000004","1","0.62395419087903137","0.97210572525519723","Pruned"
"SOH","0.050000000000000003","0.34999999999999998","0.10000000000000001","0.5","1","0.63601452017394799","0.94641561416307196","Pruned"
"SOH","0.050000000000000003","0.34999999999999998","0.14999999999999999","0.45000000000000001","1","0.64807484946886462","0.9207255030709468","Pruned"
"SOH","0.050000000000000003","0.34999999999999998","0.20000000000000001","0.40000000000000002","1","0.66013517876378136","0.89503539197882176","Pruned"
"SOH","0.050000000000000003","0.34999999999999998","0.25","0.34999999999999998","1","0.67219550805869799","0.8693452808866966","Pruned"
"SOH","0.050000000000000003","0.34999999999999998","0.29999999999999999","0.29999999999999999","1","0.68425583735361462","0.84365516979457156","Pruned"
"SOH","0.050000000000000003","0.34999999999999998","0.34999999999999998","0.25","1","0.69631616664853135","0.8179650587024464","Pruned"
"SOH","0.050000000000000003","0.34999999999999998","0.40000000000000002","0.20000000000000001","1","0.70837649594344798","0.79227494761032125","Pruned"
"SOH","0.050000000000000003","0.34999999999999998","0.45000000000000001","0.14999999999999999","1","0.72043682523836461","0.7665848365181962","Pruned"
"SOH","0.050000000000000003","0.34999999999999998","0.5","0.10000000000000001","1","0.73249715453328124","0.74089472542607115","Pruned"
"SOH","0.050000000000000003","0.34999999999999998","0.55000000000000004","0.050000000000000003","1","0.74455748382819797","0.71520461433394611","Quantized"
"SOH","0.050000000000000003","0.34999999999999998","0.59999999999999998","0","1","0.7566178131231146","0.68951450324182084","Quantized"
"SOH","0.050000000000000003","0.40000000000000002","0","0.55000000000000004","1","0.61113353409391213","0.95415268264317099","Pruned"
"SOH","0.050000000000000003","0.40000000000000002","0.050000000000000003","0.5","1","0.62319386338882876","0.92846257155104572","Pruned"
"SOH","0.050000000000000003","0.40000000000000002","0.10000000000000001","0.45000000000000001","1","0.63525419268374539","0.90277246045892068","Pruned"
"SOH","0.050000000000000003","0.40000000000000002","0.14999999999999999","0.40000000000000002","1","0.64731452197866202","0.87708234936679552","Pruned"
"SOH","0.050000000000000003","0.40000000000000002","0.20000000000000001","0.34999999999999998","1","0.65937485127357875","0.85139223827467037","Pruned"
"SOH","0.050000000000000003","0.40000000000000002","0.25","0.29999999999999999","1","0.67143518056849538","0.82570212718254532","Pruned"
"SOH","0.050000000000000003","0.40000000000000002","0.29999999999999999","0.25","1","0.68349550986341201","0.80001201609042027","Pruned"
"SOH","0.050000000000000003","0.40000000000000002","0.34999999999999998","0.20000000000000001","1","0.69555583915832875","0.77432190499829512","Pruned"
"SOH","0.050000000000000003","0.40000000000000002","0.40000000000000002","0.14999999999999999","1","0.70761616845324538","0.74863179390616996","Pruned"
"SOH","0.050000000000000003","0.40000000000000002","0.45000000000000001","0.10000000000000001","1","0.719676497748162","0.72294168281404492","Pruned"
"SOH","0.050000000000000003","0.40000000000000002","0.5","0.050000000000000003","1","0.73173682704307863","0.69725157172191987","Quantized"
"SOH","0.050000000000000003","0.40000000000000002","0.55000000000000004","0","1","0.74379715633799537","0.67156146062979483","Quantized"
"SOH","0.050000000000000003","0.45000000000000001","0","0.5","1","0.61037320660370953","0.9105095289390196","Pruned"
"SOH","0.050000000000000003","0.45000000000000001","0.050000000000000003","0.45000000000000001","1","0.62243353589862616","0.88481941784689444","Pruned"
"SOH","0.050000000000000003","0.45000000000000001","0.10000000000000001","0.40000000000000002","1","0.63449386519354278","0.8591293067547694","Pruned"
"SOH","0.050000000000000003","0.45000000000000001","0.14999999999999999","0.34999999999999998","1","0.64655419448845941","0.83343919566264413","Pruned"
"SOH","0.050000000000000003","0.45000000000000001","0.20000000000000001","0.29999999999999999","1","0.65861452378337615","0.80774908457051919","Pruned"
"SOH","0.050000000000000003","0.45000000000000001","0.25","0.25","1","0.67067485307829278","0.78205897347839404","Pruned"
"SOH","0.050000000000000003","0.45000000000000001","0.29999999999999999","0.20000000000000001","1","0.6827351823732094","0.75636886238626899","Pruned"
"SOH","0.050000000000000003","0.45000000000000001","0.34999999999999998","0.14999999999999999","1","0.69479551166812614","0.73067875129414384","Pruned"
"SOH","0.050000000000000003","0.45000000000000001","0.40000000000000002","0.10000000000000001","1","0.70685584096304277","0.70498864020201868","Quantized"
"SOH","0.050000000000000003","0.45000000000000001","0.45000000000000001","0.050000000000000003","1","0.7189161702579594","0.67929852910989363","Quantized"
"SOH","0.050000000000000003","0.45000000000000001","0.5","0","1","0.73097649955287602","0.65360841801776859","Quantized"
"SOH","0.050000000000000003","0.5","0","0.45000000000000001","1","0.60961287911350681","0.86686637523486831","Pruned"
"SOH","0.050000000000000003","0.5","0.050000000000000003","0.40000000000000002","1","0.62167320840842355","0.84117626414274316","Pruned"
"SOH","0.050000000000000003","0.5","0.10000000000000001","0.34999999999999998","1","0.63373353770334018","0.81548615305061811","Pruned"
"SOH","0.050000000000000003","0.5","0.14999999999999999","0.29999999999999999","1","0.6457938669982568","0.78979604195849296","Pruned"
"SOH","0.050000000000000003","0.5","0.20000000000000001","0.25","1","0.65785419629317343","0.76410593086636791","Pruned"
"SOH","0.050000000000000003","0.5","0.25","0.20000000000000001","1","0.66991452558809006","0.73841581977424275","Pruned"
"SOH","0.050000000000000003","0.5","0.29999999999999999","0.14999999999999999","1","0.6819748548830068","0.71272570868211771","Pruned"
"SOH","0.050000000000000003","0.5","0.34999999999999998","0.10000000000000001","1","0.69403518417792343","0.68703559758999255","Quantized"
"SOH","0.050000000000000003","0.5","0.40000000000000002","0.050000000000000003","1","0.70609551347284016","0.6613454864978674","Quantized"
"SOH","0.050000000000000003","0.5","0.45000000000000001","0","1","0.71815584276775679","0.63565537540574235","Quantized"
"SOH","0.050000000000000003","0.55000000000000004","0","0.40000000000000002","1","0.60885255162330421","0.82322322153071703","Pruned"
"SOH","0.050000000000000003","0.55000000000000004","0.050000000000000003","0.34999999999999998","1","0.62091288091822094","0.79753311043859187","Pruned"
"SOH","0.050000000000000003","0.55000000000000004","0.10000000000000001","0.29999999999999999","1","0.63297321021313757","0.77184299934646683","Pruned"
"SOH","0.050000000000000003","0.55000000000000004","0.14999999999999999","0.25","1","0.6450335395080542","0.74615288825434167","Pruned"
"SOH","0.050000000000000003","0.55000000000000004","0.20000000000000001","0.20000000000000001","1","0.65709386880297083","0.72046277716221663","Pruned"
"SOH","0.050000000000000003","0.55000000000000004","0.25","0.14999999999999999","1","0.66915419809788745","0.69477266607009147","Pruned"
"SOH","0.050000000000000003","0.55000000000000004","0.29999999999999999","0.10000000000000001","1","0.68121452739280419","0.66908255497796643","Quantized"
"SOH","0.050000000000000003","0.55000000000000004","0.34999999999999998","0.050000000000000003","1","0.69327485668772082","0.64339244388584127","Quantized"
"SOH","0.050000000000000003","0.55000000000000004","0.40000000000000002","0","1","0.70533518598263756","0.61770233279371611","Quantized"
"SOH","0.050000000000000003","0.59999999999999998","0","0.34999999999999998","1","0.60809222413310149","0.77958006782656564","Pruned"
"SOH","0.050000000000000003","0.59999999999999998","0.050000000000000003","0.29999999999999999","1","0.62015255342801823","0.75388995673444059","Pruned"
"SOH","0.050000000000000003","0.59999999999999998","0.10000000000000001","0.25","1","0.63221288272293485","0.72819984564231555","Pruned"
"SOH","0.050000000000000003","0.59999999999999998","0.14999999999999999","0.20000000000000001","1","0.64427321201785148","0.70250973455019039","Pruned"
"SOH","0.050000000000000003","0.59999999999999998","0.20000000000000001","0.14999999999999999","1","0.65633354131276822","0.67681962345806534","Pruned"
"SOH","0.050000000000000003","0.59999999999999998","0.25","0.10000000000000001","1","0.66839387060768485","0.65112951236594019","Quantized"
"SOH","0.050000000000000003","0.59999999999999998","0.29999999999999999","0.050000000000000003","1","0.68045419990260148","0.62543940127381514","Quantized"
"SOH","0.050000000000000003","0.59999999999999998","0.34999999999999998","0","1","0.6925145291975181","0.59974929018168999","Quantized"
"SOH","0.050000000000000003","0.65000000000000002","0","0.29999999999999999","1","0.60733189664289888","0.73593691412241447","Pruned"
"SOH","0.050000000000000003","0.65000000000000002","0.050000000000000003","0.25","1","0.61939222593781562","0.71024680303028931","Pruned"
"SOH","0.050000000000000003","0.65000000000000002","0.10000000000000001","0.20000000000000001","1","0.63145255523273225","0.68455669193816426","Pruned"
"SOH","0.050000000000000003","0.65000000000000002","0.14999999999999999","0.14999999999999999","1","0.64351288452764888","0.65886658084603911","Pruned"
"SOH","0.050000000000000003","0.65000000000000002","0.20000000000000001","0.10000000000000001","1","0.65557321382256561","0.63317646975391406","Quantized"
"SOH","0.050000000000000003","0.65000000000000002","0.25","0.050000000000000003","1","0.66763354311748224","0.60748635866178891","Quantized"
"SOH","0.050000000000000003","0.65000000000000002","0.29999999999999999","0","1","0.67969387241239887","0.58179624756966386","Quantized"
"SOH","0.050000000000000003","0.69999999999999996","0","0.25","1","0.60657156915269628","0.69229376041826307","Pruned"
"SOH","0.050000000000000003","0.69999999999999996","0.050000000000000003","0.20000000000000001","1","0.6186318984476129","0.66660364932613803","Pruned"
"SOH","0.050000000000000003","0.69999999999999996","0.10000000000000001","0.14999999999999999","1","0.63069222774252964","0.64091353823401298","Pruned"
"SOH","0.050000000000000003","0.69999999999999996","0.14999999999999999","0.10000000000000001","1","0.64275255703744627","0.61522342714188782","Quantized"
"SOH","0.050000000000000003","0.69999999999999996","0.20000000000000001","0.050000000000000003","1","0.6548128863323629","0.58953331604976267","Quantized"
"SOH","0.050000000000000003","0.69999999999999996","0.25","0","1","0.66687321562727964","0.56384320495763762","Quantized"
"SOH","0.050000000000000003","0.75","0","0.20000000000000001","1","0.60581124166249367","0.6486506067141119","Pruned"
"SOH","0.050000000000000003","0.75","0.050000000000000003","0.14999999999999999","1","0.61787157095741041","0.62296049562198674","Pruned"
"SOH","0.050000000000000003","0.75","0.10000000000000001","0.10000000000000001","1","0.62993190025232704","0.5972703845298617","Quantized"
"SOH","0.050000000000000003","0.75","0.14999999999999999","0.050000000000000003","1","0.64199222954724366","0.57158027343773654","Quantized"
"SOH","0.050000000000000003","0.75","0.20000000000000001","0","1","0.6540525588421604","0.5458901623456115","Quantized"
"SOH","0.050000000000000003","0.80000000000000004","0","0.14999999999999999","1","0.60505091417229107","0.60500745300996062","Quantized"
"SOH","0.050000000000000003","0.80000000000000004","0.050000000000000003","0.10000000000000001","1","0.61711124346720769","0.57931734191783546","Quantized"
"SOH","0.050000000000000003","0.80000000000000004","0.10000000000000001","0.050000000000000003","1","0.62917157276212443","0.55362723082571041","Quantized"
"SOH","0.050000000000000003","0.80000000000000004","0.14999999999999999","0","1","0.64123190205704106","0.52793711973358526","Quantized"
"SOH","0.050000000000000003","0.84999999999999998","0","0.10000000000000001","1","0.60429058668208846","0.56136429930580922","Quantized"
"SOH","0.050000000000000003","0.84999999999999998","0.050000000000000003","0.050000000000000003","1","0.61635091597700509","0.53567418821368418","Quantized"
"SOH","0.050000000000000003","0.84999999999999998","0.10000000000000001","0","1","0.62841124527192183","0.50998407712155902","Quantized"
"SOH","0.050000000000000003","0.90000000000000002","0","0.050000000000000003","1","0.60353025919188585","0.51772114560165805","Quantized"
"SOH","0.050000000000000003","0.90000000000000002","0.050000000000000003","0","1","0.61559058848680248","0.49203103450953295","Quantized"
"SOH","0.050000000000000003","0.94999999999999996","0","0","1","0.60276993170168314","0.47407799189750671","Quantized"
"SOH","0.10000000000000001","0","0","0.90000000000000002","1","0.67471829554044649","1.3217924519622739","Pruned"
"SOH","0.10000000000000001","0","0.050000000000000003","0.84999999999999998","1","0.68677862483536312","1.2961023408701489","Pruned"
"SOH","0.10000000000000001","0","0.10000000000000001","0.80000000000000004","1","0.69883895413027974","1.2704122297780236","Pruned"
"SOH","0.10000000000000001","0","0.14999999999999999","0.75","1","0.71089928342519648","1.2447221186858985","Pruned"
"SOH","0.10000000000000001","0","0.20000000000000001","0.69999999999999996","1","0.72295961272011311","1.2190320075937735","Pruned"
"SOH","0.10000000000000001","0","0.25","0.65000000000000002","1","0.73501994201502985","1.1933418965016485","Pruned"
"SOH","0.10000000000000001","0","0.29999999999999999","0.59999999999999998","1","0.74708027130994648","1.1676517854095234","Pruned"
"SOH","0.10000000000000001","0","0.34999999999999998","0.55000000000000004","1","0.7591406006048631","1.1419616743173981","Pruned"
"SOH","0.10000000000000001","0","0.40000000000000002","0.5","1","0.77120092989977973","1.1162715632252731","Pruned"
"SOH","0.10000000000000001","0","0.45000000000000001","0.45000000000000001","1","0.78326125919469636","1.0905814521331481","Pruned"
"SOH","0.10000000000000001","0","0.5","0.40000000000000002","1","0.7953215884896131","1.0648913410410228","Pruned"
"SOH","0.10000000000000001","0","0.55000000000000004","0.34999999999999998","1","0.80738191778452983","1.0392012299488977","Pruned"
"SOH","0.10000000000000001","0","0.59999999999999998","0.29999999999999999","1","0.81944224707944646","1.0135111188567727","Pruned"
"SOH","0.10000000000000001","0","0.65000000000000002","0.25","1","0.83150257637436309","0.98782100776464754","Pruned"
"SOH","0.10000000000000001","0","0.69999999999999996","0.20000000000000001","1","0.84356290566927972","0.96213089667252238","Pruned"
"SOH","0.10000000000000001","0","0.75","0.14999999999999999","1","0.85562323496419634","0.93644078558039734","Pruned"
"SOH","0.10000000000000001","0","0.80000000000000004","0.10000000000000001","1","0.86768356425911308","0.91075067448827218","Pruned"
"SOH","0.10000000000000001","0","0.84999999999999998","0.050000000000000003","1","0.8797438935540296","0.88506056339614714","Pruned"
"SOH","0.10000000000000001","0","0.90000000000000002","0","1","0.89180422284894634","0.85937045230402198","Quantized"
"SOH","0.10000000000000001","0.050000000000000003","0","0.84999999999999998","1","0.67395796805024388","1.2781492982581226","Pruned"
"SOH","0.10000000000000001","0.050000000000000003","0.050000000000000003","0.80000000000000004","1","0.68601829734516051","1.2524591871659976","Pruned"
"SOH","0.10000000000000001","0.050000000000000003","0.10000000000000001","0.75","1","0.69807862664007714","1.2267690760738723","Pruned"
"SOH","0.10000000000000001","0.050000000000000003","0.14999999999999999","0.69999999999999996","1","0.71013895593499377","1.2010789649817473","Pruned"
"SOH","0.10000000000000001","0.050000000000000003","0.20000000000000001","0.65000000000000002","1","0.7221992852299105","1.1753888538896222","Pruned"
"SOH","0.10000000000000001","0.050000000000000003","0.25","0.59999999999999998","1","0.73425961452482713","1.1496987427974972","Pruned"
"SOH","0.10000000000000001","0.050000000000000003","0.29999999999999999","0.55000000000000004","1","0.74631994381974387","1.1240086317053721","Pruned"
"SOH","0.10000000000000001","0.050000000000000003","0.34999999999999998","0.5","1","0.7583802731146605","1.0983185206132469","Pruned"
"SOH","0.10000000000000001","0.050000000000000003","0.40000000000000002","0.45000000000000001","1","0.77044060240957712","1.0726284095211218","Pruned"
"SOH","0.10000000000000001","0.050000000000000003","0.45000000000000001","0.40000000000000002","1","0.78250093170449375","1.0469382984289965","Pruned"
"SOH","0.10000000000000001","0.050000000000000003","0.5","0.34999999999999998","1","0.79456126099941049","1.0212481873368715","Pruned"
"SOH","0.10000000000000001","0.050000000000000003","0.55000000000000004","0.29999999999999999","1","0.80662159029432712","0.99555807624474657","Pruned"
"SOH","0.10000000000000001","0.050000000000000003","0.59999999999999998","0.25","1","0.81868191958924375","0.9698679651526213","Pruned"
"SOH","0.10000000000000001","0.050000000000000003","0.65000000000000002","0.20000000000000001","1","0.83074224888416048","0.94417785406049626","Pruned"
"SOH","0.10000000000000001","0.050000000000000003","0.69999999999999996","0.14999999999999999","1","0.84280257817907711","0.9184877429683711","Pruned"
"SOH","0.10000000000000001","0.050000000000000003","0.75","0.10000000000000001","1","0.85486290747399374","0.89279763187624606","Pruned"
"SOH","0.10000000000000001","0.050000000000000003","0.80000000000000004","0.050000000000000003","1","0.86692323676891048","0.8671075207841209","Pruned"
"SOH","0.10000000000000001","0.050000000000000003","0.84999999999999998","0","1","0.87898356606382699","0.84141740969199585","Quantized"
"SOH","0.10000000000000001","0.10000000000000001","0","0.80000000000000004","1","0.67319764056004128","1.2345061445539713","Pruned"
"SOH","0.10000000000000001","0.10000000000000001","0.050000000000000003","0.75","1","0.6852579698549579","1.2088160334618461","Pruned"
"SOH","0.10000000000000001","0.10000000000000001","0.10000000000000001","0.69999999999999996","1","0.69731829914987453","1.183125922369721","Pruned"
"SOH","0.10000000000000001","0.10000000000000001","0.14999999999999999","0.65000000000000002","1","0.70937862844479116","1.157435811277596","Pruned"
"SOH","0.10000000000000001","0.10000000000000001","0.20000000000000001","0.59999999999999998","1","0.7214389577397079","1.1317457001854709","Pruned"
"SOH","0.10000000000000001","0.10000000000000001","0.25","0.55000000000000004","1","0.73349928703462453","1.1060555890933459","Pruned"
"SOH","0.10000000000000001","0.10000000000000001","0.29999999999999999","0.5","1","0.74555961632954115","1.0803654780012208","Pruned"
"SOH","0.10000000000000001","0.10000000000000001","0.34999999999999998","0.45000000000000001","1","0.75761994562445789","1.0546753669090956","Pruned"
"SOH","0.10000000000000001","0.10000000000000001","0.40000000000000002","0.40000000000000002","1","0.76968027491937452","1.0289852558169705","Pruned"
"SOH","0.10000000000000001","0.10000000000000001","0.45000000000000001","0.34999999999999998","1","0.78174060421429115","1.0032951447248453","Pruned"
"SOH","0.10000000000000001","0.10000000000000001","0.5","0.29999999999999999","1","0.79380093350920777","0.97760503363272033","Pruned"
"SOH","0.10000000000000001","0.10000000000000001","0.55000000000000004","0.25","1","0.80586126280412451","0.95191492254059529","Pruned"
"SOH","0.10000000000000001","0.10000000000000001","0.59999999999999998","0.20000000000000001","1","0.81792159209904114","0.92622481144847002","Pruned"
"SOH","0.10000000000000001","0.10000000000000001","0.65000000000000002","0.14999999999999999","1","0.82998192139395788","0.90053470035634497","Pruned"
"SOH","0.10000000000000001","0.10000000000000001","0.69999999999999996","0.10000000000000001","1","0.84204225068887451","0.87484458926421982","Pruned"
"SOH","0.10000000000000001","0.10000000000000001","0.75","0.050000000000000003","1","0.85410257998379113","0.84915447817209477","Quantized"
"SOH","0.10000000000000001","0.10000000000000001","0.80000000000000004","0","1","0.86616290927870776","0.82346436707996962","Quantized"
"SOH","0.10000000000000001","0.14999999999999999","0","0.75","1","0.67243731306983867","1.1908629908498201","Pruned"
"SOH","0.10000000000000001","0.14999999999999999","0.050000000000000003","0.69999999999999996","1","0.6844976423647553","1.1651728797576948","Pruned"
"SOH","0.10000000000000001","0.14999999999999999","0.10000000000000001","0.65000000000000002","1","0.69655797165967193","1.13948276866557","Pruned"
"SOH","0.10000000000000001","0.14999999999999999","0.14999999999999999","0.59999999999999998","1","0.70861830095458855","1.1137926575734447","Pruned"
"SOH","0.10000000000000001","0.14999999999999999","0.20000000000000001","0.55000000000000004","1","0.72067863024950529","1.0881025464813199","Pruned"
"SOH","0.10000000000000001","0.14999999999999999","0.25","0.5","1","0.73273895954442192","1.0624124353891946","Pruned"
"SOH","0.10000000000000001","0.14999999999999999","0.29999999999999999","0.45000000000000001","1","0.74479928883933855","1.0367223242970693","Pruned"
"SOH","0.10000000000000001","0.14999999999999999","0.34999999999999998","0.40000000000000002","1","0.75685961813425529","1.0110322132049443","Pruned"
"SOH","0.10000000000000001","0.14999999999999999","0.40000000000000002","0.34999999999999998","1","0.76891994742917191","0.98534210211281925","Pruned"
"SOH","0.10000000000000001","0.14999999999999999","0.45000000000000001","0.29999999999999999","1","0.78098027672408854","0.9596519910206941","Pruned"
"SOH","0.10000000000000001","0.14999999999999999","0.5","0.25","1","0.79304060601900517","0.93396187992856905","Pruned"
"SOH","0.10000000000000001","0.14999999999999999","0.55000000000000004","0.20000000000000001","1","0.80510093531392191","0.908271768836444","Pruned"
"SOH","0.10000000000000001","0.14999999999999999","0.59999999999999998","0.14999999999999999","1","0.81716126460883853","0.88258165774431874","Pruned"
"SOH","0.10000000000000001","0.14999999999999999","0.65000000000000002","0.10000000000000001","1","0.82922159390375527","0.85689154665219369","Pruned"
"SOH","0.10000000000000001","0.14999999999999999","0.69999999999999996","0.050000000000000003","1","0.8412819231986719","0.83120143556006854","Quantized"
"SOH","0.10000000000000001","0.14999999999999999","0.75","0","1","0.85334225249358853","0.80551132446794349","Quantized"
"SOH","0.10000000000000001","0.20000000000000001","0","0.69999999999999996","1","0.67167698557963595","1.1472198371456688","Pruned"
"SOH","0.10000000000000001","0.20000000000000001","0.050000000000000003","0.65000000000000002","1","0.68373731487455269","1.1215297260535437","Pruned"
"SOH","0.10000000000000001","0.20000000000000001","0.10000000000000001","0.59999999999999998","1","0.69579764416946932","1.0958396149614185","Pruned"
"SOH","0.10000000000000001","0.20000000000000001","0.14999999999999999","0.55000000000000004","1","0.70785797346438595","1.0701495038692936","Pruned"
"SOH","0.10000000000000001","0.20000000000000001","0.20000000000000001","0.5","1","0.71991830275930258","1.0444593927771684","Pruned"
"SOH","0.10000000000000001","0.20000000000000001","0.25","0.45000000000000001","1","0.7319786320542192","1.0187692816850433","Pruned"
"SOH","0.10000000000000001","0.20000000000000001","0.29999999999999999","0.40000000000000002","1","0.74403896134913594","0.99307917059291817","Pruned"
"SOH","0.10000000000000001","0.20000000000000001","0.34999999999999998","0.34999999999999998","1","0.75609929064405257","0.96738905950079301","Pruned"
"SOH","0.10000000000000001","0.20000000000000001","0.40000000000000002","0.29999999999999999","1","0.76815961993896931","0.94169894840866797","Pruned"
"SOH","0.10000000000000001","0.20000000000000001","0.45000000000000001","0.25","1","0.78021994923388593","0.91600883731654281","Pruned"
"SOH","0.10000000000000001","0.20000000000000001","0.5","0.20000000000000001","1","0.79228027852880256","0.89031872622441777","Pruned"
"SOH","0.10000000000000001","0.20000000000000001","0.55000000000000004","0.14999999999999999","1","0.80434060782371919","0.86462861513229272","Pruned"
"SOH","0.10000000000000001","0.20000000000000001","0.59999999999999998","0.10000000000000001","1","0.81640093711863582","0.83893850404016745","Pruned"
"SOH","0.10000000000000001","0.20000000000000001","0.65000000000000002","0.050000000000000003","1","0.82846126641355256","0.81324839294804241","Quantized"
"SOH","0.10000000000000001","0.20000000000000001","0.69999999999999996","0","1","0.84052159570846918","0.78755828185591725","Quantized"
"SOH","0.10000000000000001","0.25","0","0.65000000000000002","1","0.67091665808943335","1.1035766834415175","Pruned"
"SOH","0.10000000000000001","0.25","0.050000000000000003","0.59999999999999998","1","0.68297698738435009","1.0778865723493924","Pruned"
"SOH","0.10000000000000001","0.25","0.10000000000000001","0.55000000000000004","1","0.69503731667926671","1.0521964612572674","Pruned"
"SOH","0.10000000000000001","0.25","0.14999999999999999","0.5","1","0.70709764597418334","1.0265063501651421","Pruned"
"SOH","0.10000000000000001","0.25","0.20000000000000001","0.45000000000000001","1","0.71915797526909997","1.0008162390730171","Pruned"
"SOH","0.10000000000000001","0.25","0.25","0.40000000000000002","1","0.7312183045640166","0.97512612798089193","Pruned"
"SOH","0.10000000000000001","0.25","0.29999999999999999","0.34999999999999998","1","0.74327863385893334","0.94943601688876678","Pruned"
"SOH","0.10000000000000001","0.25","0.34999999999999998","0.29999999999999999","1","0.75533896315384996","0.92374590579664173","Pruned"
"SOH","0.10000000000000001","0.25","0.40000000000000002","0.25","1","0.7673992924487667","0.89805579470451669","Pruned"
"SOH","0.10000000000000001","0.25","0.45000000000000001","0.20000000000000001","1","0.77945962174368333","0.87236568361239153","Pruned"
"SOH","0.10000000000000001","0.25","0.5","0.14999999999999999","1","0.79151995103859996","0.84667557252026637","Pruned"
"SOH","0.10000000000000001","0.25","0.55000000000000004","0.10000000000000001","1","0.80358028033351658","0.82098546142814133","Pruned"
"SOH","0.10000000000000001","0.25","0.59999999999999998","0.050000000000000003","1","0.81564060962843321","0.79529535033601617","Quantized"
"SOH","0.10000000000000001","0.25","0.65000000000000002","0","1","0.82770093892334995","0.76960523924389113","Quantized"
"SOH","0.10000000000000001","0.29999999999999999","0","0.59999999999999998","1","0.67015633059923074","1.0599335297373662","Pruned"
"SOH","0.10000000000000001","0.29999999999999999","0.050000000000000003","0.55000000000000004","1","0.68221665989414748","1.0342434186452412","Pruned"
"SOH","0.10000000000000001","0.29999999999999999","0.10000000000000001","0.5","1","0.69427698918906411","1.0085533075531159","Pruned"
"SOH","0.10000000000000001","0.29999999999999999","0.14999999999999999","0.45000000000000001","1","0.70633731848398074","0.98286319646099085","Pruned"
"SOH","0.10000000000000001","0.29999999999999999","0.20000000000000001","0.40000000000000002","1","0.71839764777889736","0.95717308536886581","Pruned"
"SOH","0.10000000000000001","0.29999999999999999","0.25","0.34999999999999998","1","0.73045797707381399","0.93148297427674054","Pruned"
"SOH","0.10000000000000001","0.29999999999999999","0.29999999999999999","0.29999999999999999","1","0.74251830636873073","0.90579286318461549","Pruned"
"SOH","0.10000000000000001","0.29999999999999999","0.34999999999999998","0.25","1","0.75457863566364736","0.88010275209249045","Pruned"
"SOH","0.10000000000000001","0.29999999999999999","0.40000000000000002","0.20000000000000001","1","0.7666389649585641","0.8544126410003654","Pruned"
"SOH","0.10000000000000001","0.29999999999999999","0.45000000000000001","0.14999999999999999","1","0.77869929425348072","0.82872252990824025","Pruned"
"SOH","0.10000000000000001","0.29999999999999999","0.5","0.10000000000000001","1","0.79075962354839735","0.80303241881611509","Pruned"
"SOH","0.10000000000000001","0.29999999999999999","0.55000000000000004","0.050000000000000003","1","0.80281995284331398","0.77734230772399004","Quantized"
"SOH","0.10000000000000001","0.29999999999999999","0.59999999999999998","0","1","0.8148802821382306","0.75165219663186489","Quantized"
"SOH","0.10000000000000001","0.34999999999999998","0","0.55000000000000004","1","0.66939600310902803","1.0162903760332149","Pruned"
"SOH","0.10000000000000001","0.34999999999999998","0.050000000000000003","0.5","1","0.68145633240394476","0.99060026494108988","Pruned"
"SOH","0.10000000000000001","0.34999999999999998","0.10000000000000001","0.45000000000000001","1","0.69351666169886139","0.96491015384896472","Pruned"
"SOH","0.10000000000000001","0.34999999999999998","0.14999999999999999","0.40000000000000002","1","0.70557699099377813","0.93922004275683957","Pruned"
"SOH","0.10000000000000001","0.34999999999999998","0.20000000000000001","0.34999999999999998","1","0.71763732028869476","0.91352993166471452","Pruned"
"SOH","0.10000000000000001","0.34999999999999998","0.25","0.29999999999999999","1","0.72969764958361139","0.88783982057258937","Pruned"
"SOH","0.10000000000000001","0.34999999999999998","0.29999999999999999","0.25","1","0.74175797887852801","0.86214970948046421","Pruned"
"SOH","0.10000000000000001","0.34999999999999998","0.34999999999999998","0.20000000000000001","1","0.75381830817344464","0.83645959838833916","Pruned"
"SOH","0.10000000000000001","0.34999999999999998","0.40000000000000002","0.14999999999999999","1","0.76587863746836138","0.81076948729621412","Pruned"
"SOH","0.10000000000000001","0.34999999999999998","0.45000000000000001","0.10000000000000001","1","0.77793896676327801","0.78507937620408896","Pruned"
"SOH","0.10000000000000001","0.34999999999999998","0.5","0.050000000000000003","1","0.78999929605819474","0.75938926511196381","Quantized"
"SOH","0.10000000000000001","0.34999999999999998","0.55000000000000004","0","1","0.80205962535311137","0.73369915401983876","Quantized"
"SOH","0.10000000000000001","0.40000000000000002","0","0.5","1","0.66863567561882542","0.97264722232906364","Pruned"
"SOH","0.10000000000000001","0.40000000000000002","0.050000000000000003","0.45000000000000001","1","0.68069600491374216","0.9469571112369386","Pruned"
"SOH","0.10000000000000001","0.40000000000000002","0.10000000000000001","0.40000000000000002","1","0.69275633420865879","0.92126700014481344","Pruned"
"SOH","0.10000000000000001","0.40000000000000002","0.14999999999999999","0.34999999999999998","1","0.70481666350357541","0.89557688905268829","Pruned"
"SOH","0.10000000000000001","0.40000000000000002","0.20000000000000001","0.29999999999999999","1","0.71687699279849215","0.86988677796056324","Pruned"
"SOH","0.10000000000000001","0.40000000000000002","0.25","0.25","1","0.72893732209340878","0.84419666686843808","Pruned"
"SOH","0.10000000000000001","0.40000000000000002","0.29999999999999999","0.20000000000000001","1","0.74099765138832541","0.81850655577631293","Pruned"
"SOH","0.10000000000000001","0.40000000000000002","0.34999999999999998","0.14999999999999999","1","0.75305798068324203","0.79281644468418788","Pruned"
"SOH","0.10000000000000001","0.40000000000000002","0.40000000000000002","0.10000000000000001","1","0.76511830997815877","0.76712633359206284","Pruned"
"SOH","0.10000000000000001","0.40000000000000002","0.45000000000000001","0.050000000000000003","1","0.7771786392730754","0.74143622249993768","Quantized"
"SOH","0.10000000000000001","0.40000000000000002","0.5","0","1","0.78923896856799214","0.71574611140781252","Quantized"
"SOH","0.10000000000000001","0.45000000000000001","0","0.45000000000000001","1","0.66787534812862281","0.92900406862491236","Pruned"
"SOH","0.10000000000000001","0.45000000000000001","0.050000000000000003","0.40000000000000002","1","0.67993567742353955","0.90331395753278731","Pruned"
"SOH","0.10000000000000001","0.45000000000000001","0.10000000000000001","0.34999999999999998","1","0.69199600671845618","0.87762384644066205","Pruned"
"SOH","0.10000000000000001","0.45000000000000001","0.14999999999999999","0.29999999999999999","1","0.70405633601337281","0.851933735348537","Pruned"
"SOH","0.10000000000000001","0.45000000000000001","0.20000000000000001","0.25","1","0.71611666530828955","0.82624362425641196","Pruned"
"SOH","0.10000000000000001","0.45000000000000001","0.25","0.20000000000000001","1","0.72817699460320617","0.8005535131642868","Pruned"
"SOH","0.10000000000000001","0.45000000000000001","0.29999999999999999","0.14999999999999999","1","0.7402373238981228","0.77486340207216164","Pruned"
"SOH","0.10000000000000001","0.45000000000000001","0.34999999999999998","0.10000000000000001","1","0.75229765319303943","0.7491732909800366","Quantized"
"SOH","0.10000000000000001","0.45000000000000001","0.40000000000000002","0.050000000000000003","1","0.76435798248795617","0.72348317988791155","Quantized"
"SOH","0.10000000000000001","0.45000000000000001","0.45000000000000001","0","1","0.77641831178287279","0.6977930687957864","Quantized"
"SOH","0.10000000000000001","0.5","0","0.40000000000000002","1","0.66711502063842021","0.88536091492076108","Pruned"
"SOH","0.10000000000000001","0.5","0.050000000000000003","0.34999999999999998","1","0.67917534993333684","0.85967080382863592","Pruned"
"SOH","0.10000000000000001","0.5","0.10000000000000001","0.29999999999999999","1","0.69123567922825357","0.83398069273651088","Pruned"
"SOH","0.10000000000000001","0.5","0.14999999999999999","0.25","1","0.7032960085231702","0.80829058164438572","Pruned"
"SOH","0.10000000000000001","0.5","0.20000000000000001","0.20000000000000001","1","0.71535633781808683","0.78260047055226067","Pruned"
"SOH","0.10000000000000001","0.5","0.25","0.14999999999999999","1","0.72741666711300357","0.75691035946013552","Pruned"
"SOH","0.10000000000000001","0.5","0.29999999999999999","0.10000000000000001","1","0.7394769964079202","0.73122024836801036","Quantized"
"SOH","0.10000000000000001","0.5","0.34999999999999998","0.050000000000000003","1","0.75153732570283682","0.70553013727588532","Quantized"
"SOH","0.10000000000000001","0.5","0.40000000000000002","0","1","0.76359765499775345","0.67984002618376027","Quantized"
"SOH","0.10000000000000001","0.55000000000000004","0","0.34999999999999998","1","0.6663546931482176","0.84171776121660979","Pruned"
"SOH","0.10000000000000001","0.55000000000000004","0.050000000000000003","0.29999999999999999","1","0.67841502244313423","0.81602765012448475","Pruned"
"SOH","0.10000000000000001","0.55000000000000004","0.10000000000000001","0.25","1","0.69047535173805097","0.79033753903235959","Pruned"
"SOH","0.10000000000000001","0.55000000000000004","0.14999999999999999","0.20000000000000001","1","0.7025356810329676","0.76464742794023444","Pruned"
"SOH","0.10000000000000001","0.55000000000000004","0.20000000000000001","0.14999999999999999","1","0.71459601032788422","0.73895731684810939","Pruned"
"SOH","0.10000000000000001","0.55000000000000004","0.25","0.10000000000000001","1","0.72665633962280096","0.71326720575598423","Quantized"
"SOH","0.10000000000000001","0.55000000000000004","0.29999999999999999","0.050000000000000003","1","0.73871666891771759","0.68757709466385908","Quantized"
"SOH","0.10000000000000001","0.55000000000000004","0.34999999999999998","0","1","0.75077699821263422","0.66188698357173403","Quantized"
"SOH","0.10000000000000001","0.59999999999999998","0","0.29999999999999999","1","0.665594365658015","0.79807460751245851","Pruned"
"SOH","0.10000000000000001","0.59999999999999998","0.050000000000000003","0.25","1","0.67765469495293162","0.77238449642033347","Pruned"
"SOH","0.10000000000000001","0.59999999999999998","0.10000000000000001","0.20000000000000001","1","0.68971502424784825","0.74669438532820831","Pruned"
"SOH","0.10000000000000001","0.59999999999999998","0.14999999999999999","0.14999999999999999","1","0.70177535354276488","0.72100427423608315","Pruned"
"SOH","0.10000000000000001","0.59999999999999998","0.20000000000000001","0.10000000000000001","1","0.71383568283768162","0.69531416314395811","Quantized"
"SOH","0.10000000000000001","0.59999999999999998","0.25","0.050000000000000003","1","0.72589601213259825","0.66962405205183295","Quantized"
"SOH","0.10000000000000001","0.59999999999999998","0.29999999999999999","0","1","0.73795634142751487","0.6439339409597078","Quantized"
"SOH","0.10000000000000001","0.65000000000000002","0","0.25","1","0.66483403816781239","0.75443145380830723","Pruned"
"SOH","0.10000000000000001","0.65000000000000002","0.050000000000000003","0.20000000000000001","1","0.67689436746272902","0.72874134271618218","Pruned"
"SOH","0.10000000000000001","0.65000000000000002","0.10000000000000001","0.14999999999999999","1","0.68895469675764576","0.70305123162405703","Pruned"
"SOH","0.10000000000000001","0.65000000000000002","0.14999999999999999","0.10000000000000001","1","0.70101502605256238","0.67736112053193187","Quantized"
"SOH","0.10000000000000001","0.65000000000000002","0.20000000000000001","0.050000000000000003","1","0.71307535534747901","0.65167100943980683","Quantized"
"SOH","0.10000000000000001","0.65000000000000002","0.25","0","1","0.72513568464239575","0.62598089834768167","Quantized"
"SOH","0.10000000000000001","0.69999999999999996","0","0.20000000000000001","1","0.66407371067760967","0.71078830010415595","Pruned"
"SOH","0.10000000000000001","0.69999999999999996","0.050000000000000003","0.14999999999999999","1","0.6761340399725263","0.6850981890120309","Pruned"
"SOH","0.10000000000000001","0.69999999999999996","0.10000000000000001","0.10000000000000001","1","0.68819436926744304","0.65940807791990574","Quantized"
"SOH","0.10000000000000001","0.69999999999999996","0.14999999999999999","0.050000000000000003","1","0.70025469856235967","0.63371796682778059","Quantized"
"SOH","0.10000000000000001","0.69999999999999996","0.20000000000000001","0","1","0.7123150278572763","0.60802785573565554","Quantized"
"SOH","0.10000000000000001","0.75","0","0.14999999999999999","1","0.66331338318740718","0.66714514640000466","Pruned"
"SOH","0.10000000000000001","0.75","0.050000000000000003","0.10000000000000001","1","0.67537371248232381","0.64145503530787951","Quantized"
"SOH","0.10000000000000001","0.75","0.10000000000000001","0.050000000000000003","1","0.68743404177724055","0.61576492421575446","Quantized"
"SOH","0.10000000000000001","0.75","0.14999999999999999","0","1","0.69949437107215717","0.5900748131236293","Quantized"
"SOH","0.10000000000000001","0.80000000000000004","0","0.10000000000000001","1","0.66255305569720446","0.62350199269585338","Quantized"
"SOH","0.10000000000000001","0.80000000000000004","0.050000000000000003","0.050000000000000003","1","0.67461338499212109","0.59781188160372822","Quantized"
"SOH","0.10000000000000001","0.80000000000000004","0.10000000000000001","0","1","0.68667371428703783","0.57212177051160318","Quantized"
"SOH","0.10000000000000001","0.84999999999999998","0","0.050000000000000003","1","0.66179272820700175","0.5798588389917021","Quantized"
"SOH","0.10000000000000001","0.84999999999999998","0.050000000000000003","0","1","0.67385305750191837","0.55416872789957694","Quantized"
"SOH","0.10000000000000001","0.90000000000000002","0","0","1","0.66103240071679925","0.53621568528755081","Quantized"
"SOH","0.14999999999999999","0","0","0.84999999999999998","1","0.73222043706535989","1.3402869916481668","Pruned"
"SOH","0.14999999999999999","0","0.050000000000000003","0.80000000000000004","1","0.74428076636027662","1.3145968805560415","Pruned"
"SOH","0.14999999999999999","0","0.10000000000000001","0.75","1","0.75634109565519325","1.2889067694639165","Pruned"
"SOH","0.14999999999999999","0","0.14999999999999999","0.69999999999999996","1","0.76840142495010988","1.2632166583717912","Pruned"
"SOH","0.14999999999999999","0","0.20000000000000001","0.65000000000000002","1","0.78046175424502651","1.2375265472796664","Pruned"
"SOH","0.14999999999999999","0","0.25","0.59999999999999998","1","0.79252208353994313","1.2118364361875411","Pruned"
"SOH","0.14999999999999999","0","0.29999999999999999","0.55000000000000004","1","0.80458241283485987","1.1861463250954163","Pruned"
"SOH","0.14999999999999999","0","0.34999999999999998","0.5","1","0.8166427421297765","1.160456214003291","Pruned"
"SOH","0.14999999999999999","0","0.40000000000000002","0.45000000000000001","1","0.82870307142469324","1.1347661029111658","Pruned"
"SOH","0.14999999999999999","0","0.45000000000000001","0.40000000000000002","1","0.84076340071960987","1.1090759918190407","Pruned"
"SOH","0.14999999999999999","0","0.5","0.34999999999999998","1","0.85282373001452649","1.0833858807269157","Pruned"
"SOH","0.14999999999999999","0","0.55000000000000004","0.29999999999999999","1","0.86488405930944312","1.0576957696347906","Pruned"
"SOH","0.14999999999999999","0","0.59999999999999998","0.25","1","0.87694438860435975","1.0320056585426653","Pruned"
"SOH","0.14999999999999999","0","0.65000000000000002","0.20000000000000001","1","0.88900471789927649","1.0063155474505403","Pruned"
"SOH","0.14999999999999999","0","0.69999999999999996","0.14999999999999999","1","0.90106504719419311","0.98062543635841515","Pruned"
"SOH","0.14999999999999999","0","0.75","0.10000000000000001","1","0.91312537648910974","0.9549353252662901","Pruned"
"SOH","0.14999999999999999","0","0.80000000000000004","0.050000000000000003","1","0.92518570578402648","0.92924521417416495","Pruned"
"SOH","0.14999999999999999","0","0.84999999999999998","0","1","0.937246035078943","0.9035551030820399","Quantized"
"SOH","0.14999999999999999","0.050000000000000003","0","0.80000000000000004","1","0.73146010957515728","1.2966438379440155","Pruned"
"SOH","0.14999999999999999","0.050000000000000003","0.050000000000000003","0.75","1","0.74352043887007402","1.2709537268518902","Pruned"
"SOH","0.14999999999999999","0.050000000000000003","0.10000000000000001","0.69999999999999996","1","0.75558076816499065","1.245263615759765","Pruned"
"SOH","0.14999999999999999","0.050000000000000003","0.14999999999999999","0.65000000000000002","1","0.76764109745990727","1.2195735046676401","Pruned"
"SOH","0.14999999999999999","0.050000000000000003","0.20000000000000001","0.59999999999999998","1","0.7797014267548239","1.1938833935755149","Pruned"
"SOH","0.14999999999999999","0.050000000000000003","0.25","0.55000000000000004","1","0.79176175604974053","1.16819328248339","Pruned"
"SOH","0.14999999999999999","0.050000000000000003","0.29999999999999999","0.5","1","0.80382208534465727","1.1425031713912648","Pruned"
"SOH","0.14999999999999999","0.050000000000000003","0.34999999999999998","0.45000000000000001","1","0.81588241463957389","1.1168130602991395","Pruned"
"SOH","0.14999999999999999","0.050000000000000003","0.40000000000000002","0.40000000000000002","1","0.82794274393449063","1.0911229492070145","Pruned"
"SOH","0.14999999999999999","0.050000000000000003","0.45000000000000001","0.34999999999999998","1","0.84000307322940726","1.0654328381148894","Pruned"
"SOH","0.14999999999999999","0.050000000000000003","0.5","0.29999999999999999","1","0.85206340252432389","1.0397427270227644","Pruned"
"SOH","0.14999999999999999","0.050000000000000003","0.55000000000000004","0.25","1","0.86412373181924051","1.0140526159306393","Pruned"
"SOH","0.14999999999999999","0.050000000000000003","0.59999999999999998","0.20000000000000001","1","0.87618406111415714","0.98836250483851407","Pruned"
"SOH","0.14999999999999999","0.050000000000000003","0.65000000000000002","0.14999999999999999","1","0.88824439040907388","0.96267239374638902","Pruned"
"SOH","0.14999999999999999","0.050000000000000003","0.69999999999999996","0.10000000000000001","1","0.90030471970399051","0.93698228265426386","Pruned"
"SOH","0.14999999999999999","0.050000000000000003","0.75","0.050000000000000003","1","0.91236504899890714","0.91129217156213882","Quantized"
"SOH","0.14999999999999999","0.050000000000000003","0.80000000000000004","0","1","0.92442537829382387","0.88560206047001366","Quantized"
"SOH","0.14999999999999999","0.10000000000000001","0","0.75","1","0.73069978208495456","1.253000684239864","Pruned"
"SOH","0.14999999999999999","0.10000000000000001","0.050000000000000003","0.69999999999999996","1","0.7427601113798713","1.2273105731477389","Pruned"
"SOH","0.14999999999999999","0.10000000000000001","0.10000000000000001","0.65000000000000002","1","0.75482044067478793","1.2016204620556139","Pruned"
"SOH","0.14999999999999999","0.10000000000000001","0.14999999999999999","0.59999999999999998","1","0.76688076996970467","1.1759303509634886","Pruned"
"SOH","0.14999999999999999","0.10000000000000001","0.20000000000000001","0.55000000000000004","1","0.7789410992646213","1.1502402398713638","Pruned"
"SOH","0.14999999999999999","0.10000000000000001","0.25","0.5","1","0.79100142855953792","1.1245501287792385","Pruned"
"SOH","0.14999999999999999","0.10000000000000001","0.29999999999999999","0.45000000000000001","1","0.80306175785445455","1.0988600176871135","Pruned"
"SOH","0.14999999999999999","0.10000000000000001","0.34999999999999998","0.40000000000000002","1","0.81512208714937118","1.0731699065949885","Pruned"
"SOH","0.14999999999999999","0.10000000000000001","0.40000000000000002","0.34999999999999998","1","0.82718241644428792","1.0474797955028632","Pruned"
"SOH","0.14999999999999999","0.10000000000000001","0.45000000000000001","0.29999999999999999","1","0.83924274573920454","1.0217896844107381","Pruned"
"SOH","0.14999999999999999","0.10000000000000001","0.5","0.25","1","0.85130307503412128","0.9960995733186131","Pruned"
"SOH","0.14999999999999999","0.10000000000000001","0.55000000000000004","0.20000000000000001","1","0.86336340432903791","0.97040946222648805","Pruned"
"SOH","0.14999999999999999","0.10000000000000001","0.59999999999999998","0.14999999999999999","1","0.87542373362395454","0.94471935113436278","Pruned"
"SOH","0.14999999999999999","0.10000000000000001","0.65000000000000002","0.10000000000000001","1","0.88748406291887116","0.91902924004223774","Pruned"
"SOH","0.14999999999999999","0.10000000000000001","0.69999999999999996","0.050000000000000003","1","0.89954439221378779","0.89333912895011258","Quantized"
"SOH","0.14999999999999999","0.10000000000000001","0.75","0","1","0.91160472150870442","0.86764901785798754","Quantized"
"SOH","0.14999999999999999","0.14999999999999999","0","0.69999999999999996","1","0.72993945459475196","1.2093575305357127","Pruned"
"SOH","0.14999999999999999","0.14999999999999999","0.050000000000000003","0.65000000000000002","1","0.7419997838896687","1.1836674194435877","Pruned"
"SOH","0.14999999999999999","0.14999999999999999","0.10000000000000001","0.59999999999999998","1","0.75406011318458532","1.1579773083514626","Pruned"
"SOH","0.14999999999999999","0.14999999999999999","0.14999999999999999","0.55000000000000004","1","0.76612044247950206","1.1322871972593376","Pruned"
"SOH","0.14999999999999999","0.14999999999999999","0.20000000000000001","0.5","1","0.77818077177441869","1.1065970861672123","Pruned"
"SOH","0.14999999999999999","0.14999999999999999","0.25","0.45000000000000001","1","0.79024110106933532","1.0809069750750873","Pruned"
"SOH","0.14999999999999999","0.14999999999999999","0.29999999999999999","0.40000000000000002","1","0.80230143036425194","1.0552168639829622","Pruned"
"SOH","0.14999999999999999","0.14999999999999999","0.34999999999999998","0.34999999999999998","1","0.81436175965916857","1.0295267528908369","Pruned"
"SOH","0.14999999999999999","0.14999999999999999","0.40000000000000002","0.29999999999999999","1","0.82642208895408531","1.0038366417987119","Pruned"
"SOH","0.14999999999999999","0.14999999999999999","0.45000000000000001","0.25","1","0.83848241824900194","0.97814653070658686","Pruned"
"SOH","0.14999999999999999","0.14999999999999999","0.5","0.20000000000000001","1","0.85054274754391868","0.95245641961446181","Pruned"
"SOH","0.14999999999999999","0.14999999999999999","0.55000000000000004","0.14999999999999999","1","0.8626030768388353","0.92676630852233677","Pruned"
"SOH","0.14999999999999999","0.14999999999999999","0.59999999999999998","0.10000000000000001","1","0.87466340613375193","0.9010761974302115","Pruned"
"SOH","0.14999999999999999","0.14999999999999999","0.65000000000000002","0.050000000000000003","1","0.88672373542866856","0.87538608633808646","Quantized"
"SOH","0.14999999999999999","0.14999999999999999","0.69999999999999996","0","1","0.89878406472358519","0.8496959752459613","Quantized"
"SOH","0.14999999999999999","0.20000000000000001","0","0.65000000000000002","1","0.72917912710454935","1.1657143768315614","Pruned"
"SOH","0.14999999999999999","0.20000000000000001","0.050000000000000003","0.59999999999999998","1","0.74123945639946598","1.1400242657394364","Pruned"
"SOH","0.14999999999999999","0.20000000000000001","0.10000000000000001","0.55000000000000004","1","0.75329978569438261","1.1143341546473113","Pruned"
"SOH","0.14999999999999999","0.20000000000000001","0.14999999999999999","0.5","1","0.76536011498929934","1.0886440435551861","Pruned"
"SOH","0.14999999999999999","0.20000000000000001","0.20000000000000001","0.45000000000000001","1","0.77742044428421597","1.0629539324630612","Pruned"
"SOH","0.14999999999999999","0.20000000000000001","0.25","0.40000000000000002","1","0.78948077357913271","1.037263821370936","Pruned"
"SOH","0.14999999999999999","0.20000000000000001","0.29999999999999999","0.34999999999999998","1","0.80154110287404934","1.0115737102788109","Pruned"
"SOH","0.14999999999999999","0.20000000000000001","0.34999999999999998","0.29999999999999999","1","0.81360143216896597","0.98588359918668578","Pruned"
"SOH","0.14999999999999999","0.20000000000000001","0.40000000000000002","0.25","1","0.82566176146388259","0.96019348809456062","Pruned"
"SOH","0.14999999999999999","0.20000000000000001","0.45000000000000001","0.20000000000000001","1","0.83772209075879922","0.93450337700243558","Pruned"
"SOH","0.14999999999999999","0.20000000000000001","0.5","0.14999999999999999","1","0.84978242005371596","0.90881326591031053","Pruned"
"SOH","0.14999999999999999","0.20000000000000001","0.55000000000000004","0.10000000000000001","1","0.8618427493486327","0.88312315481818549","Pruned"
"SOH","0.14999999999999999","0.20000000000000001","0.59999999999999998","0.050000000000000003","1","0.87390307864354932","0.85743304372606022","Quantized"
"SOH","0.14999999999999999","0.20000000000000001","0.65000000000000002","0","1","0.88596340793846595","0.83174293263393517","Quantized"
"SOH","0.14999999999999999","0.25","0","0.59999999999999998","1","0.72841879961434675","1.1220712231274104","Pruned"
"SOH","0.14999999999999999","0.25","0.050000000000000003","0.55000000000000004","1","0.74047912890926337","1.0963811120352853","Pruned"
"SOH","0.14999999999999999","0.25","0.10000000000000001","0.5","1","0.75253945820418","1.0706910009431601","Pruned"
"SOH","0.14999999999999999","0.25","0.14999999999999999","0.45000000000000001","1","0.76459978749909674","1.045000889851035","Pruned"
"SOH","0.14999999999999999","0.25","0.20000000000000001","0.40000000000000002","1","0.77666011679401337","1.0193107787589097","Pruned"
"SOH","0.14999999999999999","0.25","0.25","0.34999999999999998","1","0.7887204460889301","0.9936206676667847","Pruned"
"SOH","0.14999999999999999","0.25","0.29999999999999999","0.29999999999999999","1","0.80078077538384673","0.96793055657465965","Pruned"
"SOH","0.14999999999999999","0.25","0.34999999999999998","0.25","1","0.81284110467876336","0.94224044548253449","Pruned"
"SOH","0.14999999999999999","0.25","0.40000000000000002","0.20000000000000001","1","0.82490143397367999","0.91655033439040934","Pruned"
"SOH","0.14999999999999999","0.25","0.45000000000000001","0.14999999999999999","1","0.83696176326859661","0.89086022329828429","Pruned"
"SOH","0.14999999999999999","0.25","0.5","0.10000000000000001","1","0.84902209256351335","0.86517011220615925","Pruned"
"SOH","0.14999999999999999","0.25","0.55000000000000004","0.050000000000000003","1","0.86108242185843009","0.8394800011140342","Quantized"
"SOH","0.14999999999999999","0.25","0.59999999999999998","0","1","0.87314275115334672","0.81378989002190893","Quantized"
"SOH","0.14999999999999999","0.29999999999999999","0","0.55000000000000004","1","0.72765847212414414","1.0784280694232591","Pruned"
"SOH","0.14999999999999999","0.29999999999999999","0.050000000000000003","0.5","1","0.73971880141906077","1.0527379583311338","Pruned"
"SOH","0.14999999999999999","0.29999999999999999","0.10000000000000001","0.45000000000000001","1","0.75177913071397739","1.0270478472390088","Pruned"
"SOH","0.14999999999999999","0.29999999999999999","0.14999999999999999","0.40000000000000002","1","0.76383946000889413","1.0013577361468835","Pruned"
"SOH","0.14999999999999999","0.29999999999999999","0.20000000000000001","0.34999999999999998","1","0.77589978930381076","0.97566762505475846","Pruned"
"SOH","0.14999999999999999","0.29999999999999999","0.25","0.29999999999999999","1","0.7879601185987275","0.94997751396263341","Pruned"
"SOH","0.14999999999999999","0.29999999999999999","0.29999999999999999","0.25","1","0.80002044789364413","0.92428740287050837","Pruned"
"SOH","0.14999999999999999","0.29999999999999999","0.34999999999999998","0.20000000000000001","1","0.81208077718856075","0.89859729177838321","Pruned"
"SOH","0.14999999999999999","0.29999999999999999","0.40000000000000002","0.14999999999999999","1","0.82414110648347738","0.87290718068625806","Pruned"
"SOH","0.14999999999999999","0.29999999999999999","0.45000000000000001","0.10000000000000001","1","0.83620143577839401","0.84721706959413301","Pruned"
"SOH","0.14999999999999999","0.29999999999999999","0.5","0.050000000000000003","1","0.84826176507331075","0.82152695850200796","Quantized"
"SOH","0.14999999999999999","0.29999999999999999","0.55000000000000004","0","1","0.86032209436822749","0.79583684740988292","Quantized"
"SOH","0.14999999999999999","0.34999999999999998","0","0.5","1","0.72689814463394153","1.0347849157191078","Pruned"
"SOH","0.14999999999999999","0.34999999999999998","0.050000000000000003","0.45000000000000001","1","0.73895847392885816","1.0090948046269825","Pruned"
"SOH","0.14999999999999999","0.34999999999999998","0.10000000000000001","0.40000000000000002","1","0.75101880322377479","0.98340469353485749","Pruned"
"SOH","0.14999999999999999","0.34999999999999998","0.14999999999999999","0.34999999999999998","1","0.76307913251869142","0.95771458244273222","Pruned"
"SOH","0.14999999999999999","0.34999999999999998","0.20000000000000001","0.29999999999999999","1","0.77513946181360815","0.93202447135060729","Pruned"
"SOH","0.14999999999999999","0.34999999999999998","0.25","0.25","1","0.78719979110852478","0.90633436025848213","Pruned"
"SOH","0.14999999999999999","0.34999999999999998","0.29999999999999999","0.20000000000000001","1","0.79926012040344141","0.88064424916635708","Pruned"
"SOH","0.14999999999999999","0.34999999999999998","0.34999999999999998","0.14999999999999999","1","0.81132044969835815","0.85495413807423193","Pruned"
"SOH","0.14999999999999999","0.34999999999999998","0.40000000000000002","0.10000000000000001","1","0.82338077899327478","0.82926402698210677","Pruned"
"SOH","0.14999999999999999","0.34999999999999998","0.45000000000000001","0.050000000000000003","1","0.8354411082881914","0.80357391588998173","Quantized"
"SOH","0.14999999999999999","0.34999999999999998","0.5","0","1","0.84750143758310803","0.77788380479785668","Quantized"
"SOH","0.14999999999999999","0.40000000000000002","0","0.45000000000000001","1","0.72613781714373893","0.99114176201495641","Pruned"
"SOH","0.14999999999999999","0.40000000000000002","0.050000000000000003","0.40000000000000002","1","0.73819814643865556","0.96545165092283125","Pruned"
"SOH","0.14999999999999999","0.40000000000000002","0.10000000000000001","0.34999999999999998","1","0.75025847573357218","0.93976153983070621","Pruned"
"SOH","0.14999999999999999","0.40000000000000002","0.14999999999999999","0.29999999999999999","1","0.76231880502848881","0.91407142873858105","Pruned"
"SOH","0.14999999999999999","0.40000000000000002","0.20000000000000001","0.25","1","0.77437913432340555","0.888381317646456","Pruned"
"SOH","0.14999999999999999","0.40000000000000002","0.25","0.20000000000000001","1","0.78643946361832218","0.86269120655433085","Pruned"
"SOH","0.14999999999999999","0.40000000000000002","0.29999999999999999","0.14999999999999999","1","0.7984997929132388","0.8370010954622058","Pruned"
"SOH","0.14999999999999999","0.40000000000000002","0.34999999999999998","0.10000000000000001","1","0.81056012220815554","0.81131098437008065","Pruned"
"SOH","0.14999999999999999","0.40000000000000002","0.40000000000000002","0.050000000000000003","1","0.82262045150307217","0.78562087327795549","Quantized"
"SOH","0.14999999999999999","0.40000000000000002","0.45000000000000001","0","1","0.8346807807979888","0.75993076218583044","Quantized"
"SOH","0.14999999999999999","0.45000000000000001","0","0.40000000000000002","1","0.72537748965353632","0.94749860831080512","Pruned"
"SOH","0.14999999999999999","0.45000000000000001","0.050000000000000003","0.34999999999999998","1","0.73743781894845295","0.92180849721867997","Pruned"
"SOH","0.14999999999999999","0.45000000000000001","0.10000000000000001","0.29999999999999999","1","0.74949814824336969","0.89611838612655492","Pruned"
"SOH","0.14999999999999999","0.45000000000000001","0.14999999999999999","0.25","1","0.76155847753828632","0.87042827503442977","Pruned"
"SOH","0.14999999999999999","0.45000000000000001","0.20000000000000001","0.20000000000000001","1","0.77361880683320294","0.84473816394230472","Pruned"
"SOH","0.14999999999999999","0.45000000000000001","0.25","0.14999999999999999","1","0.78567913612811968","0.81904805285017956","Pruned"
"SOH","0.14999999999999999","0.45000000000000001","0.29999999999999999","0.10000000000000001","1","0.79773946542303631","0.79335794175805452","Quantized"
"SOH","0.14999999999999999","0.45000000000000001","0.34999999999999998","0.050000000000000003","1","0.80979979471795294","0.76766783066592936","Quantized"
"SOH","0.14999999999999999","0.45000000000000001","0.40000000000000002","0","1","0.82186012401286956","0.74197771957380421","Quantized"
"SOH","0.14999999999999999","0.5","0","0.34999999999999998","1","0.72461716216333361","0.90385545460665373","Pruned"
"SOH","0.14999999999999999","0.5","0.050000000000000003","0.29999999999999999","1","0.73667749145825023","0.87816534351452868","Pruned"
"SOH","0.14999999999999999","0.5","0.10000000000000001","0.25","1","0.74873782075316697","0.85247523242240364","Pruned"
"SOH","0.14999999999999999","0.5","0.14999999999999999","0.20000000000000001","1","0.7607981500480836","0.82678512133027848","Pruned"
"SOH","0.14999999999999999","0.5","0.20000000000000001","0.14999999999999999","1","0.77285847934300023","0.80109501023815344","Pruned"
"SOH","0.14999999999999999","0.5","0.25","0.10000000000000001","1","0.78491880863791685","0.77540489914602828","Quantized"
"SOH","0.14999999999999999","0.5","0.29999999999999999","0.050000000000000003","1","0.79697913793283359","0.74971478805390324","Quantized"
"SOH","0.14999999999999999","0.5","0.34999999999999998","0","1","0.80903946722775022","0.72402467696177808","Quantized"
"SOH","0.14999999999999999","0.55000000000000004","0","0.29999999999999999","1","0.723856834673131","0.86021230090250256","Pruned"
"SOH","0.14999999999999999","0.55000000000000004","0.050000000000000003","0.25","1","0.73591716396804763","0.8345221898103774","Pruned"
"SOH","0.14999999999999999","0.55000000000000004","0.10000000000000001","0.20000000000000001","1","0.74797749326296437","0.80883207871825236","Pruned"
"SOH","0.14999999999999999","0.55000000000000004","0.14999999999999999","0.14999999999999999","1","0.76003782255788099","0.7831419676261272","Pruned"
"SOH","0.14999999999999999","0.55000000000000004","0.20000000000000001","0.10000000000000001","1","0.77209815185279762","0.75745185653400215","Quantized"
"SOH","0.14999999999999999","0.55000000000000004","0.25","0.050000000000000003","1","0.78415848114771425","0.731761745441877","Quantized"
"SOH","0.14999999999999999","0.55000000000000004","0.29999999999999999","0","1","0.79621881044263099","0.70607163434975195","Quantized"
"SOH","0.14999999999999999","0.59999999999999998","0","0.25","1","0.72309650718292828","0.81656914719835128","Pruned"
"SOH","0.14999999999999999","0.59999999999999998","0.050000000000000003","0.20000000000000001","1","0.73515683647784491","0.79087903610622612","Pruned"
"SOH","0.14999999999999999","0.59999999999999998","0.10000000000000001","0.14999999999999999","1","0.74721716577276165","0.76518892501410107","Pruned"
"SOH","0.14999999999999999","0.59999999999999998","0.14999999999999999","0.10000000000000001","1","0.75927749506767828","0.73949881392197592","Quantized"
"SOH","0.14999999999999999","0.59999999999999998","0.20000000000000001","0.050000000000000003","1","0.7713378243625949","0.71380870282985087","Quantized"
"SOH","0.14999999999999999","0.59999999999999998","0.25","0","1","0.78339815365751164","0.68811859173772572","Quantized"
"SOH","0.14999999999999999","0.65000000000000002","0","0.20000000000000001","1","0.72233617969272568","0.77292599349419999","Pruned"
"SOH","0.14999999999999999","0.65000000000000002","0.050000000000000003","0.14999999999999999","1","0.7343965089876423","0.74723588240207484","Pruned"
"SOH","0.14999999999999999","0.65000000000000002","0.10000000000000001","0.10000000000000001","1","0.74645683828255904","0.72154577130994979","Quantized"
"SOH","0.14999999999999999","0.65000000000000002","0.14999999999999999","0.050000000000000003","1","0.75851716757747567","0.69585566021782463","Quantized"
"SOH","0.14999999999999999","0.65000000000000002","0.20000000000000001","0","1","0.7705774968723923","0.67016554912569959","Quantized"
"SOH","0.14999999999999999","0.69999999999999996","0","0.14999999999999999","1","0.72157585220252307","0.72928283979004871","Pruned"
"SOH","0.14999999999999999","0.69999999999999996","0.050000000000000003","0.10000000000000001","1","0.7336361814974397","0.70359272869792355","Quantized"
"SOH","0.14999999999999999","0.69999999999999996","0.10000000000000001","0.050000000000000003","1","0.74569651079235644","0.67790261760579851","Quantized"
"SOH","0.14999999999999999","0.69999999999999996","0.14999999999999999","0","1","0.75775684008727306","0.65221250651367335","Quantized"
"SOH","0.14999999999999999","0.75","0","0.10000000000000001","1","0.72081552471232047","0.68563968608589743","Quantized"
"SOH","0.14999999999999999","0.75","0.050000000000000003","0.050000000000000003","1","0.73287585400723709","0.65994957499377227","Quantized"
"SOH","0.14999999999999999","0.75","0.10000000000000001","0","1","0.74493618330215383","0.63425946390164722","Quantized"
"SOH","0.14999999999999999","0.80000000000000004","0","0.050000000000000003","1","0.72005519722211786","0.64199653238174614","Quantized"
"SOH","0.14999999999999999","0.80000000000000004","0.050000000000000003","0","1","0.73211552651703449","0.61630642128962099","Quantized"
"SOH","0.14999999999999999","0.84999999999999998","0","0","1","0.71929486973191525","0.59835337867759486","Quantized"
"SOH","0.20000000000000001","0","0","0.80000000000000004","1","0.78972257859027328","1.3587815313340594","Pruned"
"SOH","0.20000000000000001","0","0.050000000000000003","0.75","1","0.80178290788518991","1.3330914202419342","Pruned"
"SOH","0.20000000000000001","0","0.10000000000000001","0.69999999999999996","1","0.81384323718010654","1.3074013091498091","Pruned"
"SOH","0.20000000000000001","0","0.14999999999999999","0.65000000000000002","1","0.82590356647502328","1.2817111980576841","Pruned"
"SOH","0.20000000000000001","0","0.20000000000000001","0.59999999999999998","1","0.8379638957699399","1.256021086965559","Pruned"
"SOH","0.20000000000000001","0","0.25","0.55000000000000004","1","0.85002422506485664","1.230330975873434","Pruned"
"SOH","0.20000000000000001","0","0.29999999999999999","0.5","1","0.86208455435977327","1.2046408647813087","Pruned"
"SOH","0.20000000000000001","0","0.34999999999999998","0.45000000000000001","1","0.8741448836546899","1.1789507536891837","Pruned"
"SOH","0.20000000000000001","0","0.40000000000000002","0.40000000000000002","1","0.88620521294960652","1.1532606425970586","Pruned"
"SOH","0.20000000000000001","0","0.45000000000000001","0.34999999999999998","1","0.89826554224452315","1.1275705315049336","Pruned"
"SOH","0.20000000000000001","0","0.5","0.29999999999999999","1","0.91032587153943989","1.1018804204128085","Pruned"
"SOH","0.20000000000000001","0","0.55000000000000004","0.25","1","0.92238620083435663","1.0761903093206833","Pruned"
"SOH","0.20000000000000001","0","0.59999999999999998","0.20000000000000001","1","0.93444653012927326","1.0505001982285582","Pruned"
"SOH","0.20000000000000001","0","0.65000000000000002","0.14999999999999999","1","0.94650685942418988","1.0248100871364332","Pruned"
"SOH","0.20000000000000001","0","0.69999999999999996","0.10000000000000001","1","0.95856718871910651","0.99911997604430791","Pruned"
"SOH","0.20000000000000001","0","0.75","0.050000000000000003","1","0.97062751801402314","0.97342986495218287","Pruned"
"SOH","0.20000000000000001","0","0.80000000000000004","0","1","0.98268784730893988","0.94773975386005782","Quantized"
"SOH","0.20000000000000001","0.050000000000000003","0","0.75","1","0.78896225110007068","1.3151383776299082","Pruned"
"SOH","0.20000000000000001","0.050000000000000003","0.050000000000000003","0.69999999999999996","1","0.8010225803949873","1.2894482665377831","Pruned"
"SOH","0.20000000000000001","0.050000000000000003","0.10000000000000001","0.65000000000000002","1","0.81308290968990393","1.2637581554456581","Pruned"
"SOH","0.20000000000000001","0.050000000000000003","0.14999999999999999","0.59999999999999998","1","0.82514323898482067","1.238068044353533","Pruned"
"SOH","0.20000000000000001","0.050000000000000003","0.20000000000000001","0.55000000000000004","1","0.8372035682797373","1.2123779332614077","Pruned"
"SOH","0.20000000000000001","0.050000000000000003","0.25","0.5","1","0.84926389757465404","1.1866878221692827","Pruned"
"SOH","0.20000000000000001","0.050000000000000003","0.29999999999999999","0.45000000000000001","1","0.86132422686957066","1.1609977110771577","Pruned"
"SOH","0.20000000000000001","0.050000000000000003","0.34999999999999998","0.40000000000000002","1","0.87338455616448729","1.1353075999850324","Pruned"
"SOH","0.20000000000000001","0.050000000000000003","0.40000000000000002","0.34999999999999998","1","0.88544488545940392","1.1096174888929073","Pruned"
"SOH","0.20000000000000001","0.050000000000000003","0.45000000000000001","0.29999999999999999","1","0.89750521475432055","1.0839273778007823","Pruned"
"SOH","0.20000000000000001","0.050000000000000003","0.5","0.25","1","0.90956554404923728","1.058237266708657","Pruned"
"SOH","0.20000000000000001","0.050000000000000003","0.55000000000000004","0.20000000000000001","1","0.92162587334415402","1.0325471556165322","Pruned"
"SOH","0.20000000000000001","0.050000000000000003","0.59999999999999998","0.14999999999999999","1","0.93368620263907065","1.0068570445244069","Pruned"
"SOH","0.20000000000000001","0.050000000000000003","0.65000000000000002","0.10000000000000001","1","0.94574653193398728","0.9811669334322819","Pruned"
"SOH","0.20000000000000001","0.050000000000000003","0.69999999999999996","0.050000000000000003","1","0.95780686122890391","0.95547682234015663","Quantized"
"SOH","0.20000000000000001","0.050000000000000003","0.75","0","1","0.96986719052382053","0.92978671124803158","Quantized"
"SOH","0.20000000000000001","0.10000000000000001","0","0.69999999999999996","1","0.78820192360986807","1.2714952239257569","Pruned"
"SOH","0.20000000000000001","0.10000000000000001","0.050000000000000003","0.65000000000000002","1","0.8002622529047847","1.2458051128336318","Pruned"
"SOH","0.20000000000000001","0.10000000000000001","0.10000000000000001","0.59999999999999998","1","0.81232258219970133","1.2201150017415068","Pruned"
"SOH","0.20000000000000001","0.10000000000000001","0.14999999999999999","0.55000000000000004","1","0.82438291149461795","1.1944248906493817","Pruned"
"SOH","0.20000000000000001","0.10000000000000001","0.20000000000000001","0.5","1","0.83644324078953469","1.1687347795572565","Pruned"
"SOH","0.20000000000000001","0.10000000000000001","0.25","0.45000000000000001","1","0.84850357008445132","1.1430446684651314","Pruned"
"SOH","0.20000000000000001","0.10000000000000001","0.29999999999999999","0.40000000000000002","1","0.86056389937936795","1.1173545573730062","Pruned"
"SOH","0.20000000000000001","0.10000000000000001","0.34999999999999998","0.34999999999999998","1","0.87262422867428469","1.0916644462808811","Pruned"
"SOH","0.20000000000000001","0.10000000000000001","0.40000000000000002","0.29999999999999999","1","0.88468455796920131","1.0659743351887561","Pruned"
"SOH","0.20000000000000001","0.10000000000000001","0.45000000000000001","0.25","1","0.89674488726411794","1.040284224096631","Pruned"
"SOH","0.20000000000000001","0.10000000000000001","0.5","0.20000000000000001","1","0.90880521655903457","1.014594113004506","Pruned"
"SOH","0.20000000000000001","0.10000000000000001","0.55000000000000004","0.14999999999999999","1","0.92086554585395131","0.98890400191238081","Pruned"
"SOH","0.20000000000000001","0.10000000000000001","0.59999999999999998","0.10000000000000001","1","0.93292587514886793","0.96321389082025566","Pruned"
"SOH","0.20000000000000001","0.10000000000000001","0.65000000000000002","0.050000000000000003","1","0.94498620444378467","0.93752377972813061","Quantized"
"SOH","0.20000000000000001","0.10000000000000001","0.69999999999999996","0","1","0.9570465337387013","0.91183366863600535","Quantized"
"SOH","0.20000000000000001","0.14999999999999999","0","0.65000000000000002","1","0.78744159611966547","1.2278520702216056","Pruned"
"SOH","0.20000000000000001","0.14999999999999999","0.050000000000000003","0.59999999999999998","1","0.79950192541458209","1.2021619591294805","Pruned"
"SOH","0.20000000000000001","0.14999999999999999","0.10000000000000001","0.55000000000000004","1","0.81156225470949872","1.1764718480373555","Pruned"
"SOH","0.20000000000000001","0.14999999999999999","0.14999999999999999","0.5","1","0.82362258400441535","1.1507817369452304","Pruned"
"SOH","0.20000000000000001","0.14999999999999999","0.20000000000000001","0.45000000000000001","1","0.83568291329933209","1.1250916258531052","Pruned"
"SOH","0.20000000000000001","0.14999999999999999","0.25","0.40000000000000002","1","0.84774324259424871","1.0994015147609801","Pruned"
"SOH","0.20000000000000001","0.14999999999999999","0.29999999999999999","0.34999999999999998","1","0.85980357188916534","1.0737114036688549","Pruned"
"SOH","0.20000000000000001","0.14999999999999999","0.34999999999999998","0.29999999999999999","1","0.87186390118408208","1.0480212925767298","Pruned"
"SOH","0.20000000000000001","0.14999999999999999","0.40000000000000002","0.25","1","0.88392423047899871","1.0223311814846048","Pruned"
"SOH","0.20000000000000001","0.14999999999999999","0.45000000000000001","0.20000000000000001","1","0.89598455977391533","0.99664107039247973","Pruned"
"SOH","0.20000000000000001","0.14999999999999999","0.5","0.14999999999999999","1","0.90804488906883196","0.97095095930035458","Pruned"
"SOH","0.20000000000000001","0.14999999999999999","0.55000000000000004","0.10000000000000001","1","0.9201052183637487","0.94526084820822953","Pruned"
"SOH","0.20000000000000001","0.14999999999999999","0.59999999999999998","0.050000000000000003","1","0.93216554765866533","0.91957073711610438","Quantized"
"SOH","0.20000000000000001","0.14999999999999999","0.65000000000000002","0","1","0.94422587695358207","0.89388062602397933","Quantized"
"SOH","0.20000000000000001","0.20000000000000001","0","0.59999999999999998","1","0.78668126862946275","1.1842089165174543","Pruned"
"SOH","0.20000000000000001","0.20000000000000001","0.050000000000000003","0.55000000000000004","1","0.79874159792437949","1.1585188054253295","Pruned"
"SOH","0.20000000000000001","0.20000000000000001","0.10000000000000001","0.5","1","0.81080192721929611","1.1328286943332042","Pruned"
"SOH","0.20000000000000001","0.20000000000000001","0.14999999999999999","0.45000000000000001","1","0.82286225651421274","1.1071385832410789","Pruned"
"SOH","0.20000000000000001","0.20000000000000001","0.20000000000000001","0.40000000000000002","1","0.83492258580912937","1.0814484721489539","Pruned"
"SOH","0.20000000000000001","0.20000000000000001","0.25","0.34999999999999998","1","0.846982915104046","1.0557583610568289","Pruned"
"SOH","0.20000000000000001","0.20000000000000001","0.29999999999999999","0.29999999999999999","1","0.85904324439896274","1.0300682499647036","Pruned"
"SOH","0.20000000000000001","0.20000000000000001","0.34999999999999998","0.25","1","0.87110357369387936","1.0043781388725785","Pruned"
"SOH","0.20000000000000001","0.20000000000000001","0.40000000000000002","0.20000000000000001","1","0.8831639029887961","0.9786880277804535","Pruned"
"SOH","0.20000000000000001","0.20000000000000001","0.45000000000000001","0.14999999999999999","1","0.89522423228371273","0.95299791668832845","Pruned"
"SOH","0.20000000000000001","0.20000000000000001","0.5","0.10000000000000001","1","0.90728456157862936","0.92730780559620329","Pruned"
"SOH","0.20000000000000001","0.20000000000000001","0.55000000000000004","0.050000000000000003","1","0.91934489087354598","0.90161769450407825","Quantized"
"SOH","0.20000000000000001","0.20000000000000001","0.59999999999999998","0","1","0.93140522016846261","0.87592758341195309","Quantized"
"SOH","0.20000000000000001","0.25","0","0.55000000000000004","1","0.78592094113926014","1.1405657628133032","Pruned"
"SOH","0.20000000000000001","0.25","0.050000000000000003","0.5","1","0.79798127043417677","1.114875651721178","Pruned"
"SOH","0.20000000000000001","0.25","0.10000000000000001","0.45000000000000001","1","0.81004159972909351","1.0891855406290527","Pruned"
"SOH","0.20000000000000001","0.25","0.14999999999999999","0.40000000000000002","1","0.82210192902401014","1.0634954295369279","Pruned"
"SOH","0.20000000000000001","0.25","0.20000000000000001","0.34999999999999998","1","0.83416225831892676","1.0378053184448026","Pruned"
"SOH","0.20000000000000001","0.25","0.25","0.29999999999999999","1","0.84622258761384339","1.0121152073526776","Pruned"
"SOH","0.20000000000000001","0.25","0.29999999999999999","0.25","1","0.85828291690876013","0.98642509626055241","Pruned"
"SOH","0.20000000000000001","0.25","0.34999999999999998","0.20000000000000001","1","0.87034324620367676","0.96073498516842726","Pruned"
"SOH","0.20000000000000001","0.25","0.40000000000000002","0.14999999999999999","1","0.8824035754985935","0.93504487407630221","Pruned"
"SOH","0.20000000000000001","0.25","0.45000000000000001","0.10000000000000001","1","0.89446390479351012","0.90935476298417717","Pruned"
"SOH","0.20000000000000001","0.25","0.5","0.050000000000000003","1","0.90652423408842675","0.88366465189205201","Quantized"
"SOH","0.20000000000000001","0.25","0.55000000000000004","0","1","0.91858456338334338","0.85797454079992697","Quantized"
"SOH","0.20000000000000001","0.29999999999999999","0","0.5","1","0.78516061364905754","1.0969226091091517","Pruned"
"SOH","0.20000000000000001","0.29999999999999999","0.050000000000000003","0.45000000000000001","1","0.79722094294397416","1.0712324980170267","Pruned"
"SOH","0.20000000000000001","0.29999999999999999","0.10000000000000001","0.40000000000000002","1","0.8092812722388909","1.0455423869249016","Pruned"
"SOH","0.20000000000000001","0.29999999999999999","0.14999999999999999","0.34999999999999998","1","0.82134160153380753","1.0198522758327764","Pruned"
"SOH","0.20000000000000001","0.29999999999999999","0.20000000000000001","0.29999999999999999","1","0.83340193082872416","0.99416216474065133","Pruned"
"SOH","0.20000000000000001","0.29999999999999999","0.25","0.25","1","0.84546226012364079","0.96847205364852629","Pruned"
"SOH","0.20000000000000001","0.29999999999999999","0.29999999999999999","0.20000000000000001","1","0.85752258941855752","0.94278194255640113","Pruned"
"SOH","0.20000000000000001","0.29999999999999999","0.34999999999999998","0.14999999999999999","1","0.86958291871347415","0.91709183146427597","Pruned"
"SOH","0.20000000000000001","0.29999999999999999","0.40000000000000002","0.10000000000000001","1","0.88164324800839089","0.89140172037215093","Pruned"
"SOH","0.20000000000000001","0.29999999999999999","0.45000000000000001","0.050000000000000003","1","0.89370357730330752","0.86571160928002588","Quantized"
"SOH","0.20000000000000001","0.29999999999999999","0.5","0","1","0.90576390659822414","0.84002149818790073","Quantized"
"SOH","0.20000000000000001","0.34999999999999998","0","0.45000000000000001","1","0.78440028615885482","1.0532794554050005","Pruned"
"SOH","0.20000000000000001","0.34999999999999998","0.050000000000000003","0.40000000000000002","1","0.79646061545377145","1.0275893443128754","Pruned"
"SOH","0.20000000000000001","0.34999999999999998","0.10000000000000001","0.34999999999999998","1","0.80852094474868819","1.0018992332207501","Pruned"
"SOH","0.20000000000000001","0.34999999999999998","0.14999999999999999","0.29999999999999999","1","0.82058127404360481","0.9762091221286251","Pruned"
"SOH","0.20000000000000001","0.34999999999999998","0.20000000000000001","0.25","1","0.83264160333852144","0.95051901103650005","Pruned"
"SOH","0.20000000000000001","0.34999999999999998","0.25","0.20000000000000001","1","0.84470193263343818","0.92482889994437489","Pruned"
"SOH","0.20000000000000001","0.34999999999999998","0.29999999999999999","0.14999999999999999","1","0.85676226192835481","0.89913878885224974","Pruned"
"SOH","0.20000000000000001","0.34999999999999998","0.34999999999999998","0.10000000000000001","1","0.86882259122327143","0.87344867776012469","Pruned"
"SOH","0.20000000000000001","0.34999999999999998","0.40000000000000002","0.050000000000000003","1","0.88088292051818806","0.84775856666799965","Quantized"
"SOH","0.20000000000000001","0.34999999999999998","0.45000000000000001","0","1","0.89294324981310469","0.82206845557587449","Quantized"
"SOH","0.20000000000000001","0.40000000000000002","0","0.40000000000000002","1","0.78363995866865221","1.0096363017008492","Pruned"
"SOH","0.20000000000000001","0.40000000000000002","0.050000000000000003","0.34999999999999998","1","0.79570028796356884","0.98394619060872412","Pruned"
"SOH","0.20000000000000001","0.40000000000000002","0.10000000000000001","0.29999999999999999","1","0.80776061725848558","0.95825607951659897","Pruned"
"SOH","0.20000000000000001","0.40000000000000002","0.14999999999999999","0.25","1","0.81982094655340221","0.93256596842447392","Pruned"
"SOH","0.20000000000000001","0.40000000000000002","0.20000000000000001","0.20000000000000001","1","0.83188127584831884","0.90687585733234877","Pruned"
"SOH","0.20000000000000001","0.40000000000000002","0.25","0.14999999999999999","1","0.84394160514323557","0.88118574624022372","Pruned"
"SOH","0.20000000000000001","0.40000000000000002","0.29999999999999999","0.10000000000000001","1","0.8560019344381522","0.85549563514809857","Quantized"
"SOH","0.20000000000000001","0.40000000000000002","0.34999999999999998","0.050000000000000003","1","0.86806226373306883","0.82980552405597341","Quantized"
"SOH","0.20000000000000001","0.40000000000000002","0.40000000000000002","0","1","0.88012259302798546","0.80411541296384836","Quantized"
"SOH","0.20000000000000001","0.45000000000000001","0","0.34999999999999998","1","0.78287963117844961","0.96599314799669789","Pruned"
"SOH","0.20000000000000001","0.45000000000000001","0.050000000000000003","0.29999999999999999","1","0.79493996047336624","0.94030303690457273","Pruned"
"SOH","0.20000000000000001","0.45000000000000001","0.10000000000000001","0.25","1","0.80700028976828297","0.91461292581244769","Pruned"
"SOH","0.20000000000000001","0.45000000000000001","0.14999999999999999","0.20000000000000001","1","0.8190606190631996","0.88892281472032253","Pruned"
"SOH","0.20000000000000001","0.45000000000000001","0.20000000000000001","0.14999999999999999","1","0.83112094835811623","0.86323270362819748","Pruned"
"SOH","0.20000000000000001","0.45000000000000001","0.25","0.10000000000000001","1","0.84318127765303297","0.83754259253607233","Quantized"
"SOH","0.20000000000000001","0.45000000000000001","0.29999999999999999","0.050000000000000003","1","0.8552416069479496","0.81185248144394717","Quantized"
"SOH","0.20000000000000001","0.45000000000000001","0.34999999999999998","0","1","0.86730193624286622","0.78616237035182213","Quantized"
"SOH","0.20000000000000001","0.5","0","0.29999999999999999","1","0.782119303688247","0.9223499942925466","Pruned"
"SOH","0.20000000000000001","0.5","0.050000000000000003","0.25","1","0.79417963298316363","0.89665988320042145","Pruned"
"SOH","0.20000000000000001","0.5","0.10000000000000001","0.20000000000000001","1","0.80623996227808037","0.8709697721082964","Pruned"
"SOH","0.20000000000000001","0.5","0.14999999999999999","0.14999999999999999","1","0.818300291572997","0.84527966101617125","Pruned"
"SOH","0.20000000000000001","0.5","0.20000000000000001","0.10000000000000001","1","0.83036062086791362","0.8195895499240462","Quantized"
"SOH","0.20000000000000001","0.5","0.25","0.050000000000000003","1","0.84242095016283036","0.79389943883192104","Quantized"
"SOH","0.20000000000000001","0.5","0.29999999999999999","0","1","0.85448127945774699","0.76820932773979589","Quantized"
"SOH","0.20000000000000001","0.55000000000000004","0","0.25","1","0.7813589761980444","0.87870684058839532","Pruned"
"SOH","0.20000000000000001","0.55000000000000004","0.050000000000000003","0.20000000000000001","1","0.79341930549296102","0.85301672949627017","Pruned"
"SOH","0.20000000000000001","0.55000000000000004","0.10000000000000001","0.14999999999999999","1","0.80547963478787776","0.82732661840414512","Pruned"
"SOH","0.20000000000000001","0.55000000000000004","0.14999999999999999","0.10000000000000001","1","0.81753996408279439","0.80163650731201996","Quantized"
"SOH","0.20000000000000001","0.55000000000000004","0.20000000000000001","0.050000000000000003","1","0.82960029337771102","0.77594639621989492","Quantized"
"SOH","0.20000000000000001","0.55000000000000004","0.25","0","1","0.84166062267262776","0.75025628512776976","Quantized"
"SOH","0.20000000000000001","0.59999999999999998","0","0.20000000000000001","1","0.78059864870784179","0.83506368688424404","Pruned"
"SOH","0.20000000000000001","0.59999999999999998","0.050000000000000003","0.14999999999999999","1","0.79265897800275842","0.80937357579211888","Pruned"
"SOH","0.20000000000000001","0.59999999999999998","0.10000000000000001","0.10000000000000001","1","0.80471930729767516","0.78368346469999384","Quantized"
"SOH","0.20000000000000001","0.59999999999999998","0.14999999999999999","0.050000000000000003","1","0.81677963659259178","0.75799335360786868","Quantized"
"SOH","0.20000000000000001","0.59999999999999998","0.20000000000000001","0","1","0.82883996588750841","0.73230324251574364","Quantized"
"SOH","0.20000000000000001","0.65000000000000002","0","0.14999999999999999","1","0.77983832121763919","0.79142053318009276","Pruned"
"SOH","0.20000000000000001","0.65000000000000002","0.050000000000000003","0.10000000000000001","1","0.79189865051255581","0.7657304220879676","Quantized"
"SOH","0.20000000000000001","0.65000000000000002","0.10000000000000001","0.050000000000000003","1","0.80395897980747255","0.74004031099584255","Quantized"
"SOH","0.20000000000000001","0.65000000000000002","0.14999999999999999","0","1","0.81601930910238918","0.7143501999037174","Quantized"
"SOH","0.20000000000000001","0.69999999999999996","0","0.10000000000000001","1","0.77907799372743647","0.74777737947594147","Quantized"
"SOH","0.20000000000000001","0.69999999999999996","0.050000000000000003","0.050000000000000003","1","0.7911383230223531","0.72208726838381632","Quantized"
"SOH","0.20000000000000001","0.69999999999999996","0.10000000000000001","0","1","0.80319865231726983","0.69639715729169127","Quantized"
"SOH","0.20000000000000001","0.75","0","0.050000000000000003","1","0.77831766623723397","0.70413422577179019","Quantized"
"SOH","0.20000000000000001","0.75","0.050000000000000003","0","1","0.7903779955321506","0.67844411467966503","Quantized"
"SOH","0.20000000000000001","0.80000000000000004","0","0","1","0.77755733874703126","0.66049107206763891","Quantized"
"SOH","0.25","0","0","0.75","1","0.84722472011518679","1.3772760710199521","Pruned"
"SOH","0.25","0","0.050000000000000003","0.69999999999999996","1","0.85928504941010342","1.351585959927827","Pruned"
"SOH","0.25","0","0.10000000000000001","0.65000000000000002","1","0.87134537870502005","1.325895848835702","Pruned"
"SOH","0.25","0","0.14999999999999999","0.59999999999999998","1","0.88340570799993667","1.300205737743577","Pruned"
"SOH","0.25","0","0.20000000000000001","0.55000000000000004","1","0.89546603729485341","1.2745156266514519","Pruned"
"SOH","0.25","0","0.25","0.5","1","0.90752636658977004","1.2488255155593269","Pruned"
"SOH","0.25","0","0.29999999999999999","0.45000000000000001","1","0.91958669588468667","1.2231354044672016","Pruned"
"SOH","0.25","0","0.34999999999999998","0.40000000000000002","1","0.93164702517960341","1.1974452933750765","Pruned"
"SOH","0.25","0","0.40000000000000002","0.34999999999999998","1","0.94370735447452003","1.1717551822829513","Pruned"
"SOH","0.25","0","0.45000000000000001","0.29999999999999999","1","0.95576768376943666","1.1460650711908262","Pruned"
"SOH","0.25","0","0.5","0.25","1","0.96782801306435329","1.1203749600987012","Pruned"
"SOH","0.25","0","0.55000000000000004","0.20000000000000001","1","0.97988834235927003","1.0946848490065761","Pruned"
"SOH","0.25","0","0.59999999999999998","0.14999999999999999","1","0.99194867165418665","1.0689947379144509","Pruned"
"SOH","0.25","0","0.65000000000000002","0.10000000000000001","1","1.0040090009491034","1.0433046268223258","Base"
"SOH","0.25","0","0.69999999999999996","0.050000000000000003","1","1.01606933024402","1.0176145157302008","Base"
"SOH","0.25","0","0.75","0","1","1.0281296595389366","0.99192440463807574","Quantized"
"SOH","0.25","0.050000000000000003","0","0.69999999999999996","1","0.84646439262498419","1.3336329173158008","Pruned"
"SOH","0.25","0.050000000000000003","0.050000000000000003","0.65000000000000002","1","0.85852472191990081","1.307942806223676","Pruned"
"SOH","0.25","0.050000000000000003","0.10000000000000001","0.59999999999999998","1","0.87058505121481744","1.2822526951315507","Pruned"
"SOH","0.25","0.050000000000000003","0.14999999999999999","0.55000000000000004","1","0.88264538050973407","1.2565625840394259","Pruned"
"SOH","0.25","0.050000000000000003","0.20000000000000001","0.5","1","0.89470570980465081","1.2308724729473006","Pruned"
"SOH","0.25","0.050000000000000003","0.25","0.45000000000000001","1","0.90676603909956743","1.2051823618551754","Pruned"
"SOH","0.25","0.050000000000000003","0.29999999999999999","0.40000000000000002","1","0.91882636839448406","1.1794922507630503","Pruned"
"SOH","0.25","0.050000000000000003","0.34999999999999998","0.34999999999999998","1","0.9308866976894008","1.1538021396709253","Pruned"
"SOH","0.25","0.050000000000000003","0.40000000000000002","0.29999999999999999","1","0.94294702698431743","1.1281120285788","Pruned"
"SOH","0.25","0.050000000000000003","0.45000000000000001","0.25","1","0.95500735627923405","1.102421917486675","Pruned"
"SOH","0.25","0.050000000000000003","0.5","0.20000000000000001","1","0.96706768557415068","1.0767318063945499","Pruned"
"SOH","0.25","0.050000000000000003","0.55000000000000004","0.14999999999999999","1","0.97912801486906742","1.0510416953024249","Pruned"
"SOH","0.25","0.050000000000000003","0.59999999999999998","0.10000000000000001","1","0.99118834416398405","1.0253515842102996","Pruned"
"SOH","0.25","0.050000000000000003","0.65000000000000002","0.050000000000000003","1","1.0032486734589008","0.99966147311817455","Quantized"
"SOH","0.25","0.050000000000000003","0.69999999999999996","0","1","1.0153090027538174","0.9739713620260495","Quantized"
"SOH","0.25","0.10000000000000001","0","0.65000000000000002","1","0.84570406513478147","1.2899897636116497","Pruned"
"SOH","0.25","0.10000000000000001","0.050000000000000003","0.59999999999999998","1","0.8577643944296981","1.2642996525195245","Pruned"
"SOH","0.25","0.10000000000000001","0.10000000000000001","0.55000000000000004","1","0.86982472372461483","1.2386095414273997","Pruned"
"SOH","0.25","0.10000000000000001","0.14999999999999999","0.5","1","0.88188505301953146","1.2129194303352744","Pruned"
"SOH","0.25","0.10000000000000001","0.20000000000000001","0.45000000000000001","1","0.89394538231444809","1.1872293192431491","Pruned"
"SOH","0.25","0.10000000000000001","0.25","0.40000000000000002","1","0.90600571160936472","1.1615392081510243","Pruned"
"SOH","0.25","0.10000000000000001","0.29999999999999999","0.34999999999999998","1","0.91806604090428146","1.135849097058899","Pruned"
"SOH","0.25","0.10000000000000001","0.34999999999999998","0.29999999999999999","1","0.93012637019919808","1.110158985966774","Pruned"
"SOH","0.25","0.10000000000000001","0.40000000000000002","0.25","1","0.94218669949411482","1.0844688748746489","Pruned"
"SOH","0.25","0.10000000000000001","0.45000000000000001","0.20000000000000001","1","0.95424702878903145","1.0587787637825237","Pruned"
"SOH","0.25","0.10000000000000001","0.5","0.14999999999999999","1","0.96630735808394808","1.0330886526903986","Pruned"
"SOH","0.25","0.10000000000000001","0.55000000000000004","0.10000000000000001","1","0.9783676873788647","1.0073985415982736","Pruned"
"SOH","0.25","0.10000000000000001","0.59999999999999998","0.050000000000000003","1","0.99042801667378133","0.98170843050614831","Quantized"
"SOH","0.25","0.10000000000000001","0.65000000000000002","0","1","1.0024883459686982","0.95601831941402327","Quantized"
"SOH","0.25","0.14999999999999999","0","0.59999999999999998","1","0.84494373764457886","1.2463466099074985","Pruned"
"SOH","0.25","0.14999999999999999","0.050000000000000003","0.55000000000000004","1","0.85700406693949549","1.2206564988153734","Pruned"
"SOH","0.25","0.14999999999999999","0.10000000000000001","0.5","1","0.86906439623441223","1.1949663877232481","Pruned"
"SOH","0.25","0.14999999999999999","0.14999999999999999","0.45000000000000001","1","0.88112472552932886","1.1692762766311231","Pruned"
"SOH","0.25","0.14999999999999999","0.20000000000000001","0.40000000000000002","1","0.89318505482424548","1.1435861655389981","Pruned"
"SOH","0.25","0.14999999999999999","0.25","0.34999999999999998","1","0.90524538411916211","1.1178960544468728","Pruned"
"SOH","0.25","0.14999999999999999","0.29999999999999999","0.29999999999999999","1","0.91730571341407885","1.0922059433547477","Pruned"
"SOH","0.25","0.14999999999999999","0.34999999999999998","0.25","1","0.92936604270899548","1.0665158322626227","Pruned"
"SOH","0.25","0.14999999999999999","0.40000000000000002","0.20000000000000001","1","0.94142637200391222","1.0408257211704974","Pruned"
"SOH","0.25","0.14999999999999999","0.45000000000000001","0.14999999999999999","1","0.95348670129882884","1.0151356100783724","Pruned"
"SOH","0.25","0.14999999999999999","0.5","0.10000000000000001","1","0.96554703059374547","0.98944549898624734","Pruned"
"SOH","0.25","0.14999999999999999","0.55000000000000004","0.050000000000000003","1","0.9776073598886621","0.9637553878941223","Quantized"
"SOH","0.25","0.14999999999999999","0.59999999999999998","0","1","0.98966768918357872","0.93806527680199703","Quantized"
"SOH","0.25","0.20000000000000001","0","0.55000000000000004","1","0.84418341015437626","1.2027034562033472","Pruned"
"SOH","0.25","0.20000000000000001","0.050000000000000003","0.5","1","0.85624373944929288","1.1770133451112219","Pruned"
"SOH","0.25","0.20000000000000001","0.10000000000000001","0.45000000000000001","1","0.86830406874420962","1.1513232340190969","Pruned"
"SOH","0.25","0.20000000000000001","0.14999999999999999","0.40000000000000002","1","0.88036439803912625","1.1256331229269718","Pruned"
"SOH","0.25","0.20000000000000001","0.20000000000000001","0.34999999999999998","1","0.89242472733404288","1.0999430118348466","Pruned"
"SOH","0.25","0.20000000000000001","0.25","0.29999999999999999","1","0.90448505662895951","1.0742529007427217","Pruned"
"SOH","0.25","0.20000000000000001","0.29999999999999999","0.25","1","0.91654538592387624","1.0485627896505965","Pruned"
"SOH","0.25","0.20000000000000001","0.34999999999999998","0.20000000000000001","1","0.92860571521879287","1.0228726785584714","Pruned"
"SOH","0.25","0.20000000000000001","0.40000000000000002","0.14999999999999999","1","0.94066604451370961","0.99718256746634626","Pruned"
"SOH","0.25","0.20000000000000001","0.45000000000000001","0.10000000000000001","1","0.95272637380862624","0.9714924563742211","Pruned"
"SOH","0.25","0.20000000000000001","0.5","0.050000000000000003","1","0.96478670310354286","0.94580234528209606","Quantized"
"SOH","0.25","0.20000000000000001","0.55000000000000004","0","1","0.97684703239845949","0.92011223418997101","Quantized"
"SOH","0.25","0.25","0","0.5","1","0.84342308266417354","1.1590603024991957","Pruned"
"SOH","0.25","0.25","0.050000000000000003","0.45000000000000001","1","0.85548341195909017","1.1333701914070706","Pruned"
"SOH","0.25","0.25","0.10000000000000001","0.40000000000000002","1","0.86754374125400691","1.1076800803149456","Pruned"
"SOH","0.25","0.25","0.14999999999999999","0.34999999999999998","1","0.87960407054892353","1.0819899692228203","Pruned"
"SOH","0.25","0.25","0.20000000000000001","0.29999999999999999","1","0.89166439984384016","1.0562998581306955","Pruned"
"SOH","0.25","0.25","0.25","0.25","1","0.9037247291387569","1.0306097470385702","Pruned"
"SOH","0.25","0.25","0.29999999999999999","0.20000000000000001","1","0.91578505843367353","1.0049196359464452","Pruned"
"SOH","0.25","0.25","0.34999999999999998","0.14999999999999999","1","0.92784538772859015","0.97922952485432002","Pruned"
"SOH","0.25","0.25","0.40000000000000002","0.10000000000000001","1","0.93990571702350678","0.95353941376219487","Pruned"
"SOH","0.25","0.25","0.45000000000000001","0.050000000000000003","1","0.95196604631842341","0.92784930267006982","Quantized"
"SOH","0.25","0.25","0.5","0","1","0.96402637561334015","0.90215919157794477","Quantized"
"SOH","0.25","0.29999999999999999","0","0.45000000000000001","1","0.84266275517397093","1.1154171487950446","Pruned"
"SOH","0.25","0.29999999999999999","0.050000000000000003","0.40000000000000002","1","0.85472308446888756","1.0897270377029193","Pruned"
"SOH","0.25","0.29999999999999999","0.10000000000000001","0.34999999999999998","1","0.8667834137638043","1.0640369266107943","Pruned"
"SOH","0.25","0.29999999999999999","0.14999999999999999","0.29999999999999999","1","0.87884374305872093","1.0383468155186693","Pruned"
"SOH","0.25","0.29999999999999999","0.20000000000000001","0.25","1","0.89090407235363756","1.012656704426544","Pruned"
"SOH","0.25","0.29999999999999999","0.25","0.20000000000000001","1","0.90296440164855429","0.98696659333441894","Pruned"
"SOH","0.25","0.29999999999999999","0.29999999999999999","0.14999999999999999","1","0.91502473094347092","0.96127648224229389","Pruned"
"SOH","0.25","0.29999999999999999","0.34999999999999998","0.10000000000000001","1","0.92708506023838755","0.93558637115016874","Pruned"
"SOH","0.25","0.29999999999999999","0.40000000000000002","0.050000000000000003","1","0.93914538953330418","0.90989626005804358","Quantized"
"SOH","0.25","0.29999999999999999","0.45000000000000001","0","1","0.9512057188282208","0.88420614896591854","Quantized"
"SOH","0.25","0.34999999999999998","0","0.40000000000000002","1","0.84190242768376833","1.0717739950908931","Pruned"
"SOH","0.25","0.34999999999999998","0.050000000000000003","0.34999999999999998","1","0.85396275697868496","1.0460838839987681","Pruned"
"SOH","0.25","0.34999999999999998","0.10000000000000001","0.29999999999999999","1","0.86602308627360169","1.020393772906643","Pruned"
"SOH","0.25","0.34999999999999998","0.14999999999999999","0.25","1","0.87808341556851832","0.99470366181451786","Pruned"
"SOH","0.25","0.34999999999999998","0.20000000000000001","0.20000000000000001","1","0.89014374486343495","0.96901355072239281","Pruned"
"SOH","0.25","0.34999999999999998","0.25","0.14999999999999999","1","0.90220407415835169","0.94332343963026766","Pruned"
"SOH","0.25","0.34999999999999998","0.29999999999999999","0.10000000000000001","1","0.91426440345326832","0.91763332853814261","Pruned"
"SOH","0.25","0.34999999999999998","0.34999999999999998","0.050000000000000003","1","0.92632473274818494","0.89194321744601746","Quantized"
"SOH","0.25","0.34999999999999998","0.40000000000000002","0","1","0.93838506204310157","0.8662531063538923","Quantized"
"SOH","0.25","0.40000000000000002","0","0.34999999999999998","1","0.84114210019356572","1.028130841386742","Pruned"
"SOH","0.25","0.40000000000000002","0.050000000000000003","0.29999999999999999","1","0.85320242948848235","1.0024407302946168","Pruned"
"SOH","0.25","0.40000000000000002","0.10000000000000001","0.25","1","0.86526275878339909","0.97675061920249184","Pruned"
"SOH","0.25","0.40000000000000002","0.14999999999999999","0.20000000000000001","1","0.87732308807831572","0.95106050811036669","Pruned"
"SOH","0.25","0.40000000000000002","0.20000000000000001","0.14999999999999999","1","0.88938341737323234","0.92537039701824164","Pruned"
"SOH","0.25","0.40000000000000002","0.25","0.10000000000000001","1","0.90144374666814908","0.89968028592611649","Quantized"
"SOH","0.25","0.40000000000000002","0.29999999999999999","0.050000000000000003","1","0.91350407596306571","0.87399017483399133","Quantized"
"SOH","0.25","0.40000000000000002","0.34999999999999998","0","1","0.92556440525798234","0.84830006374186628","Quantized"
"SOH","0.25","0.45000000000000001","0","0.29999999999999999","1","0.84038177270336312","0.98448768768259076","Pruned"
"SOH","0.25","0.45000000000000001","0.050000000000000003","0.25","1","0.85244210199827974","0.95879757659046561","Pruned"
"SOH","0.25","0.45000000000000001","0.10000000000000001","0.20000000000000001","1","0.86450243129319648","0.93310746549834056","Pruned"
"SOH","0.25","0.45000000000000001","0.14999999999999999","0.14999999999999999","1","0.87656276058811311","0.9074173544062154","Pruned"
"SOH","0.25","0.45000000000000001","0.20000000000000001","0.10000000000000001","1","0.88862308988302974","0.88172724331409036","Quantized"
"SOH","0.25","0.45000000000000001","0.25","0.050000000000000003","1","0.90068341917794648","0.8560371322219652","Quantized"
"SOH","0.25","0.45000000000000001","0.29999999999999999","0","1","0.9127437484728631","0.83034702112984005","Quantized"
"SOH","0.25","0.5","0","0.25","1","0.83962144521316051","0.94084453397843937","Pruned"
"SOH","0.25","0.5","0.050000000000000003","0.20000000000000001","1","0.85168177450807714","0.91515442288631421","Pruned"
"SOH","0.25","0.5","0.10000000000000001","0.14999999999999999","1","0.86374210380299388","0.88946431179418917","Pruned"
"SOH","0.25","0.5","0.14999999999999999","0.10000000000000001","1","0.8758024330979105","0.86377420070206401","Quantized"
"SOH","0.25","0.5","0.20000000000000001","0.050000000000000003","1","0.88786276239282713","0.83808408960993896","Quantized"
"SOH","0.25","0.5","0.25","0","1","0.89992309168774387","0.81239397851781381","Quantized"
"SOH","0.25","0.55000000000000004","0","0.20000000000000001","1","0.83886111772295791","0.8972013802742882","Pruned"
"SOH","0.25","0.55000000000000004","0.050000000000000003","0.14999999999999999","1","0.85092144701787453","0.87151126918216304","Pruned"
"SOH","0.25","0.55000000000000004","0.10000000000000001","0.10000000000000001","1","0.86298177631279127","0.84582115809003799","Quantized"
"SOH","0.25","0.55000000000000004","0.14999999999999999","0.050000000000000003","1","0.8750421056077079","0.82013104699791284","Quantized"
"SOH","0.25","0.55000000000000004","0.20000000000000001","0","1","0.88710243490262453","0.79444093590578779","Quantized"
"SOH","0.25","0.59999999999999998","0","0.14999999999999999","1","0.83810079023275519","0.8535582265701368","Pruned"
"SOH","0.25","0.59999999999999998","0.050000000000000003","0.10000000000000001","1","0.85016111952767182","0.82786811547801165","Quantized"
"SOH","0.25","0.59999999999999998","0.10000000000000001","0.050000000000000003","1","0.86222144882258855","0.8021780043858866","Quantized"
"SOH","0.25","0.59999999999999998","0.14999999999999999","0","1","0.87428177811750518","0.77648789329376144","Quantized"
"SOH","0.25","0.65000000000000002","0","0.10000000000000001","1","0.83734046274255258","0.80991507286598563","Quantized"
"SOH","0.25","0.65000000000000002","0.050000000000000003","0.050000000000000003","1","0.84940079203746921","0.78422496177386047","Quantized"
"SOH","0.25","0.65000000000000002","0.10000000000000001","0","1","0.86146112133238595","0.75853485068173543","Quantized"
"SOH","0.25","0.69999999999999996","0","0.050000000000000003","1","0.83658013525234987","0.76627191916183424","Quantized"
"SOH","0.25","0.69999999999999996","0.050000000000000003","0","1","0.84864046454726649","0.74058180806970908","Quantized"
"SOH","0.25","0.75","0","0","1","0.83581980776214737","0.72262876545768306","Quantized"
"SOH","0.29999999999999999","0","0","0.69999999999999996","1","0.90472686164010008","1.395770610705845","Pruned"
"SOH","0.29999999999999999","0","0.050000000000000003","0.65000000000000002","1","0.9167871909350167","1.3700804996137199","Pruned"
"SOH","0.29999999999999999","0","0.10000000000000001","0.59999999999999998","1","0.92884752022993344","1.3443903885215946","Pruned"
"SOH","0.29999999999999999","0","0.14999999999999999","0.55000000000000004","1","0.94090784952485007","1.3187002774294698","Pruned"
"SOH","0.29999999999999999","0","0.20000000000000001","0.5","1","0.9529681788197667","1.2930101663373446","Pruned"
"SOH","0.29999999999999999","0","0.25","0.45000000000000001","1","0.96502850811468344","1.2673200552452195","Pruned"
"SOH","0.29999999999999999","0","0.29999999999999999","0.40000000000000002","1","0.97708883740960006","1.2416299441530945","Pruned"
"SOH","0.29999999999999999","0","0.34999999999999998","0.34999999999999998","1","0.98914916670451669","1.2159398330609692","Pruned"
"SOH","0.29999999999999999","0","0.40000000000000002","0.29999999999999999","1","1.0012094959994333","1.1902497219688442","Base"
"SOH","0.29999999999999999","0","0.45000000000000001","0.25","1","1.0132698252943499","1.1645596108767191","Base"
"SOH","0.29999999999999999","0","0.5","0.20000000000000001","1","1.0253301545892666","1.1388694997845938","Base"
"SOH","0.29999999999999999","0","0.55000000000000004","0.14999999999999999","1","1.0373904838841834","1.113179388692469","Base"
"SOH","0.29999999999999999","0","0.59999999999999998","0.10000000000000001","1","1.0494508131791001","1.0874892776003438","Base"
"SOH","0.29999999999999999","0","0.65000000000000002","0.050000000000000003","1","1.0615111424740167","1.0617991665082187","Base"
"SOH","0.29999999999999999","0","0.69999999999999996","0","1","1.0735714717689333","1.0361090554160934","Base"
"SOH","0.29999999999999999","0.050000000000000003","0","0.65000000000000002","1","0.90396653414989747","1.3521274570016937","Pruned"
"SOH","0.29999999999999999","0.050000000000000003","0.050000000000000003","0.59999999999999998","1","0.9160268634448141","1.3264373459095684","Pruned"
"SOH","0.29999999999999999","0.050000000000000003","0.10000000000000001","0.55000000000000004","1","0.92808719273973084","1.3007472348174436","Pruned"
"SOH","0.29999999999999999","0.050000000000000003","0.14999999999999999","0.5","1","0.94014752203464746","1.2750571237253183","Pruned"
"SOH","0.29999999999999999","0.050000000000000003","0.20000000000000001","0.45000000000000001","1","0.95220785132956409","1.2493670126331933","Pruned"
"SOH","0.29999999999999999","0.050000000000000003","0.25","0.40000000000000002","1","0.96426818062448083","1.2236769015410682","Pruned"
"SOH","0.29999999999999999","0.050000000000000003","0.29999999999999999","0.34999999999999998","1","0.97632850991939746","1.197986790448943","Pruned"
"SOH","0.29999999999999999","0.050000000000000003","0.34999999999999998","0.29999999999999999","1","0.98838883921431409","1.1722966793568179","Pruned"
"SOH","0.29999999999999999","0.050000000000000003","0.40000000000000002","0.25","1","1.0004491685092307","1.1466065682646929","Base"
"SOH","0.29999999999999999","0.050000000000000003","0.45000000000000001","0.20000000000000001","1","1.0125094978041473","1.1209164571725676","Base"
"SOH","0.29999999999999999","0.050000000000000003","0.5","0.14999999999999999","1","1.024569827099064","1.0952263460804426","Base"
"SOH","0.29999999999999999","0.050000000000000003","0.55000000000000004","0.10000000000000001","1","1.0366301563939808","1.0695362349883175","Base"
"SOH","0.29999999999999999","0.050000000000000003","0.59999999999999998","0.050000000000000003","1","1.0486904856888974","1.0438461238961922","Base"
"SOH","0.29999999999999999","0.050000000000000003","0.65000000000000002","0","1","1.0607508149838141","1.0181560128040674","Base"
"SOH","0.29999999999999999","0.10000000000000001","0","0.59999999999999998","1","0.90320620665969487","1.3084843032975424","Pruned"
"SOH","0.29999999999999999","0.10000000000000001","0.050000000000000003","0.55000000000000004","1","0.91526653595461149","1.2827941922054173","Pruned"
"SOH","0.29999999999999999","0.10000000000000001","0.10000000000000001","0.5","1","0.92732686524952823","1.2571040811132921","Pruned"
"SOH","0.29999999999999999","0.10000000000000001","0.14999999999999999","0.45000000000000001","1","0.93938719454444486","1.231413970021167","Pruned"
"SOH","0.29999999999999999","0.10000000000000001","0.20000000000000001","0.40000000000000002","1","0.95144752383936149","1.205723858929042","Pruned"
"SOH","0.29999999999999999","0.10000000000000001","0.25","0.34999999999999998","1","0.96350785313427822","1.1800337478369167","Pruned"
"SOH","0.29999999999999999","0.10000000000000001","0.29999999999999999","0.29999999999999999","1","0.97556818242919485","1.1543436367447917","Pruned"
"SOH","0.29999999999999999","0.10000000000000001","0.34999999999999998","0.25","1","0.98762851172411148","1.1286535256526666","Pruned"
"SOH","0.29999999999999999","0.10000000000000001","0.40000000000000002","0.20000000000000001","1","0.99968884101902811","1.1029634145605416","Pruned"
"SOH","0.29999999999999999","0.10000000000000001","0.45000000000000001","0.14999999999999999","1","1.0117491703139447","1.0772733034684165","Base"
"SOH","0.29999999999999999","0.10000000000000001","0.5","0.10000000000000001","1","1.0238094996088614","1.0515831923762913","Base"
"SOH","0.29999999999999999","0.10000000000000001","0.55000000000000004","0.050000000000000003","1","1.0358698289037782","1.0258930812841662","Base"
"SOH","0.29999999999999999","0.10000000000000001","0.59999999999999998","0","1","1.0479301581986948","1.0002029701920412","Base"
"SOH","0.29999999999999999","0.14999999999999999","0","0.55000000000000004","1","0.90244587916949215","1.2648411495933911","Pruned"
"SOH","0.29999999999999999","0.14999999999999999","0.050000000000000003","0.5","1","0.91450620846440878","1.2391510385012658","Pruned"
"SOH","0.29999999999999999","0.14999999999999999","0.10000000000000001","0.45000000000000001","1","0.92656653775932551","1.213460927409141","Pruned"
"SOH","0.29999999999999999","0.14999999999999999","0.14999999999999999","0.40000000000000002","1","0.93862686705424214","1.1877708163170158","Pruned"
"SOH","0.29999999999999999","0.14999999999999999","0.20000000000000001","0.34999999999999998","1","0.95068719634915877","1.1620807052248907","Pruned"
"SOH","0.29999999999999999","0.14999999999999999","0.25","0.29999999999999999","1","0.9627475256440754","1.1363905941327657","Pruned"
"SOH","0.29999999999999999","0.14999999999999999","0.29999999999999999","0.25","1","0.97480785493899214","1.1107004830406404","Pruned"
"SOH","0.29999999999999999","0.14999999999999999","0.34999999999999998","0.20000000000000001","1","0.98686818423390876","1.0850103719485154","Pruned"
"SOH","0.29999999999999999","0.14999999999999999","0.40000000000000002","0.14999999999999999","1","0.9989285135288255","1.0593202608563903","Pruned"
"SOH","0.29999999999999999","0.14999999999999999","0.45000000000000001","0.10000000000000001","1","1.0109888428237421","1.033630149764265","Base"
"SOH","0.29999999999999999","0.14999999999999999","0.5","0.050000000000000003","1","1.0230491721186588","1.00794003867214","Base"
"SOH","0.29999999999999999","0.14999999999999999","0.55000000000000004","0","1","1.0351095014135754","0.98224992758001495","Quantized"
"SOH","0.29999999999999999","0.20000000000000001","0","0.5","1","0.90168555167928954","1.2211979958892398","Pruned"
"SOH","0.29999999999999999","0.20000000000000001","0.050000000000000003","0.45000000000000001","1","0.91374588097420617","1.1955078847971148","Pruned"
"SOH","0.29999999999999999","0.20000000000000001","0.10000000000000001","0.40000000000000002","1","0.92580621026912291","1.1698177737049895","Pruned"
"SOH","0.29999999999999999","0.20000000000000001","0.14999999999999999","0.34999999999999998","1","0.93786653956403954","1.1441276626128645","Pruned"
"SOH","0.29999999999999999","0.20000000000000001","0.20000000000000001","0.29999999999999999","1","0.94992686885895616","1.1184375515207394","Pruned"
"SOH","0.29999999999999999","0.20000000000000001","0.25","0.25","1","0.96198719815387279","1.0927474404286142","Pruned"
"SOH","0.29999999999999999","0.20000000000000001","0.29999999999999999","0.20000000000000001","1","0.97404752744878953","1.0670573293364891","Pruned"
"SOH","0.29999999999999999","0.20000000000000001","0.34999999999999998","0.14999999999999999","1","0.98610785674370616","1.0413672182443641","Pruned"
"SOH","0.29999999999999999","0.20000000000000001","0.40000000000000002","0.10000000000000001","1","0.9981681860386229","1.015677107152239","Pruned"
"SOH","0.29999999999999999","0.20000000000000001","0.45000000000000001","0.050000000000000003","1","1.0102285153335395","0.98998699606011387","Quantized"
"SOH","0.29999999999999999","0.20000000000000001","0.5","0","1","1.0222888446284562","0.96429688496798871","Quantized"
"SOH","0.29999999999999999","0.25","0","0.45000000000000001","1","0.90092522418908694","1.1775548421850885","Pruned"
"SOH","0.29999999999999999","0.25","0.050000000000000003","0.40000000000000002","1","0.91298555348400356","1.1518647310929633","Pruned"
"SOH","0.29999999999999999","0.25","0.10000000000000001","0.34999999999999998","1","0.9250458827789203","1.1261746200008382","Pruned"
"SOH","0.29999999999999999","0.25","0.14999999999999999","0.29999999999999999","1","0.93710621207383693","1.1004845089087132","Pruned"
"SOH","0.29999999999999999","0.25","0.20000000000000001","0.25","1","0.94916654136875356","1.0747943978165881","Pruned"
"SOH","0.29999999999999999","0.25","0.25","0.20000000000000001","1","0.96122687066367019","1.0491042867244631","Pruned"
"SOH","0.29999999999999999","0.25","0.29999999999999999","0.14999999999999999","1","0.97328719995858692","1.0234141756323378","Pruned"
"SOH","0.29999999999999999","0.25","0.34999999999999998","0.10000000000000001","1","0.98534752925350355","0.99772406454021278","Pruned"
"SOH","0.29999999999999999","0.25","0.40000000000000002","0.050000000000000003","1","0.99740785854842029","0.97203395344808774","Quantized"
"SOH","0.29999999999999999","0.25","0.45000000000000001","0","1","1.0094681878433369","0.94634384235596258","Quantized"
"SOH","0.29999999999999999","0.29999999999999999","0","0.40000000000000002","1","0.90016489669888433","1.1339116884809373","Pruned"
"SOH","0.29999999999999999","0.29999999999999999","0.050000000000000003","0.34999999999999998","1","0.91222522599380096","1.108221577388812","Pruned"
"SOH","0.29999999999999999","0.29999999999999999","0.10000000000000001","0.29999999999999999","1","0.9242855552887177","1.082531466296687","Pruned"
"SOH","0.29999999999999999","0.29999999999999999","0.14999999999999999","0.25","1","0.93634588458363432","1.0568413552045619","Pruned"
"SOH","0.29999999999999999","0.29999999999999999","0.20000000000000001","0.20000000000000001","1","0.94840621387855095","1.0311512441124369","Pruned"
"SOH","0.29999999999999999","0.29999999999999999","0.25","0.14999999999999999","1","0.96046654317346758","1.0054611330203116","Pruned"
"SOH","0.29999999999999999","0.29999999999999999","0.29999999999999999","0.10000000000000001","1","0.97252687246838432","0.97977102192818655","Pruned"
"SOH","0.29999999999999999","0.29999999999999999","0.34999999999999998","0.050000000000000003","1","0.98458720176330095","0.9540809108360615","Quantized"
"SOH","0.29999999999999999","0.29999999999999999","0.40000000000000002","0","1","0.99664753105821768","0.92839079974393646","Quantized"
"SOH","0.29999999999999999","0.34999999999999998","0","0.34999999999999998","1","0.89940456920868161","1.090268534776786","Pruned"
"SOH","0.29999999999999999","0.34999999999999998","0.050000000000000003","0.29999999999999999","1","0.91146489850359824","1.0645784236846607","Pruned"
"SOH","0.29999999999999999","0.34999999999999998","0.10000000000000001","0.25","1","0.92352522779851498","1.0388883125925359","Pruned"
"SOH","0.29999999999999999","0.34999999999999998","0.14999999999999999","0.20000000000000001","1","0.93558555709343161","1.0131982015004106","Pruned"
"SOH","0.29999999999999999","0.34999999999999998","0.20000000000000001","0.14999999999999999","1","0.94764588638834824","0.98750809040828558","Pruned"
"SOH","0.29999999999999999","0.34999999999999998","0.25","0.10000000000000001","1","0.95970621568326497","0.96181797931616042","Pruned"
"SOH","0.29999999999999999","0.34999999999999998","0.29999999999999999","0.050000000000000003","1","0.9717665449781816","0.93612786822403526","Quantized"
"SOH","0.29999999999999999","0.34999999999999998","0.34999999999999998","0","1","0.98382687427309823","0.91043775713191022","Quantized"
"SOH","0.29999999999999999","0.40000000000000002","0","0.29999999999999999","1","0.89864424171847901","1.0466253810726347","Pruned"
"SOH","0.29999999999999999","0.40000000000000002","0.050000000000000003","0.25","1","0.91070457101339564","1.0209352699805097","Pruned"
"SOH","0.29999999999999999","0.40000000000000002","0.10000000000000001","0.20000000000000001","1","0.92276490030831237","0.9952451588883845","Pruned"
"SOH","0.29999999999999999","0.40000000000000002","0.14999999999999999","0.14999999999999999","1","0.934825229603229","0.96955504779625934","Pruned"
"SOH","0.29999999999999999","0.40000000000000002","0.20000000000000001","0.10000000000000001","1","0.94688555889814563","0.94386493670413429","Quantized"
"SOH","0.29999999999999999","0.40000000000000002","0.25","0.050000000000000003","1","0.95894588819306237","0.91817482561200914","Quantized"
"SOH","0.29999999999999999","0.40000000000000002","0.29999999999999999","0","1","0.971006217487979","0.89248471451988398","Quantized"
"SOH","0.29999999999999999","0.45000000000000001","0","0.25","1","0.8978839142282764","1.0029822273684834","Pruned"
"SOH","0.29999999999999999","0.45000000000000001","0.050000000000000003","0.20000000000000001","1","0.90994424352319303","0.97729211627635826","Pruned"
"SOH","0.29999999999999999","0.45000000000000001","0.10000000000000001","0.14999999999999999","1","0.92200457281810977","0.95160200518423321","Pruned"
"SOH","0.29999999999999999","0.45000000000000001","0.14999999999999999","0.10000000000000001","1","0.9340649021130264","0.92591189409210806","Quantized"
"SOH","0.29999999999999999","0.45000000000000001","0.20000000000000001","0.050000000000000003","1","0.94612523140794302","0.90022178299998301","Quantized"
"SOH","0.29999999999999999","0.45000000000000001","0.25","0","1","0.95818556070285976","0.87453167190785785","Quantized"
"SOH","0.29999999999999999","0.5","0","0.20000000000000001","1","0.8971235867380738","0.95933907366433213","Pruned"
"SOH","0.29999999999999999","0.5","0.050000000000000003","0.14999999999999999","1","0.90918391603299042","0.93364896257220698","Pruned"
"SOH","0.29999999999999999","0.5","0.10000000000000001","0.10000000000000001","1","0.92124424532790716","0.90795885148008193","Quantized"
"SOH","0.29999999999999999","0.5","0.14999999999999999","0.050000000000000003","1","0.93330457462282379","0.88226874038795677","Quantized"
"SOH","0.29999999999999999","0.5","0.20000000000000001","0","1","0.94536490391774042","0.85657862929583173","Quantized"
"SOH","0.29999999999999999","0.55000000000000004","0","0.14999999999999999","1","0.89636325924787119","0.91569591996018085","Pruned"
"SOH","0.29999999999999999","0.55000000000000004","0.050000000000000003","0.10000000000000001","1","0.90842358854278782","0.89000580886805569","Quantized"
"SOH","0.29999999999999999","0.55000000000000004","0.10000000000000001","0.050000000000000003","1","0.92048391783770456","0.86431569777593065","Quantized"
"SOH","0.29999999999999999","0.55000000000000004","0.14999999999999999","0","1","0.93254424713262118","0.83862558668380549","Quantized"
"SOH","0.29999999999999999","0.59999999999999998","0","0.10000000000000001","1","0.89560293175766859","0.87205276625602957","Quantized"
"SOH","0.29999999999999999","0.59999999999999998","0.050000000000000003","0.050000000000000003","1","0.90766326105258521","0.84636265516390441","Quantized"
"SOH","0.29999999999999999","0.59999999999999998","0.10000000000000001","0","1","0.91972359034750195","0.82067254407177936","Quantized"
"SOH","0.29999999999999999","0.65000000000000002","0","0.050000000000000003","1","0.89484260426746598","0.82840961255187828","Quantized"
"SOH","0.29999999999999999","0.65000000000000002","0.050000000000000003","0","1","0.90690293356238261","0.80271950145975313","Quantized"
"SOH","0.29999999999999999","0.69999999999999996","0","0","1","0.89408227677726326","0.784766458847727","Quantized"
"SOH","0.34999999999999998","0","0","0.65000000000000002","1","0.96222900316501347","1.4142651503917376","Pruned"
"SOH","0.34999999999999998","0","0.050000000000000003","0.59999999999999998","1","0.9742893324599301","1.3885750392996126","Pruned"
"SOH","0.34999999999999998","0","0.10000000000000001","0.55000000000000004","1","0.98634966175484684","1.3628849282074875","Pruned"
"SOH","0.34999999999999998","0","0.14999999999999999","0.5","1","0.99840999104976347","1.3371948171153623","Pruned"
"SOH","0.34999999999999998","0","0.20000000000000001","0.45000000000000001","1","1.0104703203446801","1.3115047060232374","Base"
"SOH","0.34999999999999998","0","0.25","0.40000000000000002","1","1.0225306496395967","1.2858145949311122","Base"
"SOH","0.34999999999999998","0","0.29999999999999999","0.34999999999999998","1","1.0345909789345136","1.2601244838389871","Base"
"SOH","0.34999999999999998","0","0.34999999999999998","0.29999999999999999","1","1.0466513082294302","1.2344343727468621","Base"
"SOH","0.34999999999999998","0","0.40000000000000002","0.25","1","1.0587116375243468","1.2087442616547368","Base"
"SOH","0.34999999999999998","0","0.45000000000000001","0.20000000000000001","1","1.0707719668192635","1.1830541505626118","Base"
"SOH","0.34999999999999998","0","0.5","0.14999999999999999","1","1.0828322961141801","1.1573640394704867","Base"
"SOH","0.34999999999999998","0","0.55000000000000004","0.10000000000000001","1","1.0948926254090967","1.1316739283783617","Base"
"SOH","0.34999999999999998","0","0.59999999999999998","0.050000000000000003","1","1.1069529547040133","1.1059838172862364","Base"
"SOH","0.34999999999999998","0","0.65000000000000002","0","1","1.11901328399893","1.0802937061941114","Base"
"SOH","0.34999999999999998","0.050000000000000003","0","0.59999999999999998","1","0.96146867567481087","1.3706219966875866","Pruned"
"SOH","0.34999999999999998","0.050000000000000003","0.050000000000000003","0.55000000000000004","1","0.9735290049697275","1.3449318855954613","Pruned"
"SOH","0.34999999999999998","0.050000000000000003","0.10000000000000001","0.5","1","0.98558933426464423","1.3192417745033362","Pruned"
"SOH","0.34999999999999998","0.050000000000000003","0.14999999999999999","0.45000000000000001","1","0.99764966355956086","1.2935516634112112","Pruned"
"SOH","0.34999999999999998","0.050000000000000003","0.20000000000000001","0.40000000000000002","1","1.0097099928544775","1.2678615523190859","Base"
"SOH","0.34999999999999998","0.050000000000000003","0.25","0.34999999999999998","1","1.0217703221493941","1.2421714412269609","Base"
"SOH","0.34999999999999998","0.050000000000000003","0.29999999999999999","0.29999999999999999","1","1.033830651444311","1.2164813301348358","Base"
"SOH","0.34999999999999998","0.050000000000000003","0.34999999999999998","0.25","1","1.0458909807392276","1.1907912190427106","Base"
"SOH","0.34999999999999998","0.050000000000000003","0.40000000000000002","0.20000000000000001","1","1.0579513100341442","1.1651011079505855","Base"
"SOH","0.34999999999999998","0.050000000000000003","0.45000000000000001","0.14999999999999999","1","1.0700116393290608","1.1394109968584605","Base"
"SOH","0.34999999999999998","0.050000000000000003","0.5","0.10000000000000001","1","1.0820719686239775","1.1137208857663354","Base"
"SOH","0.34999999999999998","0.050000000000000003","0.55000000000000004","0.050000000000000003","1","1.0941322979188941","1.0880307746742104","Base"
"SOH","0.34999999999999998","0.050000000000000003","0.59999999999999998","0","1","1.1061926272138107","1.0623406635820851","Base"
"SOH","0.34999999999999998","0.10000000000000001","0","0.55000000000000004","1","0.96070834818460826","1.3269788429834353","Pruned"
"SOH","0.34999999999999998","0.10000000000000001","0.050000000000000003","0.5","1","0.97276867747952489","1.30128873189131","Pruned"
"SOH","0.34999999999999998","0.10000000000000001","0.10000000000000001","0.45000000000000001","1","0.98482900677444163","1.275598620799185","Pruned"
"SOH","0.34999999999999998","0.10000000000000001","0.14999999999999999","0.40000000000000002","1","0.99688933606935826","1.2499085097070597","Pruned"
"SOH","0.34999999999999998","0.10000000000000001","0.20000000000000001","0.34999999999999998","1","1.0089496653642749","1.2242183986149346","Base"
"SOH","0.34999999999999998","0.10000000000000001","0.25","0.29999999999999999","1","1.0210099946591915","1.1985282875228096","Base"
"SOH","0.34999999999999998","0.10000000000000001","0.29999999999999999","0.25","1","1.0330703239541084","1.1728381764306846","Base"
"SOH","0.34999999999999998","0.10000000000000001","0.34999999999999998","0.20000000000000001","1","1.045130653249025","1.1471480653385595","Base"
"SOH","0.34999999999999998","0.10000000000000001","0.40000000000000002","0.14999999999999999","1","1.0571909825439416","1.1214579542464342","Base"
"SOH","0.34999999999999998","0.10000000000000001","0.45000000000000001","0.10000000000000001","1","1.0692513118388582","1.0957678431543092","Base"
"SOH","0.34999999999999998","0.10000000000000001","0.5","0.050000000000000003","1","1.0813116411337749","1.0700777320621842","Base"
"SOH","0.34999999999999998","0.10000000000000001","0.55000000000000004","0","1","1.0933719704286915","1.0443876209700591","Base"
"SOH","0.34999999999999998","0.14999999999999999","0","0.5","1","0.95994802069440555","1.283335689279284","Pruned"
"SOH","0.34999999999999998","0.14999999999999999","0.050000000000000003","0.45000000000000001","1","0.97200834998932217","1.2576455781871587","Pruned"
"SOH","0.34999999999999998","0.14999999999999999","0.10000000000000001","0.40000000000000002","1","0.98406867928423891","1.2319554670950337","Pruned"
"SOH","0.34999999999999998","0.14999999999999999","0.14999999999999999","0.34999999999999998","1","0.99612900857915554","1.2062653560029084","Pruned"
"SOH","0.34999999999999998","0.14999999999999999","0.20000000000000001","0.29999999999999999","1","1.0081893378740721","1.1805752449107834","Base"
"SOH","0.34999999999999998","0.14999999999999999","0.25","0.25","1","1.0202496671689889","1.1548851338186583","Base"
"SOH","0.34999999999999998","0.14999999999999999","0.29999999999999999","0.20000000000000001","1","1.0323099964639055","1.1291950227265333","Base"
"SOH","0.34999999999999998","0.14999999999999999","0.34999999999999998","0.14999999999999999","1","1.0443703257588222","1.103504911634408","Base"
"SOH","0.34999999999999998","0.14999999999999999","0.40000000000000002","0.10000000000000001","1","1.0564306550537388","1.077814800542283","Base"
"SOH","0.34999999999999998","0.14999999999999999","0.45000000000000001","0.050000000000000003","1","1.0684909843486554","1.0521246894501579","Base"
"SOH","0.34999999999999998","0.14999999999999999","0.5","0","1","1.0805513136435723","1.0264345783580329","Base"
"SOH","0.34999999999999998","0.20000000000000001","0","0.45000000000000001","1","0.95918769320420294","1.2396925355751325","Pruned"
"SOH","0.34999999999999998","0.20000000000000001","0.050000000000000003","0.40000000000000002","1","0.97124802249911957","1.2140024244830074","Pruned"
"SOH","0.34999999999999998","0.20000000000000001","0.10000000000000001","0.34999999999999998","1","0.98330835179403631","1.1883123133908824","Pruned"
"SOH","0.34999999999999998","0.20000000000000001","0.14999999999999999","0.29999999999999999","1","0.99536868108895293","1.1626222022987571","Pruned"
"SOH","0.34999999999999998","0.20000000000000001","0.20000000000000001","0.25","1","1.0074290103838694","1.1369320912066323","Base"
"SOH","0.34999999999999998","0.20000000000000001","0.25","0.20000000000000001","1","1.0194893396787863","1.111241980114507","Base"
"SOH","0.34999999999999998","0.20000000000000001","0.29999999999999999","0.14999999999999999","1","1.0315496689737029","1.085551869022382","Base"
"SOH","0.34999999999999998","0.20000000000000001","0.34999999999999998","0.10000000000000001","1","1.0436099982686196","1.0598617579302569","Base"
"SOH","0.34999999999999998","0.20000000000000001","0.40000000000000002","0.050000000000000003","1","1.0556703275635362","1.0341716468381317","Base"
"SOH","0.34999999999999998","0.20000000000000001","0.45000000000000001","0","1","1.0677306568584528","1.0084815357460066","Base"
"SOH","0.34999999999999998","0.25","0","0.40000000000000002","1","0.95842736571400033","1.1960493818709814","Pruned"
"SOH","0.34999999999999998","0.25","0.050000000000000003","0.34999999999999998","1","0.97048769500891696","1.1703592707788562","Pruned"
"SOH","0.34999999999999998","0.25","0.10000000000000001","0.29999999999999999","1","0.9825480243038337","1.1446691596867311","Pruned"
"SOH","0.34999999999999998","0.25","0.14999999999999999","0.25","1","0.99460835359875033","1.1189790485946061","Pruned"
"SOH","0.34999999999999998","0.25","0.20000000000000001","0.20000000000000001","1","1.0066686828936668","1.0932889375024808","Base"
"SOH","0.34999999999999998","0.25","0.25","0.14999999999999999","1","1.0187290121885837","1.0675988264103558","Base"
"SOH","0.34999999999999998","0.25","0.29999999999999999","0.10000000000000001","1","1.0307893414835003","1.0419087153182307","Base"
"SOH","0.34999999999999998","0.25","0.34999999999999998","0.050000000000000003","1","1.0428496707784169","1.0162186042261054","Base"
"SOH","0.34999999999999998","0.25","0.40000000000000002","0","1","1.0549100000733336","0.99052849313398039","Quantized"
"SOH","0.34999999999999998","0.29999999999999999","0","0.34999999999999998","1","0.95766703822379773","1.1524062281668299","Pruned"
"SOH","0.34999999999999998","0.29999999999999999","0.050000000000000003","0.29999999999999999","1","0.96972736751871436","1.1267161170747049","Pruned"
"SOH","0.34999999999999998","0.29999999999999999","0.10000000000000001","0.25","1","0.98178769681363109","1.1010260059825798","Pruned"
"SOH","0.34999999999999998","0.29999999999999999","0.14999999999999999","0.20000000000000001","1","0.99384802610854772","1.0753358948904546","Pruned"
"SOH","0.34999999999999998","0.29999999999999999","0.20000000000000001","0.14999999999999999","1","1.0059083554034642","1.0496457837983297","Base"
"SOH","0.34999999999999998","0.29999999999999999","0.25","0.10000000000000001","1","1.0179686846983811","1.0239556727062045","Base"
"SOH","0.34999999999999998","0.29999999999999999","0.29999999999999999","0.050000000000000003","1","1.0300290139932977","0.99826556161407942","Quantized"
"SOH","0.34999999999999998","0.29999999999999999","0.34999999999999998","0","1","1.0420893432882143","0.97257545052195427","Quantized"
"SOH","0.34999999999999998","0.34999999999999998","0","0.29999999999999999","1","0.95690671073359512","1.1087630744626789","Pruned"
"SOH","0.34999999999999998","0.34999999999999998","0.050000000000000003","0.25","1","0.96896704002851175","1.0830729633705536","Pruned"
"SOH","0.34999999999999998","0.34999999999999998","0.10000000000000001","0.20000000000000001","1","0.98102736932342849","1.0573828522784285","Pruned"
"SOH","0.34999999999999998","0.34999999999999998","0.14999999999999999","0.14999999999999999","1","0.99308769861834512","1.0316927411863035","Pruned"
"SOH","0.34999999999999998","0.34999999999999998","0.20000000000000001","0.10000000000000001","1","1.0051480279132616","1.0060026300941782","Base"
"SOH","0.34999999999999998","0.34999999999999998","0.25","0.050000000000000003","1","1.0172083572081785","0.98031251900205318","Quantized"
"SOH","0.34999999999999998","0.34999999999999998","0.29999999999999999","0","1","1.0292686865030951","0.95462240790992814","Quantized"
"SOH","0.34999999999999998","0.40000000000000002","0","0.25","1","0.95614638324339252","1.0651199207585273","Pruned"
"SOH","0.34999999999999998","0.40000000000000002","0.050000000000000003","0.20000000000000001","1","0.96820671253830914","1.0394298096664023","Pruned"
"SOH","0.34999999999999998","0.40000000000000002","0.10000000000000001","0.14999999999999999","1","0.98026704183322588","1.0137396985742773","Pruned"
"SOH","0.34999999999999998","0.40000000000000002","0.14999999999999999","0.10000000000000001","1","0.99232737112814251","0.9880495874821521","Quantized"
"SOH","0.34999999999999998","0.40000000000000002","0.20000000000000001","0.050000000000000003","1","1.004387700423059","0.96235947639002706","Quantized"
"SOH","0.34999999999999998","0.40000000000000002","0.25","0","1","1.0164480297179759","0.9366693652979019","Quantized"
"SOH","0.34999999999999998","0.45000000000000001","0","0.20000000000000001","1","0.95538605575318991","1.0214767670543763","Pruned"
"SOH","0.34999999999999998","0.45000000000000001","0.050000000000000003","0.14999999999999999","1","0.96744638504810654","0.99578665596225102","Pruned"
"SOH","0.34999999999999998","0.45000000000000001","0.10000000000000001","0.10000000000000001","1","0.97950671434302328","0.97009654487012598","Quantized"
"SOH","0.34999999999999998","0.45000000000000001","0.14999999999999999","0.050000000000000003","1","0.9915670436379399","0.94440643377800082","Quantized"
"SOH","0.34999999999999998","0.45000000000000001","0.20000000000000001","0","1","1.0036273729328566","0.91871632268587577","Quantized"
"SOH","0.34999999999999998","0.5","0","0.14999999999999999","1","0.95462572826298719","0.9778336133502249","Pruned"
"SOH","0.34999999999999998","0.5","0.050000000000000003","0.10000000000000001","1","0.96668605755790382","0.95214350225809974","Quantized"
"SOH","0.34999999999999998","0.5","0.10000000000000001","0.050000000000000003","1","0.97874638685282056","0.92645339116597469","Quantized"
"SOH","0.34999999999999998","0.5","0.14999999999999999","0","1","0.99080671614773719","0.90076328007384954","Quantized"
"SOH","0.34999999999999998","0.55000000000000004","0","0.10000000000000001","1","0.95386540077278459","0.93419045964607361","Quantized"
"SOH","0.34999999999999998","0.55000000000000004","0.050000000000000003","0.050000000000000003","1","0.96592573006770122","0.90850034855394846","Quantized"
"SOH","0.34999999999999998","0.55000000000000004","0.10000000000000001","0","1","0.97798605936261795","0.88281023746182341","Quantized"
"SOH","0.34999999999999998","0.59999999999999998","0","0.050000000000000003","1","0.95310507328258187","0.89054730594192233","Quantized"
"SOH","0.34999999999999998","0.59999999999999998","0.050000000000000003","0","1","0.9651654025774985","0.86485719484979717","Quantized"
"SOH","0.34999999999999998","0.65000000000000002","0","0","1","0.95234474579237927","0.84690415223777105","Quantized"
"SOH","0.40000000000000002","0","0","0.59999999999999998","1","1.0197311446899269","1.4327596900776305","Base"
"SOH","0.40000000000000002","0","0.050000000000000003","0.55000000000000004","1","1.0317914739848435","1.4070695789855057","Base"
"SOH","0.40000000000000002","0","0.10000000000000001","0.5","1","1.0438518032797601","1.3813794678933804","Base"
"SOH","0.40000000000000002","0","0.14999999999999999","0.45000000000000001","1","1.0559121325746768","1.3556893568012551","Base"
"SOH","0.40000000000000002","0","0.20000000000000001","0.40000000000000002","1","1.0679724618695934","1.3299992457091303","Base"
"SOH","0.40000000000000002","0","0.25","0.34999999999999998","1","1.0800327911645102","1.304309134617005","Base"
"SOH","0.40000000000000002","0","0.29999999999999999","0.29999999999999999","1","1.0920931204594269","1.27861902352488","Base"
"SOH","0.40000000000000002","0","0.34999999999999998","0.25","1","1.1041534497543435","1.2529289124327549","Base"
"SOH","0.40000000000000002","0","0.40000000000000002","0.20000000000000001","1","1.1162137790492601","1.2272388013406297","Base"
"SOH","0.40000000000000002","0","0.45000000000000001","0.14999999999999999","1","1.1282741083441767","1.2015486902485046","Base"
"SOH","0.40000000000000002","0","0.5","0.10000000000000001","1","1.1403344376390936","1.1758585791563796","Base"
"SOH","0.40000000000000002","0","0.55000000000000004","0.050000000000000003","1","1.1523947669340102","1.1501684680642545","Base"
"SOH","0.40000000000000002","0","0.59999999999999998","0","1","1.1644550962289268","1.1244783569721293","Base"
"SOH","0.40000000000000002","0.050000000000000003","0","0.55000000000000004","1","1.0189708171997243","1.3891165363734794","Base"
"SOH","0.40000000000000002","0.050000000000000003","0.050000000000000003","0.5","1","1.0310311464946409","1.3634264252813542","Base"
"SOH","0.40000000000000002","0.050000000000000003","0.10000000000000001","0.45000000000000001","1","1.0430914757895575","1.3377363141892291","Base"
"SOH","0.40000000000000002","0.050000000000000003","0.14999999999999999","0.40000000000000002","1","1.0551518050844741","1.3120462030971041","Base"
"SOH","0.40000000000000002","0.050000000000000003","0.20000000000000001","0.34999999999999998","1","1.0672121343793908","1.2863560920049788","Base"
"SOH","0.40000000000000002","0.050000000000000003","0.25","0.29999999999999999","1","1.0792724636743076","1.2606659809128538","Base"
"SOH","0.40000000000000002","0.050000000000000003","0.29999999999999999","0.25","1","1.0913327929692243","1.2349758698207287","Base"
"SOH","0.40000000000000002","0.050000000000000003","0.34999999999999998","0.20000000000000001","1","1.1033931222641409","1.2092857587286034","Base"
"SOH","0.40000000000000002","0.050000000000000003","0.40000000000000002","0.14999999999999999","1","1.1154534515590575","1.1835956476364784","Base"
"SOH","0.40000000000000002","0.050000000000000003","0.45000000000000001","0.10000000000000001","1","1.1275137808539741","1.1579055365443534","Base"
"SOH","0.40000000000000002","0.050000000000000003","0.5","0.050000000000000003","1","1.139574110148891","1.1322154254522283","Base"
"SOH","0.40000000000000002","0.050000000000000003","0.55000000000000004","0","1","1.1516344394438076","1.1065253143601033","Base"
"SOH","0.40000000000000002","0.10000000000000001","0","0.5","1","1.0182104897095217","1.3454733826693279","Base"
"SOH","0.40000000000000002","0.10000000000000001","0.050000000000000003","0.45000000000000001","1","1.0302708190044383","1.3197832715772029","Base"
"SOH","0.40000000000000002","0.10000000000000001","0.10000000000000001","0.40000000000000002","1","1.0423311482993549","1.2940931604850778","Base"
"SOH","0.40000000000000002","0.10000000000000001","0.14999999999999999","0.34999999999999998","1","1.0543914775942715","1.2684030493929526","Base"
"SOH","0.40000000000000002","0.10000000000000001","0.20000000000000001","0.29999999999999999","1","1.0664518068891882","1.2427129383008277","Base"
"SOH","0.40000000000000002","0.10000000000000001","0.25","0.25","1","1.078512136184105","1.2170228272087025","Base"
"SOH","0.40000000000000002","0.10000000000000001","0.29999999999999999","0.20000000000000001","1","1.0905724654790216","1.1913327161165774","Base"
"SOH","0.40000000000000002","0.10000000000000001","0.34999999999999998","0.14999999999999999","1","1.1026327947739383","1.1656426050244524","Base"
"SOH","0.40000000000000002","0.10000000000000001","0.40000000000000002","0.10000000000000001","1","1.1146931240688549","1.1399524939323271","Base"
"SOH","0.40000000000000002","0.10000000000000001","0.45000000000000001","0.050000000000000003","1","1.1267534533637715","1.1142623828402021","Base"
"SOH","0.40000000000000002","0.10000000000000001","0.5","0","1","1.1388137826586884","1.088572271748077","Base"
"SOH","0.40000000000000002","0.14999999999999999","0","0.45000000000000001","1","1.0174501622193191","1.3018302289651769","Base"
"SOH","0.40000000000000002","0.14999999999999999","0.050000000000000003","0.40000000000000002","1","1.0295104915142357","1.2761401178730516","Base"
"SOH","0.40000000000000002","0.14999999999999999","0.10000000000000001","0.34999999999999998","1","1.0415708208091523","1.2504500067809265","Base"
"SOH","0.40000000000000002","0.14999999999999999","0.14999999999999999","0.29999999999999999","1","1.0536311501040689","1.2247598956888015","Base"
"SOH","0.40000000000000002","0.14999999999999999","0.20000000000000001","0.25","1","1.0656914793989856","1.1990697845966762","Base"
"SOH","0.40000000000000002","0.14999999999999999","0.25","0.20000000000000001","1","1.0777518086939022","1.1733796735045512","Base"
"SOH","0.40000000000000002","0.14999999999999999","0.29999999999999999","0.14999999999999999","1","1.0898121379888188","1.1476895624124261","Base"
"SOH","0.40000000000000002","0.14999999999999999","0.34999999999999998","0.10000000000000001","1","1.1018724672837354","1.1219994513203009","Base"
"SOH","0.40000000000000002","0.14999999999999999","0.40000000000000002","0.050000000000000003","1","1.1139327965786523","1.0963093402281758","Base"
"SOH","0.40000000000000002","0.14999999999999999","0.45000000000000001","0","1","1.1259931258735689","1.0706192291360508","Base"
"SOH","0.40000000000000002","0.20000000000000001","0","0.40000000000000002","1","1.0166898347291164","1.2581870752610254","Base"
"SOH","0.40000000000000002","0.20000000000000001","0.050000000000000003","0.34999999999999998","1","1.0287501640240331","1.2324969641689003","Base"
"SOH","0.40000000000000002","0.20000000000000001","0.10000000000000001","0.29999999999999999","1","1.0408104933189497","1.2068068530767753","Base"
"SOH","0.40000000000000002","0.20000000000000001","0.14999999999999999","0.25","1","1.0528708226138663","1.18111674198465","Base"
"SOH","0.40000000000000002","0.20000000000000001","0.20000000000000001","0.20000000000000001","1","1.064931151908783","1.1554266308925252","Base"
"SOH","0.40000000000000002","0.20000000000000001","0.25","0.14999999999999999","1","1.0769914812036996","1.1297365198003999","Base"
"SOH","0.40000000000000002","0.20000000000000001","0.29999999999999999","0.10000000000000001","1","1.0890518104986162","1.1040464087082749","Base"
"SOH","0.40000000000000002","0.20000000000000001","0.34999999999999998","0.050000000000000003","1","1.1011121397935328","1.0783562976161498","Base"
"SOH","0.40000000000000002","0.20000000000000001","0.40000000000000002","0","1","1.1131724690884497","1.0526661865240245","Base"
"SOH","0.40000000000000002","0.25","0","0.34999999999999998","1","1.0159295072389138","1.2145439215568741","Base"
"SOH","0.40000000000000002","0.25","0.050000000000000003","0.29999999999999999","1","1.0279898365338305","1.188853810464749","Base"
"SOH","0.40000000000000002","0.25","0.10000000000000001","0.25","1","1.0400501658287471","1.163163699372624","Base"
"SOH","0.40000000000000002","0.25","0.14999999999999999","0.20000000000000001","1","1.0521104951236637","1.1374735882804989","Base"
"SOH","0.40000000000000002","0.25","0.20000000000000001","0.14999999999999999","1","1.0641708244185804","1.1117834771883737","Base"
"SOH","0.40000000000000002","0.25","0.25","0.10000000000000001","1","1.076231153713497","1.0860933660962486","Base"
"SOH","0.40000000000000002","0.25","0.29999999999999999","0.050000000000000003","1","1.0882914830084136","1.0604032550041236","Base"
"SOH","0.40000000000000002","0.25","0.34999999999999998","0","1","1.1003518123033302","1.0347131439119983","Base"
"SOH","0.40000000000000002","0.29999999999999999","0","0.29999999999999999","1","1.0151691797487112","1.1709007678527228","Base"
"SOH","0.40000000000000002","0.29999999999999999","0.050000000000000003","0.25","1","1.0272295090436279","1.1452106567605977","Base"
"SOH","0.40000000000000002","0.29999999999999999","0.10000000000000001","0.20000000000000001","1","1.0392898383385445","1.1195205456684727","Base"
"SOH","0.40000000000000002","0.29999999999999999","0.14999999999999999","0.14999999999999999","1","1.0513501676334611","1.0938304345763474","Base"
"SOH","0.40000000000000002","0.29999999999999999","0.20000000000000001","0.10000000000000001","1","1.0634104969283777","1.0681403234842226","Base"
"SOH","0.40000000000000002","0.29999999999999999","0.25","0.050000000000000003","1","1.0754708262232944","1.0424502123920973","Base"
"SOH","0.40000000000000002","0.29999999999999999","0.29999999999999999","0","1","1.087531155518211","1.0167601012999723","Base"
"SOH","0.40000000000000002","0.34999999999999998","0","0.25","1","1.0144088522585084","1.1272576141485717","Base"
"SOH","0.40000000000000002","0.34999999999999998","0.050000000000000003","0.20000000000000001","1","1.026469181553425","1.1015675030564465","Base"
"SOH","0.40000000000000002","0.34999999999999998","0.10000000000000001","0.14999999999999999","1","1.0385295108483419","1.0758773919643214","Base"
"SOH","0.40000000000000002","0.34999999999999998","0.14999999999999999","0.10000000000000001","1","1.0505898401432585","1.0501872808721964","Base"
"SOH","0.40000000000000002","0.34999999999999998","0.20000000000000001","0.050000000000000003","1","1.0626501694381751","1.0244971697800711","Base"
"SOH","0.40000000000000002","0.34999999999999998","0.25","0","1","1.0747104987330918","0.99880705868794606","Quantized"
"SOH","0.40000000000000002","0.40000000000000002","0","0.20000000000000001","1","1.0136485247683058","1.0836144604444202","Base"
"SOH","0.40000000000000002","0.40000000000000002","0.050000000000000003","0.14999999999999999","1","1.0257088540632224","1.0579243493522952","Base"
"SOH","0.40000000000000002","0.40000000000000002","0.10000000000000001","0.10000000000000001","1","1.0377691833581393","1.0322342382601701","Base"
"SOH","0.40000000000000002","0.40000000000000002","0.14999999999999999","0.050000000000000003","1","1.0498295126530557","1.0065441271680449","Base"
"SOH","0.40000000000000002","0.40000000000000002","0.20000000000000001","0","1","1.0618898419479725","0.98085401607591993","Quantized"
"SOH","0.40000000000000002","0.45000000000000001","0","0.14999999999999999","1","1.0128881972781032","1.0399713067402692","Base"
"SOH","0.40000000000000002","0.45000000000000001","0.050000000000000003","0.10000000000000001","1","1.0249485265730198","1.0142811956481439","Base"
"SOH","0.40000000000000002","0.45000000000000001","0.10000000000000001","0.050000000000000003","1","1.0370088558679365","0.98859108455601885","Quantized"
"SOH","0.40000000000000002","0.45000000000000001","0.14999999999999999","0","1","1.0490691851628531","0.96290097346389369","Quantized"
"SOH","0.40000000000000002","0.5","0","0.10000000000000001","1","1.0121278697879006","0.99632815303611777","Quantized"
"SOH","0.40000000000000002","0.5","0.050000000000000003","0.050000000000000003","1","1.0241881990828172","0.97063804194399261","Quantized"
"SOH","0.40000000000000002","0.5","0.10000000000000001","0","1","1.0362485283777338","0.94494793085186757","Quantized"
"SOH","0.40000000000000002","0.55000000000000004","0","0.050000000000000003","1","1.011367542297698","0.95268499933196649","Quantized"
"SOH","0.40000000000000002","0.55000000000000004","0.050000000000000003","0","1","1.0234278715926146","0.92699488823984133","Quantized"
"SOH","0.40000000000000002","0.59999999999999998","0","0","1","1.0106072148074954","0.9090418456278152","Quantized"
"SOH","0.45000000000000001","0","0","0.55000000000000004","1","1.0772332862148404","1.4512542297635234","Base"
"SOH","0.45000000000000001","0","0.050000000000000003","0.5","1","1.089293615509757","1.4255641186713981","Base"
"SOH","0.45000000000000001","0","0.10000000000000001","0.45000000000000001","1","1.1013539448046736","1.3998740075792733","Base"
"SOH","0.45000000000000001","0","0.14999999999999999","0.40000000000000002","1","1.1134142740995903","1.374183896487148","Base"
"SOH","0.45000000000000001","0","0.20000000000000001","0.34999999999999998","1","1.1254746033945069","1.348493785395023","Base"
"SOH","0.45000000000000001","0","0.25","0.29999999999999999","1","1.1375349326894237","1.3228036743028979","Base"
"SOH","0.45000000000000001","0","0.29999999999999999","0.25","1","1.1495952619843404","1.2971135632107726","Base"
"SOH","0.45000000000000001","0","0.34999999999999998","0.20000000000000001","1","1.161655591279257","1.2714234521186476","Base"
"SOH","0.45000000000000001","0","0.40000000000000002","0.14999999999999999","1","1.1737159205741736","1.2457333410265226","Base"
"SOH","0.45000000000000001","0","0.45000000000000001","0.10000000000000001","1","1.1857762498690902","1.2200432299343973","Base"
"SOH","0.45000000000000001","0","0.5","0.050000000000000003","1","1.1978365791640071","1.1943531188422722","Base"
"SOH","0.45000000000000001","0","0.55000000000000004","0","1","1.2098969084589237","1.1686630077501472","Base"
"SOH","0.45000000000000001","0.050000000000000003","0","0.5","1","1.0764729587246378","1.4076110760593721","Base"
"SOH","0.45000000000000001","0.050000000000000003","0.050000000000000003","0.45000000000000001","1","1.0885332880195544","1.381920964967247","Base"
"SOH","0.45000000000000001","0.050000000000000003","0.10000000000000001","0.40000000000000002","1","1.100593617314471","1.3562308538751218","Base"
"SOH","0.45000000000000001","0.050000000000000003","0.14999999999999999","0.34999999999999998","1","1.1126539466093877","1.3305407427829967","Base"
"SOH","0.45000000000000001","0.050000000000000003","0.20000000000000001","0.29999999999999999","1","1.1247142759043043","1.3048506316908717","Base"
"SOH","0.45000000000000001","0.050000000000000003","0.25","0.25","1","1.1367746051992211","1.2791605205987464","Base"
"SOH","0.45000000000000001","0.050000000000000003","0.29999999999999999","0.20000000000000001","1","1.1488349344941378","1.2534704095066214","Base"
"SOH","0.45000000000000001","0.050000000000000003","0.34999999999999998","0.14999999999999999","1","1.1608952637890544","1.2277802984144963","Base"
"SOH","0.45000000000000001","0.050000000000000003","0.40000000000000002","0.10000000000000001","1","1.172955593083971","1.2020901873223713","Base"
"SOH","0.45000000000000001","0.050000000000000003","0.45000000000000001","0.050000000000000003","1","1.1850159223788876","1.1764000762302462","Base"
"SOH","0.45000000000000001","0.050000000000000003","0.5","0","1","1.1970762516738045","1.150709965138121","Base"
"SOH","0.45000000000000001","0.10000000000000001","0","0.45000000000000001","1","1.0757126312344352","1.3639679223552208","Base"
"SOH","0.45000000000000001","0.10000000000000001","0.050000000000000003","0.40000000000000002","1","1.0877729605293518","1.3382778112630955","Base"
"SOH","0.45000000000000001","0.10000000000000001","0.10000000000000001","0.34999999999999998","1","1.0998332898242684","1.3125877001709705","Base"
"SOH","0.45000000000000001","0.10000000000000001","0.14999999999999999","0.29999999999999999","1","1.1118936191191851","1.2868975890788454","Base"
"SOH","0.45000000000000001","0.10000000000000001","0.20000000000000001","0.25","1","1.1239539484141017","1.2612074779867204","Base"
"SOH","0.45000000000000001","0.10000000000000001","0.25","0.20000000000000001","1","1.1360142777090185","1.2355173668945953","Base"
"SOH","0.45000000000000001","0.10000000000000001","0.29999999999999999","0.14999999999999999","1","1.1480746070039352","1.2098272558024701","Base"
"SOH","0.45000000000000001","0.10000000000000001","0.34999999999999998","0.10000000000000001","1","1.1601349362988518","1.184137144710345","Base"
"SOH","0.45000000000000001","0.10000000000000001","0.40000000000000002","0.050000000000000003","1","1.1721952655937684","1.15844703361822","Base"
"SOH","0.45000000000000001","0.10000000000000001","0.45000000000000001","0","1","1.184255594888685","1.1327569225260947","Base"
"SOH","0.45000000000000001","0.14999999999999999","0","0.40000000000000002","1","1.0749523037442326","1.3203247686510695","Base"
"SOH","0.45000000000000001","0.14999999999999999","0.050000000000000003","0.34999999999999998","1","1.0870126330391492","1.2946346575589442","Base"
"SOH","0.45000000000000001","0.14999999999999999","0.10000000000000001","0.29999999999999999","1","1.0990729623340658","1.2689445464668192","Base"
"SOH","0.45000000000000001","0.14999999999999999","0.14999999999999999","0.25","1","1.1111332916289824","1.2432544353746942","Base"
"SOH","0.45000000000000001","0.14999999999999999","0.20000000000000001","0.20000000000000001","1","1.1231936209238991","1.2175643242825691","Base"
"SOH","0.45000000000000001","0.14999999999999999","0.25","0.14999999999999999","1","1.1352539502188157","1.1918742131904438","Base"
"SOH","0.45000000000000001","0.14999999999999999","0.29999999999999999","0.10000000000000001","1","1.1473142795137323","1.1661841020983188","Base"
"SOH","0.45000000000000001","0.14999999999999999","0.34999999999999998","0.050000000000000003","1","1.159374608808649","1.1404939910061938","Base"
"SOH","0.45000000000000001","0.14999999999999999","0.40000000000000002","0","1","1.1714349381035658","1.1148038799140687","Base"
"SOH","0.45000000000000001","0.20000000000000001","0","0.34999999999999998","1","1.07419197625403","1.2766816149469182","Base"
"SOH","0.45000000000000001","0.20000000000000001","0.050000000000000003","0.29999999999999999","1","1.0862523055489466","1.250991503854793","Base"
"SOH","0.45000000000000001","0.20000000000000001","0.10000000000000001","0.25","1","1.0983126348438632","1.2253013927626681","Base"
"SOH","0.45000000000000001","0.20000000000000001","0.14999999999999999","0.20000000000000001","1","1.1103729641387798","1.1996112816705429","Base"
"SOH","0.45000000000000001","0.20000000000000001","0.20000000000000001","0.14999999999999999","1","1.1224332934336965","1.1739211705784178","Base"
"SOH","0.45000000000000001","0.20000000000000001","0.25","0.10000000000000001","1","1.1344936227286131","1.1482310594862928","Base"
"SOH","0.45000000000000001","0.20000000000000001","0.29999999999999999","0.050000000000000003","1","1.1465539520235297","1.1225409483941675","Base"
"SOH","0.45000000000000001","0.20000000000000001","0.34999999999999998","0","1","1.1586142813184463","1.0968508373020425","Base"
"SOH","0.45000000000000001","0.25","0","0.29999999999999999","1","1.0734316487638274","1.2330384612427669","Base"
"SOH","0.45000000000000001","0.25","0.050000000000000003","0.25","1","1.085491978058744","1.2073483501506419","Base"
"SOH","0.45000000000000001","0.25","0.10000000000000001","0.20000000000000001","1","1.0975523073536606","1.1816582390585166","Base"
"SOH","0.45000000000000001","0.25","0.14999999999999999","0.14999999999999999","1","1.1096126366485772","1.1559681279663916","Base"
"SOH","0.45000000000000001","0.25","0.20000000000000001","0.10000000000000001","1","1.1216729659434939","1.1302780168742665","Base"
"SOH","0.45000000000000001","0.25","0.25","0.050000000000000003","1","1.1337332952384105","1.1045879057821415","Base"
"SOH","0.45000000000000001","0.25","0.29999999999999999","0","1","1.1457936245333271","1.0788977946900162","Base"
"SOH","0.45000000000000001","0.29999999999999999","0","0.25","1","1.0726713212736247","1.1893953075386157","Base"
"SOH","0.45000000000000001","0.29999999999999999","0.050000000000000003","0.20000000000000001","1","1.0847316505685414","1.1637051964464904","Base"
"SOH","0.45000000000000001","0.29999999999999999","0.10000000000000001","0.14999999999999999","1","1.096791979863458","1.1380150853543656","Base"
"SOH","0.45000000000000001","0.29999999999999999","0.14999999999999999","0.10000000000000001","1","1.1088523091583746","1.1123249742622403","Base"
"SOH","0.45000000000000001","0.29999999999999999","0.20000000000000001","0.050000000000000003","1","1.1209126384532913","1.0866348631701153","Base"
"SOH","0.45000000000000001","0.29999999999999999","0.25","0","1","1.1329729677482079","1.0609447520779902","Base"
"SOH","0.45000000000000001","0.34999999999999998","0","0.20000000000000001","1","1.0719109937834219","1.1457521538344644","Base"
"SOH","0.45000000000000001","0.34999999999999998","0.050000000000000003","0.14999999999999999","1","1.0839713230783385","1.1200620427423393","Base"
"SOH","0.45000000000000001","0.34999999999999998","0.10000000000000001","0.10000000000000001","1","1.0960316523732552","1.0943719316502141","Base"
"SOH","0.45000000000000001","0.34999999999999998","0.14999999999999999","0.050000000000000003","1","1.1080919816681718","1.068681820558089","Base"
"SOH","0.45000000000000001","0.34999999999999998","0.20000000000000001","0","1","1.1201523109630886","1.042991709465964","Base"
"SOH","0.45000000000000001","0.40000000000000002","0","0.14999999999999999","1","1.0711506662932193","1.1021090001303131","Base"
"SOH","0.45000000000000001","0.40000000000000002","0.050000000000000003","0.10000000000000001","1","1.0832109955881359","1.0764188890381878","Base"
"SOH","0.45000000000000001","0.40000000000000002","0.10000000000000001","0.050000000000000003","1","1.0952713248830526","1.050728777946063","Base"
"SOH","0.45000000000000001","0.40000000000000002","0.14999999999999999","0","1","1.1073316541779692","1.0250386668539377","Base"
"SOH","0.45000000000000001","0.45000000000000001","0","0.10000000000000001","1","1.0703903388030167","1.0584658464261618","Base"
"SOH","0.45000000000000001","0.45000000000000001","0.050000000000000003","0.050000000000000003","1","1.0824506680979333","1.0327757353340368","Base"
"SOH","0.45000000000000001","0.45000000000000001","0.10000000000000001","0","1","1.09451099739285","1.0070856242419115","Base"
"SOH","0.45000000000000001","0.5","0","0.050000000000000003","1","1.0696300113128141","1.0148226927220105","Base"
"SOH","0.45000000000000001","0.5","0.050000000000000003","0","1","1.0816903406077307","0.98913258162988538","Quantized"
"SOH","0.45000000000000001","0.55000000000000004","0","0","1","1.0688696838226115","0.97117953901785925","Quantized"
"SOH","0.5","0","0","0.5","1","1.1347354277397539","1.4697487694494162","Base"
"SOH","0.5","0","0.050000000000000003","0.45000000000000001","1","1.1467957570346705","1.444058658357291","Base"
"SOH","0.5","0","0.10000000000000001","0.40000000000000002","1","1.1588560863295871","1.4183685472651659","Base"
"SOH","0.5","0","0.14999999999999999","0.34999999999999998","1","1.1709164156245038","1.3926784361730407","Base"
"SOH","0.5","0","0.20000000000000001","0.29999999999999999","1","1.1829767449194204","1.3669883250809156","Base"
"SOH","0.5","0","0.25","0.25","1","1.195037074214337","1.3412982139887906","Base"
"SOH","0.5","0","0.29999999999999999","0.20000000000000001","1","1.2070974035092537","1.3156081028966655","Base"
"SOH","0.5","0","0.34999999999999998","0.14999999999999999","1","1.2191577328041703","1.2899179918045403","Base"
"SOH","0.5","0","0.40000000000000002","0.10000000000000001","1","1.2312180620990871","1.2642278807124152","Base"
"SOH","0.5","0","0.45000000000000001","0.050000000000000003","1","1.2432783913940038","1.2385377696202902","Base"
"SOH","0.5","0","0.5","0","1","1.2553387206889204","1.2128476585281651","Base"
"SOH","0.5","0.050000000000000003","0","0.45000000000000001","1","1.1339751002495513","1.4261056157452647","Base"
"SOH","0.5","0.050000000000000003","0.050000000000000003","0.40000000000000002","1","1.1460354295444679","1.4004155046531397","Base"
"SOH","0.5","0.050000000000000003","0.10000000000000001","0.34999999999999998","1","1.1580957588393845","1.3747253935610146","Base"
"SOH","0.5","0.050000000000000003","0.14999999999999999","0.29999999999999999","1","1.1701560881343012","1.3490352824688894","Base"
"SOH","0.5","0.050000000000000003","0.20000000000000001","0.25","1","1.1822164174292178","1.3233451713767643","Base"
"SOH","0.5","0.050000000000000003","0.25","0.20000000000000001","1","1.1942767467241344","1.2976550602846393","Base"
"SOH","0.5","0.050000000000000003","0.29999999999999999","0.14999999999999999","1","1.206337076019051","1.2719649491925142","Base"
"SOH","0.5","0.050000000000000003","0.34999999999999998","0.10000000000000001","1","1.2183974053139677","1.2462748381003892","Base"
"SOH","0.5","0.050000000000000003","0.40000000000000002","0.050000000000000003","1","1.2304577346088845","1.2205847270082639","Base"
"SOH","0.5","0.050000000000000003","0.45000000000000001","0","1","1.2425180639038012","1.1948946159161389","Base"
"SOH","0.5","0.10000000000000001","0","0.40000000000000002","1","1.1332147727593487","1.3824624620411137","Base"
"SOH","0.5","0.10000000000000001","0.050000000000000003","0.34999999999999998","1","1.1452751020542653","1.3567723509489884","Base"
"SOH","0.5","0.10000000000000001","0.10000000000000001","0.29999999999999999","1","1.1573354313491819","1.3310822398568634","Base"
"SOH","0.5","0.10000000000000001","0.14999999999999999","0.25","1","1.1693957606440986","1.3053921287647383","Base"
"SOH","0.5","0.10000000000000001","0.20000000000000001","0.20000000000000001","1","1.1814560899390152","1.279702017672613","Base"
"SOH","0.5","0.10000000000000001","0.25","0.14999999999999999","1","1.1935164192339318","1.254011906580488","Base"
"SOH","0.5","0.10000000000000001","0.29999999999999999","0.10000000000000001","1","1.2055767485288484","1.228321795488363","Base"
"SOH","0.5","0.10000000000000001","0.34999999999999998","0.050000000000000003","1","1.2176370778237651","1.2026316843962377","Base"
"SOH","0.5","0.10000000000000001","0.40000000000000002","0","1","1.2296974071186819","1.1769415733041126","Base"
"SOH","0.5","0.14999999999999999","0","0.34999999999999998","1","1.1324544452691458","1.3388193083369622","Base"
"SOH","0.5","0.14999999999999999","0.050000000000000003","0.29999999999999999","1","1.1445147745640625","1.3131291972448371","Base"
"SOH","0.5","0.14999999999999999","0.10000000000000001","0.25","1","1.1565751038589791","1.2874390861527121","Base"
"SOH","0.5","0.14999999999999999","0.14999999999999999","0.20000000000000001","1","1.1686354331538957","1.261748975060587","Base"
"SOH","0.5","0.14999999999999999","0.20000000000000001","0.14999999999999999","1","1.1806957624488126","1.2360588639684618","Base"
"SOH","0.5","0.14999999999999999","0.25","0.10000000000000001","1","1.1927560917437292","1.2103687528763367","Base"
"SOH","0.5","0.14999999999999999","0.29999999999999999","0.050000000000000003","1","1.2048164210386458","1.1846786417842117","Base"
"SOH","0.5","0.14999999999999999","0.34999999999999998","0","1","1.2168767503335625","1.1589885306920866","Base"
"SOH","0.5","0.20000000000000001","0","0.29999999999999999","1","1.1316941177789432","1.2951761546328111","Base"
"SOH","0.5","0.20000000000000001","0.050000000000000003","0.25","1","1.1437544470738599","1.2694860435406858","Base"
"SOH","0.5","0.20000000000000001","0.10000000000000001","0.20000000000000001","1","1.1558147763687765","1.2437959324485608","Base"
"SOH","0.5","0.20000000000000001","0.14999999999999999","0.14999999999999999","1","1.1678751056636931","1.2181058213564357","Base"
"SOH","0.5","0.20000000000000001","0.20000000000000001","0.10000000000000001","1","1.17993543495861","1.1924157102643105","Base"
"SOH","0.5","0.20000000000000001","0.25","0.050000000000000003","1","1.1919957642535266","1.1667255991721854","Base"
"SOH","0.5","0.20000000000000001","0.29999999999999999","0","1","1.2040560935484432","1.1410354880800604","Base"
"SOH","0.5","0.25","0","0.25","1","1.1309337902887406","1.2515330009286596","Base"
"SOH","0.5","0.25","0.050000000000000003","0.20000000000000001","1","1.1429941195836573","1.2258428898365346","Base"
"SOH","0.5","0.25","0.10000000000000001","0.14999999999999999","1","1.1550544488785739","1.2001527787444095","Base"
"SOH","0.5","0.25","0.14999999999999999","0.10000000000000001","1","1.1671147781734905","1.1744626676522845","Base"
"SOH","0.5","0.25","0.20000000000000001","0.050000000000000003","1","1.1791751074684074","1.1487725565601592","Base"
"SOH","0.5","0.25","0.25","0","1","1.191235436763324","1.1230824454680342","Base"
"SOH","0.5","0.29999999999999999","0","0.20000000000000001","1","1.130173462798538","1.2078898472245085","Base"
"SOH","0.5","0.29999999999999999","0.050000000000000003","0.14999999999999999","1","1.1422337920934547","1.1821997361323833","Base"
"SOH","0.5","0.29999999999999999","0.10000000000000001","0.10000000000000001","1","1.1542941213883713","1.1565096250402582","Base"
"SOH","0.5","0.29999999999999999","0.14999999999999999","0.050000000000000003","1","1.1663544506832879","1.1308195139481332","Base"
"SOH","0.5","0.29999999999999999","0.20000000000000001","0","1","1.1784147799782048","1.1051294028560079","Base"
"SOH","0.5","0.34999999999999998","0","0.14999999999999999","1","1.1294131353083354","1.164246693520357","Base"
"SOH","0.5","0.34999999999999998","0.050000000000000003","0.10000000000000001","1","1.1414734646032521","1.138556582428232","Base"
"SOH","0.5","0.34999999999999998","0.10000000000000001","0.050000000000000003","1","1.1535337938981687","1.1128664713361069","Base"
"SOH","0.5","0.34999999999999998","0.14999999999999999","0","1","1.1655941231930853","1.0871763602439819","Base"
"SOH","0.5","0.40000000000000002","0","0.10000000000000001","1","1.1286528078181328","1.120603539816206","Base"
"SOH","0.5","0.40000000000000002","0.050000000000000003","0.050000000000000003","1","1.1407131371130494","1.0949134287240807","Base"
"SOH","0.5","0.40000000000000002","0.10000000000000001","0","1","1.1527734664079661","1.0692233176319557","Base"
"SOH","0.5","0.45000000000000001","0","0.050000000000000003","1","1.1278924803279302","1.0769603861120545","Base"
"SOH","0.5","0.45000000000000001","0.050000000000000003","0","1","1.1399528096228468","1.0512702750199294","Base"
"SOH","0.5","0.5","0","0","1","1.1271321528377274","1.0333172324079032","Base"
"SOH","0.55000000000000004","0","0","0.45000000000000001","1","1.1922375692646672","1.4882433091353091","Base"
"SOH","0.55000000000000004","0","0.050000000000000003","0.40000000000000002","1","1.2042978985595838","1.4625531980431838","Base"
"SOH","0.55000000000000004","0","0.10000000000000001","0.34999999999999998","1","1.2163582278545004","1.4368630869510588","Base"
"SOH","0.55000000000000004","0","0.14999999999999999","0.29999999999999999","1","1.2284185571494171","1.4111729758589338","Base"
"SOH","0.55000000000000004","0","0.20000000000000001","0.25","1","1.2404788864443339","1.3854828647668085","Base"
"SOH","0.55000000000000004","0","0.25","0.20000000000000001","1","1.2525392157392505","1.3597927536746834","Base"
"SOH","0.55000000000000004","0","0.29999999999999999","0.14999999999999999","1","1.2645995450341672","1.3341026425825584","Base"
"SOH","0.55000000000000004","0","0.34999999999999998","0.10000000000000001","1","1.2766598743290838","1.3084125314904331","Base"
"SOH","0.55000000000000004","0","0.40000000000000002","0.050000000000000003","1","1.2887202036240004","1.2827224203983081","Base"
"SOH","0.55000000000000004","0","0.45000000000000001","0","1","1.300780532918917","1.257032309306183","Base"
"SOH","0.55000000000000004","0.050000000000000003","0","0.40000000000000002","1","1.1914772417744646","1.4446001554311576","Base"
"SOH","0.55000000000000004","0.050000000000000003","0.050000000000000003","0.34999999999999998","1","1.2035375710693812","1.4189100443390326","Base"
"SOH","0.55000000000000004","0.050000000000000003","0.10000000000000001","0.29999999999999999","1","1.2155979003642978","1.3932199332469075","Base"
"SOH","0.55000000000000004","0.050000000000000003","0.14999999999999999","0.25","1","1.2276582296592145","1.3675298221547825","Base"
"SOH","0.55000000000000004","0.050000000000000003","0.20000000000000001","0.20000000000000001","1","1.2397185589541313","1.3418397110626572","Base"
"SOH","0.55000000000000004","0.050000000000000003","0.25","0.14999999999999999","1","1.2517788882490479","1.3161495999705322","Base"
"SOH","0.55000000000000004","0.050000000000000003","0.29999999999999999","0.10000000000000001","1","1.2638392175439646","1.2904594888784071","Base"
"SOH","0.55000000000000004","0.050000000000000003","0.34999999999999998","0.050000000000000003","1","1.2758995468388812","1.2647693777862821","Base"
"SOH","0.55000000000000004","0.050000000000000003","0.40000000000000002","0","1","1.2879598761337978","1.2390792666941568","Base"
"SOH","0.55000000000000004","0.10000000000000001","0","0.34999999999999998","1","1.190716914284262","1.4009570017270063","Base"
"SOH","0.55000000000000004","0.10000000000000001","0.050000000000000003","0.29999999999999999","1","1.2027772435791786","1.3752668906348813","Base"
"SOH","0.55000000000000004","0.10000000000000001","0.10000000000000001","0.25","1","1.2148375728740952","1.3495767795427562","Base"
"SOH","0.55000000000000004","0.10000000000000001","0.14999999999999999","0.20000000000000001","1","1.2268979021690118","1.3238866684506312","Base"
"SOH","0.55000000000000004","0.10000000000000001","0.20000000000000001","0.14999999999999999","1","1.2389582314639287","1.2981965573585059","Base"
"SOH","0.55000000000000004","0.10000000000000001","0.25","0.10000000000000001","1","1.2510185607588453","1.2725064462663809","Base"
"SOH","0.55000000000000004","0.10000000000000001","0.29999999999999999","0.050000000000000003","1","1.2630788900537619","1.2468163351742558","Base"
"SOH","0.55000000000000004","0.10000000000000001","0.34999999999999998","0","1","1.2751392193486786","1.2211262240821306","Base"
"SOH","0.55000000000000004","0.14999999999999999","0","0.29999999999999999","1","1.1899565867940594","1.357313848022855","Base"
"SOH","0.55000000000000004","0.14999999999999999","0.050000000000000003","0.25","1","1.202016916088976","1.33162373693073","Base"
"SOH","0.55000000000000004","0.14999999999999999","0.10000000000000001","0.20000000000000001","1","1.2140772453838926","1.305933625838605","Base"
"SOH","0.55000000000000004","0.14999999999999999","0.14999999999999999","0.14999999999999999","1","1.2261375746788092","1.2802435147464799","Base"
"SOH","0.55000000000000004","0.14999999999999999","0.20000000000000001","0.10000000000000001","1","1.2381979039737261","1.2545534036543546","Base"
"SOH","0.55000000000000004","0.14999999999999999","0.25","0.050000000000000003","1","1.2502582332686427","1.2288632925622296","Base"
"SOH","0.55000000000000004","0.14999999999999999","0.29999999999999999","0","1","1.2623185625635593","1.2031731814701045","Base"
"SOH","0.55000000000000004","0.20000000000000001","0","0.25","1","1.1891962593038568","1.313670694318704","Base"
"SOH","0.55000000000000004","0.20000000000000001","0.050000000000000003","0.20000000000000001","1","1.2012565885987734","1.2879805832265787","Base"
"SOH","0.55000000000000004","0.20000000000000001","0.10000000000000001","0.14999999999999999","1","1.21331691789369","1.2622904721344537","Base"
"SOH","0.55000000000000004","0.20000000000000001","0.14999999999999999","0.10000000000000001","1","1.2253772471886066","1.2366003610423286","Base"
"SOH","0.55000000000000004","0.20000000000000001","0.20000000000000001","0.050000000000000003","1","1.2374375764835235","1.2109102499502034","Base"
"SOH","0.55000000000000004","0.20000000000000001","0.25","0","1","1.2494979057784401","1.1852201388580783","Base"
"SOH","0.55000000000000004","0.25","0","0.20000000000000001","1","1.1884359318136539","1.2700275406145525","Base"
"SOH","0.55000000000000004","0.25","0.050000000000000003","0.14999999999999999","1","1.2004962611085706","1.2443374295224274","Base"
"SOH","0.55000000000000004","0.25","0.10000000000000001","0.10000000000000001","1","1.2125565904034872","1.2186473184303022","Base"
"SOH","0.55000000000000004","0.25","0.14999999999999999","0.050000000000000003","1","1.2246169196984038","1.1929572073381771","Base"
"SOH","0.55000000000000004","0.25","0.20000000000000001","0","1","1.2366772489933207","1.1672670962460521","Base"
"SOH","0.55000000000000004","0.29999999999999999","0","0.14999999999999999","1","1.1876756043234513","1.2263843869104012","Base"
"SOH","0.55000000000000004","0.29999999999999999","0.050000000000000003","0.10000000000000001","1","1.1997359336183679","1.2006942758182761","Base"
"SOH","0.55000000000000004","0.29999999999999999","0.10000000000000001","0.050000000000000003","1","1.2117962629132846","1.1750041647261509","Base"
"SOH","0.55000000000000004","0.29999999999999999","0.14999999999999999","0","1","1.2238565922082012","1.1493140536340258","Base"
"SOH","0.55000000000000004","0.34999999999999998","0","0.10000000000000001","1","1.1869152768332487","1.1827412332062499","Base"
"SOH","0.55000000000000004","0.34999999999999998","0.050000000000000003","0.050000000000000003","1","1.1989756061281653","1.1570511221141249","Base"
"SOH","0.55000000000000004","0.34999999999999998","0.10000000000000001","0","1","1.211035935423082","1.1313610110219996","Base"
"SOH","0.55000000000000004","0.40000000000000002","0","0.050000000000000003","1","1.1861549493430461","1.1390980795020988","Base"
"SOH","0.55000000000000004","0.40000000000000002","0.050000000000000003","0","1","1.1982152786379627","1.1134079684099738","Base"
"SOH","0.55000000000000004","0.45000000000000001","0","0","1","1.1853946218528435","1.0954549257979473","Base"
"SOH","0.59999999999999998","0","0","0.40000000000000002","1","1.2497397107895805","1.5067378488212015","Base"
"SOH","0.59999999999999998","0","0.050000000000000003","0.34999999999999998","1","1.2618000400844971","1.4810477377290765","Base"
"SOH","0.59999999999999998","0","0.10000000000000001","0.29999999999999999","1","1.2738603693794137","1.4553576266369515","Base"
"SOH","0.59999999999999998","0","0.14999999999999999","0.25","1","1.2859206986743303","1.4296675155448264","Base"
"SOH","0.59999999999999998","0","0.20000000000000001","0.20000000000000001","1","1.2979810279692472","1.4039774044527011","Base"
"SOH","0.59999999999999998","0","0.25","0.14999999999999999","1","1.3100413572641638","1.3782872933605761","Base"
"SOH","0.59999999999999998","0","0.29999999999999999","0.10000000000000001","1","1.3221016865590804","1.352597182268451","Base"
"SOH","0.59999999999999998","0","0.34999999999999998","0.050000000000000003","1","1.3341620158539971","1.326907071176326","Base"
"SOH","0.59999999999999998","0","0.40000000000000002","0","1","1.3462223451489137","1.3012169600842007","Base"
"SOH","0.59999999999999998","0.050000000000000003","0","0.34999999999999998","1","1.2489793832993779","1.4630946951170505","Base"
"SOH","0.59999999999999998","0.050000000000000003","0.050000000000000003","0.29999999999999999","1","1.2610397125942945","1.4374045840249254","Base"
"SOH","0.59999999999999998","0.050000000000000003","0.10000000000000001","0.25","1","1.2731000418892111","1.4117144729328002","Base"
"SOH","0.59999999999999998","0.050000000000000003","0.14999999999999999","0.20000000000000001","1","1.2851603711841277","1.3860243618406751","Base"
"SOH","0.59999999999999998","0.050000000000000003","0.20000000000000001","0.14999999999999999","1","1.2972207004790446","1.3603342507485501","Base"
"SOH","0.59999999999999998","0.050000000000000003","0.25","0.10000000000000001","1","1.3092810297739612","1.334644139656425","Base"
"SOH","0.59999999999999998","0.050000000000000003","0.29999999999999999","0.050000000000000003","1","1.3213413590688778","1.3089540285642998","Base"
"SOH","0.59999999999999998","0.050000000000000003","0.34999999999999998","0","1","1.3334016883637945","1.2832639174721747","Base"
"SOH","0.59999999999999998","0.10000000000000001","0","0.29999999999999999","1","1.2482190558091752","1.419451541412899","Base"
"SOH","0.59999999999999998","0.10000000000000001","0.050000000000000003","0.25","1","1.2602793851040919","1.3937614303207739","Base"
"SOH","0.59999999999999998","0.10000000000000001","0.10000000000000001","0.20000000000000001","1","1.2723397143990085","1.3680713192286487","Base"
"SOH","0.59999999999999998","0.10000000000000001","0.14999999999999999","0.14999999999999999","1","1.2844000436939251","1.3423812081365236","Base"
"SOH","0.59999999999999998","0.10000000000000001","0.20000000000000001","0.10000000000000001","1","1.296460372988842","1.3166910970443986","Base"
"SOH","0.59999999999999998","0.10000000000000001","0.25","0.050000000000000003","1","1.3085207022837586","1.2910009859522735","Base"
"SOH","0.59999999999999998","0.10000000000000001","0.29999999999999999","0","1","1.3205810315786752","1.2653108748601483","Base"
"SOH","0.59999999999999998","0.14999999999999999","0","0.25","1","1.2474587283189726","1.3758083877087477","Base"
"SOH","0.59999999999999998","0.14999999999999999","0.050000000000000003","0.20000000000000001","1","1.2595190576138893","1.3501182766166226","Base"
"SOH","0.59999999999999998","0.14999999999999999","0.10000000000000001","0.14999999999999999","1","1.2715793869088059","1.3244281655244974","Base"
"SOH","0.59999999999999998","0.14999999999999999","0.14999999999999999","0.10000000000000001","1","1.2836397162037225","1.2987380544323723","Base"
"SOH","0.59999999999999998","0.14999999999999999","0.20000000000000001","0.050000000000000003","1","1.2957000454986394","1.2730479433402473","Base"
"SOH","0.59999999999999998","0.14999999999999999","0.25","0","1","1.307760374793556","1.2473578322481222","Base"
"SOH","0.59999999999999998","0.20000000000000001","0","0.20000000000000001","1","1.24669840082877","1.3321652340045964","Base"
"SOH","0.59999999999999998","0.20000000000000001","0.050000000000000003","0.14999999999999999","1","1.2587587301236867","1.3064751229124714","Base"
"SOH","0.59999999999999998","0.20000000000000001","0.10000000000000001","0.10000000000000001","1","1.2708190594186033","1.2807850118203461","Base"
"SOH","0.59999999999999998","0.20000000000000001","0.14999999999999999","0.050000000000000003","1","1.2828793887135199","1.2550949007282211","Base"
"SOH","0.59999999999999998","0.20000000000000001","0.20000000000000001","0","1","1.2949397180084368","1.229404789636096","Base"
"SOH","0.59999999999999998","0.25","0","0.14999999999999999","1","1.2459380733385674","1.2885220803004451","Base"
"SOH","0.59999999999999998","0.25","0.050000000000000003","0.10000000000000001","1","1.2579984026334841","1.2628319692083201","Base"
"SOH","0.59999999999999998","0.25","0.10000000000000001","0.050000000000000003","1","1.2700587319284007","1.2371418581161948","Base"
"SOH","0.59999999999999998","0.25","0.14999999999999999","0","1","1.2821190612233173","1.2114517470240698","Base"
"SOH","0.59999999999999998","0.29999999999999999","0","0.10000000000000001","1","1.2451777458483646","1.2448789265962938","Base"
"SOH","0.59999999999999998","0.29999999999999999","0.050000000000000003","0.050000000000000003","1","1.2572380751432812","1.2191888155041688","Base"
"SOH","0.59999999999999998","0.29999999999999999","0.10000000000000001","0","1","1.2692984044381979","1.1934987044120435","Base"
"SOH","0.59999999999999998","0.34999999999999998","0","0.050000000000000003","1","1.244417418358162","1.2012357728921426","Base"
"SOH","0.59999999999999998","0.34999999999999998","0.050000000000000003","0","1","1.2564777476530786","1.1755456618000175","Base"
"SOH","0.59999999999999998","0.40000000000000002","0","0","1","1.2436570908679594","1.1575926191879913","Base"
"SOH","0.65000000000000002","0","0","0.34999999999999998","1","1.307241852314494","1.5252323885070944","Base"
"SOH","0.65000000000000002","0","0.050000000000000003","0.29999999999999999","1","1.3193021816094106","1.4995422774149694","Base"
"SOH","0.65000000000000002","0","0.10000000000000001","0.25","1","1.3313625109043272","1.4738521663228441","Base"
"SOH","0.65000000000000002","0","0.14999999999999999","0.20000000000000001","1","1.3434228401992439","1.4481620552307191","Base"
"SOH","0.65000000000000002","0","0.20000000000000001","0.14999999999999999","1","1.3554831694941607","1.422471944138594","Base"
"SOH","0.65000000000000002","0","0.25","0.10000000000000001","1","1.3675434987890773","1.396781833046469","Base"
"SOH","0.65000000000000002","0","0.29999999999999999","0.050000000000000003","1","1.379603828083994","1.3710917219543437","Base"
"SOH","0.65000000000000002","0","0.34999999999999998","0","1","1.3916641573789106","1.3454016108622187","Base"
"SOH","0.65000000000000002","0.050000000000000003","0","0.29999999999999999","1","1.3064815248242914","1.4815892348029431","Base"
"SOH","0.65000000000000002","0.050000000000000003","0.050000000000000003","0.25","1","1.318541854119208","1.4558991237108181","Base"
"SOH","0.65000000000000002","0.050000000000000003","0.10000000000000001","0.20000000000000001","1","1.3306021834141246","1.4302090126186928","Base"
"SOH","0.65000000000000002","0.050000000000000003","0.14999999999999999","0.14999999999999999","1","1.3426625127090412","1.4045189015265678","Base"
"SOH","0.65000000000000002","0.050000000000000003","0.20000000000000001","0.10000000000000001","1","1.3547228420039581","1.3788287904344427","Base"
"SOH","0.65000000000000002","0.050000000000000003","0.25","0.050000000000000003","1","1.3667831712988747","1.3531386793423177","Base"
"SOH","0.65000000000000002","0.050000000000000003","0.29999999999999999","0","1","1.3788435005937913","1.3274485682501924","Base"
"SOH","0.65000000000000002","0.10000000000000001","0","0.25","1","1.3057211973340888","1.4379460810987919","Base"
"SOH","0.65000000000000002","0.10000000000000001","0.050000000000000003","0.20000000000000001","1","1.3177815266290054","1.4122559700066668","Base"
"SOH","0.65000000000000002","0.10000000000000001","0.10000000000000001","0.14999999999999999","1","1.329841855923922","1.3865658589145415","Base"
"SOH","0.65000000000000002","0.10000000000000001","0.14999999999999999","0.10000000000000001","1","1.3419021852188386","1.3608757478224165","Base"
"SOH","0.65000000000000002","0.10000000000000001","0.20000000000000001","0.050000000000000003","1","1.3539625145137555","1.3351856367302914","Base"
"SOH","0.65000000000000002","0.10000000000000001","0.25","0","1","1.3660228438086721","1.3094955256381664","Base"
"SOH","0.65000000000000002","0.14999999999999999","0","0.20000000000000001","1","1.3049608698438862","1.3943029273946406","Base"
"SOH","0.65000000000000002","0.14999999999999999","0.050000000000000003","0.14999999999999999","1","1.3170211991388028","1.3686128163025155","Base"
"SOH","0.65000000000000002","0.14999999999999999","0.10000000000000001","0.10000000000000001","1","1.3290815284337194","1.3429227052103903","Base"
"SOH","0.65000000000000002","0.14999999999999999","0.14999999999999999","0.050000000000000003","1","1.341141857728636","1.3172325941182652","Base"
"SOH","0.65000000000000002","0.14999999999999999","0.20000000000000001","0","1","1.3532021870235529","1.2915424830261402","Base"
"SOH","0.65000000000000002","0.20000000000000001","0","0.14999999999999999","1","1.3042005423536835","1.3506597736904893","Base"
"SOH","0.65000000000000002","0.20000000000000001","0.050000000000000003","0.10000000000000001","1","1.3162608716486002","1.3249696625983642","Base"
"SOH","0.65000000000000002","0.20000000000000001","0.10000000000000001","0.050000000000000003","1","1.3283212009435168","1.299279551506239","Base"
"SOH","0.65000000000000002","0.20000000000000001","0.14999999999999999","0","1","1.3403815302384334","1.2735894404141139","Base"
"SOH","0.65000000000000002","0.25","0","0.10000000000000001","1","1.3034402148634809","1.307016619986338","Base"
"SOH","0.65000000000000002","0.25","0.050000000000000003","0.050000000000000003","1","1.3155005441583976","1.281326508894213","Base"
"SOH","0.65000000000000002","0.25","0.10000000000000001","0","1","1.3275608734533142","1.2556363978020877","Base"
"SOH","0.65000000000000002","0.29999999999999999","0","0.050000000000000003","1","1.3026798873732781","1.2633734662821867","Base"
"SOH","0.65000000000000002","0.29999999999999999","0.050000000000000003","0","1","1.3147402166681947","1.2376833551900617","Base"
"SOH","0.65000000000000002","0.34999999999999998","0","0","1","1.3019195598830755","1.2197303125780354","Base"
"SOH","0.69999999999999996","0","0","0.29999999999999999","1","1.3647439938394073","1.5437269281929871","Base"
"SOH","0.69999999999999996","0","0.050000000000000003","0.25","1","1.3768043231343239","1.518036817100862","Base"
"SOH","0.69999999999999996","0","0.10000000000000001","0.20000000000000001","1","1.3888646524292405","1.4923467060087368","Base"
"SOH","0.69999999999999996","0","0.14999999999999999","0.14999999999999999","1","1.4009249817241571","1.4666565949166117","Base"
"SOH","0.69999999999999996","0","0.20000000000000001","0.10000000000000001","1","1.412985311019074","1.4409664838244867","Base"
"SOH","0.69999999999999996","0","0.25","0.050000000000000003","1","1.4250456403139906","1.4152763727323616","Base"
"SOH","0.69999999999999996","0","0.29999999999999999","0","1","1.4371059696089072","1.3895862616402364","Base"
"SOH","0.69999999999999996","0.050000000000000003","0","0.25","1","1.3639836663492046","1.5000837744888358","Base"
"SOH","0.69999999999999996","0.050000000000000003","0.050000000000000003","0.20000000000000001","1","1.3760439956441213","1.4743936633967107","Base"
"SOH","0.69999999999999996","0.050000000000000003","0.10000000000000001","0.14999999999999999","1","1.3881043249390379","1.4487035523045855","Base"
"SOH","0.69999999999999996","0.050000000000000003","0.14999999999999999","0.10000000000000001","1","1.4001646542339545","1.4230134412124604","Base"
"SOH","0.69999999999999996","0.050000000000000003","0.20000000000000001","0.050000000000000003","1","1.4122249835288714","1.3973233301203354","Base"
"SOH","0.69999999999999996","0.050000000000000003","0.25","0","1","1.424285312823788","1.3716332190282103","Base"
"SOH","0.69999999999999996","0.10000000000000001","0","0.20000000000000001","1","1.363223338859002","1.4564406207846845","Base"
"SOH","0.69999999999999996","0.10000000000000001","0.050000000000000003","0.14999999999999999","1","1.3752836681539187","1.4307505096925595","Base"
"SOH","0.69999999999999996","0.10000000000000001","0.10000000000000001","0.10000000000000001","1","1.3873439974488353","1.4050603986004342","Base"
"SOH","0.69999999999999996","0.10000000000000001","0.14999999999999999","0.050000000000000003","1","1.3994043267437519","1.3793702875083091","Base"
"SOH","0.69999999999999996","0.10000000000000001","0.20000000000000001","0","1","1.4114646560386688","1.3536801764161841","Base"
"SOH","0.69999999999999996","0.14999999999999999","0","0.14999999999999999","1","1.3624630113687994","1.4127974670805332","Base"
"SOH","0.69999999999999996","0.14999999999999999","0.050000000000000003","0.10000000000000001","1","1.3745233406637161","1.3871073559884082","Base"
"SOH","0.69999999999999996","0.14999999999999999","0.10000000000000001","0.050000000000000003","1","1.3865836699586327","1.3614172448962829","Base"
"SOH","0.69999999999999996","0.14999999999999999","0.14999999999999999","0","1","1.3986439992535493","1.3357271338041579","Base"
"SOH","0.69999999999999996","0.20000000000000001","0","0.10000000000000001","1","1.3617026838785968","1.3691543133763819","Base"
"SOH","0.69999999999999996","0.20000000000000001","0.050000000000000003","0.050000000000000003","1","1.3737630131735135","1.3434642022842569","Base"
"SOH","0.69999999999999996","0.20000000000000001","0.10000000000000001","0","1","1.3858233424684301","1.3177740911921316","Base"
"SOH","0.69999999999999996","0.25","0","0.050000000000000003","1","1.360942356388394","1.3255111596722307","Base"
"SOH","0.69999999999999996","0.25","0.050000000000000003","0","1","1.3730026856833106","1.2998210485801056","Base"
"SOH","0.69999999999999996","0.29999999999999999","0","0","1","1.3601820288981914","1.2818680059680794","Base"
"SOH","0.75","0","0","0.25","1","1.4222461353643208","1.5622214678788799","Base"
"SOH","0.75","0","0.050000000000000003","0.20000000000000001","1","1.4343064646592374","1.5365313567867549","Base"
"SOH","0.75","0","0.10000000000000001","0.14999999999999999","1","1.446366793954154","1.5108412456946296","Base"
"SOH","0.75","0","0.14999999999999999","0.10000000000000001","1","1.4584271232490706","1.4851511346025046","Base"
"SOH","0.75","0","0.20000000000000001","0.050000000000000003","1","1.4704874525439875","1.4594610235103795","Base"
"SOH","0.75","0","0.25","0","1","1.4825477818389041","1.4337709124182545","Base"
"SOH","0.75","0.050000000000000003","0","0.20000000000000001","1","1.4214858078741182","1.5185783141747287","Base"
"SOH","0.75","0.050000000000000003","0.050000000000000003","0.14999999999999999","1","1.4335461371690348","1.4928882030826036","Base"
"SOH","0.75","0.050000000000000003","0.10000000000000001","0.10000000000000001","1","1.4456064664639514","1.4671980919904783","Base"
"SOH","0.75","0.050000000000000003","0.14999999999999999","0.050000000000000003","1","1.457666795758868","1.4415079808983533","Base"
"SOH","0.75","0.050000000000000003","0.20000000000000001","0","1","1.4697271250537849","1.4158178698062283","Base"
"SOH","0.75","0.10000000000000001","0","0.14999999999999999","1","1.4207254803839156","1.4749351604705774","Base"
"SOH","0.75","0.10000000000000001","0.050000000000000003","0.10000000000000001","1","1.4327858096788322","1.4492450493784523","Base"
"SOH","0.75","0.10000000000000001","0.10000000000000001","0.050000000000000003","1","1.4448461389737488","1.4235549382863271","Base"
"SOH","0.75","0.10000000000000001","0.14999999999999999","0","1","1.4569064682686654","1.397864827194202","Base"
"SOH","0.75","0.14999999999999999","0","0.10000000000000001","1","1.4199651528937129","1.4312920067664261","Base"
"SOH","0.75","0.14999999999999999","0.050000000000000003","0.050000000000000003","1","1.4320254821886296","1.405601895674301","Base"
"SOH","0.75","0.14999999999999999","0.10000000000000001","0","1","1.4440858114835462","1.3799117845821758","Base"
"SOH","0.75","0.20000000000000001","0","0.050000000000000003","1","1.4192048254035103","1.3876488530622748","Base"
"SOH","0.75","0.20000000000000001","0.050000000000000003","0","1","1.431265154698427","1.3619587419701498","Base"
"SOH","0.75","0.25","0","0","1","1.4184444979133075","1.3440056993581235","Base"
"SOH","0.80000000000000004","0","0","0.20000000000000001","1","1.479748276889234","1.5807160075647728","Base"
"SOH","0.80000000000000004","0","0.050000000000000003","0.14999999999999999","1","1.4918086061841507","1.5550258964726478","Base"
"SOH","0.80000000000000004","0","0.10000000000000001","0.10000000000000001","1","1.5038689354790673","1.5293357853805225","Base"
"SOH","0.80000000000000004","0","0.14999999999999999","0.050000000000000003","1","1.5159292647739839","1.5036456742883975","Base"
"SOH","0.80000000000000004","0","0.20000000000000001","0","1","1.5279895940689008","1.4779555631962724","Base"
"SOH","0.80000000000000004","0.050000000000000003","0","0.14999999999999999","1","1.4789879493990314","1.5370728538606215","Base"
"SOH","0.80000000000000004","0.050000000000000003","0.050000000000000003","0.10000000000000001","1","1.4910482786939481","1.5113827427684965","Base"
"SOH","0.80000000000000004","0.050000000000000003","0.10000000000000001","0.050000000000000003","1","1.5031086079888647","1.4856926316763712","Base"
"SOH","0.80000000000000004","0.050000000000000003","0.14999999999999999","0","1","1.5151689372837813","1.4600025205842462","Base"
"SOH","0.80000000000000004","0.10000000000000001","0","0.10000000000000001","1","1.4782276219088288","1.4934297001564703","Base"
"SOH","0.80000000000000004","0.10000000000000001","0.050000000000000003","0.050000000000000003","1","1.4902879512037455","1.4677395890643452","Base"
"SOH","0.80000000000000004","0.10000000000000001","0.10000000000000001","0","1","1.5023482804986621","1.4420494779722199","Base"
"SOH","0.80000000000000004","0.14999999999999999","0","0.050000000000000003","1","1.4774672944186262","1.449786546452319","Base"
"SOH","0.80000000000000004","0.14999999999999999","0.050000000000000003","0","1","1.4895276237135429","1.4240964353601939","Base"
"SOH","0.80000000000000004","0.20000000000000001","0","0","1","1.4767069669284236","1.4061433927481677","Base"
"SOH","0.84999999999999998","0","0","0.14999999999999999","1","1.5372504184141476","1.5992105472506655","Base"
"SOH","0.84999999999999998","0","0.050000000000000003","0.10000000000000001","1","1.5493107477090642","1.5735204361585404","Base"
"SOH","0.84999999999999998","0","0.10000000000000001","0.050000000000000003","1","1.5613710770039808","1.5478303250664152","Base"
"SOH","0.84999999999999998","0","0.14999999999999999","0","1","1.5734314062988974","1.5221402139742901","Base"
"SOH","0.84999999999999998","0.050000000000000003","0","0.10000000000000001","1","1.536490090923945","1.5555673935465142","Base"
"SOH","0.84999999999999998","0.050000000000000003","0.050000000000000003","0.050000000000000003","1","1.5485504202188616","1.5298772824543891","Base"
"SOH","0.84999999999999998","0.050000000000000003","0.10000000000000001","0","1","1.5606107495137782","1.5041871713622639","Base"
"SOH","0.84999999999999998","0.10000000000000001","0","0.050000000000000003","1","1.5357297634337423","1.5119242398423629","Base"
"SOH","0.84999999999999998","0.10000000000000001","0.050000000000000003","0","1","1.547790092728659","1.4862341287502379","Base"
"SOH","0.84999999999999998","0.14999999999999999","0","0","1","1.5349694359435397","1.4682810861382116","Base"
"SOH","0.90000000000000002","0","0","0.10000000000000001","1","1.5947525599390611","1.6177050869365583","Base"
"SOH","0.90000000000000002","0","0.050000000000000003","0.050000000000000003","1","1.6068128892339777","1.5920149758444333","Base"
"SOH","0.90000000000000002","0","0.10000000000000001","0","1","1.6188732185288943","1.566324864752308","Base"
"SOH","0.90000000000000002","0.050000000000000003","0","0.050000000000000003","1","1.5939922324488585","1.5740619332324071","Base"
"SOH","0.90000000000000002","0.050000000000000003","0.050000000000000003","0","1","1.6060525617437751","1.548371822140282","Base"
"SOH","0.90000000000000002","0.10000000000000001","0","0","1","1.5932319049586559","1.5304187795282558","Base"
"SOH","0.94999999999999996","0","0","0.050000000000000003","1","1.6522547014639744","1.6361996266224512","Base"
"SOH","0.94999999999999996","0","0.050000000000000003","0","1","1.664315030758891","1.6105095155303262","Base"
"SOH","0.94999999999999996","0.050000000000000003","0","0","1","1.6514943739737717","1.5925564729182999","Base"
"SOH","1","0","0","0","1","1.7097568429888879","1.6546941663083439","Base"
