ProgressPercent,Reference,BaseRaw,BaseBenchmark,BaseManuscript,BaseSequential,PrunedRaw,PrunedBenchmark,PrunedManuscript,PrunedSequential,QuantizedRaw,QuantizedBenchmark,QuantizedManuscript,QuantizedSequential
0,1,0.99999999999999989,0.99999999999999989,1,1,1,1,1,1,1,1,1,1
0.040016006402561026,0.99991309642791748,0.99574349368492587,0.99957637536769195,0.99990909794718008,0.99999792539935395,0.95916448711094093,0.99887859999992168,0.99989780689537755,0.99999684038881909,0.99872514974023829,1.0000839397653023,1.0000103905464259,0.9999986494184574
0.080032012805122052,0.99975556135177612,0.99829246495853774,0.99961456250855529,0.99989678249200209,0.99999637676149111,0.98464137690635323,0.99785404090529384,0.99978178689543862,0.99998743635281695,0.99102317338178614,1.0007409805366647,1.0000484827716907,1.00000183372088
0.12004801920768307,0.99959796667098999,0.99909099921370603,0.99960065567771594,0.9998775654780987,0.9999950744786712,0.98189737086732354,0.99669384090521951,0.99966576689549969,0.99997173710375553,0.98148449973747809,0.99958078053702792,0.99993952195785751,1.0000027498582846
0.1600640256102441,0.99944037199020386,1.0024448067278056,0.99920605074817126,0.99984962122584053,0.99999205183080497,0.98517183061465197,0.99559447375088506,0.99954974689556075,0.99994944169098721,0.98447291173218321,0.99842058053695326,0.99982350195791858,0.99999694985660292
0.20008003201280511,0.9992828369140625,0.98587549361511928,0.99871989204858824,0.99981343828736313,0.9999857798117342,0.96585154620944569,0.99446427375080959,0.99943372689562182,0.99992105360723882,0.98379049821324993,0.99726038053687893,0.99970748195797965,0.99998447256340528
0.24009603841536614,0.99912524223327637,0.98498691368510038,0.99802059129990717,0.99977007081810942,0.99997599426908568,0.97239080600636452,0.99330407375073493,0.99931770689568289,0.99988613120626813,0.97821773328779926,0.9961001805368046,0.99959146195804072,0.99996535660153985
0.28011204481792717,0.99896770715713501,0.98075349445085946,0.99710818127381351,0.99968904359889355,0.99996214597810285,0.98557570079921852,0.9921438737506606,0.99920168689574396,0.99984469996383929,0.98073021233802682,0.99494038053672995,0.99947544195810178,0.99993964214690423
0.32012805122048821,0.99881011247634888,0.9973368658384888,0.99632038127366518,0.9996024376185918,0.99994324312068672,0.98723900593058034,0.99099928300645579,0.99908566689580502,0.99979681605631243,0.9799696516572336,0.99378058053665563,0.99935942195816285,0.99990736627173371
0.36014405762304924,0.99865251779556274,0.99360893854206955,0.99549963244317263,0.9995231266043525,0.99991985002060679,0.98946310688828898,0.99029353358391137,0.9989696268958661,0.99974286628060793,0.98153062329172569,0.99262098053658099,0.99924338195822393,0.99986856214057185
0.40016006402561022,0.99849492311477661,0.98543459702682024,0.994690345438766,0.99944189962511021,0.99989146353515823,0.98935068697044271,0.98954393529855689,0.99885360689592717,0.99968542348202649,0.98433460081497692,0.99146158053650668,0.999127361958285,0.99982328302247903
0.44017607042817125,0.99833738803863525,0.96835688336770331,0.99390050303172561,0.99935048674793137,0.9998588981713018,0.96785359264307946,0.98914376958203953,0.99873758689598824,0.99962494779432198,0.97768492259248785,0.99030258053643239,0.99901134195834607,0.99977156144749535
0.48019207683073228,0.99817979335784912,0.97809429903017286,0.99314900795876881,0.99925932830738007,0.99982236335418118,0.98807572539292754,0.98879564676644238,0.99863236917976683,0.99956304991804967,0.97852136010475066,0.98914758053635787,0.99889578841776583,0.99971344100926063
0.52020808323329337,0.99802219867706299,0.98767222598725446,0.99247236355472312,0.99916835437956297,0.99978232125146949,0.98464676974374066,0.98848422465600505,0.99855841640725596,0.99950027183258439,0.98169360911554382,0.98800298026796696,0.99879572385853677,0.99964900367633114
0.56022408963585435,0.99786466360092163,1.0097329315575307,0.99209089384672744,0.9990893576916613,0.99973924272120673,0.99191009203736302,0.98837077761508552,0.99848282821976198,0.99943688258615437,0.98038900557856024,0.98686927379161737,0.99869716425346444,0.99957835718382992
0.60024009603841533,0.9977070689201355,1.0102375145551621,0.99291804218719282,0.9991093928729714,0.99969714337899773,0.99182060649390069,0.98850194046040318,0.99841771549783076,0.99937347183890957,0.98353108309337534,0.98577677354709492,0.99860062536403982,0.99950173178724822
0.64025610244097642,0.99754953384399414,0.99215766403825389,0.99368019861286239,0.99912889451586273,0.99965955083503066,0.99079199683967878,0.98860359695428146,0.9983503598381841,0.9993102960116772,0.98363288948772498,0.98494126062586729,0.99850849926138951,0.99941968847972151
0.68027210884353739,0.99739193916320801,0.99101476264299437,0.99405179034252689,0.99912819244855955,0.99962594570319652,0.98733394357337945,0.98847026979021457,0.99827493899771558,0.99924745007418037,0.97955232908415113,0.98432411775174222,0.99841543410559386,0.99933371304773178
0.72028811524609848,0.99723434448242188,0.99862968176913203,0.99461285667034804,0.99913307745595037,0.99959586542989609,0.98821694661813986,0.98844971293370321,0.99820432503048051,0.99918494769647481,0.98084372885754822,0.98379355269383995,0.99831995946761865,0.99924491333371701
0.76030412164865946,0.99707674980163574,0.99938325378288784,0.99525926259496833,0.99913966369792329,0.9995693748933947,0.97630114646981903,0.9882943729657464,0.99813556012921323,0.99912276128304045,0.98535834058444993,0.98347038982961266,0.99822813949064426,0.99915433845471868
0.80032012805122044,0.99691921472549438,1.0071263940718678,0.99584483693675652,0.99915178472154276,0.99954620031957064,0.99284506781167081,0.98834531634851208,0.99806688199892313,0.99906074931523869,0.9796974509925287,0.98318051835415887,0.99813532078555334,0.99906298181291098
0.84033613445378152,0.99676162004470825,1.009793769954267,0.99638168542782379,0.99916384714534978,0.99952588889620064,0.99296128049427312,0.98844046347599557,0.99797562816347818,0.99899912996258633,0.98544090891601754,0.98307479079303906,0.99804616489073084,0.99897113358357859
0.8803521408563425,0.99660408496856689,0.9809367973892329,0.99674956570692241,0.99916595401431674,0.99950814789594533,0.96648796028311568,0.98896546347553749,0.99792634144623926,0.99893925298715547,0.98976863660446512,0.9832088681482517,0.99796013711374498,0.99887955517615878
0.92036814725890359,0.99644649028778076,0.99237799114037806,0.99686237877863437,0.9991592794908446,0.99949250025644554,0.95430275531321895,0.98861207698127629,0.99782151599757418,0.99887984346732039,0.98036648151126571,0.98322776894574526,0.99787389491579681,0.99878842434198578
0.96038415366146457,0.99628889560699463,0.99865822249110681,0.99708643528643925,0.99915680250307748,0.99947861352479384,0.98952385038633461,0.98886387698088529,0.99772243817502759,0.99882030872813443,0.98341517675239032,0.9830373432747892,0.99778518089957291,0.99869776310018676
1.0004001600640255,0.99613136053085327,1.0047887816905026,0.99743972350583499,0.99915672666893718,0.99946647513088671,0.97686004591378783,0.98856750207469923,0.99764634465784074,0.99876253464821851,0.97865841636568851,0.98312185540899222,0.99770002308942307,0.99860754609269953
1.0404161664665867,0.99597376585006714,1.0059030817677748,0.99780125473983494,0.99916226971893463,0.99945588252684636,0.99762039568729466,0.98861470207436675,0.99753030465790182,0.99870386343102424,0.98122765367567688,0.98302095746517359,0.99761320974997725,0.99851786017233168
1.0804321728691477,0.99581617116928101,1.0039721898235541,0.99811542865227065,0.99916463975207626,0.99944660213198433,0.99833746527397926,0.98912336000085155,0.99747257407306278,0.99864707343377701,0.99045439587344741,0.98252555746494918,0.99749844771779728,0.99842542249907429
1.1204481792717087,0.9957282543182373,1.0060038529368704,0.99824286099304471,0.9991706756743528,0.99943805146083808,1.0025691240266077,0.98898205620694046,0.99737114892398648,0.99859100247507582,0.96643167153911436,0.98159135746482251,0.99738242771785834,0.99833133896091808
1.1604641856742697,0.99565553665161133,0.99805838256153401,0.99782659484376968,0.99910115460448012,0.99942900127830381,0.97417542034796956,0.9892750946382205,0.99731205544239554,0.99853693646601827,0.95767435002233281,0.9804623833077003,0.99726640771791941,0.99823127406166579
1.2004801920768307,0.99554300308227539,1.009727296128351,0.99801101904226341,0.99910393731033253,0.99942049406406319,0.99659682329876431,0.98941796037544583,0.99725509917768818,0.99848392904602323,0.98091631968450532,0.98024231506912618,0.99715038771798048,0.99812825695733975
1.2404961984793919,0.99543052911758423,1.0058809036271319,0.99823344140289239,0.99911222501476382,0.99941261647268553,0.99798402700827782,0.98981830041480467,0.99721267208085795,0.99843286193355352,0.98094947845731284,0.98001424932939929,0.99703436771804155,0.99802481404491661
1.2805122048819528,0.99531799554824829,0.98088407885819651,0.99819649085191486,0.99910791242929031,0.99940492083271171,0.97278418682590273,0.98990673913542659,0.99714806441508519,0.99838281956830122,0.96216840928464753,0.97948329129683986,0.99691834771810262,0.99791911871763095
1.3205282112845138,0.99520552158355713,0.9912503599403153,0.99805435410022814,0.99909324766104235,0.9993972393283399,0.99031926427001071,0.99000277707209849,0.99708349641719152,0.99833367604988921,0.97070389562406956,0.97853836581466902,0.99680232771816368,0.99780946009808802
1.3605442176870748,0.99509304761886597,0.99785490115093634,0.9978491142042083,0.99908455650664585,0.99938934129124035,0.97749065231642518,0.98987433644356226,0.99703474914746748,0.99828514846495475,0.97457743774335848,0.97745597182417243,0.99668630771822475,0.99769497607915991
1.4005602240896358,0.99498051404953003,1.0028223198868356,0.99780556132172049,0.99907926222179411,0.99938110484640685,0.97361586902255837,0.98970801434960842,0.99697774239938508,0.99823648366264528,0.94997022282456345,0.97650968407469263,0.99657026771828583,0.99757893607922099
1.440576230492197,0.99486798048019409,1.0040055782265438,0.99795824422779988,0.99907959270497437,0.99937272614606443,0.99645092037955618,0.98971799600528687,0.99692331303849335,0.99818784141978023,0.97484390283655076,0.97565557537388492,0.9964542477183469,0.99746291607928206
1.4805922368947579,0.99475550651550293,1.0029131533098512,0.99813220174782757,0.999079589190217,0.99936450634635099,0.99802231022753396,0.98981083629121813,0.99687537352920252,0.99813913989540004,0.97574892822481907,0.97530199794935357,0.99633822771840796,0.99734689607934313
1.5206082432973189,0.99464297294616699,0.98847736520780549,0.99797030312750212,0.99906741468301263,0.99935612502903015,0.9699002633245456,0.98982826406001634,0.99682383887346804,0.99809072958160239,0.97032230088186799,0.97488447014234636,0.99622220771846903,0.99723087607940419
1.5606242496998799,0.99453049898147583,0.99346956771289308,0.99780119187364069,0.99905464511460818,0.99934752382649539,0.98939193328716435,0.98960811244300528,0.99675625191176276,0.99804173286252551,0.96993437311278785,0.97442960979169957,0.9961061877185301,0.99711485607946526
1.6006402561024409,0.99441802501678467,0.99756058631732336,0.99761107647008784,0.99904387957771168,0.99933866386465975,0.97589893561983321,0.98960124046887832,0.99669723302562829,0.99799285894445422,0.97303313511357503,0.97390602508062485,0.99599016771859117,0.99699883607952633
1.6406562625050021,0.99430549144744873,1.0055153278826008,0.99761756421481085,0.99903716323818115,0.9993295734941271,0.97550419177546077,0.98943331519826627,0.99662827620552374,0.99794426792085589,0.97341891204333797,0.97357062710112519,0.99587414771865224,0.9968828160795874
1.680672268907563,0.99419301748275757,1.0013155394354003,0.99773033977319714,0.99903386210159872,0.99932016367936183,0.99714582599719792,0.98954041518756397,0.99657790713071115,0.99789599745376967,0.97395040833684432,0.97346975478622344,0.9957581277187133,0.99676679607964846
1.720688275310124,0.99408048391342163,0.99551668280944439,0.99783390738678768,0.99903005883819407,0.99931061134712418,0.99735620591725827,0.98971386656616289,0.99653088063604678,0.99784803876872619,0.97367940258287122,0.97346223350142846,0.99564210771877437,0.99665077607970953
1.760704281712685,0.99396795034408569,0.9882679453879647,0.99759798523611387,0.99901132159278716,0.99930061558667704,0.96841498108891932,0.98968789469132656,0.99647940005705882,0.99780041801219621,0.9694199042972097,0.97318036222207915,0.99552606771883545,0.99653473607977061
1.8007202881152462,0.99385547637939453,0.99333474158466806,0.99736018329794407,0.99899348273812061,0.9992901179304986,0.98938766642681386,0.98969980453136663,0.99642381161250848,0.99775356073110566,0.96924078717851225,0.97285480159365956,0.99541004771889652,0.99641871607983168
1.8407362945178072,0.99374294281005859,0.99751120056698472,0.99724707618140873,0.99898258263803641,0.9992791856626293,0.97481106401629847,0.98954300656213445,0.99636544011838868,0.99770653225604622,0.97339620873943367,0.97265377163227484,0.99529402771895759,0.99630269607989275
1.8807523009203682,0.99363046884536743,1.0075854088679597,0.99728330146055733,0.9989734256263163,0.99926802914657287,0.99518875938309259,0.9894608439796746,0.99630220601981023,0.99765965034606652,0.97302196269823271,0.97250068229624764,0.99517800771901865,0.99618667607995381
1.9207683073229291,0.99351799488067627,1.0014035248458195,0.99743105801436061,0.99896833166770227,0.99925689809320961,0.99803084394823494,0.98967305369805003,0.99625235017405711,0.99761327601481276,0.973381869810652,0.97253926503605626,0.99506198771907972,0.99607065608001488
1.9607843137254901,0.99340546131134033,0.99186789390559227,0.99743995048545564,0.99895761015946194,0.99924568751964526,0.99681407760494489,0.98997864219062837,0.99621135853737064,0.99756799349048164,0.9722346957625837,0.97250665270850289,0.99494596771914079,0.99595463608007595
2.0008003201280511,0.99329298734664917,0.98950258914642997,0.99719234565803205,0.9989337012843662,0.99923399543716229,0.99003214012559027,0.9898985961843596,0.99616090336727237,0.99752315690178006,0.96917040693640899,0.97223372095598803,0.99482994771920186,0.99583861608013702
2.0408163265306123,0.99318045377731323,0.99568114038787259,0.99695776135990422,0.99891563898814806,0.99922175173826422,0.98969168022678844,0.98985049848355855,0.99611274261536864,0.99747858758487695,0.96987994492895413,0.97199825205957779,0.99471392771926292,0.99572259608019809
2.0808323329331735,0.99306792020797729,0.99702782617379315,0.99690135165910332,0.99890594605347538,0.99920928147971289,0.97208945899410903,0.98954555661115007,0.99605095531853571,0.99743384637626198,0.95585701029033221,0.97201795937337787,0.994597887719324,0.99560655608025916
2.1208483393357342,0.99295544624328613,1.0071106997045822,0.99695552529438158,0.99889713767455479,0.99919650803001159,0.99585924907761747,0.98952377701802186,0.99599306556046419,0.99738873054854305,0.97273404895740456,0.97193710594851357,0.99448186771938507,0.99549053608032023
2.1608643457382954,0.9928429126739502,1.0050417094474515,0.99711155992945533,0.99889090920373147,0.99918370163049242,0.998485383099464,0.98971327769065898,0.99595059020288756,0.99734409874069452,0.97321458230819946,0.97209244386984506,0.99436584771944614,0.9953745160803813
2.2008803521408562,0.99273043870925903,0.97586412337929895,0.99704205996872719,0.99887647353655162,0.99917084168480597,0.98919619106858425,0.9898928515455665,0.99590980917708682,0.99729997916687763,0.9646553769907511,0.97206981348490196,0.99424982771950721,0.99525849608044237
2.2408963585434174,0.99267899990081787,0.98980696291814874,0.99692459284348944,0.99887507175547519,0.99915700977855015,0.99544643033870461,0.98971302793477078,0.99585393088431717,0.99725508188359691,0.9697997066733135,0.97194274702855066,0.99413380771956827,0.99514247608050344
2.2809123649459786,0.99260538816452026,1.0076482469331145,0.99658424921558386,0.99881057232208881,0.99914164796164229,0.99496486773858894,0.98936992882159513,0.99579298940816274,0.99721097446092422,0.98179463881791784,0.97093534702844209,0.99401778771962934,0.9950264560805645
2.3209283713485394,0.99250715970993042,1.003532262771458,0.99694690665131014,0.99881172996576462,0.99912766771712913,0.9977389195859202,0.98956251659872629,0.99574792395328393,0.99716655575566204,0.98008036013653521,0.97099354702808927,0.99390176771969041,0.99491043608062557
2.3609443777511006,0.99240893125534058,0.99181069126961729,0.99717604764020451,0.9988091684728817,0.99911505483201446,0.98597749681555913,0.98974139469839895,0.99570496461234848,0.99712277712761321,0.97889190192268305,0.97105014702773751,0.99378574771975148,0.99479441608068664
2.4009603841536613,0.99231076240539551,0.99028149029348822,0.9971283837515178,0.99879530707549102,0.99910325451212456,0.99034954712610956,0.98969859293092854,0.99565001763973215,0.99707968388583446,0.9406857664384467,0.97080834702745267,0.99366972771981255,0.99467839608074771
2.4409763905562225,0.99221253395080566,0.99632630613493411,0.99705565711980981,0.99878552009624433,0.99909204823618558,0.98951827976309925,0.98965257792476302,0.99560402935728365,0.99703684193165787,0.9435355687882625,0.96964794702737833,0.99355368771987362,0.99456235608080878
2.4809923969587837,0.99211430549621582,0.99698904472567451,0.99713010761823584,0.99877823455875347,0.99908121421437068,0.97314011409347534,0.98956919401984766,0.9955587500201668,0.9969940038956091,0.95095112504430135,0.96848774702730367,0.99343766771993469,0.99444633608086985
2.5210084033613445,0.99201607704162598,1.0055141159623471,0.99722033511677388,0.99877439327153417,0.99907046288507162,0.99576964501025644,0.98958061807249698,0.99551085563670338,0.99695175803718061,0.95773487225089871,0.96732754702722934,0.99332164771999576,0.99433031608093092
2.5610244097639057,0.99191790819168091,1.0034134339905818,0.99740399180439843,0.99877161045225005,0.99905996967069133,0.99792689848914029,0.98953448909848341,0.99546594531625154,0.99690912561960388,0.96187446124462384,0.96616734702715501,0.99320562772005683,0.99421429608099199
2.6010404161664664,0.99181967973709106,0.97873667736065095,0.99739058516339363,0.9987599544795519,0.99904957857554555,0.97554626775947284,0.98947612351236325,0.99542218203791033,0.9968657867193681,0.95782180200663747,0.96500714702708035,0.9930896077201179,0.99409827608105306
2.6410564225690276,0.99172145128250122,0.99043376807336669,0.99721983936827863,0.99874029242564788,0.99903921791405137,0.98992671311776292,0.98951819022002541,0.99536394403297124,0.99682272493848878,0.93978695458598371,0.96384694702700602,0.99297358772017896,0.99398225608111412
2.6810724289715888,0.99162328243255615,0.99641762432605108,0.99702692152399541,0.99872451562770659,0.99902866517194377,0.98132318184043199,0.98957076168064684,0.99531811701705453,0.99678066588845682,0.94223921013532841,0.96268674702693136,0.99285756772024003,0.99386623608117519
2.7210884353741496,0.99152505397796631,1.0024057828956361,0.99698507622560095,0.99871173580552608,0.99901787713791634,0.97341206717887163,0.98936046683581869,0.99526323488001156,0.99673877096356267,0.94718052448455736,0.96152654702685703,0.9927415477203011,0.99375021608123626
2.7611044417767108,0.99142682552337646,1.0020674147608009,0.99708653270183167,0.99870613825760968,0.99900676556021506,0.99601795257787706,0.9894749963759184,0.99522011462591686,0.99669703542253818,0.95029111610158934,0.96042767777251337,0.99262550772036218,0.99363417608129734
2.8011204481792715,0.99132859706878662,1.0017438320530607,0.99721586738662182,0.99869962470423634,0.99899546776737524,0.99752628771178597,0.98967196696278714,0.99518601335583756,0.99665588817243511,0.96078828738941402,0.95982306312472265,0.99250948772042324,0.99351815608135841
2.8411364545818327,0.99123042821884155,0.98792830473686299,0.99702996201314287,0.99868124454023888,0.99898391525475316,0.96950279343050483,0.98968333974509815,0.99515125159395135,0.99661489399014014,0.9571911878679279,0.95932438347172844,0.99239346772048431,0.99340213608141947
2.8811524609843939,0.99113219976425171,0.99313992540388452,0.99684718589187593,0.9986617686798166,0.9989720407146585,0.98967188673571793,0.98955737692869994,0.99509276645895717,0.99657400310768474,0.94049942010982179,0.95858658347156067,0.99227744772054538,0.99328611608148054
2.9211684673869547,0.99103397130966187,0.99676738451127123,0.99666879439458045,0.99864892935066052,0.99895977294520355,0.9883568640804673,0.98942770334012553,0.99505532894574,0.99653298669842427,0.94627484189538646,0.95788477905829295,0.99216142772060645,0.99317009608154161
2.9611844737895159,0.99093574285507202,1.0059814930081896,0.99661147297259922,0.99863910874339301,0.99894708370752605,0.97591866984895437,0.98923250113090855,0.99500687162869506,0.99649204347046449,0.9536083077841504,0.95717617905811536,0.99204540772066752,0.99305407608160268
3.0012004801920766,0.99083757400512695,1.0046129320616897,0.99678321924150115,0.9986382431398888,0.99893423445825946,0.9972598459876757,0.98937726011918103,0.9949656370380402,0.99645103453839001,0.95299794738234489,0.95651839471458799,0.99192938772072858,0.99293805608166374
3.0412164865946378,0.99073934555053711,0.99857690264208299,0.99691680405110872,0.99863405582141984,0.99892148789056001,0.98643227301458547,0.98961074083693923,0.99493020841836288,0.99641060894724875,0.96038835076747919,0.95620580289135981,0.99181336772078965,0.99282203608172481
3.081232492997199,0.99064111709594727,0.98947513915268348,0.99674537231687732,0.99861837241964235,0.99890867161670427,0.96899331845226278,0.98955752202645964,0.99488224962246641,0.99637067144429736,0.94205531337370374,0.95586749677633109,0.99169734772085072,0.99270601608178588
3.1212484993997598,0.99054288864135742,0.99419387185252184,0.99655648509825623,0.99860503588723204,0.9988956161918765,0.98952651717405371,0.98966818487312758,0.99483772599291653,0.99633127869139104,0.94088830380748745,0.95530989677611855,0.9915813077209118,0.99258997608184696
3.161264505802321,0.99044471979141235,0.99664758619419225,0.99645549850381965,0.99859624974149119,0.99888224916422497,0.98250640592041094,0.98956668319512542,0.99479787925125862,0.99629235244400738,0.94949106362111002,0.95484337449784917,0.99146528772097287,0.99247395608190803
3.2012805122048817,0.99034649133682251,1.0054329173053487,0.99647112001580362,0.99858911004602358,0.99886874321286945,0.99470387811381544,0.98927471469683881,0.99474695834677163,0.99625337645846956,0.95095656188813105,0.95429597449764336,0.99134926772103393,0.99235793608196909
3.2412965186074429,0.99024826288223267,1.0025521222662714,0.99661392315157105,0.9985866304738128,0.99885531253730431,0.99780707082762987,0.98950860801244844,0.99471181592216695,0.99621405640010607,0.95796847729896639,0.95380608581637971,0.991233247721095,0.99224191608203016
3.2813125250100041,0.9901500940322876,0.99398942090572129,0.99666282281599028,0.99858227486824203,0.99884180523378574,0.99358619774977641,0.98964090792501214,0.99467629580841244,0.9961754552653167,0.96010372303116354,0.95369767150611162,0.99111722772115607,0.99212589608209123
3.3213285314125649,0.99005186557769775,0.98903400018033361,0.99644077219495886,0.99856512597900116,0.99882793262096692,0.98853832416926302,0.98958709072554996,0.99462908399083705,0.99613726382193635,0.93933444189184956,0.95345006297933776,0.99100120772121714,0.9920098760821523
3.3613445378151261,0.99001699686050415,0.97718651016413272,0.99638558888696327,0.99856838852537255,0.99881330696631532,0.98936615433921327,0.989598417643337,0.99458332778415559,0.9960978043422819,0.95977088064681948,0.95382346297891085,0.9908851877212782,0.99189385608221337
3.4013605442176869,0.98990756273269653,1.0079930988413073,0.99639457022517508,0.99852863270397629,0.99879768058832485,0.99726233498954686,0.98929783959135409,0.99452668057316751,0.99605894208460832,0.95745376950124184,0.95292757289269425,0.99076916772133927,0.99177783608227443
3.4413765506202481,0.98977947235107422,0.99772304422733293,0.99686042791935692,0.99853816671499196,0.9987844417874413,0.98671187089144319,0.98947066478887047,0.99449258856744793,0.99602019406656106,0.96036988939667278,0.95291816829343379,0.99065314772140034,0.9916618160823355
3.4813925570228093,0.9896513819694519,0.99077668090915338,0.99694103062685513,0.99853156084367001,0.99877297205360316,0.9701956248799205,0.989509144594648,0.99444864528621801,0.99598216204854484,0.93941384370997794,0.95263317596812613,0.99053710772146142,0.99154577608239658
3.52140856342537,0.98952329158782959,0.99561133378125899,0.99699569758237894,0.99852852878411946,0.99876295866075016,0.98964675966920934,0.98955025360191007,0.99440607185673935,0.99594453492941082,0.93835264348906289,0.9521612529024549,0.99042108772152249,0.99142975608245765
3.5614245698279312,0.98939520120620728,0.99784344850453877,0.99728040860796652,0.99853013782506594,0.99875429391754389,0.9842162909439327,0.98940942114499242,0.99436501203378391,0.99590718456652394,0.9496338554535606,0.95169521133140311,0.99030506772158355,0.99131373608251871
3.6014405762304924,0.98926711082458496,1.0074018635455357,0.99744652575972292,0.99853408936593357,0.99874656606106782,0.99510496298676432,0.98936258955955791,0.99432508047575452,0.99587004268062729,0.94957805312238541,0.95143062342473883,0.99018904772164462,0.99119771608257978
3.6414565826330532,0.98913902044296265,1.0077247796971363,0.99769036109966436,0.99854461559158525,0.99873963700077506,0.99819926640818191,0.98952221733224688,0.99429211454527422,0.99583310029274075,0.96002760721754754,0.95133189408269847,0.99007302772170569,0.99108169608264085
3.6814725890356144,0.98901093006134033,0.9946293147996792,0.99780198403851339,0.99854951443957762,0.99873313169890565,0.9932303890061025,0.98957714839195887,0.99425973243707821,0.99579634984380316,0.95992454616692946,0.95134286955523484,0.98995700772176676,0.99096567608270192
3.7214885954381751,0.98888283967971802,0.99273859801186903,0.9976565947071514,0.99854348757498823,0.99872678043984797,0.98821913931026439,0.98941278252100784,0.99421203134894787,0.99575951569603116,0.94032968304036912,0.95114623473129833,0.98984098772182783,0.99084965608276299
3.7615046018407363,0.9887547492980957,0.99669139711136379,0.99746044332106221,0.99853742022949965,0.99872034433506118,0.9893240783552012,0.98947751065787459,0.99417430545602337,0.99572272810028861,0.93928688444472375,0.950668757799637,0.98972496772188889,0.99073363608282405
3.8015206082432975,0.98862659931182861,0.99730299266739764,0.99747506194671165,0.99853755944870592,0.99871379296722507,0.97363453653659182,0.98926181725087892,0.99413279270205612,0.99568621196081575,0.94897659480553187,0.95035408511375696,0.98960892772194997,0.99061759608288513
3.8415366146458583,0.9884985089302063,1.008059572667223,0.99751280874847159,0.99854248932690126,0.99870721711927091,0.99583518872619647,0.9893238954692215,0.99409181133536084,0.9956495356370576,0.95261808526070446,0.950146794206848,0.98949290772201104,0.9905015760829462
3.8815526210484195,0.98837041854858398,1.0045831188234484,0.99765746926506949,0.99854751328835101,0.99870045768917026,0.99824430548965959,0.98951729707469549,0.99406395311892415,0.99561363471283926,0.95978055942374707,0.95002955509569031,0.98937688772207211,0.99038555608300727
3.9215686274509802,0.98824232816696167,0.98136575656303282,0.99756564749857624,0.99854602313910845,0.99869348833374183,0.98077305316496144,0.98955253783993435,0.99402961859404571,0.99557794793405618,0.95512913041805381,0.95010289134597392,0.98926086772213317,0.99026953608306834
3.9615846338535414,0.98811423778533936,0.99237890008056839,0.99740124589997947,0.99853882572329078,0.99868609720043056,0.98967082002063034,0.98935250241573258,0.99398203562012266,0.99554200225810485,0.93860417219810754,0.9499180880257142,0.98914484772219424,0.9901535160831294
4.0016006402561022,0.98798614740371704,0.9972480320838919,0.99721486410403704,0.99853532464625083,0.99867849685767163,0.9873896498057334,0.98934102866442919,0.99394698478843257,0.99550600179405102,0.94183616674549098,0.94968337633661759,0.98902882772225531,0.99003749608319047
4.0416166466586638,0.98785805702209473,0.99385768517414319,0.99711603221744771,0.998533203320772,0.99867061833270143,0.97307451111558607,0.98917557185676941,0.99390413024886448,0.99547012132738477,0.95017264070253105,0.94951469230607133,0.98891280772231638,0.98992147608325154
4.0816326530612246,0.98772996664047241,1.0061955787210071,0.99725953067365813,0.998538954862771,0.99866249067708179,0.99644665351920569,0.98922441663558325,0.9938693893974776,0.9954342790118279,0.94816513092756383,0.94947327043072272,0.98879678772237745,0.98980545608331261
4.1216486594637853,0.9876018762588501,1.0053205117018171,0.99741637990378362,0.99854556278466333,0.99865448641249155,0.98543845012461018,0.98925052479793574,0.99383906342481021,0.99539843790671023,0.95994438168507745,0.94950366060599567,0.98868076772243851,0.98968943608337367
4.161664665866347,0.98747378587722778,0.98879967539927915,0.9973143472260565,0.99854032127426862,0.99864637527189315,0.97190592473708737,0.98931881870512184,0.99380202723026523,0.99536269740679773,0.95579583086086384,0.94958025530244217,0.98856472772249959,0.98957339608343475
4.2016806722689077,0.98734569549560547,0.99308708568082282,0.99713336201673686,0.99853316644082701,0.99863789483558618,0.98966323449111826,0.98931709399790657,0.99375733207055184,0.99532751271392672,0.96531377280397512,0.94980953962478165,0.98844870772256066,0.98945737608349582
4.2416966786714685,0.98721760511398315,0.99712702184655921,0.9969616086966776,0.99852912953818618,0.9986289693795054,0.98394303409565143,0.98922961900671902,0.99372288198953618,0.99529269244328855,0.94301691778512298,0.95044733962429773,0.98833268772262173,0.98934135608355689
4.2817126850740292,0.98708951473236084,1.0058180655619771,0.99688335694372499,0.99852669305692821,0.99861970908838726,0.97707244074012489,0.98911575684975372,0.99367994165120266,0.99525775908129788,0.95803443637136199,0.95121057367980799,0.9882166677226828,0.98922533608361796
4.3217286914765909,0.98696142435073853,0.98897710052442211,0.99645675694348435,0.99849853954680146,0.9986098805558401,0.99725640879461552,0.98923719414572764,0.99365012904063599,0.99522303939579049,0.96858352653048352,0.95204296346376927,0.98810064772274386,0.98910931608367902
4.3617446978791516,0.98683333396911621,0.99047963925496951,0.99529655694340968,0.99839755604418279,0.99859406719494248,0.98662066675145077,0.98917611796240712,0.99361959840874903,0.99518808778560441,0.96751844284969002,0.9528567634632521,0.98798462772280493,0.98899329608374009
4.4017607042817124,0.9867052435874939,0.9714911515278436,0.99413635694333535,0.99829447954621342,0.99857163446189579,0.96868071166963787,0.98925637289503798,0.99358492288354139,0.99515335594943977,0.96324293276022221,0.95365426807567855,0.987868607722866,0.98887727608380116
4.441776710684274,0.98657715320587158,0.97464814319274085,0.99299004394333956,0.99819429220786005,0.99854266165507244,0.98431259161156592,0.98911871663011164,0.99354443771204326,0.99511900465369441,0.96480474083222667,0.95440806807517076,0.98775258772292707,0.98876125608386223
4.4817927170868348,0.98654556274414063,0.91922551509034611,0.99224757941114494,0.99809537175423901,0.99850840858317835,0.98151596096154647,0.98919225721781057,0.99350552085341026,0.99508358578721046,0.93498759563169309,0.95509312967280813,0.98763656772298813,0.9886452360839233
4.5218087234893956,0.98653477430343628,0.98437471216893968,0.99109917941107117,0.99797933175430009,0.99846882824440908,1.0019004121905624,0.98836585721766768,0.99341212360919851,0.99504761581009726,0.96823813758345556,0.95516151725964704,0.98752052772304921,0.98852919608398437
4.5618247298919572,0.98652362823486328,0.99722391487084316,0.99185257941056459,0.99791045093089215,0.99842751396279339,0.99467898809510402,0.98945645721709363,0.99337728180645846,0.99501204148176448,0.96676923382084889,0.95632171725903636,0.98740450772311028,0.98841317608404544
4.601840736294518,0.98651254177093506,1.0160057701947118,0.99301077940995497,0.99797514851833025,0.99839283182206529,0.9903475914817822,0.98997869832740593,0.99337469433485892,0.99498238562912855,0.98113152310730323,0.95748191725842569,0.98728848772317135,0.98829715608410651
4.6418567426970787,0.98650139570236206,1.0137403882604679,0.99417097940934429,0.99807763060128318,0.99836506014534676,1.0000988489314537,0.99055616029848559,0.99337271114237735,0.99495486228007446,1.0280200592054369,0.95864211725781501,0.98717246772323242,0.98818113608416758
4.6818727490996395,0.98649024963378906,1.0130256582908432,0.99533117940873361,0.9981713278746015,0.99834415994576431,0.98561327287508282,0.99080930404263967,0.99336002070483986,0.99493099031223298,0.99940248488856143,0.95980231725720433,0.98705644772329348,0.98806511608422865
4.7218887555022011,0.98647910356521606,1.0128023013880849,0.99649137940812293,0.99826048421348246,0.99833009147725649,1.0129866635724027,0.99103789202450643,0.99339361686689154,0.99490661354718235,0.99645667146144512,0.96096251725659365,0.98694042772335455,0.98794909608428971
4.7619047619047619,0.98646795749664307,1.0146042450173109,0.99765157940751226,0.99835282621902521,0.99832281522366373,1.0127388301003768,0.99219809202389575,0.99349603755867955,0.99488759529347226,0.96684726149163569,0.96212271725598297,0.98682440772341562,0.98783307608435078
4.8019207683073226,0.98645681142807007,1.0185495302112328,0.99881177940690158,0.99846039237960693,0.99832229189739141,1.022925840663345,0.99335829202328507,0.99362973318528081,0.99487539788527335,0.96231502483143994,0.96287853441072591,0.98670838772347669,0.98771705608441185
4.8419367747098843,0.98644566535949707,0.99290154068998004,0.99977737940633837,0.99855755342160013,0.99832843574293428,0.9958953988666982,0.9945182920226745,0.99372158643989317,0.99486998149089489,0.96241181260071607,0.96208261847136656,0.98659234772353777,0.98760101608447293
4.881952781112445,0.98643451929092407,1.0007684180368637,0.99940237940609478,0.9985251448837803,0.9983342769131921,0.9808815617941532,0.99469926554463561,0.99374360935449113,0.99487002619851372,0.99276152951441454,0.96319320909994599,0.98647632772359883,0.98748499608453399
4.9219687875150058,0.98642337322235107,0.98753600615073756,0.99876636341470415,0.9985117003279923,0.99833899484411914,0.98351326643923509,0.99353906554456128,0.99367714886638792,0.99486567924041203,0.99161112920737027,0.96435340909933531,0.9863603077236599,0.98736897608459506
4.9619847939175674,0.98641222715377808,0.9907605017737664,0.99760616341462982,0.99846246105663761,0.99833810759080333,0.98580735575908218,0.99237886554448662,0.99361871207731212,0.99485464658608458,0.99345051504237269,0.96551360909872463,0.98624428772372097,0.98725295608465613
5.0020008003201282,0.98640108108520508,1.0025882980858447,0.9981211634142082,0.99846877449228011,0.99833430424008918,0.97325745275311459,0.99136786554437883,0.99356515962547387,0.99483702582852296,0.99925551086854958,0.96667380909811396,0.98612826772378204,0.9871369360847172
5.0420168067226889,0.98638993501663208,1.0044110261474217,0.99910136341369227,0.99849724648143423,0.99833590919415638,0.98092351925426657,0.99020926554430444,0.99346192557120816,0.99481360270516184,0.99858683882303201,0.96783400909750328,0.9860122477238431,0.98702091608477827
5.0820328131252497,0.98637878894805908,1.0039341961236004,1.0000815634131763,0.99852575302590796,0.9983431860344506,0.98960243173112339,0.98916022555461913,0.99338768785760767,0.99478379756105917,1.0002358753784582,0.9689942090968926,0.98589622772390417,0.98690489608483933
5.1220488195278113,0.98636764287948608,0.98631584483930412,1.0001873634131204,0.99851003284543238,0.99835505486224119,0.98462045743824578,0.98833775164673343,0.99332511297203063,0.99474880617450978,1.0008430095212877,0.97015440909628192,0.98578020772396524,0.9867888760849004
5.1620648259303721,0.98635655641555786,0.98833363146571562,0.99902716341315667,0.9984374767279085,0.99836229407620802,0.98254622995034913,0.98760853337844523,0.99326675182007218,0.99470957429297302,0.98866310519540013,0.97131460909567124,0.98566418772402631,0.98667285608496147
5.2020808323329328,0.98634541034698486,0.98922463523624193,0.99787916341308303,0.99837417744397772,0.99836279743693201,0.99680175111948788,0.9883829801332753,0.99330631730410524,0.99467007710499922,0.9632258455367575,0.97195260909518377,0.98554814772408739,0.98655681608502255
5.2420968387354945,0.98633426427841187,0.98877107408129161,0.99671896341300836,0.99831323870494659,0.99835664075369124,1.0066445682808476,0.9889756731776187,0.99330437858653586,0.99463598376530604,1.0069953658972,0.9726704090946755,0.98543212772414845,0.98644079608508362
5.2821128451380552,0.98632311820983887,0.98475901208139061,0.99555876341293403,0.99824393748248597,0.9983438088420522,1.0060590602216373,0.9889477906424613,0.99325196898867452,0.99460403430960043,0.98771631767705526,0.97383060909406483,0.98531610772420952,0.98632477608514468
5.322128851540616,0.98631197214126587,0.98168933927077295,0.9943985634128597,0.99815386931586436,0.99832434031293149,0.96672453398477232,0.98847359064222828,0.99318657436173807,0.9945713406475889,0.99348170221247278,0.97481760909349435,0.98520008772427059,0.98620875608520575
5.3621448579431776,0.98630082607269287,0.96748375542091924,0.99323836341278504,0.99805047689344506,0.9982982735539192,0.99247770298788085,0.9889729906417708,0.99314274775848832,0.99453615133217654,0.97298259038961976,0.97391527444426407,0.98508406772433166,0.98609273608526682
5.4021608643457384,0.98628968000411987,1.0035394736969676,0.99296016341250692,0.99795118111666914,0.99826661886223433,0.97200708488456422,0.98832081283611439,0.99307334806652592,0.99450299586338797,0.93654402660540437,0.97277158261114949,0.98496804772439273,0.98597671608532789
5.4421768707482991,0.98627853393554688,0.99925775944061634,0.99402636341192263,0.99796879833661101,0.99823918976633808,0.98482082208887234,0.98716501283603986,0.99295732806658699,0.99446388182001122,0.99504183740945262,0.97211138261096486,0.98485202772445379,0.98586069608538895
5.4821928771508608,0.98626738786697388,1.0000345397272306,0.99518136341131469,0.99796836920100529,0.99821816618424042,0.96976224224459617,0.98638944020301977,0.99289236318361007,0.99441929907407622,1.0001957861234061,0.97327158261035418,0.98473600772451486,0.98574467608545002
5.5222088835534215,0.98625624179840088,0.96691609197408224,0.99431016341117773,0.997889867783053,0.998198788904893,0.97385682810846408,0.98522904020294511,0.99277632318367115,0.99436948430439098,1.0011079212305287,0.97403798260983976,0.98461996772457594,0.9856286360855111
5.5622248899559823,0.98624509572982788,0.97618079814159298,0.9931499634111034,0.99777384778311407,0.99817293703739929,1.0109883506415758,0.98529444020260182,0.99271670412120427,0.99431558212302285,0.9862765099907681,0.97461738260936825,0.98450394772463701,0.98551261608557217
5.6022408963585431,0.98623394966125488,0.99819096663728968,0.99289256341082632,0.99765782778317513,0.99814154352472495,0.97267390033823165,0.98540075065753185,0.99268085501834347,0.99426507566637201,0.99641198180007562,0.97462518260903186,0.98438792772469808,0.98539659608563324
5.6422569027611047,0.98622280359268188,1.002633684499346,0.99405276341021565,0.99765550327230434,0.99811454156606561,0.97800510529840945,0.98424055065745719,0.99258099642540154,0.99421044331011876,0.99969774733039019,0.97578538260842118,0.98427190772475914,0.9852805760856943
5.6822729091636655,0.98621171712875366,1.0033233883157313,0.99521296340960497,0.99768864870372109,0.99809440663233806,0.97481183442163954,0.98308035065738286,0.99248826890620057,0.99414941611891872,0.99900213004787053,0.9769455826078105,0.98415588772482021,0.98516455608575537
5.7222889155662262,0.98620057106018066,1.0033951945907635,0.99637316340899429,0.99772122656121764,0.99808109900322606,0.97297489177879126,0.98192015065730853,0.99238147625910045,0.99408203108183424,0.99931740724445695,0.97810578260719983,0.98403986772488128,0.98504853608581644
5.7623049219687879,0.98618942499160767,1.0005202167689042,0.99753256340838403,0.9977507685753223,0.99807457854962789,0.96979128059975939,0.98075995065723387,0.99226564518572935,0.99400832497398306,0.99657717820874758,0.97926598260658915,0.98392384772494235,0.98493251608587751
5.8023209283713486,0.98617827892303467,0.99944160774310387,0.99868796340777588,0.99778003345978827,0.99807477922939281,0.94233877520010689,0.97959975065715954,0.99214962518579042,0.99392833435775929,1.0027552251653935,0.98042618260597847,0.98380782772500341,0.98481649608593858
5.8423369347739094,0.98616713285446167,0.98452874723318595,0.99763691494268669,0.99775437627303509,0.99807550078007834,0.96192123446907285,0.97846080378762224,0.99203360518585149,0.99384209804894263,1.0022229521799115,0.98158638260536779,0.98369180772506448,0.98470047608599964
5.882352941176471,0.98615598678588867,0.99502864252327605,0.99647651494261213,0.99772447180548818,0.99806960307189818,0.95896601884269239,0.97734400378754804,0.99191756518591256,0.99374998117952273,1.0013042450637639,0.98274678260475701,0.98357576772512556,0.98458443608606072
5.9223689475790318,0.98614484071731567,0.99580372612153512,0.99542355646111891,0.99770713364578045,0.99805712188804563,0.97194734883965694,0.97618940378747354,0.99180154518597363,0.99365173891185221,1.0012257394286845,0.98390698260414633,0.98345974772518663,0.98446841608612179
5.9623849539815925,0.98613369464874268,0.99406074241265197,0.99478237256054647,0.99768817427423662,0.99804044918607171,0.96756024599398116,0.97504503330533576,0.9916855251860347,0.99354741921657719,0.9990588285620946,0.98506718260353565,0.9833437277252477,0.98435239608618286
6.0024009603841533,0.98612254858016968,0.9977114097928973,0.99529675922416438,0.99767632222037395,0.99802207540147014,0.97043551725073862,0.97392560286842822,0.99156950518609577,0.99343714483077727,0.99925825916323263,0.98622738260292497,0.98326742868368955,0.98423637608624392
6.0424169667867149,0.98611140251159668,0.99225031534164998,0.99597430896081529,0.99767592329895383,0.99800935757672726,0.97013387392873662,0.97289884862238785,0.99145348518615684,0.99332181984845092,1.0034446886576445,0.9873875826023143,0.9833698565297333,0.98412035608630499
6.0824329731892757,0.98610025644302368,0.99881801417655824,0.9965292203984697,0.99766442188107052,0.9979980412198014,0.95468007614449346,0.9720075701336266,0.9913374651862179,0.99320579984851198,1.0067219703217631,0.98854778260170362,0.98347653263185453,0.98400433608636606
6.1224489795918364,0.98608911037445068,1.0016777823992336,0.9976715655268884,0.99767525793367628,0.99799281931116079,0.9584925751296326,0.97105177013354727,0.99122144518627897,0.99308977984857305,1.0053088688903318,0.98970798260109294,0.98361267244294415,0.98388831608642713
6.1624649859943981,0.98607796430587769,0.99876444730134439,0.9987937674288756,0.99770954160157554,0.99799425813466769,0.95404532140540421,0.96989157013347294,0.99110542518634004,0.99297375984863412,0.99831254706454642,0.99086818260048226,0.98371271780370906,0.9837722960864882
6.2024809923969588,0.98606681823730469,0.99561472715796939,0.99889676742853162,0.99773711924692277,0.99800080326974205,0.94702864734482173,0.96873137013339827,0.99098940518640111,0.99285773984869519,0.97165904751753707,0.9913971826000173,0.9837497751435238,0.98365627608654926
6.2424969987995196,0.98605573177337646,0.9948252823047038,0.99773636742845728,0.99767742127308423,0.99800262620525793,0.98444539763997585,0.96962547603144578,0.99087336518646218,0.99274169984875626,0.95456095036508104,0.99023678259994297,0.98363809729219176,0.98354023608661034
6.2825130052020812,0.98604458570480347,0.984482512475507,0.99657616742838262,0.99761109802502534,0.99799772686600363,0.98694619263902594,0.97032727603094315,0.99075734518652325,0.99262567984881733,0.9605860487480562,0.9890765825998683,0.98352207729225283,0.98342421608667141
6.322529011604642,0.98603343963623047,0.97830220394969647,0.99557569519533673,0.99753399107315777,0.997986568277338,0.97140883550625179,0.97103017902475308,0.99064132518658432,0.9925096598488784,0.94865271425167641,0.98791638259979397,0.9834060572923139,0.98330819608673248
6.3625450180072027,0.98602229356765747,0.97888065348679143,0.99483544772938737,0.99745772250400688,0.99797072268727227,0.96814492438590105,0.97160523966644097,0.99052530518664539,0.99239363984893947,0.94208345352143774,0.98675618259971931,0.98329003729237496,0.98319217608679355
6.4025610244097635,0.98601114749908447,0.97387645297119207,0.99420206601143457,0.99738145326908734,0.99795144470892438,0.96383841779129054,0.97181376107587769,0.99040928518670646,0.99227761984900054,0.9437999427876741,0.98559598259964498,0.98317401729243603,0.98307615608685461
6.4425770308123251,0.98600000143051147,0.99561072782113214,0.99396089920421304,0.99731964555667929,0.99792951495702487,0.98536964700145802,0.97229677992674213,0.99029326518676752,0.9921615998490616,0.94626050296660491,0.98443578259957032,0.9830579972924971,0.98296013608691568
6.4825930372148859,0.98598885536193848,0.99364511436164271,0.99377877916133239,0.99725902289984558,0.99790550001534095,0.9810886823070013,0.97287965376150121,0.99017724518682859,0.99204557984912267,0.94578361409354195,0.98327558259949599,0.98294197729255817,0.98284411608697675
6.5226090436174466,0.98597770929336548,0.97675930827470059,0.99332323142684598,0.99719258596564853,0.99787949702845868,0.98213352973533496,0.97316913341028632,0.99006122518688966,0.99192955984918374,0.9573948006566273,0.98211538259942166,0.98282595729261923,0.98272809608703782
6.5626250500200083,0.98596656322479248,0.97857318931842563,0.99286969820290427,0.99711777658245726,0.9978515269619902,0.97053116603692946,0.9733142840547846,0.98994518518695074,0.99181351984924482,0.94190397792952085,0.98095498259934699,0.98270991729268031,0.9826120560870989
6.602641056422569,0.98595541715621948,0.97858809593754625,0.99243019401830102,0.99704437926247425,0.99782173857169476,0.95940633512608631,0.97341565014962572,0.98982916518701181,0.99169749984930589,0.94274752516063776,0.97979478259927266,0.98259389729274138,0.98249603608715996
6.6426570628251298,0.98594427108764648,0.99580305956539561,0.99205241311906855,0.99697172032550507,0.99779023209131479,0.97647590995834244,0.97362545014924018,0.98971314518707287,0.99158147984936695,0.9519011985671586,0.978634582599198,0.98247787729280245,0.98238001608722103
6.6826730692276914,0.98593312501907349,0.99604205023942693,0.99197813568300519,0.99691361215113894,0.99775728655924578,0.98772039074484808,0.97423325014876139,0.98959712518713394,0.99146545984942802,0.94745117176531091,0.97747438259912367,0.98236185729286352,0.9822639960872821
6.7226890756302522,0.98592197895050049,0.99219426402991595,0.99191233950812951,0.99685455882430041,0.99772309263211878,0.98057944437655664,0.97485465014827888,0.98948110518719501,0.99134943984948909,0.95022641168546218,0.97631418259904901,0.98224583729292458,0.98214797608734317
6.762705082032813,0.98591083288192749,0.97775368884286817,0.99153356285276717,0.99678633912367665,0.9976875446280179,0.98148573736739697,0.97533565014782586,0.98936508518725608,0.99123341984955016,0.95296006871214667,0.97515398259897468,0.98212981729298565,0.98203195608740423
6.8027210884353737,0.98589974641799927,0.97877261079617339,0.99114239934220394,0.99671350730779762,0.99765057822732839,0.97250802614210519,0.97573230092508567,0.98924906518731714,0.99112986619684229,0.9399751530262429,0.97399378259890035,0.98201379729304672,0.9819159360874653
6.8427370948379354,0.98588860034942627,0.97775896069597179,0.99075544057810749,0.99664157220949912,0.99761222998336185,0.9657559566852042,0.97583930092471982,0.98913304518737821,0.99104077021724135,0.94314525119771875,0.97283358259882569,0.98189777729310779,0.98179991608752637
6.8827531012404961,0.98587745428085327,0.99590789066734142,0.99050484057782917,0.99657386855664731,0.99757257540580069,0.98160716510153889,0.97609750092432424,0.98905322814433472,0.99095412027834762,0.95117696317261224,0.97167338259875136,0.98178175729316886,0.98168389608758744
6.9227691076430569,0.98586630821228027,0.99450842575437182,0.99046560120872518,0.9965171661185992,0.9975318427325599,0.9782363454246279,0.9766059009238679,0.98898049395354448,0.99087034374112537,0.94254229924245048,0.97051298259867669,0.98166571729322993,0.98156785608764852
6.9627851140456185,0.98585516214370728,0.99088351167951783,0.99042970822846899,0.9964590980217306,0.99749020842862224,0.98342727735078228,0.97709370092341685,0.98891044447752807,0.99078938902059099,0.95767859195543081,0.96935278259860236,0.981549697293291,0.98145361779048279
7.0028011204481793,0.98584401607513428,0.97796977422410436,0.99007945429284516,0.99638978281779778,0.99744754060174501,0.98191520871406668,0.97755936426121226,0.9888436626838063,0.99071106655902197,0.94864237827384623,0.9681925825985277,0.98143367729335207,0.98138026478105456
7.04281712685074,0.98583287000656128,0.97862978599427386,0.98972746654952393,0.99631956533747779,0.99740376755325533,0.97339055509127115,0.9778135324491839,0.98877336538256955,0.99063507062056089,0.93806048781513673,0.96703238259845337,0.98131765729341314,0.98130062522086092
7.0828331332533017,0.98582172393798828,0.97688922612589812,0.98937594312529709,0.99624912961953593,0.99735890228271018,0.96284222442334277,0.97780824378637932,0.98869638873278587,0.99056066597007886,0.94189812286693497,0.96587218259837904,0.9812016372934742,0.98121473547262383
7.1228491396558624,0.98581057786941528,0.99587068471555251,0.98923636469348186,0.99618693481940068,0.99731303382809877,0.97880899364083729,0.97791848772696066,0.98861804109458373,0.9904876429854742,0.94922764555028383,0.9647127825983044,0.98108561729353527,0.98112263406556588
7.1628651460584232,0.98579943180084229,0.99508475443102273,0.98923774845356061,0.99613179294498977,0.99726642079597683,0.97864756409090925,0.97805014820740643,0.9885487045713236,0.99041600675672892,0.94563090450201737,0.96355338259823009,0.98096959729359634,0.98102435789221087
7.2028811524609848,0.98578828573226929,0.9861899869209565,0.98918478263973764,0.9960738367142814,0.99721911186104706,0.98382350274388752,0.97830323387768292,0.98848220237848983,0.99034559940866029,0.95651331500977554,0.9623943825981558,0.98085357729365741,0.98091994552445683
7.2428971588635456,0.98577713966369629,0.97710252409055076,0.98885304184730027,0.99600367797597067,0.99717095925338373,0.98183159010358634,0.97851032060366694,0.98841728030784171,0.99027611732400544,0.9571753553007315,0.96123558259808084,0.98073753729371849,0.98080941494296126
7.2829131652661063,0.98577350378036499,0.96481747026674847,0.98852604184703941,0.99593232725305281,0.99712112340804115,0.97395946980467385,0.97851111650994638,0.98834794237666201,0.99020733393096616,0.93424292726363289,0.96125178259773758,0.98062151729377955,0.98069773138571725
7.3229291716686671,0.98564887046813965,0.99405225897087601,0.98788984184684714,0.99581630725311387,0.99706839174449458,0.96650129422171105,0.97749371650984651,0.98823951080648853,0.99013705113766937,0.95421848894934602,0.96047478259757457,0.98050549729384062,0.98058334318488727
7.3629451780712287,0.98550856113433838,0.98527529010947024,0.98784692656351203,0.99574804429763275,0.9970145005749419,0.98720297466539819,0.97815766210801103,0.98814494038077183,0.9900656543318832,0.95698596194974062,0.95931458259750002,0.98038947729390169,0.98046732318494834
7.4029611844737895,0.98536825180053711,0.97727449557455193,0.9875094382632269,0.9956770445191877,0.99695975768338141,0.98204902219561496,0.97855826210757813,0.98809413666215207,0.98999779040778624,0.94080191176157801,0.95815478259742559,0.98027345729396276,0.9803513031850094
7.4429771908763502,0.98522794246673584,0.97876249126205495,0.98717443826296658,0.99560686612563054,0.99690408643460815,0.97394198752962657,0.97879848403202607,0.98803950806512442,0.98993156274512861,0.93785460469604698,0.95706627768028107,0.98015743729402383,0.98023528318507047
7.4829931972789119,0.98508763313293457,0.97592035647907105,0.98683802274029742,0.99553625048039618,0.99684749977105858,0.959588150786578,0.97865805265972594,0.98797514527992425,0.9898661772915881,0.93644664138076239,0.95612946667331289,0.98004141729408489,0.98011926318513154
7.5230092036814726,0.9849473237991333,0.99522424645222463,0.98676721036200155,0.99547629935824333,0.99679009878194991,0.97713869559945654,0.97847727136014873,0.98790827731679254,0.98980106215472519,0.95099671088871962,0.95524012417507809,0.97992539729414596,0.98000324318519261
7.5630252100840334,0.98480701446533203,0.99328535583432942,0.98678061036166143,0.99541990702982097,0.99673211487576452,0.97891074640780729,0.97830508159258622,0.98784507591869419,0.98973572850134517,0.95521594068271942,0.95446152417493413,0.97980937729420703,0.97988722318525368
7.603041216486595,0.98466670513153076,0.97192247394613829,0.98668341622053535,0.99535870312021402,0.99667354306056455,0.981008856461277,0.97848136642595673,0.98778625095338701,0.98967058186190671,0.94496515998779274,0.95404070726979828,0.97969333729426811,0.97977118318531475
7.6430572228891558,0.98452639579772949,0.9773958087919481,0.98636292079500953,0.99528700468940612,0.99661421855461807,0.98219581404406275,0.97868213798809256,0.98772523493173925,0.98960603669587321,0.93878884565170784,0.95329941145608077,0.97957731729432918,0.97965516318537582
7.6830732292917165,0.98438608646392822,0.97814138213202939,0.98604408169059621,0.99521745553094321,0.99655410273786649,0.97308494121866507,0.9786550023335876,0.98765829351479639,0.98954216219558067,0.93666070963836501,0.95260067596188192,0.97946129729439024,0.97953914318543689
7.7230892356942773,0.98424577713012695,0.97080690135259984,0.98572548169033558,0.99514702385291864,0.99649320785055318,0.95761792801972523,0.97844954003174789,0.98758615945860673,0.98947852779297241,0.93405508729659337,0.95193617049083201,0.97934527729445131,0.97942312318549796
7.7631052420968389,0.98410546779632568,0.99449988171658321,0.98574523648467727,0.99509169138858855,0.99643169068348159,0.97734154925195427,0.97841174824451782,0.98751656517944553,0.98941503795419905,0.95007041608942522,0.95127404212856781,0.97922925729451238,0.97930710318555902
7.8031212484993997,0.98396515846252441,0.99160848237528609,0.98577518756684168,0.99503606278728773,0.99636973077933688,0.97903306307118887,0.97816952402781299,0.98744758209234096,0.98935077062481924,0.95610393859305953,0.95097396500976861,0.97911323729457345,0.97919108318562009
7.8431372549019605,0.98382484912872314,0.97432813564974918,0.98564026662525828,0.9949731145327857,0.99630732763259955,0.98121834745209768,0.97840559408860139,0.98738601582072483,0.98928683353754965,0.94384068924362863,0.95077641494159526,0.97899721729463451,0.97907506318568116
7.8831532613045221,0.98368453979492188,0.97804521625989771,0.98533383688764753,0.99490351711165448,0.99624426163119262,0.98184486478023247,0.97865679904198544,0.9873253815900267,0.98922398864775873,0.9384801404641463,0.9503880183547907,0.97888119729469558,0.97895904318574223
7.9231692677070829,0.98354423046112061,0.97768460938840684,0.98503319684149504,0.99483569840814301,0.99618052894812015,0.96722879391147476,0.97852543137554449,0.98725473439823452,0.9891619761274868,0.93998447332995094,0.94999512128378971,0.97876517729475665,0.9788430231858033
7.9631852741096436,0.98340392112731934,0.99480564919659376,0.98480484997002993,0.99476924982033732,0.9961161637625543,0.97727470177312936,0.97834282663040584,0.98717942648543167,0.98910020208035965,0.94978208412984089,0.94965088970651235,0.97864913729481773,0.97872698318586437
8.0032012805122044,0.98326361179351807,0.99352452829639881,0.98485366907744254,0.99471637354788722,0.99605141246240081,0.97757219675867957,0.97841631372669891,0.98711297968062384,0.98903877583730337,0.9506426588388861,0.94969046911014465,0.9785331172948788,0.97861096318592544
8.043217286914766,0.9831233024597168,0.99062270644091976,0.98489866907709189,0.99466200536871241,0.99598635269894475,0.98145148396069415,0.97845548859707621,0.98705186189254601,0.98897796625077927,0.95716394390324278,0.94975892906743664,0.97841709729493986,0.97849494318598651
8.0832332933173277,0.98298299312591553,0.97624999878807972,0.98472606907679572,0.99459765178287807,0.99592095276455506,0.98141320074143812,0.97862227727133133,0.98699357229755946,0.98891766148176363,0.94247466729503038,0.94968230601599724,0.97830107729500093,0.97837892318604758
8.1232492997198875,0.98284268379211426,0.97833862215332046,0.98443906907652512,0.99453076561606901,0.99585502246870361,0.97254779091009402,0.9787251471191154,0.98693401953614157,0.9888578566418893,0.93781170740077524,0.94942199591371712,0.978185057295062,0.97826290318610865
8.1632653061224492,0.98270237445831299,0.97693376419522182,0.98415749452457757,0.99446489681961103,0.99578857113567121,0.94444168547147089,0.97756494711904107,0.98682113397344917,0.98879588768379201,0.940467754975429,0.94917057170650665,0.97806903729512307,0.97814688318616971
8.2032813125250108,0.98256206512451172,0.99508499681507345,0.98401929452427073,0.99440366209730036,0.99572164781825068,0.95758373387497175,0.97640474711896674,0.98670511397351024,0.98872756632719228,0.9500204688208358,0.94901534441001667,0.97795301729518413,0.97803086318623078
8.2432973189275707,0.98242175579071045,0.99331068496763197,0.9840752055523786,0.9943521630908031,0.99565445446177048,0.96372854613726466,0.97524454711889208,0.98658909397357131,0.98865292931568682,0.95224909682672332,0.94912154440965546,0.9778369972952452,0.97791484318629185
8.2833133253301323,0.98228144645690918,0.98643630971252272,0.98413400555202513,0.99429812717846844,0.99558703329089127,0.97046858541845515,0.97408414711881774,0.98647305397363239,0.98857199869248857,0.95661786969880835,0.94923099616880036,0.97772095729530628,0.97779880318635293
8.323329331732694,0.98214113712310791,0.97567021613870564,0.98390100555174276,0.99423264958006852,0.99551930074378547,0.94850907010060426,0.97292394711874308,0.98635703397369345,0.9884848386800561,0.93977148049200687,0.94910546009715446,0.97760493729536735,0.977682783186414
8.3633453381352538,0.98200082778930664,0.97779428817136738,0.98362640555146441,0.99416655075625204,0.99545110571373452,0.94484869653935111,0.97176388431854821,0.98624101397375452,0.98839147220441326,0.93588049267603368,0.94886149162458489,0.97748891729542842,0.97756676318647506
8.4033613445378155,0.98197066783905029,0.95840271576785807,0.98336332401133031,0.99409720902148291,0.99538166134187656,0.95001888678324597,0.97078587962122531,0.98612499397381559,0.98829256059798321,0.93998692289695107,0.94857369162434013,0.97737289729548948,0.97745074318653613
8.4433773509403753,0.98186182975769043,0.98831084736494601,0.98301592401106785,0.99399536879460848,0.99530961116950689,0.95689030980606293,0.9700949874088145,0.98600897397387666,0.98818865630430208,0.9573545919105021,0.94895469162391244,0.97725687729555055,0.9773347231865972
8.483393357342937,0.98175299167633057,0.97653540600782796,0.98288819198890809,0.99393557400341304,0.99523740500417224,0.94760781437545549,0.96955335500909834,0.98589295397393772,0.98808211771790067,0.94143915765484909,0.94884609162359901,0.97714085729561162,0.97721870318665827
8.5234093637454986,0.98164409399032593,0.97819373708698965,0.98264935917363627,0.99387436642439531,0.99516500641893635,0.95123523829289081,0.96902313615840696,0.98577693397399879,0.98797365185972474,0.93552034658146788,0.94861829162331246,0.97702483729567269,0.97710268318671933
8.5634253701480585,0.98153525590896606,0.9763821586917466,0.98240939656807125,0.99381303302745183,0.99509242877415494,0.97239009486297279,0.96863078746699727,0.98566091397405986,0.98786344808342663,0.93727166749553636,0.94838929162302643,0.97690881729573376,0.9769866631867804
8.6034413765506201,0.9814264178276062,0.99514050276269339,0.98236519656774357,0.99375922958085627,0.9950196863033709,0.9698272526029923,0.96837459159278749,0.98554489397412093,0.98775185040978963,0.94995916990029428,0.94835469162270125,0.97679279729579482,0.97687064318684147
8.6434573829531818,0.98131752014160156,0.99374546135864983,0.98246192263981769,0.99371198399581018,0.99494696680821526,0.97453116982969423,0.96825209328461814,0.98542885397418201,0.98763896059212208,0.95386461613612228,0.94846096518124345,0.9766767572958559,0.97675460318690255
8.6834733893557416,0.9812086820602417,0.98429272576377635,0.98256348080219746,0.99366081311820531,0.99487435765776511,0.95915405700786183,0.96780517633533791,0.98531283397424307,0.98752482204077996,0.957300223472205,0.94856144059973424,0.97656073729591697,0.97663858318696362
8.7234893957583033,0.98109984397888184,0.97599337467435698,0.98233780486395983,0.99359789124275388,0.9948016830941806,0.94825679198237978,0.96736125560362596,0.98519681397430414,0.98740929558589596,0.93791697903624716,0.9483776405994383,0.97644471729597804,0.97652256318702468
8.7635054021608649,0.9809909462928772,0.97807030300914943,0.98208880486368155,0.99353659583559584,0.99472877806175297,0.95192812900425583,0.96692778950689573,0.98508079397436521,0.98729327558595703,0.93680403918064492,0.94814344059915545,0.97632869729603911,0.97640654318708575
8.8035214085634248,0.98088210821151733,0.97350384808918955,0.9818511415154676,0.99347497750534086,0.99465565941799416,0.97220324193678953,0.96671732375774511,0.98496477397442628,0.9871772555860181,0.93484844827697455,0.94791524059886889,0.97621267729610017,0.97629052318714682
8.8435374149659864,0.98077327013015747,0.99452466548577145,0.98189348838811008,0.99342584448760507,0.99458246835726127,0.9700792936734195,0.9667208770568223,0.98484875397448735,0.98706123558607917,0.95001198495464001,0.9479692102228674,0.97609665729616124,0.97617450318720789
8.8835534213685481,0.98066437244415283,0.99239429146779046,0.98199688838774546,0.99337905217955358,0.99450939023221852,0.9554594893018552,0.96665587705650069,0.98473273397454841,0.98694521558614023,0.95528835227306674,0.94807981022250387,0.97598063729622231,0.97605848318726895
8.923569427771108,0.98055553436279297,0.9721636460766262,0.9820485637675499,0.99332637382843636,0.99443642292319212,0.94630091060726074,0.96630003938128106,0.98461671397460948,0.9868291955862013,0.94341990142942389,0.94816601022214464,0.97586461729628338,0.97594246318733002
8.9635854341736696,0.98044669628143311,0.97780701333403131,0.98180236376726748,0.99326430510341157,0.99436335423528477,0.949506567231437,0.96593743938102228,0.98450069397467055,0.98671317558626237,0.93442473293147688,0.9479382102218582,0.97574859729634444,0.97582644318739109
9.0036014405762312,0.98033779859542847,0.97784524941803586,0.98156153908387278,0.99320439758064238,0.99429006187499702,0.9508735626162349,0.96557463938076349,0.98438465397473163,0.98659713558632345,0.92945055853712333,0.94735583386418498,0.97563255729640552,0.97571040318745217
9.0436174469787911,0.9802289605140686,0.99435978373525447,0.9813303517620906,0.99314344183440451,0.99421658229972987,0.96674687573966323,0.96548203938044619,0.98426863397479269,0.98648111558638452,0.9523341744708278,0.94665524167666115,0.97551653729646659,0.97559438318751324
9.0836334533813528,0.98012006282806396,0.99454302607761513,0.98142335176173079,0.99309802624746191,0.99414302949505196,0.97156392402760328,0.96546663938011013,0.98415261397485376,0.98636509558644558,0.94894875338548079,0.94631175149033275,0.97540051729652766,0.9754783631875743
9.1236494597839144,0.9800112247467041,0.99106269408902858,0.98152955176136958,0.9930522341593403,0.99406958799348399,0.95629478647741883,0.96535163937979707,0.98403659397491483,0.98624907558650665,0.94249366637566601,0.94581059087721187,0.97528449729658873,0.97536234318763537
9.1636654661864743,0.97990238666534424,0.97450598494698082,0.98151781425321616,0.99299758236785074,0.9939962466669201,0.94753142572279137,0.96501143937953515,0.9839205739749759,0.98613305558656772,0.92804695664600978,0.94518875658494106,0.97516847729664979,0.97524632318769644
9.2036814725890359,0.97979354858398438,0.97763788986262634,0.98128721991970447,0.9929382966475061,0.99392284262960318,0.95019127979379692,0.96467763937927276,0.98380455397503697,0.98601703558662879,0.92786341835760477,0.94461272581479594,0.97505245729671086,0.97513030318775751
9.2436974789915958,0.97968465089797974,0.97711755190169669,0.98105781991941798,0.99288026828733578,0.99384932534467518,0.94969845742331183,0.96434543937900929,0.98368853397509803,0.98590101558668986,0.93347286704252186,0.94408796382132509,0.97493643729677193,0.97501428318781858
9.2837134853941574,0.97957581281661987,0.99486503328902542,0.9809160199191167,0.99282457629304843,0.9937757037136109,0.96762632306746488,0.96436803937866222,0.9835725139751591,0.98578499558675092,0.95171276114475312,0.94368866193559531,0.974820417296833,0.97489826318787964
9.3237294917967191,0.97946691513061523,0.99432385029973203,0.98102721991875286,0.99278136090473768,0.99370216178658854,0.97224075475070459,0.96437923937831771,0.98345647397522018,0.985668955586812,0.94739632536272111,0.94356953159145029,0.97470437729689408,0.97478222318794072
9.3637454981992789,0.97935807704925537,0.98864691285129924,0.98113581991839038,0.99273630007291203,0.99362879460024345,0.95620956779430699,0.96416583937802536,0.98334045397528125,0.98555293558687307,0.94274047518732018,0.94336932062132151,0.97458835729695514,0.97466620318800179
9.4037615046018406,0.97924923896789551,0.97585424622923123,0.98106321991807044,0.99268043680609908,0.99355555682654773,0.94877154127411056,0.96383803937776169,0.98322443397534232,0.98543691558693414,0.92782446426774789,0.94315233776804874,0.97447233729701621,0.97455018318806286
9.4437775110044022,0.97914034128189087,0.97762595244812733,0.98083301991778449,0.99262302127424484,0.99348224537410135,0.95150037625411621,0.96349903937749748,0.98310841397540338,0.9853208955869952,0.92718112432974464,0.94277776839837668,0.97435631729707728,0.97443416318812393
9.4837935174069621,0.97903150320053101,0.97475624647937165,0.98060061454597292,0.9925640768025692,0.99340881440753304,0.97043219858157714,0.96327283937721253,0.98299239397546445,0.98520487558705627,0.93608822790675772,0.94246379923404733,0.97424029729713835,0.97431814318818499
9.5238095238095237,0.9790111780166626,0.96748811833383253,0.98038042466685127,0.99249789306727265,0.99333439856152739,0.94477829334356755,0.96309254105626485,0.98287637397552552,0.98508885558711734,0.93941993775471011,0.94225979893220491,0.97412427729719941,0.97420212318824606
9.5638255302120854,0.97892880439758301,0.97656164408132073,0.98015742466656441,0.99241079115630659,0.99325759582686268,0.94872703555017668,0.96268794105601718,0.98276035397558659,0.98497283558717841,0.93650656615396233,0.94178719893204565,0.97400825729726048,0.97408610318830713
9.6038415366146452,0.97884643077850342,0.97830299169786139,0.97993442466627445,0.99235811180533118,0.99318075369616743,0.9524973992893544,0.96236334105575294,0.98264433397564765,0.98485681558723948,0.93500360743549926,0.94130019893189498,0.97389223729732155,0.9739700831883682
9.6438575430172069,0.97876405715942383,0.97657915632898684,0.97971142466598549,0.9923050843612029,0.99310386703089515,0.972874798346402,0.962106741055476,0.98252831397570872,0.98474079558730054,0.93547834546924502,0.94081959893174139,0.97377621729738262,0.97385406318842926
9.6838735494197685,0.97868168354034424,0.9952527871741994,0.97964382466566224,0.99225708451834993,0.99302695126985396,0.96944127952711812,0.9621175410551317,0.9824122739757698,0.98462475558736162,0.95396809540549654,0.9405537496940195,0.9736601772974437,0.97373802318849034
9.7238895558223284,0.97859936952590942,0.99410703776634368,0.97976322466529409,0.99221812779668761,0.99295025296930717,0.97352027949831677,0.96214174105478589,0.98229625397583087,0.98450873558742269,0.95538514004234287,0.94040274969379356,0.97354415729750476,0.97362200318855141
9.76390556222489,0.97851699590682983,0.98644303586993087,0.97988262466492593,0.99217614504947005,0.99287380066342756,0.95816414540654116,0.96191074105449803,0.98218023397589194,0.98439271558748376,0.92026259119259979,0.94012414969363478,0.97342813729756583,0.97350598318861248
9.8039215686274517,0.97843462228775024,0.97625460408504372,0.97975642466461443,0.99212220114394434,0.99279751818199857,0.94907893300519597,0.96158494105423087,0.982064213975953,0.98427669558754483,0.93256861834622917,0.93969714969348195,0.9733121172976269,0.97338996318867355
9.8439375750300115,0.97835224866867065,0.97787148749152863,0.97953342466432558,0.99206819001486246,0.99272119818843318,0.95224452855163677,0.96123154105397213,0.98194819397601407,0.98416067558760589,0.93317844103820535,0.93920054969333711,0.97319609729768797,0.97327394318873461
9.8839535814325732,0.97826987504959106,0.97529821721682997,0.97931042466403662,0.99201403965988999,0.99264482955247046,0.97199772149657282,0.96105014105367847,0.98183217397607514,0.98404465558766696,0.93585569827834869,0.93871491933867868,0.97308007729774904,0.97315792318879568
9.9239695878351348,0.97818750143051147,0.99505469880873076,0.97931862466369624,0.99196907573421744,0.992568478790262,0.97015870468549859,0.96105354105333807,0.98171615397613621,0.98392863558772803,0.95306366747259408,0.93846548845124256,0.9729640572978101,0.97304190318885675
9.9639855942376947,0.97810512781143188,0.9930423052274483,0.9794372246633285,0.99192993849917999,0.99249235298163019,0.97435996205812958,0.96107694105299268,0.98160013397619728,0.9838126155877891,0.91844656586240414,0.93828408845103195,0.97284803729787117,0.97292588318891782
10.004001600640256,0.97802275419235229,0.98208133487683491,0.97955642466296045,0.99188626891715581,0.99241645485032481,0.9593933567591868,0.96075014105272638,0.98148409397625835,0.98369657558785017,0.95070055226384198,0.93797568845089463,0.97273199729793225,0.9728098431889789
10.044017607042818,0.97794038057327271,0.97701169066753535,0.97935422466266686,0.991831293404979,0.99234068128325792,0.94992548995112902,0.960413141052464,0.98136807397631942,0.98358055558791124,0.93355561461069925,0.93750487802548932,0.97261597729799332,0.97269382318903996
10.084033613445378,0.97785806655883789,0.97777114049452152,0.97913122466237801,0.99177841271952849,0.99226485209929538,0.95165979089776764,0.96007520256679524,0.98125205397638049,0.98346453558797231,0.93646068158186102,0.9370553171554511,0.97249995729805438,0.97257780318910103
10.124049619847939,0.9777756929397583,0.97261514696714524,0.97890822466208915,0.99172447714727863,0.99218897035028708,0.97193454825860537,0.95996525476048289,0.98113603397644156,0.98334851558803338,0.93041114727442054,0.93657551715531784,0.97238393729811545,0.9724617831891621
10.164065626250499,0.97769331932067871,0.99442771186547485,0.97899042466173181,0.99168431690568537,0.99211315221487117,0.97055327074402309,0.95997225476014059,0.98102001397650263,0.98323249558809445,0.95020579947533856,0.93644281116916006,0.97226791729817652,0.97234576318922317
10.204081632653061,0.97761094570159912,0.99206780015144147,0.97910862466136428,0.99164548505681238,0.99203756789376829,0.95753910962713928,0.95992325475981166,0.98090399397656369,0.98311647558815551,0.91845134550533136,0.936208611169,0.97215189729823759,0.97222974318928423
10.244097639055623,0.97752857208251953,0.97269967840484139,0.97917522466100859,0.99159967874951682,0.99196221713111798,0.94761214049775533,0.95964882920540351,0.98078797397662476,0.98300045558821658,0.93452355204899706,0.93591502285255501,0.97203587729829866,0.9721137231893453
10.284113645458183,0.97744619846343994,0.97757583954563643,0.97895222466071985,0.99154625044554978,0.99188691439302779,0.95068890238217629,0.95934696611854109,0.98067195397668583,0.98288443558827765,0.93436158189930107,0.93555549769484014,0.97191985729835972,0.97199770318940637
10.324129651860744,0.97736382484436035,0.976885590365137,0.97872922466043077,0.99149473494078944,0.99181155564733259,0.95087095509046515,0.95909396408958691,0.9805559339767469,0.98276841558833872,0.93205755502623666,0.93531370333353769,0.97180383729842079,0.97188168318946744
10.364145658263306,0.97728145122528076,0.9942717377288226,0.97854322466013532,0.99144270596379269,0.99173613092114088,0.96656381557823601,0.95908305254557025,0.98043989397680797,0.9826523755883998,0.95436175874608931,0.93499834189304165,0.97168779729848187,0.97176564318952852
10.404161664665866,0.97719913721084595,0.99425628574558778,0.97866182465976759,0.99140594082684208,0.99166083739178779,0.97145867480562376,0.95915555252048179,0.98032387397686904,0.98253635558846086,0.94949661995601298,0.93510308902790196,0.97157177729854294,0.97164962318958958
10.444177671068427,0.97711676359176636,0.98997602579354105,0.97878122465939943,0.99136780789462775,0.99158577968300943,0.95545113336700205,0.95906269560397583,0.98020785397693011,0.98242033558852193,0.95348636714396973,0.93496801286450293,0.97145575729860401,0.97153360318965065
10.484193677470989,0.97703438997268677,0.97489749578494134,0.97877302465906102,0.99131972174414018,0.99151093658993983,0.94911129002952077,0.95882799265864871,0.98009183397699118,0.982304315588583,0.93481576746845974,0.93477292774360632,0.97133973729866507,0.97141758318971172
10.524209683873549,0.97695201635360718,0.97744731540273078,0.97855002465877217,0.99126801772411854,0.99143609354153428,0.95162820427878392,0.95853867877147259,0.97997581397705225,0.98218829558864407,0.93231816505684306,0.93457065639512227,0.97122371729872614,0.97130156318977279
10.56422569027611,0.97686964273452759,0.97614825808278083,0.97832662465848308,0.99121708793134489,0.99136119179955462,0.97263935062178231,0.95828876002773877,0.97985979397711331,0.98207227558870513,0.93254131463600742,0.93441923756388812,0.97110769729878721,0.97118554318983386
10.604241696678672,0.97679030895233154,0.97692134201262137,0.97810362465819423,0.99116059412633806,0.99128623126184379,0.96476497836879593,0.95840906151793614,0.97974377397717438,0.9819562555887662,0.93635033157577896,0.93419964844047776,0.97099167729884828,0.97106952318989492
10.644257703081232,0.97676587104797363,0.97245202250099616,0.97792575059338749,0.99109772367220739,0.99121046780740629,0.94752342535963407,0.95840033934809654,0.97962775397723545,0.98184023558882727,0.93835174730601401,0.93480891161094237,0.97087565729890934,0.97095350318995599
10.684273709483794,0.97667068243026733,0.97813114140588564,0.97805254281814391,0.991022754534304,0.99113392264283251,0.95160041042455623,0.95810463384004618,0.97951173397729652,0.98172421558888834,0.93405484831444696,0.93525671969451019,0.97075963729897041,0.97083748319001706
10.724289715886355,0.97657549381256104,0.97678681886445973,0.97803905221207155,0.99097691623013839,0.99105880435114202,0.97335600537482181,0.95788383383976972,0.9793956939773576,0.98160817558894942,0.93506454788282134,0.93512949692089742,0.97064359729903149,0.97072144319007814
10.764305722288915,0.97648030519485474,0.99475026444099923,0.97794349327106822,0.99093304980020713,0.99098395876197665,0.96768730361330779,0.95794883346250947,0.97927967397741866,0.98149215558901048,0.95241459196307821,0.93496900961141027,0.97052757729909256,0.9706054231901392
10.804321728691477,0.97638511657714844,0.99390064774713716,0.97806369327069964,0.99090080447323592,0.99090937685174429,0.97182769896399446,0.95804702494963956,0.97916365397747973,0.98137613558907155,0.94838308264504478,0.93502326344946574,0.97041155729915363,0.97048940319020027
10.844337735094038,0.97628992795944214,0.98809197456712627,0.97818269327033169,0.99086610326439184,0.99083502990713612,0.95492204268353753,0.95792656724516001,0.9790476339775408,0.98126011558913262,0.91939938767994456,0.93518686821554464,0.97029553729921469,0.97037338319026134
10.884353741496598,0.97619473934173584,0.97584370252302399,0.97810769327000846,0.99081953097498288,0.99076086818628029,0.94925180011134136,0.95775256076615101,0.97893161397760187,0.98114409558919369,0.93422882731699763,0.93495270959345311,0.97017951729927576,0.97025736319032241
10.92436974789916,0.97609955072402954,0.97764207098750167,0.97788594326026346,0.99077175462379963,0.99068667638320995,0.95194484087396203,0.95750620749190307,0.97881559397766293,0.98102807558925476,0.93234684291440639,0.9347913706465355,0.97006349729933683,0.97014134319038348
10.964385754301722,0.97600436210632324,0.97556605159289944,0.9776638741114313,0.99072368556698054,0.99061242968355834,0.97258862239317057,0.95734118314391359,0.978699573977724,0.98091205558931582,0.93054408109333375,0.93452560984590682,0.9699474772993979,0.97002532319044454
11.004401760704281,0.97590917348861694,0.99458556447852031,0.97762247411110259,0.9906816973784105,0.99053816718261778,0.96947209574076076,0.95742498314355906,0.97858355397778507,0.98079603558937689,0.95258420954145773,0.93442982831617094,0.96983145729945897,0.96990930319050561
11.044417767106843,0.97581392526626587,0.99338315779880371,0.9777436651339364,0.9906482947948374,0.99046409956774706,0.97349058926171106,0.95753169464662591,0.97846751397784615,0.98067999558943797,0.95588700254970049,0.93446230682554721,0.96971541729952004,0.96979326319056669
11.084433773509403,0.97571873664855957,0.98385328347978174,0.97786993460956184,0.99061143237150928,0.99039030400991213,0.95958607661835205,0.95737699448569957,0.97835149397790722,0.98056397558949904,0.92121923672448203,0.93433572766331752,0.96959939729958111,0.96967724319062776
11.124449779911965,0.97562354803085327,0.97665090200800631,0.97772296842702489,0.99056279920989976,0.9903166815430392,0.95065186366385579,0.95722574851718756,0.97823547397796828,0.98044795558956011,0.93402198826932237,0.93425847037208043,0.96948337729964218,0.96956122319068883
11.164465786314526,0.97552835941314697,0.97728134292398539,0.97754047936508703,0.99051532175697632,0.99024310741121802,0.95197950911431006,0.95701839088809149,0.97811945397802935,0.98033193558962117,0.93070742539037132,0.93405079316173467,0.96936735729970325,0.96944520319074989
11.204481792717086,0.97543317079544067,0.97389196555043955,0.97733832733073611,0.99046707996215588,0.99016962301750011,0.97140385750250946,0.95698580308576564,0.97800343397809042,0.98021591558968224,0.93207709181670162,0.93389382371731744,0.96925133729976432,0.96932918319081096
11.244497799119648,0.97533798217773438,0.99416442219035672,0.977379746314335,0.99042965194987054,0.99009627139738066,0.97005819641946411,0.95708852666253263,0.97788741397815149,0.98009989558974331,0.94964801514573249,0.93395333816698933,0.96913531729982538,0.96921316319087203
11.284513805522209,0.97524279356002808,0.99251269607657777,0.97752769421749175,0.99039644928016801,0.9900232451063643,0.95679815747488151,0.95715392666218868,0.97777139397821256,0.97998387558980438,0.95585975858501537,0.93398582963777532,0.96901929729988645,0.9690971431909331
11.324529811924769,0.97514760494232178,0.97057621233230651,0.97767538190710135,0.99035812805275047,0.98995064638423369,0.94862350492472725,0.95708913743850588,0.97765537397827362,0.97986785558986544,0.93437239584142384,0.93392098099828891,0.96890327729994752,0.96898112319099416
11.364545818327331,0.97505241632461548,0.97619103886773673,0.97747817568564199,0.99030916101533661,0.98987830584782599,0.94998433706679664,0.95687100389072499,0.97753935397833469,0.97975183558992651,0.931055921105302,0.93387309710928956,0.96878725730000859,0.96886510319105523
11.404561824729893,0.97495722770690918,0.9769328552550316,0.97731087558005558,0.99026228655680415,0.9898061188636329,0.95108406106019394,0.95665334870722474,0.97742331397839577,0.97963579558998759,0.92848053000504494,0.93366224166492473,0.96867121730006966,0.96874906319111631
11.444577831132452,0.97486203908920288,0.9690128352050229,0.97712466478576232,0.99021406958359115,0.98973403694947937,0.9706618386351642,0.95670377353897695,0.97730729397845684,0.97951977559004866,0.92849952908568056,0.93357904078561582,0.96855519730013073,0.96863304319117738
11.484593837535014,0.97476679086685181,0.99452884661064678,0.97726832391869189,0.99018161000647664,0.98966225730713053,0.97070456650061865,0.95685087466399121,0.9771912739785179,0.97940375559010973,0.95145065747573199,0.93373495563621933,0.9684391773001918,0.96851702319123845
11.524609843937576,0.97467160224914551,0.99042910218038993,0.97742172981953512,0.99014915334020603,0.98959092473100774,0.95549095739694023,0.95689393343394058,0.97707525397857897,0.97928773559017079,0.95188339439725478,0.93377250632265729,0.96832315730025287,0.96840100319129951
11.564625850340136,0.97457641363143921,0.972630417162342,0.97750071167775421,0.99010782454196855,0.9895200434719259,0.94802164056750671,0.95681587887276409,0.97695923397864004,0.97917171559023186,0.93419112788340919,0.93374454750965374,0.96820713730031394,0.96828498319136058
11.604641856742697,0.97448122501373291,0.97696903107460475,0.97731562685315387,0.99006047577237011,0.98944941727579427,0.9512776105866495,0.95663708033800199,0.97684321397870111,0.97905569559029293,0.93149080886614199,0.93367829847615136,0.968091117300375,0.96816896319142165
11.644657863145259,0.97438603639602661,0.97627023785631661,0.97714847153929452,0.99001444995645205,0.98937890995218236,0.94959344524912959,0.95643442665452783,0.97672719397876218,0.978939675590354,0.9335280719183312,0.93352761446073518,0.96797509730043607,0.96805294319148272
11.684673869547819,0.97429084777832031,0.99383684014577944,0.97701564155900567,0.98996915502532612,0.98930853037745892,0.96663220386774296,0.95657208718571618,0.97661117397882324,0.97882365559041506,0.9540739644963343,0.93355105088037327,0.96785907730049714,0.96793692319154379
11.72468987595038,0.97421097755432129,0.99199611506843466,0.97685109053122421,0.98991699896037788,0.98923817748842813,0.96237138823605273,0.95680595505314403,0.97649513397888432,0.97870761559047614,0.9521783581114005,0.93358668226811359,0.96774303730055822,0.96782088319160486
11.764705882352942,0.97421270608901978,0.97071170501667114,0.97665129053093014,0.98985139985943349,0.98916757703073444,0.94658862737117433,0.95698737229223274,0.97637911397894539,0.97859159559053721,0.93737060610412981,0.9337869956716669,0.96762701730061929,0.96770486319166593
11.804721888755502,0.97421717643737793,0.99969792887676312,0.9771064514605714,0.98975027724813702,0.98909538940886921,1.0008946183868257,0.95730591321012892,0.97626309397900646,0.97847557559059828,0.9402629472759978,0.93453813518417372,0.96751099730068035,0.967588843191727
11.844737895158064,0.97422164678573608,0.99510662959160223,0.97826665145996072,0.98980002509760678,0.98902940212159252,0.97912331901999228,0.95846611320951824,0.97614707397906753,0.97835955559065935,0.93958011553830845,0.93569393518356447,0.96739497730074142,0.96747282319178807
11.884753901560623,0.97422611713409424,1.0040982295299397,0.97942685145935005,0.989837736660099,0.9889705073585574,1.0246619787304123,0.95962631320890757,0.97603105397912859,0.97824353559072041,0.94461325877727653,0.93637271568006919,0.96727895730080249,0.96735680319184914
11.924769907963185,0.97423058748245239,0.98872520289968879,0.98058545145873954,0.98986874052077045,0.98891866265471506,0.9950018471949601,0.96078651320829689,0.97603553308914415,0.97812751559078148,0.93259819238684138,0.93564074346730708,0.96716293730086356,0.9672407831919102
11.964785914365747,0.97423505783081055,1.0015132036287799,0.98174285145813034,0.98989780203047595,0.9888738081437124,0.9982808108504363,0.96194671320768621,0.97616712764843117,0.97801149559084255,0.92830953827932372,0.93467214346724103,0.96704691730092462,0.96712476319197127
12.004801920768307,0.9742395281791687,0.99590183106607288,0.98290305145751966,0.98991873434063504,0.98883592043815671,0.98904928069623788,0.96310691320707553,0.9762827930046728,0.97789547559090362,0.92704394857773353,0.93368514346716913,0.96693089730098569,0.96700874319203234
12.044817927170868,0.97424399852752686,0.99730947644075496,0.98406325145690898,0.98997087995300359,0.98880496272296858,0.98971455533922315,0.96426711320646485,0.97637208035105283,0.97777945559096469,0.92456504651906968,0.93258254346709457,0.96681487730104676,0.96689272319209341
12.08483393357343,0.97424846887588501,0.99553249836875524,0.9852236514562982,0.99000223407327459,0.98878089135639002,0.9845393278296366,0.96542751320585407,0.97643867006706297,0.97766341559102576,0.91846861196540586,0.93142254346701991,0.96669883730110784,0.96677668319215448
12.12484993997599,0.97425293922424316,0.98619301672159076,0.98534766705504961,0.98997812559189913,0.98876208447508207,0.99545496405940559,0.96658771320524339,0.97652258139906678,0.97754739559108683,0.91824791195324174,0.93026754346694573,0.96658281730116891,0.96666066319221555
12.164865946378551,0.97425734996795654,0.99607828665501275,0.98650502835482468,0.99000942149269311,0.9887456802407445,0.98806316185967313,0.96774791320463271,0.9765819944631472,0.9774313755911479,0.92193301665012506,0.9291073434668714,0.96646679730122997,0.96654464319227662
12.204881952781113,0.9742618203163147,0.99939622132960249,0.98766362835421484,0.99004995339414825,0.98873607586917533,0.98779351999030007,0.96890811320402204,0.97664905676545966,0.97731535559120897,0.92720221450416107,0.92795090020922266,0.96635077730129104,0.96642862319233769
12.244897959183673,0.97426629066467285,0.99499616306047667,0.98882342835360437,0.99010978453805187,0.9887332310751038,0.97768574265356289,0.97005671320341746,0.97668610995841509,0.97719933559127004,0.92148486538016205,0.92781656601732565,0.96623475730135211,0.96631260319239876
12.284913965586234,0.97427076101303101,0.99421871621772284,0.98975282835306522,0.99015053531162189,0.98873678969805068,0.98597038538164161,0.9711548097289544,0.9767097377770656,0.9770833155913311,0.93472244494030587,0.9287801284828443,0.96611873730141318,0.96619658319245982
12.324929971988796,0.97427523136138916,0.98425145987913754,0.98947748984671946,0.99014116810775177,0.98874334022635846,0.98362420480834867,0.9722514097283772,0.97678598089474389,0.97696729559139217,0.93305375210334163,0.92981722251671761,0.96600271730147425,0.96608056319252089
12.364945978391356,0.97427970170974731,0.97873988894932329,0.98831848984664517,0.99008458765440044,0.98874422967019016,0.99745007684496967,0.97339000972777789,0.97691100739661696,0.97685127559145324,0.93687394145845548,0.93089394781042589,0.96588669730153531,0.96596454319258196
12.404961984793918,0.97428417205810547,0.97807151492940314,0.98721077207714147,0.99001976409181414,0.98873856433074947,1.0046221949985996,0.97455020972716722,0.97705228806389277,0.97673525559151431,0.94010300847454586,0.93190912182220731,0.96577067730159638,0.96584852319264303
12.444977991196479,0.97428864240646362,0.98162413796112347,0.98608917207706737,0.98995567620989156,0.98872647364616029,0.97422674119607444,0.9755254097266004,0.97714707276262047,0.97661921559157538,0.94941172154851827,0.93299192182162072,0.96565463730165746,0.96573248319270411
12.484993997599039,0.97429311275482178,0.9772758892828437,0.98528585324884344,0.98989833774637515,0.98870952247320976,0.99220023854119843,0.97649996349204105,0.97721451056785935,0.97658465478176071,0.9591359648294755,0.93392565169136055,0.96553861730171853,0.96561646319276517
12.525010004001601,0.97429758310317993,0.97659545665639924,0.98432949742420828,0.98983323670061496,0.98868685402301792,0.98999024192742613,0.97766016349143037,0.97730547002850821,0.97658752415195205,0.95406643655872403,0.93508585169074987,0.96542259730177959,0.96550044319282624
12.565026010404162,0.97430205345153809,0.97760013854672334,0.98325649742411447,0.98975725706312367,0.98865834244008866,0.99185681554493088,0.97881356349082327,0.97737583527075012,0.97659706597641505,0.94948741914337809,0.93624605169013919,0.96530657730184066,0.96538442319288731
12.605042016806722,0.97430652379989624,0.99466591479134114,0.98346951782071401,0.98972767500094094,0.98862610215446423,0.99644203108715934,0.97997376349021259,0.97748432463612511,0.97661324590491416,0.93830478731425415,0.93729542921125653,0.96519055730190173,0.96526840319294838
12.645058023209284,0.97431099414825439,0.9980809242782529,0.98424291782019691,0.98974279304271107,0.98859860142755585,0.97875755426883382,0.9805839634897292,0.97756782866281311,0.97663566485730358,0.94764713712532678,0.93822376462492663,0.9650745373019628,0.96515238319300944
12.685074029611846,0.97431546449661255,1.0042564457190613,0.98540311781958623,0.98981783339613949,0.98857676648309722,0.97918127720642023,0.98099587521961573,0.97759927926907697,0.97665968224948385,0.94590441956852733,0.93937956462431726,0.96495851730202387,0.96503636319307051
12.725090036014405,0.9743199348449707,0.99349853260695675,0.98645971781900132,0.98984296834039842,0.98856126281532031,0.99678515777368026,0.98139918898769363,0.97766479983201249,0.97668455656557196,0.95843658357815065,0.94053136462371101,0.96484249730208493,0.96492034319313158
12.765106042416967,0.97432440519332886,0.9868809632536083,0.98699941979096861,0.98984594025649641,0.98855156751628759,0.97869224760069107,0.9825231889870919,0.97776490041594488,0.97671518814868108,0.96630106779612812,0.94169176462310022,0.96472645730214601,0.96480430319319266
12.805122048819527,0.97432887554168701,0.99134276885966055,0.98792786432314239,0.98983903076216773,0.98854497744911729,0.97142495475646484,0.98180789111594535,0.97776282664904246,0.97674761458831616,0.96614537092777408,0.94285196462248955,0.96461043730220708,0.96468828319325373
12.845138055222089,0.97433334589004517,0.99055411175455987,0.98820246432273695,0.98978339661733228,0.98854065138478642,0.98684787706511601,0.9820413672256354,0.97777881965015045,0.97677634919039102,0.9533165105834438,0.94401216462187887,0.96449441730226815,0.96457226319331479
12.88515406162465,0.97433781623840332,0.99383629478166524,0.98936266432212627,0.98980511132936044,0.98854205448230392,0.98664656422330044,0.98320156722502472,0.97783018195669968,0.97681016240046858,0.95052310802016915,0.94517236462126819,0.96437839730232922,0.96445624319337586
12.92517006802721,0.97434228658676147,1.004216997714803,0.99052206432151602,0.98986450011873151,0.98855015743390995,0.98784869286511023,0.98357496722459603,0.97787578592711233,0.97684739396474085,0.94759975891481074,0.9463273642891199,0.96426237730239028,0.96434022319343693
12.965186074429772,0.97434675693511963,1.0051970170279643,0.99168226432090534,0.98994563756643417,0.98856492259896134,0.98794380829375728,0.98407716722413741,0.97792237386040071,0.97688757326574693,0.94639732024539636,0.94655640099460214,0.96414635730245135,0.964224203193498
13.005202080832333,0.97435116767883301,1.0049468766875989,0.99284246432029466,0.99002839300896217,0.98858631319914736,0.99154835709875777,0.98523736722352673,0.97799314299972284,0.9769325186262946,0.94456414794619936,0.94551301660423936,0.96403033730251242,0.96410818319355907
13.045218087234893,0.97435563802719116,0.99814127790688756,0.99400266431968398,0.99011033726611952,0.98861429091155784,0.98887570244670076,0.98629316722294225,0.97806436317142609,0.97698388481720955,0.94381422197091924,0.94451737375767109,0.96391431730257349,0.96399216319362013
13.085234093637455,0.97436010837554932,0.98986883144710058,0.99390718077947737,0.9901358773705905,0.98864657045828774,0.99015617538550194,0.98675057792564003,0.97812323367433485,0.97703794313985193,0.95987059594738855,0.94560417639065952,0.96379829730263455,0.9638761431936812
13.125250100040017,0.97436457872390747,0.98955912522626543,0.9927467807794027,0.99012574236811379,0.98867364376131051,0.99497174212470918,0.98764667466112754,0.97819431243023336,0.97709681247124225,0.96712902144219515,0.94676457639004874,0.96368225730269563,0.96376010319374228
13.165266106442576,0.97436904907226563,0.98934285805699118,0.99158658077932837,0.99012313133935859,0.98869384439674501,0.99552536725518925,0.98880687466051687,0.97829395803830455,0.97716119432745829,0.96734350791855395,0.94792477638943806,0.9635662373027567,0.96364408319380335
13.205282112845138,0.97437351942062378,0.98641104117523293,0.99043176644564335,0.99011812877377814,0.98870723330489629,0.99683398961991398,0.98996707465990619,0.97839615196079288,0.97723191462546943,0.96734488206589553,0.94908497638882738,0.96345021730281777,0.96352806319386441
13.2452981192477,0.97437798976898193,0.98208812163025572,0.98927156644556902,0.99006469649967377,0.98871384912330396,0.99824169796388984,0.99112727465929551,0.97850719754935622,0.97730893670240204,0.96617458649516674,0.95024517638821671,0.96333419730287884,0.96341204319392548
13.28531412565026,0.97438246011734009,0.98863727808528223,0.98824390676555873,0.9900365326952274,0.98871377062335564,0.99939813564277946,0.99228747465868483,0.97862400146385931,0.9773922241074352,0.96792303962347881,0.95140537638760603,0.9632181773029399,0.96329602319398655
13.325330132052821,0.97438693046569824,0.98955027820841335,0.98908723083378747,0.99003418567525692,0.98871382709064437,0.99870832655277864,0.99344767465807415,0.97874137597300437,0.97748174060060677,0.96625960439373459,0.95256557638699535,0.96310215730300097,0.96318000319404762
13.365346138455383,0.9743914008140564,0.99349295777378965,0.99021135907975322,0.99004424601475782,0.9887191646795459,0.9854950452862038,0.99411227465761121,0.97886906375911531,0.9775768490450949,0.96456820825286604,0.95372577638638467,0.96298613730306204,0.96306398319410869
13.405362144857943,0.97439587116241455,1.0229908543649973,0.99137155907914254,0.99009525397190923,0.98873115508704179,1.0133261160180664,0.99494953914056805,0.97903592542091389,0.97767444167520312,0.95661458369429597,0.95488597638577399,0.96287011730312311,0.96294796319416975
13.445378151260504,0.97440034151077271,1.016661600840006,0.99253175907853186,0.99026483137584664,0.98874978697944882,0.99215330307734273,0.99598575540002976,0.97923617644254679,0.97777758495358835,0.9573988036075789,0.9540067614090062,0.96275409730318418,0.96283194319423082
13.485394157663066,0.97440481185913086,0.9777393881838744,0.99264975907816444,0.99030422293406062,0.98877360097264821,0.98333885852240766,0.99509954846896043,0.97927543006600748,0.97788023046086947,0.95826003551752659,0.95508471658541572,0.96263805730324525,0.9627159031942919
13.525410164065626,0.97440928220748901,0.99020719958193593,0.99216906092230928,0.99027144035714831,0.98879559660174021,0.98001847076436188,0.99436842471328724,0.97931800335758401,0.97797778589897055,0.97731025833253071,0.95598459132985236,0.96252203730330632,0.96259988319435297
13.565426170468188,0.97441375255584717,0.98922633192459719,0.99127588683863865,0.99024710532141658,0.98881309756725522,0.98901473097978854,0.99361262471312617,0.97935550125185311,0.97807066101287166,0.973173537124562,0.95672024618324225,0.96240601730336739,0.96248386319441404
13.605442176870747,0.97441822290420532,0.98329470943484754,0.99012320746832139,0.99018848583231822,0.98882399594256942,0.99796518170839643,0.99305855087136385,0.97940527300934543,0.97815901336419342,0.9665441126389771,0.95682801067893042,0.96228999730342846,0.9623678431944751
13.645458183273309,0.97442269325256348,0.97316754021878549,0.98929303394731793,0.99012003801745707,0.9888288715597755,0.98274452043274974,0.99251506572229697,0.97944710736332663,0.97824329367488883,0.94332066409314763,0.95664461067866158,0.96217397730348952,0.96225182319453617
13.685474189675871,0.97442716360092163,0.97412762344377313,0.98866180176261542,0.99005271147389373,0.98882976576369985,0.98239611943273986,0.99182852526096488,0.97948638420264,0.97832347015176002,0.94583589143805835,0.95637601067839584,0.96205795730355059,0.96213580319459724
13.725490196078431,0.97443163394927979,0.97129142707003246,0.98809617357249013,0.9899868685741644,0.98882766557676838,0.98280532319274461,0.9911984681298186,0.97952552218829458,0.97839982822266602,0.95190257271450018,0.95609175549215442,0.96194193730361166,0.96201978319465831
13.765506202480992,0.97443610429763794,0.99069923920494141,0.98773695841891906,0.98992813422192949,0.98882299890858849,0.98027780105455453,0.9906406681296106,0.97956002290302213,0.97847242204834461,0.96856094271765236,0.95595757614825505,0.96182591730367273,0.96190376319471937
13.805522208883554,0.97444057464599609,0.99005177080939788,0.98756973949046456,0.98988063910388446,0.98881618675913074,0.98502580917154525,0.9899894224386957,0.97959658752880641,0.97854163306041364,0.96650736913397406,0.95597717939212867,0.96170987730373381,0.96178772319478045
13.845538215286114,0.97444504499435425,0.98189172995314222,0.9872596250604202,0.9898313406440602,0.9888073913000387,0.99443008790799037,0.98952802243846483,0.97962623776883029,0.97860675319754575,0.95435542571921073,0.95598363350094517,0.96159385730379487,0.96167170319484152
13.885554221688675,0.97444945573806763,0.97473406833872878,0.98680500622645484,0.98977238267519674,0.9887965630809239,0.98271690436436998,0.98892862243826585,0.97965081648766716,0.97866764927632233,0.93942609154497891,0.95570799787513749,0.96147783730385594,0.96155568319490259
13.925570228091237,0.97445392608642578,0.97545837247835743,0.9863630120494048,0.98971587841132169,0.9887837963914502,0.98065980357982474,0.98828132184123052,0.97968216627139182,0.97872493811011796,0.94407292014435473,0.95540683353939548,0.96136181730391701,0.96143966319496366
13.965586234493797,0.97445839643478394,0.97140474161375412,0.98593293088293632,0.9896591630286159,0.98876919421207832,0.97689850691889191,0.98746632184108085,0.97969182327596638,0.97877782759983978,0.9504407189252112,0.95509842303511117,0.96124579730397808,0.96132364319502472
14.005602240896359,0.97446286678314209,0.99210494550721762,0.98575741564473596,0.98961337926373227,0.98875292411331062,0.98153130980641845,0.98690175816782877,0.97972200036120127,0.97882676582831729,0.96793552644062619,0.95504155662353463,0.96112977730403915,0.96120762319508579
14.04561824729892,0.97446733713150024,0.99022168202896776,0.98568952075950489,0.98957394295014378,0.98873527625089563,0.99142029202629289,0.98622644831351725,0.97974496636004305,0.97887227720618197,0.96592538786204896,0.95508099366181298,0.96101375730410021,0.96109160319514686
14.08563425370148,0.9744718074798584,0.97907583324365122,0.98546962423491136,0.98952985890389067,0.98871630686037193,0.99864254578904144,0.98598109536994971,0.9797801892468706,0.9789139182271448,0.95937219868115309,0.95507468298402143,0.96089773730416128,0.96097558319520793
14.125650260104042,0.97447627782821655,0.97609166140693271,0.985080114140095,0.98947684610992126,0.98869587311604368,0.98274677238682362,0.98542635141182588,0.97980888196611582,0.97895262764693991,0.94035704649612739,0.95478311680828964,0.96078171730422235,0.960859563195269
14.165666266506603,0.97448074817657471,0.97560640853734792,0.98470051413984394,0.98942648922480303,0.98867397977622262,0.97992015519045195,0.98489853062407673,0.97983579705381185,0.9789885898491224,0.95017861525619007,0.95450935936981685,0.96066567730428343,0.96074352319533007
14.205682272909163,0.97448521852493286,0.96843735487254956,0.98433025038023458,0.98937428082270407,0.98865071490806111,0.97504994893397834,0.98425026881076583,0.97984347889994006,0.97902102753502973,0.94603813007941617,0.95421981983612159,0.9605496573043445,0.96062750319539114
14.245698279311725,0.97448968887329102,0.99253075368835808,0.98428485037990932,0.98933772182115298,0.98862626182279179,0.98167543486714715,0.9836308847590064,0.97985243193266303,0.97905009965639567,0.96719211272883432,0.95425592285384919,0.96043363730440556,0.96051148319545221
14.285714285714286,0.97449415922164917,0.98888850915387594,0.98426617685267925,0.9893020372687944,0.98860082671018246,0.98770142692106799,0.98330644948524615,0.97986216691322681,0.97907602220961343,0.96364095752498613,0.95431692285350067,0.96031761730446663,0.96039546319551328
14.325730292116846,0.97449862957000732,0.97153938595394118,0.98406342461464635,0.98925849250567666,0.98857441912249711,0.98037131641057018,0.9829936312794928,0.97986802961249519,0.97909910719520088,0.92361007386221194,0.95427770731471018,0.9602015973045277,0.96027944319557434
14.365746298519408,0.97450309991836548,0.9767982715108573,0.98371963716865407,0.98920993146170078,0.98854688092346377,0.97874297582930281,0.98242258425464735,0.97986990606912983,0.97911932740835517,0.94231096452477325,0.95400670731443826,0.96008557730458877,0.96016342319563541
14.40576230492197,0.97450757026672363,0.97527361523567968,0.98337979859149627,0.98916267003819391,0.98851821815960528,0.97859707291009479,0.98186898814687984,0.97986479698944573,0.97913668603104265,0.94946059339744904,0.95374090731416972,0.95996955730464983,0.96004740319569648
14.445778311324529,0.97451204061508179,0.99276683575378044,0.98309799859122271,0.98911515141297979,0.98848847371906778,0.97644378998181491,0.98135633863106908,0.97986431484732872,0.97915138020592041,0.96729702589108679,0.95353619929940048,0.9598535373047109,0.95993138319575755
14.485794317727091,0.97451651096343994,0.99240483517399769,0.98311039859087779,0.98908274969570298,0.98845786953484938,0.98346585687978494,0.98096886722007426,0.9798668317281114,0.97916362476484176,0.96686291482222231,0.95361354480804272,0.95973749730477198,0.95981534319581863
14.525810324129651,0.97451955080032349,0.99269551424684965,0.98277160870802382,0.98903079826442286,0.98842605925521709,0.9856945210075907,0.98102738382345933,0.97987906480966736,0.97917405097018284,0.96835135537529393,0.95350414480773948,0.95962147730483305,0.95969932319587969
14.565826330532213,0.9744526743888855,0.98888505518115288,0.98272864130605408,0.9889649434735529,0.98839338309455105,0.98640406432671257,0.98199238382289589,0.97993024252388428,0.97918806655768087,0.95408101446965199,0.95301578502336826,0.95950545730489412,0.95958330319594076
14.605842336934774,0.9743274450302124,0.99232260638478365,0.98275528347835017,0.98893067298237092,0.98836205568020818,0.97655253565880384,0.9818176010087889,0.9799393955599498,0.97920466334906675,0.97076376065173298,0.95291913192312094,0.95938943730495518,0.95946728319600183
14.645858343337334,0.97420227527618408,0.99213790973811855,0.98279258653421664,0.98889981269968086,0.98833026562443604,0.98371173470748363,0.98151268409511694,0.97994937985508856,0.97921942995098188,0.96946100922638367,0.95303893192275257,0.95927341730501625,0.9593512631960629
14.685874349739896,0.97407704591751099,0.98702936288867482,0.98282874566201417,0.98886689118787829,0.98829791040526216,0.99009525410160848,0.98140664158684809,0.97996173890899518,0.97923241034660036,0.96299803580573906,0.95315873192238421,0.95915739730507732,0.95923524319612397
14.725890356142457,0.97395181655883789,0.97523822716427133,0.98263643454169647,0.98882370875552483,0.9882649440876915,0.98056889574957895,0.98117459790160788,0.97997188377277356,0.97924367195936768,0.92202030487908337,0.95312173192205241,0.95904137730513839,0.95911922319618503
14.765906362545017,0.97382658720016479,0.97668416921897061,0.98233846530727043,0.98877919000792636,0.98823119016763883,0.9765760033907317,0.98076990619112037,0.97997782650581589,0.97925317207298623,0.94033583683063793,0.95289513192176534,0.95892535730519946,0.9590032031962461
14.805922368947579,0.97370141744613647,0.97430729062138532,0.98204368893710792,0.98873442437015546,0.9881966511973389,0.98046577995777473,0.98047888454054821,0.9799810757712405,0.97926113232504686,0.94748916992658228,0.95266453192148048,0.95880933730526052,0.95888718319630717
14.845938375350141,0.9735761284828186,0.99275659502763658,0.98189572817880744,0.98869360722404476,0.9881613784291603,0.97725407861476854,0.98029842542491286,0.97998543164564644,0.97926813080790864,0.96823676343611398,0.95257978755060235,0.9586932973053216,0.95877114319636825
14.8859543817527,0.97345095872879028,0.99229945870793779,0.98194729125865776,0.98866352503142263,0.9881256192658382,0.98616802398259973,0.98039551297124639,0.97999396882984924,0.97927474689645144,0.96628069456815091,0.95269558755023609,0.95857727730538267,0.95865512319642932
14.925970388155262,0.97332572937011719,0.98406585429228211,0.98200140526947555,0.98863067065851362,0.98808943138583205,0.98937818451492376,0.98055917247580537,0.98000791751181926,0.97928145129471844,0.9578079410421485,0.95280228171607728,0.95846125730544374,0.95853910319649038
14.965986394557824,0.97320050001144409,0.97610147796098778,0.98176468054423593,0.98858676675090007,0.98805273114295677,0.98036527169174026,0.98060871286578177,0.98001692793709361,0.97928841837668823,0.92626839176725617,0.95266968171577227,0.9583452373055048,0.95842308319655145
15.006002400960384,0.973075270652771,0.97635634479034261,0.98148287564988901,0.98854342478057156,0.98801535252927086,0.97296333569867532,0.9804636723177923,0.98002316711699766,0.97929533635708876,0.93981330236761995,0.95243156299345311,0.95822921730556587,0.95830706319661252
15.046018407362945,0.97295010089874268,0.97232004438536734,0.98120347564961541,0.98849894887137202,0.98797731469814687,0.98050376686728424,0.98039540933633784,0.9800265275990081,0.97930205658795688,0.94632120443178047,0.95219812356251143,0.95811319730562694,0.95819104319667359
15.086034413765507,0.97282487154006958,0.99283440030792458,0.98114240892480309,0.98846281100577649,0.98793869365245224,0.97826313182571722,0.98026527996120794,0.98003256436350905,0.97930873433537124,0.96751300600586032,0.95218232356218047,0.95799717730568801,0.95807502319673465
15.126050420168067,0.97269964218139648,0.99138148971176654,0.98120974290764806,0.98843392924342066,0.9878997238172621,0.98793142254635091,0.98048055767223841,0.98004316332610941,0.97931523941848653,0.9654664823954997,0.95229133120120768,0.95788115730574908,0.95795900319679572
15.166066426570628,0.97257441282272339,0.98084463085393836,0.98126513439976393,0.98840052388813771,0.98786045157848923,0.98957238592282182,0.98058402852351434,0.9800567311734284,0.97932185339692546,0.95731366621793779,0.95240309001814027,0.95776513730581014,0.95784298319685679
15.20608243297319,0.97244918346405029,0.97641057822169597,0.98099546358654266,0.98835666336762185,0.98782071362523061,0.98022405046652783,0.98051598378809701,0.98006269984865246,0.97932829699455415,0.93196996806959542,0.95219354890995211,0.95764909730587122,0.95772694319691787
15.24609843937575,0.9723239541053772,0.97602815678563837,0.98072726358626561,0.98831462127696235,0.98778041628185353,0.97095228144874612,0.9803366359618384,0.9800662918501194,0.97933446395122936,0.94664233669095277,0.95196214890966735,0.95753307730593229,0.95761092319697894
15.286114445778312,0.97219878435134888,0.97061850834916097,0.98046098757311517,0.98827070896039626,0.98773956583862377,0.97673713663091322,0.98036186192656971,0.98007072791406902,0.97934080167181325,0.94610056416515287,0.95135474890946736,0.95741705730599336,0.95749490319704
15.326130452180873,0.97207355499267578,0.99292844531961233,0.98048856623209257,0.98824000052104932,0.98769828424347716,0.98181019653988444,0.9802654648324991,0.98007537900548636,0.97934705477754846,0.96028983037764193,0.95102197480375938,0.95730103730605443,0.95737888319710107
15.366146458583433,0.97194832563400269,0.98989767514913884,0.98056856723304975,0.98821200108855156,0.98765676927230583,0.98928300982432749,0.98046165583424361,0.98008790451024275,0.97935318237382962,0.95189331215632877,0.95089827676743321,0.95718501730611549,0.95726286319716214
15.406162464985995,0.97182309627532959,0.97056191167331274,0.9805724672545918,0.98817656464415682,0.98761503435492459,0.97263911357398503,0.98056757644158898,0.98009872942796683,0.97935932552110028,0.93539637459304326,0.95054220080135732,0.95706899730617656,0.95714684319722321
15.446178471388555,0.97169792652130127,0.97657279374765482,0.98031432104297778,0.98813402640637737,0.98757289801776216,0.97984121827396731,0.98047264711899462,0.98010446753406111,0.9793654579853277,0.94187894454968946,0.95015269626735421,0.95695297730623763,0.95703082319728427
15.486194477791116,0.97157269716262817,0.97529730827663963,0.98005781086909238,0.98809277915793481,0.98753028552716837,0.98087830238694096,0.98027487105400368,0.98010472784540292,0.97937142732914728,0.9478557685390997,0.94979451436418971,0.9568369573062987,0.95691480319734534
15.526210484193678,0.97144746780395508,0.9922426802440516,0.97983058293959679,0.98804968946884209,0.98748720623983677,0.97738119549604452,0.98031055111344045,0.98011121187983707,0.97937725389405605,0.96560138781712035,0.94967820239614453,0.95672091730635977,0.95679876319740642
15.566226490596238,0.97132223844528198,0.9929826787509658,0.97991876480739348,0.98802270801737535,0.98744385340664564,0.98426210043075146,0.98032593073993568,0.98011646626252191,0.97938312405390882,0.94976923883947395,0.94969664812101429,0.95660489730642084,0.95668274319746749
15.606242496998799,0.97119700908660889,0.98742493365948525,0.98000704208422085,0.98799440670574545,0.98740034769315088,0.98945492873928387,0.98051021576900577,0.9801284467467547,0.97938905733190718,0.9498147649383557,0.94965129246949087,0.95648887730648191,0.95656672319752856
15.646258503401361,0.97112733125686646,0.98911113890448221,0.97971271572435881,0.98794667143309645,0.98735587631551525,0.99227502712123117,0.98060960989556278,0.9801480269622691,0.97939478806620395,0.94027716671370631,0.94938385932092839,0.95637285730654298,0.95645070319758962
15.686274509803921,0.97106695175170898,0.99226558553684663,0.98027723972537728,0.98791479794246728,0.9873125167015635,0.99409496158462662,0.98160005469200207,0.98020512499526447,0.97940499224914601,0.96547884972157383,0.94841177009586031,0.95625683730660405,0.95633468319765069
15.726290516206483,0.97097653150558472,0.99250542455505553,0.98040063972500624,0.98788960492553812,0.98727285615820592,0.98528217636427229,0.98237325435026812,0.98024690323209707,0.97942014670129907,0.95001760103507948,0.94868870920365644,0.95614081730666511,0.95621866319771176
15.766306522609044,0.97088611125946045,0.98728174528150958,0.98048723972464424,0.98786171589837546,0.98723308830305101,0.99505115313678838,0.98254144869417059,0.9802719621168644,0.97943763750568402,0.94983926060835766,0.94882263146622492,0.95602479730672618,0.95610264319777283
15.806322529011604,0.97079563140869141,0.97403333604803466,0.98040613236973806,0.98782283086521294,0.98719306682261609,0.98212280332250934,0.98331480765098478,0.9803217142040187,0.97945829844068932,0.93774562883730639,0.94872167445384459,0.95590877730678725,0.9559866231978339
15.846338535414166,0.97070521116256714,0.97629023454050279,0.98014778656954638,0.98778159190498671,0.98715260599199561,0.98081050671692716,0.98306239208295909,0.98034288888040411,0.97947954879664201,0.94425884825422346,0.94856072856404505,0.95579275730684832,0.95587060319789496
15.886354541816727,0.97061479091644287,0.97435249524684864,0.97988963745737878,0.98774028715229978,0.98711164742908319,0.98240263824716434,0.98274796742571935,0.98035657567119017,0.97949939450623491,0.95101529175059918,0.94852076178326339,0.9556767173069094,0.95581491228845505
15.926370548219287,0.9705243706703186,0.99231418353902034,0.97974967416226333,0.98770169133248098,0.98707023725113374,0.9800876294592098,0.98260191626088067,0.98038030969596524,0.9795181220026441,0.96207586344846929,0.94862190865877771,0.95556069730697046,0.9557734916178463
15.966386554621849,0.97043389081954956,0.99185335086254778,0.9798372253254336,0.98767517703704322,0.9870285927080249,0.98646208177508976,0.9825759243723835,0.98039156253649196,0.979536193544154,0.94673536049142371,0.94875164425716019,0.95544467730703153,0.95573246755064589
16.006402561024409,0.97034347057342529,0.98486354020327294,0.97992662532507468,0.98764607772481117,0.98698678856270272,0.99401519500085167,0.98344489509698185,0.98043921137751577,0.97955663876045151,0.94854505279474088,0.94888017731643948,0.9553286573070926,0.95569180118524477
16.046418567426972,0.97025305032730103,0.97546109929892832,0.9797870087750753,0.98760577386710913,0.986944769351081,0.98847289897722179,0.98349234119158502,0.98046771629643015,0.97957813472683497,0.93891472949730348,0.94869769600905274,0.95521263730715367,0.95565133659547075
16.086434573829532,0.97016263008117676,0.97610396239750785,0.97953626678394257,0.98756541558822486,0.98690234555609646,0.99024222373590409,0.98387658414231449,0.98050978553496904,0.97960269327106786,0.94549115969193287,0.94850659621749367,0.95515782427325624,0.95561085077655705
16.126450580232092,0.97007215023040771,0.97239512284508456,0.97928710874557934,0.98752425155380463,0.98685949652028315,0.98250249463175632,0.98380003280963879,0.9805404842035913,0.97962767959915398,0.95262549370724159,0.94851616891714263,0.95512089985732374,0.95557035318958927
16.166466586634655,0.96998172998428345,0.99240004808899562,0.97922850874525769,0.98748967845645086,0.98681627689661011,0.98167472372375542,0.98336135508073541,0.98055679656515193,0.9796511334794632,0.95831416497367727,0.94859102286666475,0.95509022203808447,0.95553002744092774
16.206482593037215,0.96989130973815918,0.9913456774682694,0.97932484517956087,0.98746367299137705,0.98677291966146274,0.9890558587726116,0.98325007991870916,0.98057282236166055,0.97967271871653139,0.95613632067389143,0.9486526720340247,0.95505594865186982,0.95548988351788078
16.246498599439775,0.96980082988739014,0.98123426321550555,0.97942472517025458,0.98743395491088259,0.98672947142653011,0.9859339985447636,0.98328296610945753,0.98059438090996842,0.979693191815173,0.94702046619203217,0.94871188847257815,0.95502087242915834,0.95544992338497559
16.286514605842338,0.96971040964126587,0.97591720548641137,0.97922361045589335,0.9873927912496423,0.98668583872481619,0.98088381374822708,0.98313733444591944,0.98060741208292068,0.97971298065566581,0.9404090848584975,0.94850941413501433,0.95497537638961683,0.95541002093114114
16.326530612244898,0.9696199893951416,0.97557447443866274,0.97897701045561258,0.98735324966890681,0.98664183192183075,0.97154869370662988,0.98287382480008589,0.98061443477403043,0.97973204513147283,0.94720209262326638,0.94832313223368314,0.95493412554263013,0.95537004839914164
16.366546618647458,0.96952956914901733,0.97060178384965978,0.97873081045533039,0.98731184078060408,0.98659743293114277,0.98258166859603824,0.98278604481022458,0.98062638255013024,0.97974990447542187,0.94237178548102207,0.94840419110011742,0.95489855557450465,0.95533009130503876
16.406562625050022,0.96943908929824829,0.99234884445827642,0.97875369297002113,0.98728184270953678,0.9865527446868595,0.98254622995034913,0.98253411818541347,0.98063680457978031,0.97976721525152222,0.95434765879945405,0.94846133495527152,0.95486865125315945,0.95529025416807767
16.446578631452581,0.96934866905212402,0.9905419925520228,0.97885591192749732,0.98725636862777844,0.98650798814322027,0.99105577177606996,0.98263229927755469,0.98065120768184333,0.97978379094167922,0.95410019278689751,0.94849233196337124,0.95483409080789139,0.9552504575104338
16.486594637855141,0.96925824880599976,0.96925121991892726,0.97893171192714012,0.98722507959372485,0.98646318507005437,0.97688173578723636,0.98268251724865474,0.98066944557052571,0.97979985247101198,0.93568775357499367,0.94846032054375284,0.95479736391853121,0.95521070865924484
16.526610644257705,0.96916782855987549,0.97610699219814212,0.97869373005820448,0.98718429639805072,0.98641817786721708,0.98054856890096465,0.98248253562109589,0.98067801011756572,0.97981536241321288,0.94192196133603445,0.94826779662191574,0.95475172986176771,0.9551709260697524
16.566626650660265,0.96907734870910645,0.97496778715965637,0.97844933005792056,0.98714574353205331,0.98637282377942093,0.97013796300323918,0.98220310181796422,0.98067927880979389,0.97983010603932075,0.94912291162464124,0.94808615322542678,0.95471278101624346,0.95513103235672758
16.606642657062824,0.96898692846298218,0.98652344677876436,0.97821633005763442,0.98710382974033006,0.98632713600348887,0.98047514334576613,0.9822233647315195,0.98068884649807231,0.97984436083491866,0.96998730765820673,0.94814485939913118,0.95467690943712302,0.95509121943364406
16.646658663465388,0.96889650821685791,0.99237041663879244,0.97832527315268858,0.98707910528681608,0.98628129733990966,0.98421688356342574,0.982264631474141,0.98070312644994284,0.97985851218784448,0.95041598427306284,0.94828590380933919,0.95464824637825518,0.9550515038703733
16.686674669867948,0.96880608797073364,0.98867448403707114,0.9784354731523246,0.98705361887497189,0.9862354608297329,0.99034439133651941,0.98250231195838511,0.98072048213353002,0.9798731136154053,0.95086025208314762,0.94830740976375716,0.9546127752562733,0.95501187035505852
16.726690676270508,0.9687156081199646,0.97073394375332667,0.97844677392036594,0.98701859636803113,0.98618962573542701,0.98089116222994188,0.98259948234878136,0.98073512556245968,0.9798880492505444,0.93562514025264709,0.94818323256962433,0.95457167755083627,0.95497221125689347
16.766706682673068,0.9686773419380188,0.97674718907216351,0.97822577392008025,0.98697660390766662,0.98614267430941327,0.99674971912799126,0.98262488234843937,0.98076181504513227,0.97990215443558071,0.93055381961579797,0.94801138845356669,0.95452309191423779,0.95493233906436215
16.806722689075631,0.9686090350151062,0.99212106404659195,0.97886717391959177,0.98695517199267313,0.98609767365269685,0.98400792593014896,0.98307199020687053,0.9807934007927992,0.97991960013498147,0.95240102972627227,0.94749716562572339,0.95444030682670278,0.95488950230173886
16.846738695478191,0.96852385997772217,0.98700597282777836,0.9789621739192309,0.98693109426085057,0.98605593659722168,0.99112196737345237,0.98372992390639769,0.98082950785675371,0.97993996822028495,0.95336102100820352,0.94797461348906298,0.95442045372239614,0.95484803203252611
16.886754701880751,0.96843862533569336,0.97190477991043422,0.97894180547008425,0.98689567664220323,0.98601407789604523,0.98147512947846993,0.98351696344934336,0.98084871168547738,0.97996072710673521,0.93858881759520385,0.94827533034545575,0.95439319982209658,0.9548088299270644
16.926770708283314,0.96835345029830933,0.9758719402649354,0.97869813534380545,0.98685695553059793,0.98597192569800596,0.97944025192491702,0.98303342176648556,0.98085624381303371,0.97997930207398065,0.94683806306882234,0.94832513851016464,0.9543632241025759,0.95477125774059013
16.966786714685874,0.96826827526092529,0.97392608110558143,0.97845519162705874,0.98681838876789052,0.98592940070813961,0.98243185438817549,0.98260052879260473,0.98085709350238381,0.97999568979740204,0.95304197984281191,0.94858279078839569,0.95433914963517852,0.95473518846334682
17.006802721088434,0.96818304061889648,0.99175294326952812,0.97830659162675615,0.98678118694619021,0.98588651284791129,0.97886221087132019,0.98224874490788361,0.98086123784751145,0.9800101658279653,0.96399256000781952,0.94876898295861101,0.9543188386970658,0.95470046760026261
17.046818727490997,0.96809786558151245,0.99167277474474524,0.97840749667228089,0.98675727902512766,0.98584347373351644,0.98585500236632961,0.98211718768154355,0.98086674362931725,0.98002314658957668,0.94856889126384036,0.9490344311317106,0.95429951932125567,0.95466683683391795
17.086834733893557,0.96801269054412842,0.98651799313762267,0.97851009667191624,0.98673100589765106,0.98580036872981547,0.99224107002427486,0.98220994608564571,0.98087870969538271,0.98003534204633125,0.95091491924912763,0.94916586817596749,0.95427581018562135,0.95463403165181093
17.126850740296117,0.96792751550674438,0.97531385098810275,0.97840789667160788,0.9866933348642587,0.98575714550488347,0.98063592101425168,0.98209847352043578,0.9808862070037434,0.98004700949563051,0.94092492782141723,0.94912047800267119,0.95424521183057476,0.95460185931099084
17.16686674669868,0.96784228086471558,0.97565330985116638,0.97817129667132552,0.98665560650095763,0.98571359079271859,0.97466788714675878,0.98185184690320504,0.98088970532146291,0.98005791224229255,0.94714240683221274,0.94900130762355761,0.95421501151397226,0.95457008831097345
17.20688275310124,0.96775710582733154,0.97206184477531477,0.97793046454480448,0.98661706753828071,0.98566970019105393,0.98316800632253887,0.98175728353063163,0.98089003976910061,0.9800682018289828,0.95387106865407401,0.94911130254209586,0.95419022139782506,0.95453866281762134
17.2468987595038,0.96767193078994751,0.99188280052471289,0.97786766454448149,0.98658377361062333,0.98562549831345991,0.98048829949851357,0.98162995580696466,0.98089605264142976,0.98007812945355499,0.959690761882252,0.94917762300457875,0.95416878792559989,0.95450755402118936
17.286914765906364,0.9675866961479187,0.99168459096721895,0.97797546454411943,0.98655985285072767,0.985581243739171,0.99015807176787995,0.98166341878861618,0.98090611383408766,0.98008754871626846,0.94678757809040359,0.94924310448553029,0.95414400839756952,0.95447676796812231
17.326930772308923,0.96750152111053467,0.98192105842328203,0.97807846454375991,0.98653266986293153,0.98553694629931921,0.9911039517408613,0.98178519701626255,0.98091738250169991,0.98009660546775967,0.94853394012493508,0.94931832827383988,0.95411905036545075,0.95444612030522458
17.366946778711483,0.96741634607315063,0.97543195261682658,0.97790866454346481,0.98649404557216513,0.98549251730472298,0.9804368601265101,0.98164697909042398,0.98092011050437367,0.98010536403958581,0.94168638468525934,0.94913056136074003,0.95408508206576603,0.95441555906031272
17.406962785114047,0.9673311710357666,0.97573881082506553,0.97767295981625479,0.98645690550106691,0.98544779081722134,0.9715971107192185,0.98144955614157514,0.98092095906920129,0.98011368009317523,0.94887837314337753,0.94894938784503113,0.95405430214649867,0.95438488221553608
17.446978791516607,0.96724593639373779,0.97056160869324937,0.97743796807794148,0.986417618335522,0.98540275240961661,0.98263304870609236,0.98143917286459736,0.98092430881149728,0.98012162379906675,0.94248679563895821,0.94905065952862044,0.95402707459145841,0.95435422049942831
17.486994797919166,0.96716076135635376,0.99240410802184553,0.97745485659179931,0.98638893906608982,0.98535747991666078,0.98173280043408195,0.9813181565646385,0.98093028465561727,0.98012941624621019,0.95673144596386639,0.94908706911467,0.95400604418978341,0.95432364334182662
17.52701080432173,0.96707558631896973,0.99005080127319489,0.97756652220980811,0.98636572794947774,0.98531219490853783,0.98935850954775195,0.98143420619199651,0.98093992750456072,0.98013684226969511,0.95502099099682558,0.94903760957425676,0.95397832497592983,0.95429296906961436
17.56702681072429,0.96699041128158569,0.96687209926887263,0.97764948427765153,0.98633612259949144,0.98526688072430535,0.97840393821728444,0.98158340936464605,0.98095465138109217,0.98014414368485847,0.93738864925618004,0.9490581619438504,0.95395069903674434,0.95426222746905709
17.60704281712685,0.96690517663955688,0.97588157503095241,0.97740764821715231,0.98629617014479642,0.98522134170789233,0.98023329533062065,0.98134568103475017,0.9809557598579407,0.98015110471479028,0.94366641151339503,0.94883681044871393,0.95391384695901482,0.95423131320962085
17.647058823529413,0.96682000160217285,0.9730347137589791,0.97717442928222831,0.98625867798522937,0.98517548128623389,0.97381534474394515,0.98115070907705659,0.98095635208263554,0.98015758917345774,0.94920087954989141,0.94870554330603518,0.95388295741164486,0.95420019344158136
17.687074829931973,0.96673482656478882,0.96455066602289452,0.97693942928194555,0.98621820933162296,0.98512931649825364,0.97785232799308108,0.9811461791193502,0.98096068474676512,0.98016382268043067,0.94194663624264618,0.94868752204220419,0.95385344406108585,0.95416894208345326
17.727090836334533,0.96664959192276001,0.9920540448565619,0.97703026639303836,0.98619383217216294,0.98508296044324706,0.98495042797201937,0.98111836978882683,0.98096471986029821,0.98016984613800473,0.95177298464563609,0.94882488948847188,0.9538326831543118,0.95413765703032194
17.767106842737096,0.96656441688537598,0.9881711129596934,0.97713892261407009,0.9861693021104998,0.98503657589569138,0.99047334533822395,0.98126309839316672,0.9809758755043777,0.98017570849847602,0.95231893935899725,0.94879471773681923,0.95380373714869882,0.95410642304486204
17.807122849139656,0.96647924184799194,0.96778903813282835,0.97715446396759942,0.98613520337472438,0.98499018546206651,0.97150377314905079,0.98140080127967566,0.98098404291623964,0.98018188785804206,0.93758873705822054,0.94874432586977597,0.95377247498394824,0.95407519591686141
17.847138855542216,0.96639406681060791,0.97534826952330811,0.97692588097828936,0.98609720614200191,0.98494359656321673,0.97520029649938478,0.98124156784099636,0.98098921250951088,0.98018805674034937,0.9454139087131217,0.9484986288946774,0.95373584577553894,0.95404369032155922
17.887154861944779,0.9663698673248291,0.94778726388157686,0.97671292597371917,0.98605262658619663,0.98489582623309047,0.99133187319791827,0.98138416784062299,0.98099743111701065,0.98019291191576297,0.92988090563718251,0.9483735179459013,0.95369657141939745,0.95401205484267715
17.927170868347339,0.96629393100738525,0.98905969288971229,0.97753552597319082,0.98603177378750839,0.98485008411159236,0.99027647714260691,0.98148877697593873,0.98100618473805734,0.98019980904306103,0.95370479682574349,0.94825879537619651,0.95363905416445327,0.95397751638756645
17.967186874749899,0.96621334552764893,0.97078702586043908,0.97756472597284294,0.98600397871652556,0.98480711221236894,0.97391869758354666,0.98146096383640846,0.98100901845130462,0.98020654487150116,0.93940649500897733,0.9487720148692228,0.9536245462469769,0.95394562128775751
18.007202881152462,0.9661327600479126,0.97634640704426212,0.97734092597255362,0.98597150542262368,0.98476397795486559,0.97678816116927147,0.98129762155196976,0.981010486068983,0.98021290208767398,0.94964108466348807,0.94893903214364861,0.95360616867270898,0.95391639500097625
18.047218887555022,0.96605217456817627,0.97401897479302824,0.97711251300570612,0.98593909178067851,0.98472059085291797,0.98287205214767082,0.98115595385279919,0.98101064529908888,0.98021912002027778,0.95389371221244168,0.94935765652163973,0.95359367897181602,0.95388929396822819
18.087234893957582,0.96597158908843994,0.99162169230605146,0.97696791300540187,0.98590692457989981,0.98467694387978666,0.97951847769800993,0.98124870256048891,0.9810170936559951,0.98022544464879313,0.96426906235115895,0.949578829647165,0.95358260330223832,0.95386395366036181
18.127250900360146,0.96589100360870361,0.99275368641902761,0.97708426754994004,0.98588765527391931,0.98463324560964771,0.98911523924582301,0.98128674752933276,0.98102293797130335,0.98023183958623161,0.95062103095464046,0.94989849522040459,0.95357252641506418,0.9538399725397495
18.167266906762706,0.96581047773361206,0.98426460921389025,0.97720363655085163,0.98586591449247507,0.9845895902505627,0.98728167453408555,0.98148486754941677,0.98103710316521542,0.98023829478020952,0.95229617630955643,0.9499895687127361,0.95355661292238081,0.95381686179187719
18.207282913165265,0.96572989225387573,0.9739369883878648,0.97714143655052765,0.98583299708722505,0.98454593054778372,0.98089862923555526,0.98149662593273246,0.98104350339725088,0.9802449296514617,0.94158445879983643,0.94999423739997668,0.95353624171015039,0.95379449961876017
18.247298919567829,0.9656493067741394,0.9756781542163675,0.9769108365502418,0.98579952960184847,0.98450203751065735,0.97365835984021554,0.98134424228474249,0.98104539735735619,0.98025152671065541,0.94967179386929534,0.94987963411047704,0.9535163743628764,0.95377256984964409
18.287314925970389,0.96556872129440308,0.97224514771368808,0.97668563654995433,0.98576514501633228,0.98445786321923223,0.982718800746748,0.98130524240988759,0.98104772094334725,0.98025809270015296,0.95527676163896824,0.95003762693718552,0.95350137412632785,0.95375096689464689
18.327330932372949,0.96548813581466675,0.99156770125874882,0.97662303654963067,0.98573522331609364,0.98441348413741703,0.98139186643968557,0.98129415270809672,0.98105399616343425,0.98026477534524337,0.96006948883869736,0.95007638708472153,0.95348878100258549,0.95372962109587534
18.367346938775512,0.96540755033493042,0.99108687189809008,0.97674043654926357,0.98571548816165233,0.98436911071784094,0.98898877424598952,0.98145118217481087,0.98106173973695521,0.98027151632168397,0.94801558784947848,0.95015478809958487,0.95347395453495742,0.95370852393653938
18.407362945178072,0.96532696485519409,0.9811047695363968,0.97685863654889604,0.98569212598815437,0.98432478474921326,0.98987355514922937,0.98163366237659844,0.98107596133420272,0.98027844993975799,0.9496099572389245,0.95017144910259588,0.95345631081246507,0.95368746654284886
18.447378951580632,0.96524637937545776,0.97530476158619994,0.97671786196254418,0.98565659597680233,0.9842804205256237,0.98025960763611553,0.98157332814581821,0.98108110377255719,0.98028550410662696,0.94319460101094221,0.94996936393553189,0.95343140393143111,0.9536663062732591
18.487394957983192,0.96516579389572144,0.97531088178348113,0.97649246196225636,0.98562258271008818,0.98423580647052078,0.97171190111503736,0.98141501379029794,0.98108277852447479,0.98029249750665648,0.9511832364539542,0.94979427031730201,0.95340990253385993,0.95364488174556961
18.527410964385755,0.96508526802062988,0.97038727396475344,0.97626387682215787,0.98558668723122844,0.9841909378434387,0.98066786320493127,0.98145397978205495,0.98108410853779193,0.98029943407695563,0.94513364240097708,0.94986047779499261,0.95339194176180753,0.95362328392815388
18.567426970788315,0.96500468254089355,0.99148480591339516,0.97627666051747974,0.98556025849879592,0.98414587412380883,0.98198916762680899,0.98139670917350075,0.98108945821228921,0.9803063463682532,0.95633360043571225,0.94989784935868493,0.95337892990778494,0.95360157133749723
18.607442977190875,0.96492409706115723,0.98941811830474646,0.97639046051711453,0.9855397231168288,0.98410082244110664,0.98917509381462887,0.98157530917312918,0.98109889804491357,0.98031339752492774,0.9451414690662705,0.94983432767842146,0.95335925756564333,0.95357976666277244
18.647458983593438,0.9648435115814209,0.97701453868013155,0.97650460749271395,0.9855135806289671,0.98405578884117684,0.98838276155231697,0.98175372240130376,0.98111169736550818,0.98032057937832973,0.94905384578434293,0.94982507068389477,0.95333979442695294,0.95355767841195294
18.687474989995998,0.96476292610168457,0.97527731159245346,0.97628262610174965,0.98547670325637593,0.98401066138489057,0.98015826970279063,0.98161191168566275,0.98111578707787095,0.98032784611470669,0.94495350960815772,0.94957507469860869,0.95331134113562055,0.953535309949614
18.727490996398558,0.96468234062194824,0.97435764590792695,0.97605504096514761,0.98544238700471531,0.98396527198670791,0.96968294975641567,0.98145021871055782,0.98111521817518021,0.98033500352810354,0.9516065335806958,0.94945082629054522,0.95328863676911058,0.95351246761948238
18.767507002801121,0.96460175514221191,0.96662862448990272,0.97582884096486011,0.98540498592528081,0.98391962890945828,0.97841940558605511,0.98147106791036065,0.98111820085685753,0.98034206520985567,0.94700337896856734,0.94943725590758254,0.95326731355244809,0.95348942774934753
18.807523009203681,0.96452116966247559,0.99136337150397358,0.97592304096450122,0.98538264231649586,0.98387386489588169,0.98314696833053283,0.98149921486329816,0.98112355255358319,0.98034909807083315,0.95287319870194453,0.94952211103711748,0.95325320356616539,0.95346617916631871
18.847539015606241,0.96444058418273926,0.98760623692943994,0.97603844096413517,0.98536124657281554,0.98382814037884769,0.99003735517712987,0.98165463270724262,0.98113430888905018,0.98035625700386941,0.95349592642982417,0.9494062219405206,0.9532299953159894,0.95344269180516494
18.887555022008804,0.96436005830764771,0.96862514191586169,0.97608224096378615,0.98533066970216832,0.98378245295410549,0.97573934319033384,0.98174104001825646,0.98114384160351864,0.98036339207302381,0.93904276418221622,0.94935337304306644,0.95320619743799206,0.95341899689058573
18.927571028411364,0.96427947282791138,0.97501250701701825,0.97585684096349823,0.98529467934578074,0.98373661466494855,0.97874487221168083,0.98158581758369423,0.98114803339883738,0.98037045581695637,0.94591296318025964,0.94911862202270803,0.95317676554192421,0.95339488355362123
18.967587034813924,0.96419888734817505,0.97209899013109091,0.9756320998559439,0.98525862034110212,0.98369053034889797,0.98046714298260884,0.98140029704633769,0.98114625179254888,0.98037728812656655,0.95285646995169926,0.94904699477790988,0.95315324847272043,0.95337033699253748
19.007603041216488,0.96418780088424683,0.98326277533616235,0.97558658011684041,0.98520793283209862,0.98364374312319269,1.0003392153978663,0.98209129704583598,0.98120336909078587,0.98038412629115068,0.92951436677020172,0.94873399377229939,0.95310635764167095,0.95334550060961687
19.047619047619047,0.9641951322555542,0.97806327387167791,0.97620502514632812,0.98515632484513704,0.98359876545878511,1.0013132447967712,0.98295169886021472,0.98128590384087921,0.9803963527145958,0.95967863353832428,0.94909594923905582,0.95308372200618952,0.95331836164107708
19.087635054021607,0.96420246362686157,0.98783747131384747,0.9773592251457206,0.98515471348469152,0.9835593417650037,1.0035640136316706,0.98411189885960404,0.98140651485528241,0.98041449261459235,0.95703567023618363,0.95025614923844515,0.95311819822942723,0.9532972975652102
19.127651060424171,0.96420973539352417,0.99487618295535962,0.97851942514510992,0.9851905531062054,0.98352683823347165,1.0023268611778171,0.98527209885899336,0.981535936980093,0.98043923842954672,0.95515332736037284,0.95141634923783447,0.95313894378752939,0.95328306616831493
19.167667066826731,0.96421706676483154,0.9850535692990543,0.97961074777709523,0.98525186129066145,0.98350111069782808,1.0021558311921004,0.98643229885838268,0.98167027253094807,0.98047055194946164,0.95381407141216701,0.95257654923722379,0.95315012906036667,0.95327562792874054
19.20768307322929,0.96422439813613892,0.98194535742436884,0.98077094777648455,0.98524761046508047,0.98348196726574588,1.008171748714638,0.98759249885777201,0.98181930669699891,0.98050839518535793,0.95195281871077253,0.95257214092838471,0.95315196676017211,0.95327303796028251
19.247699079631854,0.96423166990280151,0.98817032521152848,0.98192576062770742,0.98524194283895405,0.9834696286149357,1.0070183926571126,0.98875269885716133,0.9819749162342134,0.98055273036798318,0.95177812276178286,0.95186790541575494,0.95314315289562068,0.95326627289719534
19.287715086034414,0.96423900127410889,0.99423295628070396,0.98308565134878267,0.98528304099153752,0.9834640568397125,1.004865524562478,0.98991289885655065,0.98211211793322561,0.98060351994656536,0.94805370550182311,0.95090830845709284,0.95312522366127284,0.95325549464483306
19.327731092436974,0.96424633264541626,0.99223613587468151,0.98424605134817189,0.98532547455667274,0.98346522808623704,1.0062987155446583,0.99107329885593987,0.98224978320268752,0.98066073700009682,0.9440437643224987,0.94979657208734836,0.95308779021692625,0.95323876907278671
19.367747098839537,0.96425360441207886,0.97102850097099047,0.98473308029096196,0.98533527708240831,0.983472475209064,1.0175106022590419,0.99223349885532919,0.98241326409756291,0.98072432468240822,0.93309479728697908,0.94863757208727395,0.95301755749857242,0.95321550457874127
19.407763105242097,0.96426093578338623,0.99350586472449165,0.98539269901447213,0.98535237982195145,0.98348055397241563,1.0004721992121242,0.99339369885471851,0.98257247649988955,0.98079425540018195,0.94565796923009271,0.9477780155095441,0.95295572466564615,0.95318671580878001
19.447779111644657,0.96426820755004883,0.99386604742389373,0.98654600672119708,0.985400286198724,0.98349495334591897,0.9982473871110239,0.99451184970418471,0.98266954568262677,0.98087044863309059,0.94910546592795686,0.94815396787462847,0.95292657919656665,0.95315579538746531
19.48779511804722,0.9642755389213562,0.9874486267004452,0.98746316680055013,0.9854396111367193,0.98351582306100716,1.0032066640773145,0.99559504151804012,0.9827713545679434,0.98095239229535947,0.95498281359894444,0.9491241678741178,0.95291589440084412,0.95312964232942687
19.52781112444978,0.96428287029266357,0.9820958779198794,0.98633310726125467,0.98543186047980891,0.98353543901400509,1.0100949174937364,0.99675524151742945,0.98291930443193365,0.98104044768950782,0.95842995182358914,0.95010596787360102,0.95292955502624144,0.95310931256844855
19.56782713085234,0.96429014205932617,0.98007027440783145,0.9851797072611802,0.98540629359186271,0.98354828382828752,1.0073788238328329,0.99790224151682572,0.98306640624010921,0.98113468874900811,0.96195224993326423,0.9511813892082075,0.9529695917441291,0.95309496051345866
19.607843137254903,0.96429747343063354,0.99579051619076975,0.9848381319235453,0.98536981048091588,0.98355555581827436,1.0009538803361386,0.99887661105541614,0.98318718929682491,0.98123472176008308,0.96848130191737769,0.95233718920759913,0.95303569306175662,0.95308723124728689
19.647859143657463,0.96430480480194092,0.99140481917665035,0.98594081012364421,0.98541324873410285,0.98356623475708305,1.001722626342624,0.9995869819405665,0.9832900966550765,0.98133865165345302,0.95837880964426791,0.95336418920705857,0.95306831015130544,0.95308596466033557
19.687875150060023,0.96431207656860352,0.98327677301509264,0.98632764737533352,0.98542332294865831,0.98358231164167864,0.99692904578661168,0.99892165205288685,0.98337469510348374,0.98144327941896958,0.96096752399918461,0.95432375721054841,0.95309492838807131,0.95309033085544592
19.727891156462587,0.96431940793991089,0.96994625618442898,0.98548578569945555,0.98537369287236376,0.98359576122084802,0.99868438472525634,0.99892421723973457,0.98344826791634032,0.98154338421883736,0.95699910596779048,0.95526810179280752,0.95312070512317226,0.95309964900038158
19.767907162865146,0.96432673931121826,0.97758402000734901,0.98444358569935364,0.98532547928375402,0.98360357380808305,1.0025808578925717,0.99855162940064224,0.98353719878900203,0.98164197232885742,0.95440399884045857,0.95579206064949096,0.95314022477928839,0.95311500352094747
19.807923169267706,0.96433401107788086,0.97471219317814928,0.98328778569927966,0.9852748928470163,0.98360508901912935,1.0043525531292266,0.99971142940003177,0.98366008207419064,0.98174313939125213,0.95412110372470404,0.95464506064941612,0.95314608164049974,0.9531271597690919
19.84793917567027,0.96434134244918823,0.98899182535550456,0.98302008778444949,0.98524834879721679,0.98360162291748909,1.0023707150203085,1.0008668293994236,0.98377047776140636,0.9818504275501152,0.94992768400251115,0.95359642422233226,0.95312793934060069,0.95313319410752617
19.88795518207283,0.96434861421585083,0.99128683873995194,0.98364777303730788,0.98525955001180743,0.98360078406855722,0.99517548470644657,1.0011421401532845,0.98385548386556465,0.9819626454189565,0.94817767749024773,0.9525422673231253,0.9530826663149905,0.95313285889660082
19.927971188475389,0.9643559455871582,0.98882179294390937,0.984804773036698,0.98527492140826445,0.98360440491153289,1.0005365576890779,1.0008996559854506,0.98395440632182907,0.98207293933113304,0.94645407850515706,0.95139006732305031,0.95305721632879881,0.9531261127027334
19.967987194877953,0.96436327695846558,1.0059972479714878,0.98596097303608943,0.98536655182968735,0.98361468664213303,1.0072614851731936,1.001286848469942,0.98405424927121221,0.98218194117843494,0.95520877121832859,0.95196986732257938,0.95306353610438299,0.95311651675033149
20.008003201280513,0.96437054872512817,0.98873259561323645,0.98702201166224945,0.98547115037540878,0.9836314365745461,0.99893044033880296,1.0015343880101797,0.98415579938823883,0.9822946829326108,0.96273425926169331,0.95307786732198507,0.9530990909228686,0.95311309231216423
20.048019207683073,0.96437788009643555,0.9828555701309164,0.9859374648389706,0.98545102106521298,0.9836481072391442,0.99896872355805899,1.0004326453092089,0.98424331865703441,0.98240288092116834,0.96446634211297977,0.95423446732137629,0.95315954714676199,0.95311623623828445
20.088035214085636,0.96438521146774292,1.0020283303326187,0.985942182440249,0.98545379475426198,0.98365992270538904,1.0067393873997481,0.9997092453092904,0.98428183171243366,0.98250421014512535,0.95362192976649296,0.95434883660227898,0.95317700460885957,0.95312365002585142
20.128051220488196,0.96439248323440552,0.98190512167194577,0.98564678243997472,0.98545184367542582,0.98367383703401923,1.00569578447235,1.0008694453086797,0.98440733430423333,0.98260708691656118,0.95240790046298007,0.95319143660220451,0.95317480901489116,0.95312738528851459
20.168067226890756,0.96439981460571289,0.98180180547031715,0.98448658243990039,0.98542933294128054,0.98368188972102977,1.0049973231377496,1.002029645308069,0.98452857030096597,0.98271607946713058,0.95163927413474725,0.95292347611301076,0.95317215294801161,0.95312625943297169
20.208083233293316,0.96440714597702026,0.98406609667633282,0.98374078711674007,0.9854125211537097,0.98368340215098915,1.005416897738884,1.0031898453074584,0.98464741889035001,0.98283115242188823,0.95121639522676182,0.95218671757024143,0.95316430456198942,0.95312329785788952
20.248099239695879,0.96441441774368286,0.9880635550371768,0.98490098711612939,0.9854229254634449,0.98368709332001902,1.0062316310180361,1.0043500453068477,0.98476815450566091,0.98295227061050083,0.95141445168055827,0.95123557560854877,0.95314973206583742,0.95311513810038129
20.288115246098439,0.96442174911499023,0.99431888142669189,0.98606078711551892,0.98546130443786606,0.98369747366900739,1.0059421956575925,1.0054998681930352,0.98489423851012825,0.98307939815671896,0.94752430030209733,0.95016737028059595,0.95312729206468261,0.95310130166162566
20.328131252500999,0.96442902088165283,0.9711083059196971,0.98671578711502517,0.98548805891502778,0.98371418365949281,0.99619407909123459,1.0051319519879882,0.98498427208840278,0.98320883832991524,0.96077317176865662,0.95064184893836257,0.9531301014322775,0.95308435950458736
20.368147258903562,0.96443635225296021,0.97623587991712402,0.9855553871149505,0.98543670634532687,0.98372818814744278,0.99579844631762249,1.003971551988599,0.98502525314684863,0.98333230761034984,0.95647824437979712,0.95179224893775705,0.95317089505392505,0.9530735658106646
20.408163265306122,0.96444368362426758,0.97521120134261363,0.98439518711487617,0.98538118815292786,0.98373539780651054,0.98006268017854914,1.0036582187790706,0.98505920408443504,0.98345024674621906,0.95601151224795444,0.95295244893714637,0.95318971529036811,0.95306951364770798
20.448179271708682,0.96445095539093018,0.97534530031868649,0.98323498711480151,0.98532367476775939,0.98373585492344784,1.0043712799052094,1.0035349348656262,0.98509848073331874,0.98356679474526532,0.95654611530936362,0.95411264893653569,0.95320766658675682,0.95307219576325564
20.488195278111245,0.96445828676223755,0.97459827267430077,0.98207478711472718,0.98526461440534718,0.98372959855638487,0.97722272904358209,1.0034500186690571,0.98513839192901731,0.98368200664828298,0.95570394222558819,0.95527284893592501,0.95322597939052633,0.95308157320482223
20.528211284513805,0.96446561813354492,0.97445496310429969,0.98091458711465251,0.98520250150405719,0.98371666753751663,1.0061288707979279,1.0033439741229464,0.98517623030848245,0.9837960156002753,0.9567407065220378,0.95633572085905483,0.95324477674893782,0.95309737112288362
20.568227290916365,0.96447288990020752,0.97355886926870783,0.97975438711457818,0.98513694588674638,0.98369710047442316,0.97512118179705232,1.0031972493116121,0.98521541922177625,0.98390866427922319,0.95655250808177872,0.95602654649310148,0.95326102655713318,0.95311637355339551
20.608243297318928,0.96448022127151489,0.98392230233823041,0.97897618711441847,0.98508495096145521,0.98367111829772158,1.0113285142306312,1.003101049311663,0.98526337777688267,0.98401994802350823,0.95658309779651285,0.95671835509133984,0.95328199603110531,0.95313524765462287
20.648259303721488,0.96448755264282227,0.99435839002696269,0.98013638711380779,0.98509220567589129,0.98364732107418829,0.99624374060475873,1.003099768032802,0.98535054397311073,0.98413006426933913,0.95421221566800407,0.95594991666894236,0.95329677310655303,0.95315331528606317
20.688275310124048,0.96449482440948486,0.96862653562415335,0.9812841871132022,0.98514505632957983,0.98363037204833514,0.99000387217576813,1.0035462358133203,0.9854801481601958,0.98424125682055941,0.9340019735145646,0.95500309986970455,0.95329217754656603,0.9531672130621972
20.728291316526612,0.96450215578079224,0.97473261403442424,0.98092229705204059,0.98510044379131845,0.98361572646923146,0.97551557006972878,1.0024588401285579,0.98548305509875345,0.98434999246729138,0.94646698354106062,0.95434857266268458,0.95326489488731037,0.95317606237673558
20.768307322929171,0.96450942754745483,0.969033619637374,0.980554088457253,0.98506029865954559,0.98359967408078897,0.98116827110492844,1.0012986401291686,0.98547783587768922,0.98445137859458265,0.94904930512356211,0.95371381390881527,0.95324500518638511,0.9531815742459413
20.808323329331731,0.96451675891876221,0.99049672733054683,0.98041039779703443,0.9850280098549502,0.98358233608179091,0.98203758463939761,1.0001384401297793,0.98547337442661465,0.98454546744332072,0.96237154410905423,0.95333719883146295,0.95323679046060106,0.95318404144768443
20.848339335734295,0.96452409029006958,0.98796126896776382,0.98039301685343894,0.9850024499340716,0.98356396360249998,0.99126994446088634,0.99897824012978675,0.98547359942906543,0.98463230122249434,0.9536302941416156,0.95310376159205212,0.95322546189977064,0.95318387996748299
20.888355342136855,0.96453136205673218,0.97682196455181725,0.98028817709424987,0.98497104455035756,0.98354460734044902,0.99275581931600576,0.99781804012971209,0.98546589634759718,0.98471192189694645,0.94714802291265221,0.95258787949920798,0.95320756435804743,0.95318114841563473
20.928371348539414,0.96453869342803955,0.97427141778187565,0.97994077709398775,0.98492960331010471,0.98352411658214001,0.98146386970810051,0.99665784012963776,0.98545041296573199,0.98478437118878626,0.9409962639921059,0.95206901669384469,0.95318035853435212,0.95317585915725556
20.968387354941978,0.96454602479934692,0.97351548252362508,0.97959981435067811,0.98489071014211327,0.98350244127838959,0.98443028584290115,0.99569053760948301,0.98545109891844318,0.98485008906579496,0.94281945878669238,0.95154716457436728,0.9531533060642513,0.95316814364046776
21.008403361344538,0.96455329656600952,0.96620705802965023,0.97926066009133927,0.98484856922992225,0.98347962224648089,0.97805690024210878,0.9947538342134441,0.98544193335745467,0.98491009294441634,0.94793260129915469,0.95097313201117517,0.95311853670397095,0.95315780551966933
21.048419367747098,0.96456062793731689,0.99017108435837542,0.97922026009100915,0.98481986814804834,0.98345579294004315,0.98333909557020482,0.99360463421336986,0.98542111143488298,0.9849637381472971,0.95372003193757404,0.95061478663134502,0.95308119902052701,0.95314446899463334
21.088435374149661,0.96456795930862427,0.9863088157018326,0.97923166009066565,0.98479338417483508,0.98343118151504461,0.99395978507824412,0.99265783457074463,0.98541667337337857,0.98501121337653552,0.94825785600035173,0.95006416352980116,0.95303032212993821,0.95312787366576168
21.128451380552221,0.96457523107528687,0.96346848183234579,0.97910764707034437,0.98475842808602698,0.98340579707767084,0.9809849146337547,0.9921851307545092,0.98543045725622969,0.98505397875902445,0.93470661237310948,0.9497353685894484,0.95300123852337704,0.95310851827375376
21.168467386954781,0.96458256244659424,0.97442278662156379,0.97878948141633948,0.98471788556911788,0.98337946679876964,0.97870267770377017,0.99121761496435146,0.98540917888407531,0.98509212113283817,0.94377909159540418,0.94947944611596957,0.95297088353184112,0.95308830648943443
21.208483393357344,0.96458983421325684,0.97220624507354414,0.97847617571798595,0.98467892992633299,0.98335217729225977,0.98023969562114643,0.99026021496423311,0.9853852163861988,0.98512462942330359,0.95150359202115087,0.94943564215611764,0.95295174385727499,0.95306793275190038
21.248499399759904,0.96459716558456421,0.98916609948798784,0.97819237571771445,0.98463664202705681,0.98332396563997237,0.99302937247403356,0.98925001496412901,0.98536198899878213,0.9851513347070896,0.96261715800997649,0.94967491608483257,0.95293982081815931,0.95304817161392252
21.288515406162464,0.96460449695587158,0.98988149601375186,0.97822763357863973,0.98461130103450534,0.98329502853909534,0.98414985829875301,0.98817021496404256,0.98533528445220997,0.98517199422024204,0.962589973790828,0.94998262188578853,0.95293300670977321,0.95302942524853629
21.328531412565027,0.96461176872253418,0.9839311493560825,0.97826783357829106,0.98458409310700334,0.98326552508554066,0.98633259441584131,0.98744236862233759,0.98531872022190348,0.98518732875600878,0.95037446112513269,0.95031619274513746,0.95292520903285172,0.95301199467240993
21.368547418967587,0.96461910009384155,0.96963297479884536,0.97812011201623139,0.98454628077486994,0.98323543359547283,0.97984293687049739,0.98666044681954401,0.98529520954461614,0.98519763927953086,0.93957187065425907,0.95033527133742468,0.95291013422888782,0.95299585929177166
21.408563425370147,0.96462643146514893,0.97429711049125423,0.97782536986889712,0.98450742652514878,0.98320455943202567,0.97471618563544871,0.98593083558502537,0.9852731486927242,0.98520360991052613,0.94942396938351925,0.95031769304856362,0.95289503813314724,0.95298079694686133
21.448579431772711,0.96463370323181152,0.97056421432179485,0.97753036986862463,0.9844681224149241,0.983172903137573,0.98033362581080719,0.98521860993020216,0.98524079478645377,0.98520571127772072,0.95521283391481671,0.95053221830943202,0.95288640153349613,0.95296661801162474
21.48859543817527,0.9646410346031189,0.98954130999853596,0.97734136140698857,0.98442951781013555,0.98314048805716314,0.97708737475135166,0.98461832614759537,0.98521354004467376,0.98520441590071506,0.96108259390265727,0.95061398650646844,0.95287830621288172,0.95295299919787868
21.52861144457783,0.96464836597442627,0.98948362259445943,0.97739396140663826,0.98440446558157557,0.98310754622445451,0.98707016863698827,0.98414339196358425,0.98519027265968917,0.98520011331285295,0.95012753282240547,0.9507329708078387,0.95286966903816861,0.95293953445848989
21.568627450980394,0.96465563774108887,0.98143907773838224,0.97745102075468526,0.98437613778282496,0.98307417605294067,0.98953777694442313,0.98392155909592027,0.98517141952074361,0.9851934407143309,0.95054939605626876,0.95069275291257993,0.95285632618273741,0.95292599869844785
21.608643457382954,0.96466296911239624,0.97287292240510903,0.9772589724726195,0.98433644882811455,0.9830403149411735,0.97986593050683068,0.98356187476147128,0.98514995487429824,0.98518442210278578,0.94204276681101984,0.95045099139449563,0.95283630990736912,0.95291217374804693
21.648659463785513,0.96467024087905884,0.97389517713911189,0.97698010895834475,0.98429818813330139,0.98300577851654569,0.97003923259568403,0.983034100031977,0.98511860193305278,0.98517302932596162,0.94988980533231304,0.95020313727117345,0.95281772292044364,0.95289775130532206
21.688675470188077,0.96467757225036621,0.96890788291105179,0.97670099464455973,0.98425828625866052,0.98297057961004697,0.98023122116239469,0.98253095480375019,0.98508964752605233,0.98515928748237924,0.94138048753791748,0.95029007759158735,0.95280471823719959,0.95288282746877517
21.728691476590637,0.96468490362167358,0.98979048080269838,0.97660054949725494,0.98422378168755675,0.9829347627202577,0.98019074525101413,0.98207379893484703,0.985064311540641,0.9851433952410783,0.95850935364171752,0.95018877047087424,0.9527914080950739,0.95286739591397029
21.768707482993197,0.9646906852722168,0.98663797324273983,0.97627468415428997,0.98417963567077871,0.98289824497019818,0.98352660037783046,0.98171234628945592,0.9850218832158274,0.98512546284809044,0.95859843423677349,0.95016688003564864,0.9527729004123201,0.95285136860141861
21.80872348939576,0.96464568376541138,0.98787570739785202,0.97675808415384124,0.9841581531137803,0.98286128934157779,0.97748887445794574,0.98237066919367755,0.98502751345387951,0.98510822337743587,0.94565880566760496,0.94929275728430318,0.95269805364088433,0.95283403480644246
21.84873949579832,0.96454322338104248,0.96871415745849654,0.97697388415345088,0.98413900583755598,0.98282814575744193,0.98011880124454842,0.98243826527416978,0.98501928081314161,0.98509318276082813,0.95428158023598531,0.94944972767518543,0.952686225834251,0.95281454941173127
21.88875550220088,0.96444070339202881,0.98983465529594605,0.97692048415312405,0.98410847915493593,0.98279487226493811,0.97731037746661564,0.98198024835657949,0.98499332342879486,0.98507722861949554,0.95581411299506047,0.94969765775997561,0.95267863995765301,0.9527959616154773
21.928771508603443,0.96433824300765991,0.98918676272831363,0.97700398867265537,0.98408744500745315,0.98276133648148856,0.98843123782685482,0.98178690158711368,0.98496992588021848,0.98505926822712109,0.95407366576865138,0.95000231225795462,0.95267232992899786,0.95277840755997434
21.968787515006003,0.96423572301864624,0.97815756126741649,0.97708938867229445,0.98406129507445728,0.98272756835144381,0.98553078024163943,0.98167075299224948,0.9849480552832357,0.98503959573251543,0.94762706262503249,0.9501347423001768,0.95266008263678537,0.95276204171175838
22.008803521408563,0.96413326263427734,0.97359952919321979,0.97684690055964263,0.9840243467957015,0.98269343852778324,0.97844654755884031,0.98127201232071515,0.98492043848178557,0.98501819578275662,0.94354829458755618,0.95013370203788283,0.95264165299228942,0.95274673620525963
22.048819527811123,0.96403074264526367,0.97310936804660753,0.97658910055936088,0.98398948784810814,0.98265879037837733,0.96834854844373974,0.98084410384083065,0.98488687497476113,0.98499501155946101,0.95256491173313917,0.95023326584832901,0.95263074536397774,0.95273248414480449
22.088835534213686,0.96392822265625,0.96655899967132719,0.9763283005590796,0.98395064571834212,0.98262360900156798,0.9771181909649943,0.98043490130200317,0.98485676699396618,0.98497018859555863,0.9469516990794169,0.95052985325762451,0.95262557533935643,0.95271939627860114
22.128851540616246,0.9638257622718811,0.98991967150174365,0.97635457907737289,0.98392433778203359,0.98258801365220527,0.98189428924595923,0.98016868954413283,0.98483042528125631,0.98494393452116602,0.95423378380671309,0.95072698461108529,0.95262191911822347,0.9527071983083959
22.168867547018806,0.96372324228286743,0.98785528654157706,0.97644098336540286,0.98390210075448092,0.98255220311157798,0.98977097271496894,0.98016328954379706,0.98480936743090719,0.98491653153197778,0.95310292029013388,0.9507983456922906,0.95261241108443528,0.95269553528092221
22.208883553421369,0.96362078189849854,0.96465464878066276,0.97646687438207713,0.98387268203912936,0.9825161908655764,0.97525902509115381,0.98009275439414489,0.98478905163587438,0.98488819370862246,0.93814449003958256,0.95067876246290106,0.95259862311070775,0.95268384953857821
22.248899559823929,0.96351826190948486,0.97396934665863888,0.97621147438179401,0.98383439652904259,0.98247978005131464,0.97718580884916018,0.97975924715773244,0.9847610714101076,0.98485871414283277,0.94674736934427839,0.95043897017473811,0.95257813966974458,0.95267173612293132
22.288915566226489,0.96341574192047119,0.97191871699335186,0.9759568743815108,0.98379846282905326,0.98244287746438119,0.97892413960835201,0.97944445105194833,0.98472759004303134,0.98482827065779832,0.95418001282378195,0.95035902112610349,0.95256405842355996,0.95265906747089291
22.328931572629052,0.96331328153610229,0.98782838191194466,0.9757218362468254,0.98375886246526933,0.98240549167189339,0.99233274825986173,0.97937897326793788,0.98470364851503378,0.98479743048724544,0.96543105329230172,0.95029013011498553,0.9525498865283355,0.95264595467398772
22.368947579031612,0.96321076154708862,0.98952961496808767,0.97580894720306821,0.98373647579889345,0.98236778417877524,0.98299318357206622,0.97939307250179608,0.98467994444561513,0.98476660691496065,0.9510952910240934,0.95035607231062835,0.95254047910980388,0.95263233028546102
22.408963585434172,0.96310830116271973,0.98634087099254319,0.97590034799684067,0.98371288032336868,0.98232990038559498,0.99006088217100707,0.97958763005041782,0.98466174769002524,0.98473621047065796,0.95129077841981657,0.95018846062664153,0.95252314137436778,0.95261808142441629
22.448979591836736,0.96300578117370605,0.96946966854465821,0.97583878298757887,0.9836778933333572,0.98229177803350098,0.97960091106950398,0.97972650848243836,0.98463837227152917,0.98470617874653421,0.93776845163228384,0.95001747387711177,0.95250260170872725,0.95260337719963828
22.488995598239296,0.96290326118469238,0.97389505594708647,0.97559041839560623,0.98364144601268511,0.98225322115561231,0.97306206610623036,0.97971758513775875,0.98461372099449507,0.9846767970759468,0.94806607282789723,0.94972731538380273,0.95247863923839382,0.95258795234011984
22.529011604641855,0.96280080080032349,0.97025753790159397,0.97534223302536682,0.9836048573876025,0.98221423042626588,0.97940955423517306,0.9794769233251599,0.98458085552229069,0.98464757256392499,0.95467094189794366,0.94968931927224753,0.95246146443975865,0.95257168662506508
22.569027611044419,0.96269828081130981,0.98880385652415448,0.97519120901841871,0.98356873207824702,0.98217481699008546,0.97870030722579771,0.97933628518471305,0.98455799083260687,0.98461798099709785,0.96084187913573538,0.94954811366907177,0.95244398496529159,0.95255469309033647
22.609043617446979,0.96259582042694092,0.98908120447421555,0.97528540901805827,0.98354666156204351,0.98213518815892353,0.98513639196896285,0.97941596562402733,0.9845356344057492,0.98458816375831903,0.94808507190853286,0.94957285996867868,0.95242822410088024,0.95253712047609218
22.649059623849539,0.96249330043792725,0.98260567217460182,0.97538346028640177,0.98352263794049155,0.98209544129256054,0.98938671823562485,0.97959409457785895,0.98451924481291975,0.98455855549163962,0.95020585922087519,0.94939686487105668,0.95240628433536156,0.95251889456386207
22.689075630252102,0.96239078044891357,0.97209662688659615,0.97526806028608992,0.98348564978005215,0.98205553125075362,0.97955201996132091,0.97964902844635104,0.98449767794254872,0.98452908359458469,0.940878744521633,0.94915295273396738,0.95237992360505475,0.95249996065257359
22.729091636654662,0.96228832006454468,0.97364643050703825,0.97502349811983136,0.98344983647863116,0.98201522336843661,0.97034152779912852,0.97945167115476395,0.98446971536350758,0.98450006403295409,0.94965745494051379,0.94888216855972451,0.95235515357510281,0.95248026721291879
22.769107643057222,0.96218580007553101,0.9685397015379752,0.97477941625016018,0.98341238660164509,0.98197451069741737,0.97944173347364982,0.97942155951096888,0.9844449124136696,0.98447094738031715,0.94099273900544711,0.94891075360272537,0.95233481222125127,0.9524599338956774
22.809123649459785,0.96208328008651733,0.98889771974780416,0.97471396278635747,0.98338034384750317,0.98193345530318255,0.98010001520661627,0.97930575944165854,0.9844208621383177,0.98444204906106725,0.95734981226757487,0.94880830034704466,0.95231575740011021,0.95243902118921653
22.849139655862345,0.96198081970214844,0.98841155793802915,0.97481133369430517,0.9833582410165107,0.98189226623559045,0.98748423187683665,0.97945771657657255,0.98440109239282458,0.98441320320222658,0.94592580847062657,0.94876569240339637,0.95229439315587405,0.95241763639321309
22.889155662264905,0.96191447973251343,0.98914228525500247,0.97454718471353319,0.98331554264073751,0.98185036322626262,0.98478490934758878,0.97918911657629759,0.98435651306973604,0.98438366574224556,0.94768680816162265,0.9488176188476487,0.95227061396763746,0.95239565553078365
22.929171668667468,0.96185177564620972,0.98042930578299248,0.97506152447258887,0.98328842459153676,0.98180905875865521,0.99052116973131943,0.98019702822540666,0.98438108727037299,0.98435674776788995,0.95490221687008425,0.94806235063720967,0.95219552732669266,0.95237180592931581
22.969187675070028,0.96174395084381104,0.98901157965564002,0.97515338306968991,0.98326460048340347,0.98177135501627311,0.98087990245957246,0.98044288379672462,0.98437678896305225,0.9843337014893081,0.95718371967585414,0.94854418889677361,0.95219117529111297,0.95234825417435431
23.009203681472588,0.96163612604141235,0.98864273172642392,0.97525310812214472,0.98324308274778593,0.9817335943290677,0.98869015328340237,0.98040518042635449,0.98436066011598344,0.98431160852555677,0.95579308256618067,0.94904419362662673,0.95218511426001784,0.95232751867151599
23.049219687875151,0.96152836084365845,0.97780986134662751,0.97534770812178406,0.98321676017764459,0.9816956968164362,0.98607367895929388,0.98040644169471647,0.98434567389798999,0.98428849675053864,0.94823395778571573,0.94940976616318229,0.95217720736902367,0.95230912747491347
23.089235694277711,0.96142053604125977,0.97302107965612483,0.97512275195670151,0.98317751747486393,0.98165751868570306,0.97883797273405126,0.98014234100967024,0.9843215846512775,0.98426454250432327,0.94461857613003308,0.94941508932067753,0.9521602188311038,0.95229228032052937
23.129251700680271,0.96131271123886108,0.97243693409383747,0.97487200877869029,0.98314148480353702,0.98161888958963672,0.96807303964138458,0.97989585322422534,0.98429502484743392,0.98423989165825809,0.95222687148711183,0.94949283769824788,0.95214795867494939,0.95227636991950071
23.169267707082835,0.9612048864364624,0.96500453015790832,0.9746218087784102,0.98310188977475244,0.98157981920813131,0.97849846102643834,0.97980692092055621,0.98427334917416087,0.9842149181898191,0.94685419436370166,0.94963736005539778,0.95213722159850622,0.95226113413994995
23.209283713485394,0.9610971212387085,0.9890666008351584,0.97465465427249631,0.98307491709214545,0.98154041371220235,0.98285356241948529,0.97974921296680373,0.98425363512131936,0.9841897892632594,0.95370975570528049,0.94975405791492751,0.95212944109219266,0.95224617914218368
23.249299719887954,0.96098929643630981,0.98721630158780938,0.97475106499983677,0.98305225053104484,0.98150087852688661,0.99037692614669204,0.97993743657848942,0.98423986571503941,0.98416480315167709,0.95296568479258614,0.94968850330267229,0.95211443241439708,0.95223129386874461
23.289315726290518,0.96088147163391113,0.96278132304849318,0.97479598946453738,0.98302220435317889,0.98146122137623404,0.97549642846010076,0.98003531934726595,0.98422542960952153,0.98413998277887205,0.93817800728560974,0.94959071278232332,0.9520975489620993,0.95221609763367854
23.329331732693078,0.96077370643615723,0.97309343129527126,0.97455255656360273,0.98298331349580237,0.98142125445092609,0.97654803175065608,0.979855755042496,0.98420398571330203,0.98411512869084994,0.94593411310021258,0.94934819849340746,0.95207391277170172,0.95220038345716007
23.369347739095637,0.96066588163375854,0.9702623855826088,0.97430835656332193,0.98294682772830888,0.98138089287925745,0.98055514697733837,0.97979739953220824,0.98417858614185283,0.98409039752162197,0.95232359951085133,0.94928851526735114,0.95205678143587258,0.95218414313303978
23.409363745498201,0.96055805683135986,0.98686817749493172,0.97408175656303531,0.98290646578367447,0.98134013922034236,0.99424317571985787,0.97970806218165252,0.98415764341055922,0.98406599918313442,0.9642885991416239,0.9491794951762631,0.95203830227054875,0.9521674112261137
23.449379751900761,0.96045023202896118,0.98861825093729905,0.97418055656267244,0.98288362003596086,0.98129914867506907,0.98339592777959584,0.97986249551056592,0.98414112894928507,0.98404183722001837,0.95030246775354155,0.94924627055830357,0.95202599469440297,0.95215014634950712
23.489395758303321,0.96034246683120728,0.98538945299736957,0.97427715656231073,0.98286051424844656,0.98125805659463083,0.99090157218395813,0.97998385033463897,0.98412950921349762,0.98401793745890176,0.95115181030170781,0.94906482832760863,0.95200521094391766,0.9521324399756288
23.529411764705884,0.96023464202880859,0.96607223190142522,0.97424805207724519,0.98282540763023318,0.98121685678609838,0.97422982281743875,0.98015511764444141,0.98411392312994794,0.98399458716365673,0.93840653396306717,0.94894575983562846,0.95198264485671802,0.95211421951414887
23.569427771108444,0.96012681722640991,0.97308203924488634,0.97400025207696483,0.98278849086524211,0.98117531068897557,0.97209236282962541,0.97987100135478455,0.98409290944457073,0.9839709999597176,0.94734864842452216,0.94871345090298909,0.9519580402261949,0.9520954782936738
23.609443777511004,0.96001899242401123,0.96890848887117864,0.97375405207668253,0.98275146564534543,0.98113335461223206,0.97716234111723232,0.97971331849625309,0.98406711648758227,0.98394694038353825,0.95292219004194856,0.94876215147077425,0.95193961562070228,0.95207637391578415
23.649459783913567,0.95991122722625732,0.98726774760257929,0.97360282983505941,0.98271448991382104,0.98109100627435175,0.97818229852685468,0.97977424761259213,0.98404976182386616,0.98392315695046217,0.9596292837251007,0.94866497518647708,0.9519198262965064,0.95205699758998308
23.689475790316127,0.95980340242385864,0.98840168078796142,0.97370526305839089,0.98269161930132565,0.98104849622275569,0.98558109363660595,0.97992626004678929,0.98403513435631673,0.98390003198311804,0.94729039652634672,0.94869875020452943,0.9519016088034018,0.95203727171174757
23.729491796718687,0.95969557762145996,0.98220828352341083,0.97380386305802791,0.98266688865284257,0.98100590303037172,0.99090785395058523,0.98005613214538134,0.98402448937133014,0.98387713610452188,0.94991812471665682,0.94855370754983981,0.95187805752220922,0.95201709672431134
23.769507803121247,0.95958781242370605,0.97008417270930103,0.97368443776989833,0.98262860488209702,0.98096312683441289,0.97956896887882439,0.98005462417332356,0.98400636015484721,0.98385438591509311,0.94002384563856389,0.94843415718826185,0.95185110049524735,0.95199663646644916
23.80952380952381,0.95947998762130737,0.97272979462314602,0.97343907849160571,0.98259204600933792,0.98091996563475237,0.96979513262646477,0.97987315545317677,0.9839846170671529,0.98383161597722946,0.94883314577217881,0.94818191609600877,0.95182465719056131,0.95197565324138644
23.84953981592637,0.95937216281890869,0.96668461520562399,0.97319647849132318,0.98255350850211154,0.98087643181465678,0.98000590723110748,0.97980758421700931,0.98396155180149092,0.98380884072778696,0.93978528171095921,0.94821450257704276,0.95180233754201449,0.95195419523461922
23.88955582232893,0.95926433801651001,0.98805107225856359,0.97312728482306854,0.98252005016527444,0.98083255963366234,0.98212398856149563,0.97972694834242624,0.98394457436585869,0.98378623058480197,0.95527120530406529,0.94813093772238766,0.95178142017337208,0.95193226446239565
23.929571828731493,0.9591565728187561,0.98820256229027714,0.97322696424039434,0.98249708187665918,0.98078857085741578,0.988707694820399,0.97984042111094105,0.98393074682678794,0.9837634652581011,0.94535936103821494,0.94808658784819844,0.95175838259387457,0.95190997004556843
23.969587835134053,0.95904874801635742,0.97659624440456416,0.97333100519549554,0.98247033761198765,0.98074452794467759,0.98613631883971742,0.98000093368479013,0.98392096524604133,0.98374072744053898,0.94950600000525764,0.94797888261075802,0.95173179064672697,0.95188710528117504
24.009603841536613,0.95899444818496704,0.98133254994808128,0.97328080415447693,0.98242805115860132,0.98069999969462252,0.99451803264077054,0.97972473368451918,0.98388368812655724,0.98371699051639105,0.93879033929012268,0.94787928179186309,0.95170379469873412,0.95186391127362358
24.049619847939177,0.95895606279373169,0.98802556133722308,0.97375078360173095,0.98239097719666757,0.98065740520433131,0.98168224999131815,0.97945983310898299,0.98386660071539411,0.98369422595859446,0.95478445841746495,0.94728907680567676,0.95162912051176596,0.95183801139826096
24.089635854341736,0.95890325307846069,0.98673898679588634,0.9738737836013609,0.98237049140342825,0.98061806317196576,0.98883321162904347,0.97927323310868708,0.98383355067740452,0.98367004743030217,0.95337900441471712,0.94780275545255011,0.95161886041093235,0.95181296643410662
24.129651860744296,0.9588504433631897,0.97521277683894347,0.97396783568960621,0.9823423499508579,0.980578631174441,0.9887071614628552,0.97910056497744435,0.98380453340920515,0.98364379568663551,0.94777176631465387,0.94821415227577688,0.95160712299380956,0.95179039313911207
24.16966786714686,0.9587976336479187,0.97210710999679073,0.97373680382920846,0.98230131925376651,0.98053892535378206,0.97274365165257282,0.97865045712647736,0.9837651684660299,0.98361547033181052,0.94287299078747722,0.94830877000492952,0.95158751286700027,0.95176978612775398
24.20968387354942,0.95874482393264771,0.97085125763388558,0.97348420382892964,0.98226399808039466,0.98049876042964768,0.97625421100596332,0.9781707083097434,0.98372684407720901,0.98358505260722384,0.95122362443668917,0.94843910521598329,0.95157275913120587,0.95175057712910671
24.249699879951979,0.95869201421737671,0.96382254433446668,0.97322960902167932,0.98222296267018816,0.98045813707455576,0.96094234559032432,0.97775490408840715,0.98368557333529694,0.98355276841379902,0.94415602618575167,0.94862416949874628,0.95155938061359913,0.9517323909394898
24.289715886354543,0.95863920450210571,0.98787807064234678,0.97326724730305214,0.98219472013164988,0.98041718155088653,0.97839255992301644,0.97749146805118015,0.9836458804792797,0.98351919958527156,0.95180907094973655,0.94878027132767806,0.9515489754545019,0.95171479399824699
24.329731892757103,0.95858639478683472,0.98665790933091335,0.9733615265503448,0.98217078161951954,0.98037609881108756,0.98324806921606045,0.9776478165878919,0.98361848390133699,0.98348519568996706,0.95174185722107252,0.94873554117655612,0.95153144912898691,0.95169743591700096
24.369747899159663,0.95853358507156372,0.96095005094912744,0.97339865375601708,0.98213911002766674,0.98033488681801906,0.9747235341171635,0.97761231971931584,0.98358871997443875,0.98345082994394006,0.93816581919614528,0.94872286099050185,0.95151306945386704,0.95168002770147131
24.409763905562226,0.95848077535629272,0.97230059306529526,0.97315525375573431,0.98209837533143873,0.98029336329876238,0.97522992747404125,0.97753221851136884,0.98355261161291141,0.98341584961566775,0.94559129321125801,0.94848031256343168,0.95148697232071755,0.95166232541584417
24.449779911964786,0.9584280252456665,0.96955965362349605,0.97290899994113078,0.98206025598446767,0.980251450572584,0.97544172968088505,0.97737074713222227,0.98351575498436605,0.98338089147129093,0.9524259436150303,0.94843822923573384,0.95146772807181268,0.95164414536112396
24.489795918367346,0.95837515592575073,0.98543605133112466,0.97268579994084425,0.98201804254333291,0.98020913486772387,0.9757920863252223,0.97719274828734148,0.98347380703956444,0.98334601242240971,0.96251899609335889,0.94833525995277812,0.95144676957661911,0.95162561961443681
24.529811924769909,0.95832240581512451,0.98763077831457757,0.97278605466138623,0.98199339835046351,0.98016660996995553,0.97992151821528617,0.97718699372175388,0.98343907989061796,0.98331117342089602,0.94885089019654612,0.9484223741951705,0.95143171770280666,0.95160670634432643
24.569827931172469,0.95826959609985352,0.98371445801471946,0.97287625466102789,0.98196843402239387,0.98012396042905769,0.98370349729652917,0.97739055548173026,0.98340923224986154,0.983276699169086,0.95033915151300785,0.94823528749167973,0.95140807479844369,0.9515874386680393
24.609843937575029,0.95821678638458252,0.96379921486958275,0.972836581097411,0.98193156206170029,0.9800811617753824,0.97950822538077875,0.97753096441442122,0.98337958804806935,0.98324248734100306,0.93721180246787306,0.94816995634547374,0.95138363866738029,0.95156783849412496
24.649859943977592,0.95816397666931152,0.97191108189575348,0.97258958109712812,0.98189238585802074,0.98003803429142844,0.97562206379264393,0.97753156670771713,0.98334562005866222,0.98320860967214441,0.9462657008282882,0.94790540414713331,0.95135592213107134,0.95154764934528357
24.689875950380152,0.95811116695404053,0.96745975939989581,0.97234138109684609,0.98185331413435617,0.97999450643799479,0.97547959806649598,0.9774048906645274,0.98331121477454397,0.98317509250749158,0.95286579025540741,0.94793057463051977,0.9513345765189527,0.9515269070275435
24.729891956782712,0.95805835723876953,0.98653992889421482,0.97219813149978718,0.98181443632282295,0.97995059495707215,0.97653552747935113,0.9772059178202317,0.98327023040688044,0.98314171603401546,0.95844990683281017,0.94779020323762708,0.95131150730194669,0.95150571380451698
24.769907963185275,0.95800554752349854,0.98775178855191037,0.97229513149942526,0.98178989767407654,0.97990651778401339,0.98175514218897286,0.97726592727570205,0.98323709437898799,0.98310829156650503,0.94639056899976171,0.94782252038782411,0.95129128371034033,0.95148413258602893
24.809923969587835,0.95795273780822754,0.98007572804897314,0.97239421701147055,0.98176364061571475,0.9798623577191331,0.98420514969746187,0.97741448956310739,0.98320900209810946,0.98307505325151479,0.94964526685104933,0.94764259545147755,0.95126444400326726,0.95146208655702147
24.849939975990395,0.95789992809295654,0.96929703050451743,0.9722708065915131,0.98172309685059089,0.97981802264169893,0.97757557468979039,0.97759817213932043,0.98317954908146532,0.98304217176175457,0.93967325882985253,0.94753540466518948,0.95123495845184014,0.95143962690716821
24.889955982392959,0.95784711837768555,0.97139995452875205,0.97202700659123087,0.98168461526249828,0.97977333450438131,0.97496224124899533,0.97745071087987745,0.98314611620235337,0.98300945839873277,0.94766237223715721,0.94728599576168948,0.95120594446815632,0.95141661861609705
24.929971988795518,0.95779430866241455,0.96512063211821353,0.97178423413624948,0.98164400114680228,0.97972828106712562,0.96905115811479203,0.97730746802718094,0.9831114299688275,0.98297682047137891,0.93955968256479461,0.94728168880441088,0.95118027475255229,0.95139308218628249
24.969987995198078,0.95774149894714355,0.98721327178717511,0.97172168995181751,0.98160910068989504,0.97968289882035109,0.97734018622712004,0.97716507848081846,0.9830739364913309,0.98294440204654632,0.95493961757598977,0.9472001733405031,0.95115734981751499,0.95136902603493112
25.010004001600642,0.95768868923187256,0.98619168360931175,0.97181988995145496,0.98158438852407648,0.97963740478335803,0.98256892727693601,0.97738286267207908,0.98304436422463226,0.98291240140730107,0.94412352461384663,0.94714329449313872,0.95113176849024905,0.9513445739484977
25.050020008003202,0.95763587951660156,0.97501929377043894,0.97192567133348096,0.98155577413865802,0.97959187012221594,0.98450489663708585,0.97755750633658134,0.98301864588190146,0.98288087957004677,0.94871580553831558,0.9470079165028652,0.95110198926518374,0.95131953476209519
25.090036014405761,0.95758306980133057,0.96935211228004847,0.97173946142485168,0.98151224016907079,0.97954622241715683,0.97436197696440618,0.97758878362885371,0.98298789802133646,0.98284976725524031,0.94155386908510219,0.946800629954341,0.95106747880651932,0.95129395427480623
25.130052020808325,0.95756423473358154,0.95685521479589797,0.97178638322830946,0.98147158465623296,0.97950013199368258,0.97927212577471667,0.97739758727277892,0.98294169152412558,0.98281718523244421,0.94656185945316584,0.94666014440486268,0.95103547512878084,0.95126794855462715
25.170068027210885,0.95748400688171387,0.98791067129717147,0.97252978322779549,0.98144128947778475,0.97945675459149917,0.98321280835621938,0.97758546695449122,0.98291372293901824,0.98278672322688132,0.94554917260796201,0.94631810428922625,0.95097170120494601,0.95123903038992674
25.210084033613445,0.95739215612411499,0.97505074310102269,0.97265058322742659,0.98142018442833834,0.97941638628091765,0.98503386879665178,0.97784773914862044,0.98289164384123717,0.98275739732116518,0.94756618192324704,0.94672223299813374,0.95095611348118592,0.95121136504772197
25.250100040016008,0.95730036497116089,0.97167336373798863,0.97244784127249162,0.98138213417399478,0.97937585869020449,0.9782029216852155,0.97805128081147807,0.98286624792626387,0.98272872727798577,0.94255944621145182,0.94678972464885369,0.9509314209247075,0.95118548184586393
25.290116046418568,0.95720857381820679,0.97054397525355784,0.97221095083631404,0.98134781826650519,0.97933499375445787,0.97635388960470737,0.9779096317748488,0.98283682709148712,0.98270067884304968,0.95086240292246482,0.94695278134482508,0.95091212488013088,0.95116080024105565
25.330132052821128,0.95711678266525269,0.96298819783580125,0.9719777353729625,0.9813093469596017,0.97929379012174433,0.96114561407646715,0.97774613487488815,0.98280321968902273,0.98267263289249418,0.94356705468604551,0.94707275757110254,0.95089266871667288,0.95113714070877742
25.370148059223691,0.95702499151229858,0.9878535898532218,0.97204162949555895,0.98128277193098112,0.97925237610653237,0.97854344084596667,0.97768421832855812,0.98276910505378168,0.98264468561446139,0.95172273864936374,0.94721182127993275,0.95087820034944759,0.95111401967732623
25.410164065626251,0.95693320035934448,0.98670693150517574,0.97214382949519507,0.98126153441216024,0.97921097044909888,0.98374148420603869,0.97781311281237304,0.98274391557610896,0.98261695154558115,0.94373452142510783,0.94719718445383183,0.95085658180201071,0.9510912534723408
25.450180072028811,0.95684134960174561,0.9605875050052306,0.97220432790624101,0.98123218184497496,0.97916951597797497,0.98103890226957857,0.97798262723202412,0.98272149995466773,0.98258942962291462,0.93553874820673766,0.94723866933180434,0.95083378944345043,0.95106860508287228
25.490196078431371,0.9567495584487915,0.97058651365446302,0.97198702961544081,0.98119309433559287,0.97912788991751976,0.9740789418944884,0.97807758886975837,0.98269278291310103,0.98256225838290945,0.94518412737939583,0.94702666829371174,0.95080415837035703,0.95104592087475381
25.530212084833934,0.9566577672958374,0.96911590902260081,0.97181119871746569,0.98115603017432418,0.97908618282409876,0.9734228528536466,0.97793874974692829,0.98266065633582056,0.98253544995302267,0.9536374038604698,0.94704293595379219,0.95078235976726322,0.95102302481334633
25.570228091236494,0.9565659761428833,0.9850591441322214,0.97160282728032321,0.98111531959254583,0.97904429860678011,0.97600448115155924,0.97777649735439376,0.98262305151822116,0.98250869190537882,0.96121098706078967,0.94691093271069593,0.95075609244882886,0.95099987466777292
25.610244097639054,0.9564741849899292,0.98758781574158361,0.97171456905103182,0.98109256134177514,0.9790022789126438,0.98002350803005345,0.97777247207473694,0.98259499989264731,0.98248203422888669,0.94888643879081724,0.94701256193234473,0.95073750118217926,0.95097642669078819
25.650260104041617,0.9563823938369751,0.98351237031241356,0.97182222855131872,0.98106937926679894,0.97896023768556661,0.98418025967875045,0.97798426363690716,0.98257142995143298,0.98245588999546785,0.94122945082141751,0.94684421476810132,0.95071051953052887,0.95095272750708448
25.690276110444177,0.95629054307937622,0.9623389721558897,0.97181030797953638,0.98103401059586537,0.97891816573131119,0.9800746510923104,0.97813845890014828,0.98254818772205021,0.98243006651438036,0.93612676377785842,0.94674790983102652,0.95068068493691094,0.9509286128003942
25.730292116846737,0.95619875192642212,0.97138335122127617,0.97159973271653854,0.98099591778329698,0.97887594284190427,0.97536848191153447,0.97816116819928645,0.9825206682669152,0.9824044969163791,0.94588058109942774,0.94648721054626472,0.95064894100077613,0.95090393934727802
25.770308123249301,0.95610696077346802,0.96605005376078235,0.97136866018581602,0.98095816533932134,0.97883344291211172,0.96995028040976561,0.97797445765950997,0.98249171600266527,0.98237907225124044,0.93725679085692548,0.94651369897456916,0.95062359427611454,0.95087873662153977
25.81032412965186,0.95601516962051392,0.98601074391543309,0.97125142973828105,0.98092032071311241,0.97879067835784239,0.97664296939345518,0.97782998184415526,0.98245595728528012,0.98235363902864714,0.95737299353577188,0.94633904695374449,0.9505950636527235,0.95085298738217261
25.85034013605442,0.95592337846755981,0.98732955553551838,0.97137406124684555,0.98089740754809529,0.97874791620712875,0.98202099129359,0.97789266943340203,0.98242934587656039,0.98232841554722961,0.94590776531857634,0.94638881295379451,0.95057048874210592,0.95082678769610873
25.890356142456984,0.95583152770996094,0.98045833127306881,0.97147882040743627,0.98087214579200865,0.9787051514953562,0.98471503950934902,0.97808490319608232,0.98240673028328618,0.98230359617132978,0.9488983878981353,0.94610887625050755,0.95053758494071361,0.95079998141141808
25.930372148859544,0.95573973655700684,0.96827301848614666,0.9713854828830939,0.98083234981142908,0.97866233995427765,0.979858582025116,0.97826110267588895,0.98238410979233348,0.98227913489460073,0.93741619194854808,0.94595978429469818,0.95050248398865833,0.95077252516188393
25.970388155262103,0.95564794540405273,0.96884310577349109,0.97121334173109197,0.9807945195825003,0.97861936375863456,0.97546543446061018,0.97818106379073477,0.98235697191895677,0.98225479988817654,0.94212778470958769,0.94570307213209426,0.95046733296829455,0.95074421561398081
26.010404161664667,0.95555615425109863,0.96443910876354066,0.97099894014128563,0.98075382302230352,0.97857631228950914,0.96288880431550261,0.97816771567623273,0.98233371334616093,0.98223127541234234,0.9423616884853383,0.94556136954541403,0.95043332527303637,0.9507150640983355
26.050420168067227,0.95546436309814453,0.98642419050998564,0.97099811146143167,0.98071883165415297,0.97853317457489586,0.97701501591124085,0.97795121703416688,0.98230021870364204,0.98220772026860803,0.95213964300369014,0.94541071911894625,0.95040120585304044,0.95068477806016183
26.090436174469787,0.95537257194519043,0.98624585644465246,0.97113020022909979,0.98069406314139163,0.9784902428592267,0.98305031209120364,0.97806684510186792,0.98227694825256129,0.98218411795097593,0.94213865839724709,0.94524646636590404,0.95036498813460391,0.95065354047239159
26.13045218087235,0.95528078079223633,0.97518635697741263,0.97127037538725847,0.98066567827316453,0.97844747420317912,0.98504572118651434,0.97824072833691189,0.98225626436211022,0.98216085085675708,0.94558926186301395,0.94486324086293849,0.95031947923871962,0.95062089011360362
26.17046818727491,0.95518893003463745,0.97007023562638328,0.9710929541616673,0.98062349430041962,0.97840467343771809,0.97843558409821751,0.97838277955285524,0.98223384855824647,0.98213775921371527,0.93697192413846342,0.94441790937605963,0.9502668666133316,0.95058642359717849
26.21048419367747,0.95509713888168335,0.96766851266359699,0.97084415416138414,0.98058326694304443,0.97836151012975148,0.9752690403605877,0.97802900824159045,0.98220461420324956,0.98211459536064172,0.94533128063601746,0.94392960245106217,0.95021366809951457,0.9505496818219733
26.250500200080033,0.95507770776748657,0.94709652993297588,0.97090139029588041,0.98053960614834168,0.97831811277550618,0.99022853422561286,0.97800699680385628,0.98217722137306751,0.98208962225225316,0.92840835739684391,0.94326206581904426,0.9501523711149561,0.95050984134438443
26.290516206482593,0.95508778095245361,0.97505001594887042,0.97101982466558856,0.9805008559018894,0.97827561186535394,0.98253550353752361,0.97762879680361658,0.98214190961325509,0.98206528833094886,0.94234442202526369,0.94222225702995099,0.95003635111501716,0.95046458961075675
26.330532212885153,0.95509779453277588,0.96150577698146533,0.97208442466500111,0.98051216512274442,0.97823698014502181,0.99920849740497852,0.97878899680300591,0.98223506198127752,0.98204298597655182,0.93902179349887305,0.94144883586889749,0.94998538281935951,0.9504151362117359
26.370548219287716,0.95510786771774292,0.97044950606978131,0.97222639298077651,0.98046428702966304,0.97820128678555318,1.000874943419654,0.97994919680239523,0.9823404155042309,0.98202752346359112,0.93306635841156216,0.94046863586882634,0.94991018443303976,0.95036044980358969
26.410564225690276,0.95511788129806519,0.95959985059447106,0.97179143732724482,0.98039615372170197,0.97816589128802711,1.0059628188159533,0.98110939680178455,0.98246817745744952,0.98201886122898463,0.92880668088929075,0.93938356299647308,0.94980278698129117,0.95030020680913063
26.450580232092836,0.95512795448303223,0.95993009886360658,0.97063123732717016,0.98028013372176304,0.9781256608677289,0.99846073012854986,0.98226959680117387,0.98258960458227351,0.98201695993850091,0.92534418806174246,0.93823056299639851,0.94968676698135224,0.95023372415995222
26.490596238495399,0.95513796806335449,0.98593354459527194,0.97054920754475393,0.98022366100262182,0.97808040894422688,0.99911213747539596,0.98342979680056319,0.98268319902418699,0.98202178048542355,0.92279018586358463,0.93707436299632429,0.94957074698141331,0.95016094731393475
26.530612244897959,0.95514804124832153,0.99103045701027992,0.97170940754414326,0.98026878556501429,0.97804020613936482,1.0047748537800294,0.98458999679995252,0.9827831072192893,0.98203328398922307,0.92804689690047326,0.93591496299624954,0.94945472698147437,0.95008189673982857
26.570628251300519,0.95515811443328857,0.99079407196479408,0.97286980754353247,0.98033260722937354,0.978006941578758,1.0009191528338413,0.98575039679934173,0.98289696089768397,0.98205143549326157,0.91453855056850264,0.93475456299617521,0.94933868698153545,0.94999657774135604
26.610644257703083,0.95516812801361084,0.96937532055290698,0.97384063133142784,0.98036203648798836,0.97798052712571693,1.0138567475122131,0.98691059679873105,0.98306344280952795,0.98207619030301296,0.92862511420359317,0.93359436299610077,0.94922266698159652,0.94990505549109516
26.650660264105642,0.95517820119857788,0.98951167854833277,0.97471643133088293,0.98040033606459853,0.97795839571583876,1.0008905885742725,0.98807079679812038,0.98321917405690196,0.98210751276570074,0.91485514216689412,0.93243416299602622,0.94910664698165759,0.94980735178476083
26.690676270508202,0.95518821477890015,0.99172597804388307,0.97587663133027225,0.98046578897939962,0.97794300275677515,1.0010994276836507,0.9892309967975097,0.98332448422705909,0.98214536489264204,0.92311699394873303,0.93127396299595189,0.94899062698171865,0.94970350237719869
26.730692276910766,0.95519828796386719,0.96030585473826879,0.97621667629596309,0.98045000590647713,0.97793354304412705,0.99913039015578431,0.99039079679689923,0.98341413676713074,0.98218970803625483,0.92552049714022011,0.93011376299587722,0.94887460698177972,0.94959354281642661
26.770708283313326,0.95520830154418945,0.96062986161809771,0.97505647629588843,0.98034065784962654,0.97792025308436137,0.99958990731075559,0.99154776486621499,0.98350149216440363,0.98224049914224132,0.92933369626755291,0.92927042227701406,0.94875858698184079,0.94947827360768089
26.810724289715886,0.95521837472915649,0.9929112360520097,0.97567631099696106,0.98038759816446031,0.97790428651196382,0.99855507515185582,0.99265702273706102,0.98358988200465358,0.98229759927048488,0.93063644769290221,0.93000354080211212,0.94864256698190186,0.94936274534358811
26.850740296118449,0.95522838830947876,0.99221583621043197,0.97683611099635059,0.98045455003427873,0.97789475725276598,1.0006132426514887,0.99372828532909496,0.98368239037703231,0.98236052943829144,0.92970818129090027,0.92988801480630545,0.94852654698196293,0.94925138309067503
26.890756302521009,0.9552384614944458,0.97684856620138616,0.97795472508309211,0.98051536268290873,0.97789194917756028,0.98873157738597206,0.99475373188470173,0.9837714841763503,0.98242931546607959,0.91600829076862156,0.93031719682138447,0.94841052698202399,0.9491406170706721
26.930772308923569,0.95524853467941284,0.97689904267995309,0.97882889706933995,0.98056108934043384,0.97789518530871122,0.97494185513843179,0.99561213188421094,0.98385923064092662,0.98250343524710149,0.92242065971977427,0.9304793841845076,0.94829448698208507,0.94903253237087604
26.970788315326132,0.95525854825973511,0.97974099567489892,0.97922098384111333,0.98056142582349015,0.97790106028606127,0.99954095694062328,0.99627305750586626,0.98393862259720111,0.98258013151325352,0.92989434838291529,0.93027174907522592,0.94817846698214614,0.94892520906318256
27.010804321728692,0.95526862144470215,0.97817864867983095,0.97977412466734914,0.98057698816319627,0.97791067805697973,1.0044244971356922,0.99721725750531376,0.98402883910575745,0.98266223272702513,0.9279115135145598,0.92968950132902783,0.94806244698220721,0.94881573388317941
27.050820328131252,0.95527863502502441,0.98652993055212168,0.97873912466725144,0.9805588708672357,0.97791814714459657,1.0042926985604206,0.99837745750470308,0.98414782118387034,0.98274978128302182,0.93128020584966154,0.9286629013289277,0.94794642698226828,0.94870185483413982
27.090836334533815,0.95528870820999146,0.96934768877112254,0.97782834718399469,0.98050513172903275,0.97792090207000104,1.0026071701980666,0.99953348907530193,0.9842546247101196,0.98284352962385535,0.92023863323242705,0.92752630132884895,0.94783040698232934,0.94858583483420089
27.130852340936375,0.95529872179031372,0.97094918079038528,0.97775088756338679,0.98048087873745005,0.97792004085017137,1.0013003256918211,0.99969523282248596,0.98432238432931463,0.98294173108913685,0.91908811343430963,0.92642610132876391,0.94771438698239041,0.94846981483426196
27.170868347338935,0.95530879497528076,0.98272698539199799,0.97684804879880827,0.98043685324112018,0.97791580690657376,1.002329705751384,1.0007966194947391,0.98441983447231241,0.98304188980682961,0.91978438791773176,0.92526990132868969,0.94759836698245148,0.94835379483432303
27.210884353741495,0.9553188681602478,1.0019275591635228,0.97800744879819801,0.98054235622867691,0.97791298642354041,1.0086035312773309,1.001469579025934,0.98453465990119016,0.98314570238899213,0.92515640784023945,0.92495900496238626,0.94748234698251255,0.9482377748343841
27.250900360144058,0.95532888174057007,0.98487596238587338,0.97905744879761758,0.98061258217871183,0.97791663598440437,0.99728544714977885,1.0014583790259397,0.98462850584220774,0.98325335398114444,0.92740881456968993,0.92521847076003305,0.94736630698257362,0.94812173483444517
27.290916366546618,0.95533895492553711,0.98544907947385207,0.98021564879700795,0.98063700855518754,0.97792658735154769,0.9956437726299161,1.0003081790265451,0.98469794564931279,0.98335533485986626,0.92668894059931461,0.92635801617626723,0.94725028698263469,0.94800571483450624
27.330932372949178,0.95534896850585938,0.96863653396624649,0.9797246647579122,0.98060805237459359,0.97793901611199874,1.0043612053738262,0.99980517902650479,0.98472692090511726,0.98345065781851571,0.92508991105801452,0.9262357714897137,0.94713426698269576,0.94788969483456731
27.370948379351741,0.95535904169082642,0.96407413897913652,0.97894446475775654,0.98053688597988775,0.9779478246744584,1.0033266102627236,1.0009653790258941,0.98483789282957135,0.9835486150389896,0.92398085466229074,0.9250767714896394,0.94701824698275683,0.94777367483462838
27.410964385754301,0.95536905527114868,0.96502943511912198,0.97778426475768188,0.9804474873588489,0.97795023020688343,1.0042369923280665,1.0021255790252834,0.98494807121485706,0.98365271649430619,0.9228568021368827,0.92392097148956509,0.9469022269828179,0.94765765483468944
27.450980392156861,0.95537912845611572,0.96562200352717265,0.97662406475760755,0.98036211381148153,0.9779459109852553,1.0043508937946457,1.0032857790246728,0.98506010258382948,0.98376292664493181,0.9222232604668803,0.92276887879195812,0.94678620698287896,0.94754163483475051
27.490996398559425,0.95538920164108276,0.96808601919099957,0.97546386475753311,0.98028485129278298,0.97793490590696475,1.0063570293027819,1.0044459790240621,0.98517747298361535,0.98387921015689139,0.92042754861912535,0.9216496868622559,0.94667018698294003,0.94742561483481158
27.531012404961984,0.95539921522140503,0.98405125065322496,0.97541176483563952,0.98026249040996527,0.97791878764719098,0.99971542411940006,1.0043961790240881,0.98525057933932636,0.98399963471719853,0.91903876362108616,0.92052491609661113,0.9465541669830011,0.94730959483487265
27.571028411364544,0.95540928840637207,0.98782868489200815,0.97609675914570793,0.98027503558140361,0.97790651825444275,0.98878686878468081,1.0037559108198275,0.98531473056701724,0.98411676017415661,0.92657787364679345,0.92072102083200691,0.94643814698306217,0.94719357483493372
27.611044417767108,0.95541930198669434,0.99163005455580211,0.97725715914509714,0.98032923084789558,0.97789940882859028,0.96088681714381818,1.0025959108204381,0.98530924999028657,0.98422701627952403,0.92581510238114639,0.92155607096027969,0.94632210698312325,0.94707753483499479
27.651060424169668,0.95542937517166138,0.99241198550349463,0.97841735914448646,0.98039459635057302,0.97789905316418346,0.97227702306368402,1.0018175635638911,0.98530336363298021,0.98433037401375911,0.92610701907292614,0.92271627095966902,0.94620608698318431,0.94696151483505586
27.691076430572227,0.95543938875198364,0.99205428724061262,0.97957755914387579,0.98045929676531907,0.97790541039695666,0.97329277287490501,1.0015925023133716,0.98532196982738152,0.98443085109717532,0.92614250792166064,0.92387151393369038,0.94609006698324538,0.94684549483511693
27.731092436974791,0.95544946193695068,0.99088860174458337,0.98073775914326511,0.98052361846242808,0.97791844169810094,0.97573952097618177,1.0013513437393557,0.98533842305911745,0.98452941183581677,0.92519106025146181,0.9250317139330797,0.94597404698330645,0.946729474835178
27.771108443377351,0.95545953512191772,0.99436723704481478,0.98189795914265443,0.98058938094663584,0.97793810846341256,0.97348335930389496,1.0010819437394975,0.98535401538922429,0.98462596685051251,0.92664269755399387,0.92576818514377424,0.94585802698336752,0.94661345483523907
27.811124449779911,0.95546954870223999,0.99160508899857569,0.98305815914204375,0.98065535836733209,0.97796437231196864,0.98834441907111159,1.0008573437396158,0.98537077082686542,0.98472043272913379,0.92533707834288825,0.92550699602544495,0.94574200698342858,0.94649743483530013
27.851140456182474,0.95547962188720703,0.99393246065379692,0.98421835914143307,0.98073097468842485,0.97799719508486482,0.96993540566048808,1.0005919492693489,0.98539104618474793,0.98481294359595417,0.92681117996717821,0.92655145632051439,0.94562598698348965,0.9463814148353612
27.891156462585034,0.9554896354675293,0.99421126290816253,0.9853785591408224,0.98080507267085948,0.97803653884390929,0.98990443062482125,1.000083110756091,0.98539056354774612,0.98490268740312559,0.92685993232503583,0.92674170026897018,0.94550996698355072,0.94626539483542227
27.931172468987594,0.95549970865249634,0.97596453097231872,0.98641135914024181,0.98088733903965908,0.97808235389950871,0.98469340889784984,0.99989200272856549,0.98543972087291376,0.9849901382447428,0.90998199747491459,0.92578552543140846,0.9453939269836118,0.94614935483548335
27.971188475390157,0.9555097222328186,0.95556148992506451,0.98529054188494758,0.98082992478847009,0.97812733865264412,0.97959931099687259,0.99873180272849116,0.98541689718508851,0.98507297450923803,0.91400890638663057,0.92515974349688246,0.94527790698367287,0.94603333483554441
28.011204481792717,0.95551979541778564,0.97063456629252254,0.98413034188487325,0.98071390478853115,0.97816541287865699,0.97853461081551907,0.99768543619720174,0.98540996427406069,0.98514913856240649,0.93384717282925944,0.92461168773867652,0.94516188698373393,0.94591731483560548
28.051220488195277,0.95552986860275269,0.95137588094483239,0.98297014188479859,0.98059788478859222,0.97819655603542144,0.98510847959083658,0.99652523619712707,0.98538504090679946,0.98521829189248944,0.92782643587045543,0.92437329677998648,0.945045866983795,0.94580129483566655
28.09123649459784,0.95553988218307495,0.94867360175912641,0.98180994188472426,0.98048186478865329,0.97822080821369084,0.9849574208820383,0.99536503619705274,0.98535622611432683,0.98528033438527451,0.9196525295184772,0.92400282461305383,0.94492984698385607,0.94568527483572762
28.1312525010004,0.95554995536804199,0.93958098826764236,0.9806497418846496,0.98036584478871436,0.97823820927234062,0.97833572771362542,0.99420483619697808,0.9853220147526015,0.98533530717132689,0.9092328481916101,0.92345546626329467,0.94481382698391714,0.94556925483578869
28.17126850740296,0.95555996894836426,0.93534672068922387,0.97948954188457527,0.98024982478877543,0.97824879883966653,0.96824223250667263,0.99304463619690375,0.98528492352964436,0.9853832511433247,0.91175052510352106,0.92291989510151318,0.94469780698397821,0.94545323483584975
28.211284513805523,0.9555700421333313,0.94836104752569506,0.97832934188450094,0.98013380478883649,0.97825261631477511,0.97612205685899578,0.99188443619682931,0.98524552572700219,0.98542420695739352,0.91409900265580857,0.92238889510129762,0.94458178698403927,0.94533721483591082
28.251300520208083,0.95558005571365356,0.95852536209753336,0.97716914188442627,0.98001778478889756,0.9782497008688642,0.9797390506733521,0.99072592055543707,0.98520944016279888,0.98545822010801487,0.93315328816730092,0.92200665153632988,0.94446576698410034,0.94522119483597189
28.291316526610643,0.95559012889862061,0.95119621376722008,0.97600874188435194,0.97990174478895864,0.978240089215205,0.98789254670760174,0.98959872055535869,0.98517869262211921,0.98548537172470452,0.92651245228422718,0.92184372533002579,0.94434972698416142,0.94510515483603297
28.331332533013207,0.95560020208358765,0.94671404790090552,0.97484854188427728,0.97978572478901971,0.97822382339192837,0.98589263370414326,0.98844932055528334,0.98515050893200518,0.98550585504638655,0.91712332171800437,0.92156467577826184,0.94423370698422249,0.94498913483609404
28.371348539415767,0.95561021566390991,0.93044698769949408,0.97368834188420295,0.97966970478908078,0.97820094081363695,0.97828802184442865,0.98739547377505354,0.98512010668467909,0.98551979074579721,0.90842323642527634,0.92109675925421242,0.94411768698428356,0.9448731148361551
28.411364545818326,0.95562028884887695,0.9344652910887018,0.97252814188412828,0.97955368478914184,0.97817147975303198,0.97710011607045399,0.98627909560918636,0.98508105803810964,0.9855273871071949,0.91253582043646264,0.92062534521611772,0.94400166698434462,0.94475709483621617
28.45138055222089,0.95563030242919922,0.9488502997321171,0.97136794188405395,0.97943766478920291,0.97813547826142766,0.97711303517540415,0.98537371103090454,0.98504733924427901,0.98552924906364581,0.91477836915237576,0.92017108762399635,0.94388564698440569,0.94464107483627724
28.49139655862345,0.95564037561416626,0.95399368928885486,0.97020774188397962,0.97932164478926398,0.97809297417005214,0.9810929491673519,0.98462766407947599,0.98501419765624343,0.98552662452269923,0.93140812104350124,0.91997132045215291,0.94376962698446676,0.94452505483633831
28.53141256502601,0.95565038919448853,0.95325393316599127,0.96904754188390496,0.97920562478932505,0.97804400509130462,0.9899770857746788,0.98419537134980228,0.98498813049659462,0.98552044941733219,0.92579992701485248,0.9198821354250617,0.94365360698452783,0.94440903483639937
28.571428571428573,0.95566046237945557,0.9457226971333722,0.96788734188383063,0.97908960478938611,0.97798860842002311,0.98604665551040716,0.98402361213238621,0.9849639457077155,0.98551196562723342,0.91422548395677006,0.91964139362068342,0.94353758698458889,0.94429301483646044
28.611444577831133,0.95567053556442261,0.93076414722988954,0.96672714188375597,0.97897358478944718,0.97792682133475117,0.97670774270405403,0.98353742505236563,0.98493280345014367,0.98550122973429866,0.90794927508350631,0.91924951795897725,0.94342156698464996,0.94417699483652151
28.651460584233693,0.95568054914474487,0.93701032362148917,0.96556674188368163,0.97885754478950826,0.97785866850704128,0.97744045744535724,0.98305834777377887,0.98489951902640926,0.98548817989556314,0.91282528756124215,0.91885031795873362,0.94330552698471104,0.94406095483658259
28.691476590636256,0.95569062232971191,0.94879485438050992,0.96440654188360697,0.97874152478956933,0.9777842101847275,0.9775295874171237,0.98259702119958436,0.98486855146198837,0.98547310896111695,0.91691492928637774,0.91845529949011429,0.94318950698477211,0.94394493483664366
28.731492597038816,0.95570063591003418,0.95048802816696565,0.96324674188353265,0.9786255047896304,0.97770347395625001,0.98226230595119168,0.98222734629297559,0.98484278375594458,0.98545622969927904,0.92933895387477283,0.9183967662754664,0.94307348698483318,0.94382891483670472
28.771508603441376,0.95571070909500122,0.94975457402942143,0.96208694188345822,0.97850948478969146,0.97761649456625155,0.98463722856990132,0.98213658853824803,0.98481900766584018,0.9854376981992875,0.92200656340566767,0.91836064646627835,0.94295746698489424,0.94371289483676579
28.811524609843939,0.95572072267532349,0.93216639955944269,0.96092714188338357,0.97839346478975253,0.97752331009833127,0.97676937513133932,0.98203718831268982,0.98479642489230257,0.98541770606564416,0.91029763314472067,0.9181187437036914,0.94284144698495531,0.94359687483682686
28.851540616246499,0.95573079586029053,0.93158994969076636,0.95976734188330926,0.9782774447898136,0.97742395644407587,0.97173933939756907,0.98165972521998424,0.98476934209352174,0.98539630658000821,0.90902003459027581,0.91776224601790224,0.94272542698501638,0.94348085483688793
28.891556622649059,0.95574086904525757,0.94042266688384268,0.9586075418832346,0.97816142478987467,0.97731846928665655,0.97785908385530274,0.98129741803513537,0.98473926829667469,0.98537356947445676,0.91251873321299781,0.91740212780802277,0.94260940698507745,0.943364834836949
28.931572629051622,0.95575088262557983,0.95228821451182388,0.9574481418831603,0.97804540478993574,0.97720688411564638,0.99397584506650793,0.98095951890910449,0.98471428962852192,0.98534960320762788,0.93343863285005568,0.91712000821386397,0.94249338698513851,0.94324881483701006
28.971588635454182,0.95576095581054688,0.94980741375248312,0.95630194396311741,0.97792936478999681,0.97709101085997085,0.98502675736273426,0.98084851090224556,0.98469404608720212,0.98532460254878274,0.9277003130427135,0.91712641968516784,0.94237734698519959,0.94313277483707114
29.011604641856742,0.9557681679725647,0.95201601722284102,0.95541628141266999,0.97781334479005788,0.97697499086003192,0.98263275239634584,0.98067911090194615,0.9846665615285457,0.98529851120083711,0.92963194598621124,0.91725352909626445,0.94226132698526066,0.94301675483713221
29.051620648259302,0.95572519302368164,0.95643510263995002,0.95434048141258199,0.97769732479011895,0.97685897086009299,0.98498509621236741,0.98180336483358532,0.98470169034791111,0.98527509459825835,0.91273286121613706,0.91655985899620573,0.94214530698532173,0.94290073483719328
29.091636654661865,0.95564174652099609,0.96448322266077569,0.95432908141224937,0.97758130479018002,0.97674295086015406,0.97153352264760584,0.98156262001268335,0.98465991467655067,0.98525495039379929,0.93302101154929018,0.91643016621463991,0.9420292869853828,0.94278471483725435
29.131652661064425,0.95555835962295532,0.98998699367183718,0.95548928141163869,0.97746528479024108,0.97662693086021513,0.979911265898055,0.9809312070264582,0.98458552646487285,0.98523247766619704,0.92705709259578339,0.91649646264064444,0.94191326698544386,0.94266869483731541
29.171668667466985,0.95547491312026978,0.98327992400775233,0.95664948141102801,0.97734926479030215,0.97651091086027619,0.98748861726108572,0.98059100877092775,0.98452547087428721,0.98520694247289009,0.9187316715630125,0.91656279715535338,0.94179724698550493,0.94255267483737648
29.211684673869549,0.955391526222229,0.96564751444851316,0.95780968141041734,0.97723324479036322,0.97639489086033726,0.97168825559726146,0.98013800877069024,0.98446227464318914,0.98517848484883763,0.90877949905996369,0.91636139715506415,0.941681226985566,0.94243665483743755
29.251700680272108,0.95530807971954346,0.97342870903345957,0.95894356715505369,0.97711722479042429,0.97627887086039833,0.97164546846985766,0.97948700877049921,0.98439040512071585,0.98514691553520561,0.9118676861007744,0.91609636075178258,0.94156520698562707,0.94232063483749862
29.291716686674668,0.95522469282150269,0.96797791590436877,0.96003280668391089,0.97700120479048536,0.9761628508604594,0.95719894603808386,0.97887635785486393,0.98431687005879975,0.98511233657363462,0.91357413811686372,0.9158126833137783,0.94144918698568814,0.94220461483755968
29.331732693077232,0.95514124631881714,0.98772427796215112,0.96109220826579222,0.97688516479054643,0.97606207841751036,0.97228075656649071,0.97826155785466518,0.98424232158300673,0.98507486703931413,0.93222496201976235,0.91577376808623345,0.94133314698574921,0.94208857483762076
29.371748699479792,0.95505785942077637,0.98858728637481685,0.96213951988671476,0.9767691447906075,0.97597843872947143,0.98370071198491149,0.97773215785445156,0.98417322314614986,0.98503449475305149,0.92580626004173106,0.91585332515575968,0.94121712698581028,0.94197255483768183
29.411764705882351,0.95497441291809082,0.97920381202244278,0.96316441079714799,0.97665312479066857,0.97590116381107306,0.98864232889030701,0.97743605285301105,0.98411967582616189,0.98499151149725606,0.91606026938545504,0.9159421338711029,0.94110110698587135,0.9418565348377429
29.451780712284915,0.95489102602005005,0.96983815289779818,0.96400950492333815,0.97653710479072964,0.97582997859964959,0.96862589436652358,0.97693671653993641,0.98405653844926166,0.98494579691083251,0.90806177592890569,0.91568733949189896,0.94098508698593242,0.94174051483780397
29.491796718687475,0.9548075795173645,0.97165682102652551,0.96494512965960211,0.97642108479079071,0.9757645199865238,0.9714097836974408,0.97633851170290309,0.98399100626282465,0.98489730160027467,0.91165469326283044,0.91543921922431748,0.94086906698599349,0.94162449483786503
29.531812725090035,0.95472419261932373,0.96548317806211037,0.96579372315374956,0.97630506479085177,0.97570439753267213,0.95378439104258006,0.97576592112604033,0.98392285467382856,0.98484618650298816,0.91502189195951733,0.91518976778399985,0.94075304698605455,0.9415084748379261
29.571828731492598,0.95464074611663818,0.98737179095636018,0.96645564927821592,0.97618904479091284,0.9756490287800571,0.97340240748113371,0.97521052112583051,0.98385102928330748,0.98479264049207249,0.93040582992166398,0.91525788025572852,0.94063702698611562,0.94139245483798717
29.611844737895158,0.95455735921859741,0.98697143310054758,0.96719284362598223,0.97607302479097391,0.97559812101798737,0.98478645015827093,0.97493464741046565,0.98379197301837584,0.98473690680322035,0.92312219181041644,0.91536481809518988,0.94052100698617669,0.94127643483804824
29.651860744297718,0.95447391271591187,0.97264199100076487,0.96789223631788746,0.97595700479103498,0.97555128532896629,0.98659168765823679,0.97478367499149376,0.98374179522122129,0.98467938838838032,0.9130290198410147,0.91537660404075605,0.94040498698623776,0.9411604148381093
29.691876750700281,0.95439052581787109,0.97108764267937142,0.96833659829846019,0.97584096479109605,0.97550807369672421,0.9693965960173363,0.97436530197534388,0.98367965266824664,0.98462016033812927,0.90757694089947616,0.91513962935655879,0.94028894698629883,0.94104437483817038
29.731892757102841,0.95430707931518555,0.97082398942817716,0.96892054580746878,0.97572494479115712,0.97546819113440708,0.97198462460577473,0.97395835618449056,0.98361804927117302,0.98455931245266692,0.91564282732129931,0.91491094766283154,0.9401729269863599,0.94092835483823145
29.771908763505401,0.95422369241714478,0.96239847744034679,0.96913644586630121,0.97560892479121819,0.97543110475411454,0.95185150330379442,0.97358558570537568,0.98355334974306974,0.98449724574492703,0.91720296251827915,0.91475773219795919,0.94005690698642097,0.94081233483829252
29.811924769907964,0.95414024591445923,0.98695010330408239,0.96956382613280967,0.97549364349716317,0.97539644184865937,0.97498825724474369,0.97333444631295318,0.98348813834538251,0.98443404468928764,0.92808740437428139,0.91486288518206815,0.93994088698648204,0.94069631483835359
29.851940776310524,0.95405685901641846,0.98480960975198284,0.96999902464498167,0.97549834801060076,0.97536403105212388,0.98619178802427421,0.97335748284875989,0.98343481217507789,0.98437014496801101,0.92045981120888398,0.91496860363961185,0.93982486698654311,0.94058029483841465
29.891956782713084,0.95397341251373291,0.95572176637861739,0.97032352067297989,0.9754930040463452,0.97533350444607625,0.97161998583165321,0.9733916817687136,0.98338791211367538,0.98430589319185391,0.90866478762971048,0.91491632603864459,0.93970884698660417,0.94046427483847572
29.931972789115648,0.95389002561569214,0.968023908277997,0.97031608453178053,0.97547819862317375,0.97530430232251564,0.97302259764798804,0.97315701243881314,0.98332817666555761,0.98424136642216087,0.90952595979412165,0.91468892239361355,0.93959282698666524,0.94034825483853679
29.971988795518207,0.95380663871765137,0.96651149239738177,0.97006508453149998,0.97546428877218117,0.97527482794567566,0.97036612150809332,0.97300707298016897,0.98327046613362601,0.98417657855492824,0.91180095033640318,0.91446442820727336,0.93947680698672631,0.94023223483859786
30.012004801920767,0.95372319221496582,0.98403398078960957,0.96983908453121748,0.97544762099477567,0.97524484213355855,0.9725465464091585,0.97282635176321586,0.98320673421770577,0.98411206528782669,0.93277300782690431,0.91439327835136841,0.93936076698678739,0.94011619483865894
30.052020808323331,0.95363974571228027,0.9867784348001446,0.96993125798886726,0.97544770222016752,0.97521452623544724,0.97724803389593862,0.97295772066628627,0.98314741845290765,0.98404785552736407,0.92639941372899848,0.91450343806502499,0.93924474698684846,0.94000017483872
30.092036814725891,0.9535563588142395,0.98134479034264377,0.97002185798850871,0.97544667063106194,0.97518399899514085,0.98653337390011309,0.97314519163986457,0.98309818892008083,0.98398420137755638,0.91738877113707462,0.91462608204129414,0.93912872698690952,0.93988415483878107
30.13205282112845,0.95350855588912964,0.98335179087879721,0.97000353378641413,0.9754260193047618,0.97515298100917136,0.98660176218962004,0.97276776410445609,0.98301997005256758,0.98391982366320041,0.91977124389968201,0.91484829037615434,0.93901270698697059,0.93976813483884214
30.172068827531014,0.95344042778015137,0.98335215445487334,0.97002177897193764,0.97538185559657298,0.97512259563551984,0.97456702330902845,0.9728186336472453,0.98296911467686254,0.98385657054397557,0.93222717260461618,0.91407787100161375,0.93889668698703166,0.93965211483890321
30.212084833933574,0.95333731174468994,0.98580774727293696,0.97014517897156738,0.97535310370801531,0.97509407579129737,0.97881189747635367,0.97324149788993453,0.98292163542229816,0.98379446036731777,0.92671672227382906,0.91425131881755772,0.93878066698709273,0.93953609483896428
30.252100840336134,0.95323419570922852,0.98010820751177252,0.97022497897120896,0.97534105129525306,0.97506535058658483,0.99015321228803632,0.97366045912580446,0.98288346979489283,0.98373450799123829,0.91800211881570959,0.91441885819820912,0.93866464698715379,0.93942007483902534
30.292116846738697,0.95313107967376709,0.95685315453146669,0.97012228675894874,0.97531341993767839,0.97503631725011686,0.96953218735736391,0.97390941988431501,0.98284187664087863,0.98367646875437198,0.90831521649512126,0.9143207327854781,0.93854862698721486,0.93930405483908641
30.332132853141257,0.95302796363830566,0.96710551510973686,0.96986013639147339,0.9752843466466472,0.97500673046662989,0.97346143238264926,0.97390551237822731,0.98279148841694586,0.98361959282827161,0.91080039183512718,0.91412948352355494,0.93843260698727593,0.93918803483914748
30.372148859543817,0.95292478799819946,0.96077862482924037,0.96959613639119491,0.97525417770671563,0.97497655687935858,0.95982010205618817,0.97376399113085388,0.98273982466586884,0.98356314138956447,0.91299878859950012,0.91392530957410245,0.93831656698733701,0.93907199483920856
30.41216486594638,0.95282167196273804,0.98281678868279776,0.96947233639088359,0.97522721443009797,0.97494583563627513,0.97402513204451235,0.97361480634079101,0.9826826213852724,0.98350668829207877,0.93059546225480128,0.91401212670282539,0.93820054698739808,0.93895597483926962
30.45218087234894,0.95271855592727661,0.9850738083672913,0.96955293639052398,0.97521397658304065,0.97491478688871114,0.98005859110404658,0.97374507997039705,0.9826378867303498,0.98345039210639351,0.92410393046766659,0.91416699868651285,0.93808452698745914,0.93883995483933069
30.4921968787515,0.95261538028717041,0.97365164176412922,0.96963313639016535,0.97519776314936935,0.97488345949342714,0.98700954366284122,0.97392026542362986,0.98260039757833606,0.98339447026979065,0.91404624734699946,0.91430690220036115,0.93796850698752021,0.93872393483939176
30.532212885154063,0.95251226425170898,0.9623749661874248,0.96944293638987333,0.97516289150047686,0.97485174770478122,0.97045051052391473,0.97394366749071959,0.98255615135969621,0.98333909742564762,0.90742847324104958,0.91410838591698729,0.93785248698758128,0.93860791483945283
30.572228891556623,0.95240914821624756,0.96416666909050708,0.96918073638959412,0.9751303362338698,0.9748194770566766,0.97396231437824088,0.97390100404316926,0.98250883989829541,0.98328406201966723,0.91170798628146887,0.9139150882301913,0.93773646698764235,0.9384918948395139
30.612244897959183,0.95230603218078613,0.95855178195906421,0.96891613638931939,0.97509501719913705,0.97478663809031751,0.95612423058729656,0.97369911675373677,0.98245513615088731,0.98322942795433066,0.91355788733091114,0.9137192404514084,0.93762044698770342,0.93837587483957496
30.652260904361746,0.95220291614532471,0.98363210803348,0.96887073638899013,0.97506915566845997,0.97475329173546477,0.97481432342351071,0.97360594501425735,0.9823993379662066,0.98317469502659227,0.9301887743872318,0.91384708523707037,0.93750442698776448,0.93825985483963603
30.692276910764306,0.95209974050521851,0.98388891393524069,0.9689462195267915,0.97505276992270562,0.97471963505118608,0.98686624826940295,0.9737080641381588,0.98235596842051875,0.98311996884351749,0.92256386977098104,0.91398263365085253,0.93738838698782556,0.93814381483969711
30.732292917166866,0.95199662446975708,0.96890703456687421,0.96902441952643359,0.97503050711357253,0.97468572669411058,0.98773271723030509,0.97390144902744424,0.98232187630377088,0.98306559897879042,0.91181307868033101,0.91404262498223565,0.93727236698788663,0.93802779483975818
30.772308923569426,0.95189350843429565,0.9632399136724964,0.96876661952615351,0.97498974520926995,0.97465141503388519,0.97201775203544061,0.97379522745762825,0.98227377052185039,0.98301168088096569,0.90661981740330122,0.91383405599056267,0.9371563469879477,0.93791177483981925
30.812324929971989,0.95179033279418945,0.96240411286952654,0.96851001952587268,0.97495311849829436,0.9746165791372674,0.97265179563113802,0.97371696857230172,0.98222646141388725,0.98295809279194601,0.91113580327754451,0.91362034592701769,0.93704032698800876,0.93779575483988031
30.852340936374549,0.95168721675872803,0.95738112758999472,0.9682462195255962,0.97491261869509793,0.97458121390845553,0.94868863380702206,0.97358370101870739,0.98217442870297988,0.98290472292176967,0.9167019961939703,0.91349366716905944,0.93692430698806983,0.93767973483994138
30.892356942777109,0.9515841007232666,0.98370851960547623,0.96827841952525007,0.9748877406404669,0.97454540313199223,0.97629539806073573,0.97362991970973622,0.98212161176750046,0.98285159986619097,0.92748475114669604,0.91362778903004349,0.9368082869881309,0.93756371484000245
30.932372949179673,0.95148098468780518,0.98143229098496143,0.96836264531734084,0.9748672885592643,0.97450935386987692,0.98729234168496183,0.97377771260768942,0.98208188157114473,0.98279883746469698,0.91923060653907729,0.91376494529868046,0.93669226698819197,0.93744769484006352
30.972388955582232,0.95137786865234375,0.95169922126852169,0.9683590490538222,0.97483618476662759,0.97447306059696781,0.97329638785381312,0.97394556219307749,0.98204737045209278,0.98274653165077497,0.90849624547098962,0.9137219156019819,0.93657624698825304,0.93733167484012458
31.012404961984792,0.95127469301223755,0.96202253977764651,0.96809684905354598,0.97479057266219993,0.9744362963522244,0.97398465613313179,0.97380068680753196,0.98200053865703962,0.98269449798347186,0.90772505008468329,0.91351877335651366,0.9364602269883141,0.93721565484018565
31.052420968387356,0.95117157697677612,0.95979703001974936,0.96783404905326709,0.97474900984905222,0.97439898837597583,0.97185940410687677,0.97368740324663461,0.98195424974014411,0.98264264387482803,0.91130978228009518,0.91331358361606707,0.93634418698837518,0.93709961484024673
31.092436974789916,0.9510684609413147,0.9797836552678294,0.96760344905298101,0.97470448159630774,0.97436115497871534,0.97335043475158634,0.9735766747164083,0.9818995019250365,0.98259111035669044,0.93149218301348358,0.91327326623642713,0.93622816698843625,0.9369835948403078
31.132452981192476,0.9509652853012085,0.98350752263139873,0.96768400944896227,0.97467844462036368,0.97432296762303527,0.97801067592164481,0.97372372918259265,0.98185201243336462,0.98254007552212386,0.92538433706233103,0.91340544529248868,0.93611214698849732,0.93686757484036887
31.172468987595039,0.95086216926574707,0.97847302410945669,0.96776872144919346,0.97465276812173218,0.97428456293895493,0.9875625169118788,0.97387486642618026,0.9818146363483653,0.98248947257777697,0.91611218825675189,0.91353714151663135,0.93599612698855839,0.93675155484042993
31.212484993997599,0.95075905323028564,0.94940754066477218,0.96768692144887447,0.97461230571305557,0.97424589514724802,0.97209022939945011,0.9739652806580178,0.98177728986697377,0.98243932552732849,0.90695516910018203,0.91341964644350992,0.93588010698861945,0.936635534840491
31.252501000400159,0.9507148265838623,0.96498556360593779,0.96777112144851329,0.97457569140588718,0.97420661983517221,0.98076997154359724,0.97376606634172669,0.98173047141271508,0.98238810865576398,0.91006671664579952,0.91372387554714352,0.93576408698868052,0.93651951484055207
31.292517006802722,0.95065081119537354,0.98396023544217148,0.96700612144835141,0.97446397036906307,0.97416623168323779,0.97956440570872727,0.97381296196608269,0.98167825610266612,0.98233840247131732,0.92554224451553901,0.91320839404022891,0.93564806698874159,0.93640349484061314
31.332533013205282,0.95057147741317749,0.97867596015594016,0.96711072144798649,0.97441634485491446,0.97412482726902494,0.99038581543908899,0.97425293823148107,0.98165046422660995,0.98229024265437315,0.91639448591714057,0.91337097541525281,0.93553204698880266,0.93628747484067421
31.372549019607842,0.95049208402633667,0.95002665012637899,0.96702471028116277,0.97437249614946253,0.97408325073734303,0.97504585985947567,0.97453731957477396,0.98161741883922393,0.98224409880047481,0.90776251053612533,0.91325679136030491,0.93541602698886372,0.93617145484073527
31.412565026010405,0.95041269063949585,0.95870290841470163,0.96677171559634512,0.97431860888712141,0.97404126481615483,0.97508906182052468,0.97457917894581891,0.98157456800419218,0.98219929432094422,0.90918989115080173,0.91306548067359827,0.9352999869889248,0.93605541484079635
31.452581032412965,0.95033329725265503,0.95595796963606516,0.96651924910364695,0.97426611514209727,0.97399884166653317,0.97418205768629262,0.97454660156821449,0.98153079562069812,0.9821551790563986,0.91195192730736663,0.9128737877795482,0.93518396698898587,0.93593939484085742
31.492597038815525,0.95025390386581421,0.98056352595109075,0.96640380076837484,0.97421977271938431,0.97395600499885004,0.97450213147453091,0.97438497312016459,0.98148120607253775,0.98211140149567722,0.93008386122497944,0.91296525701856845,0.93506794698904694,0.93582337484091849
31.532613045218088,0.95017457008361816,0.98285193437015528,0.96649920076801377,0.97418750979143676,0.97391299409981591,0.98433481484255825,0.97453805853495368,0.98144332767978826,0.9820678104291819,0.92303442561716542,0.91311858087452435,0.93495192698910801,0.93570735484097955
31.572629051620648,0.95009517669677734,0.97355911165275855,0.96658900076765564,0.97415332372192598,0.97386984870711812,0.98920033940503616,0.97463941726990888,0.98141612698750391,0.98202424693332813,0.9131307067442912,0.91326919678314622,0.93483590698916907,0.93559133484104062
31.612645058023208,0.95001578330993652,0.9485170216623473,0.96642400076735779,0.97409999591200358,0.97382648398858784,0.97233705541833781,0.97460354426497264,0.98137723697900492,0.98198078349327611,0.90664078808664439,0.91306431606686234,0.93471988698923014,0.93547531484110169
31.652661064425772,0.94993644952774048,0.95797430195817224,0.96617420076707905,0.97404242994465462,0.97378269400396567,0.97385665032261615,0.97438279912624715,0.98133493299734531,0.98193705903473194,0.91041413694107154,0.91286409060152385,0.93460386698929121,0.93535929484116276
31.692677070828331,0.94985705614089966,0.9552989879981113,0.96591800076679946,0.97398418949616572,0.97373847617540743,0.96523296998251895,0.97422482306699032,0.98129184801516367,0.98189308722935342,0.91331293063089136,0.91268953249925067,0.93448784698935228,0.93524327484122383
31.732693077230891,0.94977766275405884,0.98167758364431201,0.96587720076647599,0.97393730910433063,0.97369385720555335,0.97538323813691341,0.97411895300446227,0.98124769613631857,0.98184909339069382,0.92894809857439975,0.91282662786040447,0.93437180698941336,0.9351272348412849
31.772709083633455,0.94969826936721802,0.98335439650734269,0.96597060076611596,0.97390259380046296,0.97364909821052315,0.98793811914662322,0.97426037153692446,0.98121281498378632,0.98180515614869857,0.92222678545353909,0.91295988572556364,0.93425578698947442,0.93501121484134597
31.812725090036015,0.9496188759803772,0.96618439512090593,0.96606520076575531,0.97386235655630993,0.97360423288887421,0.98706394613231041,0.974401357223039,0.98119005047114816,0.9817614121015279,0.91072332009292578,0.91301490395019347,0.93413976698953549,0.93489519484140704
31.852741096438574,0.94953954219818115,0.94786003969281207,0.96582060076547604,0.97380261495372145,0.97355910501264042,0.96925152276541859,0.97431043030084463,0.98114985020865875,0.98171791729682678,0.90566830998756576,0.9128041071793499,0.93402374698959656,0.93477917484146811
31.892757102841138,0.94946014881134033,0.95642158972912117,0.96557240076519635,0.97374172284157856,0.97351355753191227,0.97308701538689102,0.97422196599768718,0.98111254791583635,0.98167463373193187,0.91001593293969785,0.91259577393322278,0.93390772698965763,0.93466315484152918
31.932773109243698,0.94938075542449951,0.95519924696123104,0.96532002750457213,0.97368004228531313,0.97346760637203822,0.96308697627400452,0.97411103219583595,0.98106993739830017,0.98163163212229387,0.91561271557085788,0.91249233749461567,0.9337917069897187,0.93454713484159024
31.972789115646258,0.94930136203765869,0.98186809750819493,0.96536182750422617,0.97363198721456068,0.97342134456889373,0.97674478142237453,0.9741011753643245,0.98102550169221936,0.98158876237134629,0.92669581133602252,0.91261909173544686,0.93367568698977976,0.93443111484165131
32.012805122048817,0.94922202825546265,0.98054722562367835,0.96545234613005992,0.97359382052006294,0.97337495691352727,0.98838957667648797,0.97424930485530892,0.98099841163602741,0.98154601015319787,0.91873537578628117,0.91275227789580837,0.93355966698984083,0.93431509484171238
32.052821128451377,0.94914263486862183,0.94643694233489517,0.96547352345705406,0.97354594805822392,0.97332845760861175,0.97118998112743959,0.97438767914402868,0.98097441850123079,0.98150353295784765,0.90824812225753049,0.91271052671353048,0.9334436469899019,0.93419907484177345
32.092837134853944,0.94906324148178101,0.9488802947583963,0.96522152345677459,0.97348248832740725,0.97328162548993813,0.97496710072883908,0.97427464315449375,0.9809379619601124,0.98146131811297466,0.90694596828754714,0.91250436943509572,0.93332760698996298,0.93408303484183453
32.132853141256504,0.94898384809494019,0.95473271825956607,0.96497474015850837,0.97341838004161874,0.97323440140832229,0.97189116851170843,0.97419224886820666,0.98090286678837324,0.98141945312336842,0.9104112094097786,0.91230175346771059,0.93321158699002404,0.93396701484189559
32.172869147659064,0.94890451431274414,0.97585430682524399,0.96475364148678389,0.97335401290173107,0.97318678933352054,0.97302058274171144,0.97414951653513848,0.98085811938158818,0.98137805635352604,0.92974558199680579,0.91227680904924702,0.93309556699008511,0.93385099484195666
32.212885154061624,0.94882512092590332,0.98310934623204294,0.96484327973582951,0.97330600466460604,0.97313893727453582,0.97906470895212194,0.97420260746077991,0.98082358978186412,0.98133703638886505,0.92523300161814814,0.912405370961624,0.93297954699014618,0.93373497484201773
32.252901160464184,0.9487457275390625,0.97676900363673025,0.96491747973547959,0.97326206871801779,0.97309089470783405,0.98852682735109643,0.97436654992163119,0.98079426563213079,0.98129622921523896,0.91526117283356112,0.91254303274112192,0.93286352699020725,0.9336189548420788
32.292917166866744,0.94866633415222168,0.94327710265740172,0.96485248322084172,0.97320646451344317,0.97304269221763073,0.96985581686256106,0.97441130527748709,0.98076942993765603,0.98125564394865084,0.90684129410744108,0.91241691903879929,0.93274750699026832,0.93350293484213986
32.332933173269311,0.94858700037002563,0.95400805054386129,0.96460348322055889,0.97314079601154935,0.97299411439334393,0.97229343862364359,0.97421330467203027,0.98073305660879884,0.98121507642384365,0.90642833295852965,0.91219907778809084,0.93263148699032938,0.93338691484220093
32.37294917967187,0.94856446981430054,0.95232711715196794,0.96468387593839655,0.97309463136317043,0.97294535899590051,0.96840721777355943,0.97422150467169422,0.98068515619617525,0.98117330446421502,0.89168546460399578,0.91269861743502634,0.93251546699039045,0.933270894842262
32.41296518607443,0.94850242137908936,0.97657273315164217,0.9642636759381511,0.97297861136323149,0.97289489805232487,0.99015718283864029,0.97446816507908074,0.98065475719735717,0.9811334413980114,0.91468869110195383,0.91242201743475171,0.93239944699045152,0.93315487484232307
32.45298119247699,0.94843721389770508,0.94229835586050692,0.96420211368325803,0.97291410021389035,0.97284406025937509,0.97244147497302691,0.97476466200556267,0.98063363920213165,0.98109523654025821,0.90695773815825542,0.91230456954205963,0.9322834069905126,0.93303883484238415
32.49299719887955,0.9483720064163208,0.94912280000116334,0.96396185369815424,0.97284757187763538,0.97279294539459815,0.97644011574095746,0.97491599556349873,0.98060298940499346,0.98105866264627473,0.90826144551219012,0.91211248018334257,0.93216738699057367,0.93292281484244521
32.53301320528211,0.9483068585395813,0.95329944077151807,0.96371765369787155,0.97278030067204668,0.97274151502410044,0.96047263538007122,0.97499662985781865,0.98057071683295138,0.98102350375285297,0.91122285252435642,0.91192099418479788,0.93205136699063473,0.93280679484250628
32.573029211684677,0.94824165105819702,0.9792559245933522,0.96361825369755882,0.97271304434816108,0.97268979162723979,0.97508870624882882,0.97486125222361053,0.98053313540204023,0.98098890904488134,0.92950074478785916,0.91201797303097831,0.9319353469906958,0.93269077484256735
32.613045218087237,0.94817650318145752,0.9808107576828472,0.96371565369719669,0.97266731485067492,0.97263798965377413,0.98081566250651731,0.97507014793268487,0.98050829564066211,0.98095467479123866,0.92138927252161773,0.91216830484450373,0.93181932699075687,0.93257475484262842
32.653061224489797,0.94811129570007324,0.97326879615598283,0.96381345369683435,0.97262094585048298,0.9725861444725199,0.99024429790413004,0.9752569134580189,0.98049067181586735,0.98092098745875478,0.91212124615806323,0.91230103370806914,0.93170330699081794,0.93245873484268949
32.693077230892357,0.94804608821868896,0.94070122675415757,0.96365418243629508,0.97255603028883431,0.97253418865712737,0.97084359503370643,0.97516396009703643,0.98046346354318048,0.98088742295368214,0.90608856009194116,0.91209653162571502,0.931587286990879,0.93234271484275055
32.733093237294916,0.94798094034194946,0.95001804549257762,0.96340426060166107,0.97248728700291598,0.97248186322018892,0.97420090298617412,0.97499673913292273,0.98043403548937569,0.98085351031746926,0.90884450220377389,0.91189044152173804,0.93147126699094007,0.93222669484281162
32.773109243697476,0.94791573286056519,0.95311953120985504,0.96315325336304569,0.97241780424759761,0.97242916121344469,0.94897652835678348,0.97474029271239038,0.98039830481224777,0.98081912846011077,0.91148877990771937,0.91170583491480117,0.93135522699100115,0.9321106548428727
32.813125250100043,0.94785052537918091,0.97961641027281776,0.96312985336271173,0.97235053369049784,0.972376188199925,0.97561554497821945,0.97456350983078011,0.98036352262898707,0.98078415356953841,0.92766111997071032,0.91183513331627086,0.93123920699106222,0.93199463484293377
32.853141256502603,0.94778537750244141,0.97939771926303609,0.96322485336235086,0.97230518605740002,0.97232315562280713,0.98145361739086945,0.97465487132584383,0.98033938739989146,0.9807488331994112,0.91866087310215316,0.91197126129751371,0.93112318699112329,0.93187861484299483
32.893157262905163,0.94772017002105713,0.96447686007944378,0.96331870565836342,0.97225439718597362,0.97227006661685578,0.98711508919456736,0.97476384997648635,0.98032255265219914,0.98071337507946088,0.90947386168621502,0.91201131737023977,0.93100716699118435,0.9317625948430559
32.933173269307723,0.94765502214431763,0.94117811737399171,0.96308946324879718,0.97218479785706324,0.97221681496045187,0.97468821399537309,0.97467048627571584,0.98029331934240194,0.98067781038070745,0.90521741042291948,0.91180243234645519,0.93089114699124542,0.93164657484311697
32.973189275710283,0.94758981466293335,0.95034302190860953,0.96285046324851176,0.97211415594458406,0.97216325588915153,0.97311676488544607,0.97450872351589179,0.98026263147405235,0.98064219764941507,0.90918027211941077,0.9116004183621681,0.93077512699130649,0.93153055484317804
33.013205282112843,0.94752460718154907,0.9536078138800741,0.96260706324823075,0.97204189720125245,0.97210940006361324,0.96650680558299717,0.97433392615260472,0.98022476821147841,0.98060671064178107,0.91453215779608754,0.91149549523513373,0.93065910699136756,0.93141453484323911
33.05322128851541,0.94745945930480957,0.98032598958136385,0.96264836918446761,0.97197378457195505,0.972055300670712,0.97668670471204799,0.97436701843140106,0.98019110313663771,0.98057118806100996,0.92617554720339501,0.91161707278220794,0.93054308699142863,0.93129851484330017
33.093237294917969,0.94739425182342529,0.97911249383132581,0.96276190858783006,0.97190680967017917,0.97200121349276913,0.98913467716519754,0.97448154308666024,0.98016729997274954,0.98053578215120174,0.91814042973291587,0.91174859883771586,0.93042706699148969,0.93118249484336124
33.133253301320529,0.94732904434204102,0.95020680207209274,0.96282525538438335,0.97183079981192788,0.97194718417439219,0.97443931380825943,0.97464993512351195,0.98014774998880261,0.98050069034633291,0.90773359369641571,0.91170204865726889,0.93031102699155077,0.93106645484342232
33.173269307723089,0.94726389646530151,0.93172641191133387,0.96259185304193728,0.9717385773200351,0.97189305205514975,0.97424902368901611,0.97448482825017546,0.9801164000997169,0.9804658094738069,0.90551870716394389,0.91150477471273084,0.93019500699161184,0.93095043484348339
33.213285314125649,0.94719868898391724,0.94679657967018316,0.96235965304165161,0.97164814237460473,0.97183867647052902,0.95511831825966143,0.97422239038716385,0.98008361278023626,0.98043040325106767,0.90951221832070595,0.91129854283231515,0.93007898699167291,0.93083441484354446
33.253301320528209,0.94713354110717773,0.97337417262204273,0.96215431464743073,0.97155617334997524,0.97178405543182833,0.97347802572845676,0.97415873652221074,0.98004344384341679,0.98039484027908153,0.92979666443059039,0.91126232405511964,0.92996296699173397,0.93071839484360552
33.293317326930776,0.94706833362579346,0.97903311305470797,0.96225291464706797,0.97146317711167141,0.97172931852267375,0.97821418145558492,0.9742875542833227,0.980015624623927,0.98035983571563901,0.92278295665365728,0.91140164161147763,0.92984694699179504,0.93060237484366659
33.333333333333336,0.94700318574905396,0.97643481662677023,0.96235431464670373,0.97138476749479263,0.97167457364093213,0.98940058553176402,0.97441689819521482,0.97999493165689167,0.98032503384278391,0.91469364998149083,0.9115411300649876,0.92973092699185611,0.93048635484372766
33.373349339735896,0.94693797826766968,0.92104466798717488,0.96231450449181521,0.97130345853246924,0.97161976713430076,0.9737240813420035,0.97444648773552645,0.97997218238210582,0.98029021962362239,0.90671780008330916,0.91141708995531245,0.92961490699191718,0.93037033484378873
33.413365346138455,0.9468727707862854,0.93667044058633664,0.96206310449153698,0.97121261511078572,0.97156473297532076,0.97290448858300771,0.97426625017908752,0.97993927706227191,0.98025529893880736,0.90631129145234945,0.91121269792299597,0.92949888699197825,0.93025431484384979
33.453381352541015,0.9468076229095459,0.9524962406233729,0.96182327880529739,0.97112156140912742,0.97150935451211307,0.95993803333532057,0.97400722668792006,0.97990514074161805,0.98022009441805125,0.91155001908272437,0.91102035199977005,0.92938284699203932,0.93013827484391087
33.493397358943575,0.94679933786392212,0.94667326678436825,0.96179227880496598,0.97104907288233466,0.97145393640451838,0.99148625057587803,0.97433700373265797,0.97986528422089703,0.98018398020408137,0.91427202572977384,0.91161752067564694,0.92926682699210039,0.93002225484397194
33.533413365346135,0.9468083381652832,0.95980478630937316,0.96148394582072361,0.97093305288239573,0.97139566704409186,0.98762521605425169,0.97392031612386831,0.97982293150665045,0.98014913698372408,0.91731582183689797,0.9116089562796551,0.92915080699216146,0.92990623484403301
33.573429371748702,0.94681733846664429,0.97126549197660306,0.9618637458202981,0.97089453786677227,0.97133797757083906,0.98923334831080334,0.97508051612325763,0.97987449463628684,0.98011646742084269,0.93813576719124048,0.91276915627904442,0.92903478699222253,0.92979021484409408
33.613445378151262,0.94682633876800537,0.95054020133388784,0.96234034581986116,0.97085564100756583,0.97128585516940524,0.9912166679684542,0.97624071612264696,0.97993294452641688,0.98009069766550649,0.93986593818535602,0.91392935627843375,0.9289187669922836,0.92967419484415514
33.653461384553822,0.94683539867401123,0.95263609622065082,0.96118054581978685,0.97074780320396692,0.97123075331230679,0.99724609721543511,0.97740091612203628,0.98001812746458628,0.98007178780777759,0.94335669065171146,0.91508955627782307,0.92886923541136035,0.92955817484421621
33.693477390956382,0.94684439897537231,0.97605130446248423,0.96131760151797119,0.97071922919784881,0.97117139911258454,0.99646372096060776,0.9785611161214256,0.98011723108379367,0.9800596981685733,0.94296266883789914,0.91624975627721239,0.92895452108208798,0.92944215484427728
33.733493397358941,0.9468533992767334,0.96979397840455051,0.96247780151736051,0.97072505009609023,0.97111776192458288,0.99677935010264762,0.97972131612081492,0.98021033378365952,0.98005438929831135,0.91902932382630487,0.91740995627660171,0.92902823128998713,0.92932613484433835
33.773509403761501,0.94686239957809448,0.9676189451252204,0.96363760151675004,0.97071341576367509,0.9710711456592952,0.99989309144343974,0.98088151612020424,0.98031435559181956,0.98005582197561136,0.91583903166346148,0.91756996528045076,0.92896717187049882,0.92921011484439942
33.813525410164068,0.94687139987945557,0.9655032353423092,0.96474600151616663,0.97069280393010293,0.97103141379888536,1.0019541035166397,0.98204191611959346,0.98043645486523556,0.9800639591839041,0.91333294538564902,0.91658683154565046,0.92888645526919644,0.92909407484446049
33.853541416566628,0.94688040018081665,0.98164146842075151,0.96470646023287454,0.97065573496717206,0.9709947540954289,1.0190829402982085,0.98320211611898278,0.98061683934012212,0.98007875934370303,0.93010202386810292,0.91611650167325509,0.92881273851300639,0.92897805484452156
33.893557422969188,0.94688940048217773,0.99968405238985814,0.96586212620623146,0.97076159307949283,0.9709617179855764,0.9984665377995825,0.9843623161183721,0.98075136038340316,0.98010018473621829,0.92548184177804627,0.91725750167265452,0.92880238952834804,0.92886203484458263
33.933573429371748,0.94689846038818359,0.99851194371648422,0.96702232620562079,0.97092431882125685,0.9709355801203593,0.99438196720514838,0.98552251611776143,0.98084144284232677,0.98012819703971232,0.91663257188045255,0.91695869305656819,0.92874338780486654,0.9287460148446437
33.973589435774308,0.94690746068954468,0.95969007805735962,0.96622132620549372,0.97087727424074755,0.9709112611349211,0.9939124347807432,0.98664153002126698,0.98090634272088739,0.98016270525129467,0.92074814316846831,0.91753931680153755,0.9286782656657343,0.92862999484470476
34.013605442176868,0.94691646099090576,0.96142282104009902,0.9650768654578098,0.97081814131042121,0.97088083838326256,1.0007836800177123,0.98768124804922897,0.98098886035182697,0.98020313820522309,0.9230367556930924,0.91851791680102246,0.92863133367207695,0.92851397484476583
34.053621448579435,0.94692546129226685,0.98003888567326036,0.96541764783235262,0.97084025471575497,0.97084672483068468,0.99807457926682774,0.98884144804861829,0.98109273650710893,0.98024975240212331,0.92386805508920844,0.91949851680050632,0.92859304734568926,0.9283979548448269
34.093637454981994,0.94693446159362793,0.98562711055912178,0.96656904783174658,0.97089534869144867,0.97081866301484088,0.99756231897696812,0.98990915626151121,0.98117875101910901,0.98030266907141694,0.92295968395089112,0.92047871679999038,0.92856044948710104,0.92828193484488797
34.133653461384554,0.94694346189498901,0.96553632076523543,0.96758720136413023,0.97092365228618394,0.97079723879994417,0.95554233750699447,0.99074975626103323,0.98125432979710392,0.98036099351278816,0.92509785721438109,0.9214569167994755,0.92853098122039002,0.92816591484494904
34.173669467787114,0.9469524621963501,0.99715919832929512,0.9685376592909487,0.97095476134484415,0.97078107668805103,1.0014257239765669,0.99038514418034662,0.98119729268076217,0.98042043509893351,0.9359493792797221,0.92195571679905286,0.92850031755738582,0.92804987484501011
34.213685474189674,0.94696152210235596,0.98131776452098607,0.96969785929033803,0.97102120536812131,0.97077145953403388,0.99583827034756067,0.99042160702212123,0.98119182974553187,0.98047826018302786,0.92417460943745278,0.92298454486892867,0.92848063302029316,0.92793385484507118
34.253701480592234,0.94697052240371704,0.98818595898280137,0.97018378434019148,0.97104770375057636,0.97076748893919573,0.99721291052382,0.99047501044953945,0.98119899735430516,0.98053596684149946,0.92168901587869079,0.92251385511875239,0.9284509850948941,0.92781783484513225
34.293717486994801,0.94697952270507813,0.99011600258284438,0.9713439843395808,0.97115612160023557,0.9707674719118331,1.0017989557333389,0.99078114396175232,0.98123468369092282,0.98059390769022681,0.91670235466718986,0.92151695809158007,0.92840720017576484,0.92770181484519332
34.333733493397361,0.94698852300643921,0.98936600573383704,0.97250418433897012,0.97126214263267086,0.97077416582289888,1.0098482692606965,0.99194134396114164,0.98137279640965214,0.98065619204213716,0.91457881906016447,0.92036635809150502,0.9283315226339327,0.92758579484525439
34.373749499799921,0.94699752330780029,0.9893103785941918,0.97300278433851894,0.97132054298295178,0.97078503242525238,1.0066138705911036,0.99225834396074664,0.98146119557351241,0.9807221384613789,0.91339197397580019,0.9192661580914202,0.92823086837062496,0.92746977484531545
34.413765506202481,0.94700652360916138,0.92754383273173602,0.97395335817996764,0.97140338482872202,0.97080116423198137,0.99143374448878685,0.99328651723274131,0.98160267226380804,0.98079220361086361,0.89830037092418935,0.9181131580913453,0.92814068793031501,0.92735375484537652
34.45378151260504,0.94701552391052246,0.95738761136335204,0.9727931581798932,0.9713020590925735,0.97081603793970317,1.0109589567147166,0.99440351723214171,0.98174389619776092,0.9808675850017281,0.91874612998286731,0.9186037988525928,0.9280830414923642,0.92723773484543759
34.4937975190076,0.94702452421188354,0.95704791011623758,0.97167355817981271,0.97122618912032455,0.97082425290909902,0.96205836661978261,0.99424623445774907,0.98176380678139141,0.98094677776524875,0.92068732221221949,0.91916370934535174,0.92802901584946329,0.92712169484549867
34.533813525410167,0.9470335841178894,0.94705477928023563,0.97051335817973805,0.97113333872886132,0.97082580622608927,0.97647555438664657,0.9933200344576234,0.98169059561020378,0.98102065918146275,0.92276270291675322,0.91977978207461142,0.92797752124653721,0.92700567484555974
34.573829531812727,0.94704258441925049,0.95438338224643471,0.97022069819353907,0.97108829913051453,0.97082427396430027,1.0109657125769382,0.99347823445725325,0.98178948743612993,0.98109088753344531,0.91910287058184748,0.91976051194682595,0.9279437073991722,0.9268896548456208
34.613845538215287,0.94705158472061157,0.95414542170461913,0.9690604981934644,0.97099060444271512,0.97081742351286404,1.0111071115879986,0.99463843445664257,0.98195778958862712,0.98116589778645114,0.91819067572918833,0.91865524857644965,0.92788797192434347,0.92680797719083452
34.653861544617847,0.94706058502197266,0.95417584090298713,0.96790029819339007,0.97089298408085789,0.97080390184592946,1.0117132428055697,0.99579863445603189,0.98212841508991933,0.98124718500437302,0.91618561552122124,0.91754852372044127,0.92782399480067101,0.92675772796689249
34.693877551020407,0.94706958532333374,0.98805095106653817,0.96825529819296796,0.9709387905437763,0.97078661447744286,1.0126878648239677,0.99695883445542122,0.98230273285532688,0.98133471287993268,0.9156700115404478,0.91642034453198407,0.92775442177470413,0.92670116271994385
34.733893557422967,0.94707858562469482,0.98696791853181187,0.96941549819235728,0.97104490744656069,0.97077533205592415,1.0136650943681356,0.99811903445481054,0.98248138032088228,0.98142844531585849,0.91479420171957215,0.91538563041753207,0.92768022635378944,0.92663868406681904
34.773909563825534,0.94708758592605591,0.99868106718788929,0.97057569819174661,0.97114649828614696,0.97077082573423434,1.0136294186746493,0.99927923445419986,0.98266482941913569,0.98152834642367759,0.91289656398639429,0.91431305861352752,0.92759860868503419,0.92657068016342226
34.813925570228093,0.94709664583206177,0.98892280649705588,0.97173589819113593,0.97127400455430801,0.97077305631799726,0.95898759019224222,0.99873862389738888,0.9826499798357432,0.98163076707282071,0.91853020961363041,0.91469951538350669,0.92752681096279965,0.92649991680263588
34.853941576630653,0.94710564613342285,0.98879464593022626,0.97289629819052514,0.97137010841185312,0.97078198695385287,0.99295007998585305,0.99757822389731454,0.98253930452566862,0.98172637911118932,0.91979006374370786,0.91559300369849139,0.92747438986652442,0.92643378967118328
34.893957583033213,0.94711464643478394,0.98872417276747315,0.97405649818991447,0.97147101330822516,0.97079757581550619,0.96981516316533245,0.99712352961037976,0.9825309774657206,0.98181638145322381,0.92003741026519126,0.91675320369788071,0.92742910333743134,0.92637444353556475
34.933973589435773,0.94712364673614502,0.98939188023125368,0.97521669818930379,0.97157085933636256,0.97081978534785651,0.96553603559130452,0.99678175189652907,0.98252880152646893,0.98190391117937303,0.91928270464698392,0.91788998913717368,0.92738309133336017,0.92632208550854134
34.973989595838333,0.9471326470375061,0.98996736056372703,0.97637689818869311,0.97167043152065102,0.97084857725556295,0.96456828795902683,0.9964135518963857,0.98252581365795932,0.98198896663420254,0.92027949917945473,0.9189362825069789,0.92733705945740175,0.92627651208999784
35.0140056022409,0.94714164733886719,0.99015951051995255,0.97753709818808243,0.9717727413212548,0.97088391346477865,0.96517465622439513,0.99597655189625423,0.98251916085676316,0.98207123287447562,0.92012738704329611,0.91964235990204679,0.92729420244992022,0.92623579510838983
35.05402160864346,0.94715064764022827,0.98997990393835289,0.97869729818747175,0.97187177447738127,0.97092575612189191,1.0017497683154093,0.99571953847897043,0.98251517623166573,0.98215095883259862,0.92020565369622931,0.91935224972727525,0.92724655116913335,0.92619633545692792
35.09403761504602,0.94715964794158936,0.99334237668226644,0.97985749818686108,0.97198510649494696,0.97097406759225569,0.99769814736479301,0.99532715769914015,0.9824982505818074,0.98222826230798255,0.92077526764208029,0.9203222004532603,0.92720909023109799,0.92615966696653818
35.134053621448579,0.94716870784759521,0.99994685729687482,0.9810176981862504,0.97211873903146473,0.971028810458889,1.0036475729802017,0.99481575769903019,0.98247270226119576,0.98230245118098192,0.91861660165953984,0.92053711454757059,0.92717329251214642,0.92612701300546418
35.174069627851139,0.9471777081489563,0.97597355977820888,0.98160827896797553,0.97224580193535703,0.97108954982329732,0.97623589906362562,0.99394420221822544,0.98244873654872578,0.9823725956212267,0.91112385417022645,0.91939610082498824,0.92710107056065616,0.92609141033089981
35.214085634253699,0.94718670845031738,0.98663645834242264,0.98124162989490527,0.97228123134307487,0.9711493507153508,0.98069464960602071,0.99284760221814372,0.98243647423134906,0.98243636414622482,0.92895855404330308,0.9190565954970662,0.92703917612372999,0.92605224770689298
35.254101640656259,0.94719570875167847,0.97406799696729074,0.98096412589936288,0.97231659979863028,0.97120675883981811,0.98699099467270635,0.99172780221806123,0.98241782835284053,0.98249327805128561,0.92155673926068005,0.91886158660680883,0.92697894303214556,0.92601099331854642
35.294117647058826,0.94720470905303955,0.96751223554688137,0.98005104160728918,0.97225470262304514,0.97126012294460518,0.9861025987905585,0.99059339282751457,0.98239445158593031,0.982543389269668,0.91053105895617859,0.91843232285082221,0.92691118937696859,0.92596763256821946
35.334133653461386,0.94721370935440063,0.92811064783439534,0.9791128730820392,0.97219223850609593,0.97130805154879563,0.96796939049203656,0.9894771928274344,0.98236632189365813,0.9825867252066387,0.90578302141781897,0.91792294344307812,0.92683613892817318,0.92592216214649947
35.374149659863946,0.94722270965576172,0.9397515054473391,0.97807593999977382,0.97209028645995144,0.97135017592179607,0.97746748089424385,0.98836179282735348,0.98234087566694439,0.98262339498066897,0.90987385805368637,0.91740919105464824,0.92676076547605846,0.92587455239799454
35.414165666266506,0.94723176956176758,0.94763825828638348,0.97711489060299339,0.97197848320866165,0.9713864455208715,0.98257094218321261,0.987249992827268,0.98231560801780893,0.98265345436423823,0.91280891728421643,0.91692699105442221,0.92668934829907945,0.92582489897473352
35.454181672669066,0.94724076986312866,0.97638755173687553,0.9762273239783098,0.97186387065507007,0.97141740764705464,0.97926945898699758,0.98621339282717613,0.98227916655178493,0.98267726469901295,0.92695152223262856,0.9167409723540485,0.9266313931270459,0.92577347014030109
35.494197679071625,0.94724977016448975,0.97628053917847313,0.97576224623557506,0.97175069269027081,0.9714438282208584,0.98366758455524561,0.98529214489579342,0.98224908279141054,0.98269502812478182,0.91980810689575809,0.91661437235373844,0.92657061687965891,0.92572049449572769
35.534213685474192,0.94725877046585083,0.94976536011967949,0.97504676542235491,0.97163931200923437,0.9714661230351862,0.97352881321901785,0.98459471220750761,0.98222207687638374,0.98270741782335436,0.9080875860007126,0.91624692120506945,0.92650139062448489,0.92566602485538185
35.574229691876752,0.94726777076721191,0.92684734216192988,0.97434056116402068,0.97152528567318042,0.97148446476543782,0.96181657786658648,0.98395822787531761,0.98219004429007428,0.98271591988335305,0.90597044316610242,0.91580254989824517,0.92642650668766435,0.92560991252615954
35.614245698279312,0.947276771068573,0.94033056094456091,0.97367261386892456,0.97141347201653339,0.9714991230953709,0.96952667599607778,0.98343112250813924,0.98216146506842594,0.98272146144027617,0.90979606936504598,0.91536263810761498,0.92635275407653772,0.9255521722356409
35.654261704681872,0.94728577136993408,0.96821993637903425,0.97301835728237174,0.97130061964828251,0.97151031159358525,0.97775359758552594,0.98290854149970075,0.98213122773412276,0.98272445894758886,0.92977909924283286,0.91498923810736299,0.92628303348087815,0.92549293207470074
35.694277711084432,0.94729483127593994,0.97652140832889767,0.97258188922706634,0.97118782022454753,0.97151821829872897,0.98389343184407663,0.98247808050747265,0.98210848551714935,0.98272475037520801,0.92485511109921514,0.9149262730491512,0.92622703746610202,0.92543247570991294
35.734293717486992,0.94730383157730103,0.96557443565721457,0.97227947512951096,0.97107507077375732,0.9715231667936719,0.98509028617239758,0.98245610324088273,0.98209609643984397,0.98272338468978437,0.91626179108037376,0.91486845640505665,0.92616522784670674,0.92537099283715052
35.774309723889559,0.94731283187866211,0.92027182644138517,0.97167225270983915,0.97096362568437222,0.97152506018156559,0.97107199058635785,0.98228082875681988,0.9820776229869671,0.9827207398391945,0.90652846647785479,0.91451469388388873,0.92609457950775265,0.92530843768073912
35.814325730292119,0.94732183218002319,0.93004984143235392,0.97113645115524716,0.97085523639319971,0.97152406181856477,0.96134307489157733,0.98179002663550741,0.98204474447202761,0.98271616528290928,0.90671218400286968,0.91413361545526028,0.9260195575872614,0.92524466696563201
35.854341736694678,0.94733083248138428,0.94436637658143463,0.97060945115503161,0.9707464974762815,0.97152054324351456,0.96069954938398983,0.98124382663529941,0.98200896795928716,0.98270913525174319,0.91008703012824022,0.91375047755988503,0.92594650412955437,0.92517971830679491
35.894357743097238,0.94733983278274536,0.97250752844861599,0.97015562613125472,0.97064364887821697,0.97151476545448878,0.97503839285386229,0.98069948875689283,0.9819768322350676,0.98269951454309956,0.92932604883886938,0.91352308712212205,0.92588046803741642,0.92511366375839321
35.934373749499798,0.94734883308410645,0.9770516840359077,0.97000286544336678,0.97053662999297996,0.97150689897184439,0.98000507756381716,0.98020171738003348,0.98194264072135617,0.98268755072879987,0.92213901926028807,0.91348909425397395,0.92582252114665065,0.92504674160253542
35.974389755902358,0.94735783338546753,0.96379648804901197,0.96981866544307394,0.97043278563700708,0.9714971260747608,0.98313701232304829,0.98001364825333814,0.98191713726960184,0.98267262578996339,0.91222233560597388,0.91344272349785938,0.9257580738253679,0.9249790804331377
36.014405762304925,0.94736689329147339,0.92133165070325307,0.96933648514047899,0.97032839925700909,0.97148526814825031,0.97019983247832176,0.97955422017967719,0.98187619313102403,0.98265539936313173,0.90600945700149582,0.91309323576210044,0.92568520434171231,0.92491056455281373
36.054421768707485,0.94737589359283447,0.93372256576121671,0.96886141277784332,0.9702210564780307,0.97147131018670407,0.97191943646153067,0.9790670870182786,0.98183425089836474,0.98263555967260552,0.90780570655908011,0.9127522129255986,0.92561067476371295,0.92484113978176996
36.094437775110045,0.94738489389419556,0.94377174790895269,0.96832771823181485,0.97010933728809789,0.97145509147202436,0.96688703024978795,0.97847981597815137,0.981785559528351,0.98261321956651959,0.91063830219435793,0.91241534955317882,0.92553967021350225,0.92477084843086776
36.134453781512605,0.94739389419555664,0.97181073489874636,0.967995884164776,0.97000052877102616,0.97143673522507679,0.97525161734748966,0.97792281597794328,0.98172830068507277,0.98258819720722612,0.92764600434995304,0.91232835487780806,0.92547800280621761,0.92469983389766031
36.174469787915164,0.94740289449691772,0.97626635971150477,0.96788677109213217,0.96989191722311341,0.97141664354887891,0.98445618331475082,0.97757824771469082,0.98168630395120771,0.98256070579505006,0.91992299756262108,0.91234843567245183,0.92541921216335576,0.92462832252223193
36.214485794317724,0.94741189479827881,0.95776500333035675,0.96759422218455649,0.9697867897348702,0.97139489652818911,0.98240649027386961,0.97740685744076217,0.98165171965906339,0.98253115734597629,0.90953868559341533,0.91228161884958814,0.92535398106730304,0.92455632298609025
36.254501800720291,0.94741648435592651,0.95758333648432592,0.96643402218448182,0.96967228800618432,0.97136955338857978,0.98303650405701382,0.97684269464555973,0.9815729708687001,0.9824990518209118,0.9114609384876684,0.91249454991901202,0.92529282906797472,0.92448439320321307
36.294517807122851,0.94734382629394531,0.9720679043765833,0.96548462218436137,0.96955626800624539,0.97133770164050026,0.9771647115952049,0.97645129039859091,0.98150225868864649,0.98246604537842541,0.92549546376038883,0.91184996205237101,0.9251852249613669,0.9244128540630292
36.334533813525411,0.94724369049072266,0.97578504558274448,0.96544300938913508,0.96944024800630646,0.9713037301988201,0.98794066741044362,0.97638050283069466,0.98145747704741593,0.98243162693949904,0.91955382989203027,0.91191091641661037,0.92512191372771413,0.92434022737655763
36.374549819927971,0.9471435546875,0.95672038866767295,0.96517520938885593,0.96932422800636753,0.97126840882209298,0.98077696445361606,0.97631003728174881,0.98142554753739497,0.98239591676595595,0.90876032074271829,0.91184691459702183,0.92505651995275784,0.92426743517134724
36.414565826330531,0.94704341888427734,0.92351831841701881,0.96473670692913671,0.9692082080064286,0.97123139931840852,0.97227056351120889,0.97597226347283095,0.98138244175775058,0.98235890222579292,0.90503811406761236,0.91158293969475845,0.92498491295200769,0.92419426584620867
36.454581832733091,0.94694328308105469,0.93736790069234577,0.96430516906266395,0.96909218800648966,0.97119270082576592,0.97186432284866975,0.97559525948043069,0.98134006739371715,0.98232062575820112,0.90856549054789759,0.91131468783046299,0.92491364245709018,0.92412074680160383
36.494597839135658,0.94684314727783203,0.9466816290341189,0.96387630968410765,0.96897706199752698,0.97115235966256841,0.94272901513633156,0.9752450213128343,0.98129048209638337,0.982281175746749,0.91351098708468781,0.91112186265021244,0.92484541309485746,0.9240468749673334
36.534613845538217,0.94674301147460938,0.97407678338913006,0.96375566521078238,0.96887098258694504,0.97111054901679605,0.97742469376684005,0.97507409447034876,0.98124516424821817,0.98224067526096637,0.9247391450126935,0.91120559099007936,0.92479076119647041,0.92397291284438876
36.574629851940777,0.94664281606674194,0.97277530222867281,0.96367926521046177,0.96876421376517974,0.97106747122664649,0.98863012092874858,0.97510643272616127,0.98121166639917057,0.98219949797447259,0.9164078091718002,0.91129866329736831,0.92473170028033136,0.92389893409017898
36.614645858343337,0.94654268026351929,0.94907371723088818,0.96338219996805285,0.96866567147980853,0.97102315859302768,0.97159728850506644,0.97512762927712426,0.98117986357344567,0.98215781577065575,0.90653683085297743,0.91118925647416138,0.92466450326826133,0.92382496770563238
36.654661864745897,0.94644254446029663,0.92705524708145359,0.96296789828815743,0.96855814715254962,0.97097737927939687,0.97378992136768994,0.97486500946441845,0.98113693456548245,0.98211560221359406,0.90446706622888318,0.91094015573103437,0.92459275202220703,0.92375079893159229
36.694677871148457,0.94634240865707397,0.93950742470824222,0.96256169828790961,0.96845135462758003,0.97093012515576971,0.97027687301242838,0.97459777147476867,0.98109493995824648,0.98207285818689405,0.90932712664834947,0.91069891154955618,0.9245224787530133,0.92367641407345635
36.734693877551024,0.94624227285385132,0.96526472943637942,0.96218709828765547,0.96834431039936586,0.97088143254380344,0.97387164359579226,0.97440730481389182,0.98104252551944582,0.98202969074422952,0.92849373376863131,0.91062645892632998,0.92445754340295994,0.92360192802583796
36.774709883953584,0.94614213705062866,0.97497530106522934,0.96208969828733559,0.96823424385379053,0.97083134293257556,0.97881723105179175,0.97452506975646758,0.98100613224597721,0.98198664910098565,0.92387874954025806,0.9107359632055132,0.92440494893830849,0.92352753518481834
36.814725890356144,0.94604200124740601,0.96704728234154624,0.96198841895020126,0.96812597746362805,0.97077988843384944,0.98900139704119316,0.97468179386070641,0.98097410910933303,0.98194395169355875,0.913169959561831,0.91083742966581371,0.92434515850733012,0.92345322998876123
36.854741896758703,0.94594186544418335,0.92058553199905757,0.96161387019461486,0.96802318816883759,0.97072717653777318,0.96977842075675857,0.97467233663633446,0.98094022227639432,0.98190116811453998,0.90578343963657504,0.91067493701246371,0.92427737768312812,0.92337901875670669
36.894757903161263,0.94584172964096069,0.93033906620090145,0.96120705903197834,0.96791458131924568,0.97067303670572658,0.97281529934929201,0.97443713554869027,0.98089780605797361,0.98185803919487391,0.905537646499043,0.9104498416831931,0.92420630529367986,0.92330470936775699
36.934773909563823,0.94574159383773804,0.93986233555454068,0.96080265903173223,0.96780743150170956,0.97061749807944042,0.9609639762018235,0.97421550876299645,0.98085408219839543,0.9818146013569683,0.909311592808836,0.91022380377608947,0.92413777534709463,0.92323031729232141
36.974789915966383,0.94564145803451538,0.9670226197643832,0.96051146684941391,0.96769850059872276,0.97056061343388322,0.97447860448065382,0.97405012724196194,0.980804525760963,0.98177093364142654,0.92769714652927426,0.91026024681317352,0.92407724606417796,0.92315590405489245
37.01480592236895,0.94554126262664795,0.97367521361306386,0.96043246684908978,0.96758832197124767,0.97050251721248471,0.98429096100006674,0.9741819903619684,0.98076779562174399,0.98172724736665684,0.92094458649277688,0.91037904350254251,0.92401219093575981,0.92308177004432757
37.05482192877151,0.94544112682342529,0.95916592254763078,0.96034526888691651,0.96748376396197955,0.97044332535356037,0.9871674174958105,0.97432952961734798,0.98074033242784986,0.98168374991831031,0.91000225121181866,0.91046928325589283,0.92395010957435253,0.92300780164898488
37.09483793517407,0.94534099102020264,0.92151034834466228,0.95996306888666549,0.96737883228282073,0.97038302108645824,0.96808998855888806,0.97430833441001785,0.98070289572696534,0.98164044329740563,0.90506362541173635,0.91023873033686042,0.92388060074324241,0.92293383976931342
37.13485394157663,0.94524085521697998,0.93304679902774901,0.95958086888641125,0.96727180124119183,0.97032151856162463,0.97225112559183424,0.97409555565311212,0.98066303825085754,0.98159700553565465,0.9063681692031833,0.91001646810536596,0.92380954051477981,0.92285978182820239
37.17486994797919,0.94514071941375732,0.94052252911274825,0.95918881238073062,0.96716374358908286,0.97025879898179768,0.94605491425566346,0.97391701962823019,0.98061739761349509,0.98155339400618624,0.90997452928284084,0.90979675908902291,0.92374175743755527,0.92278564499824067
37.214885954381749,0.94504058361053467,0.96883389517956287,0.95900038379344221,0.96705490059471466,0.97019491754773368,0.97525653608928264,0.97386583826789197,0.98056995288212134,0.98150982360601335,0.9261055254345113,0.90991305359408781,0.92368447834856937,0.92271160569634814
37.254901960784316,0.94494044780731201,0.97134578169341124,0.95896398379311165,0.96694656222112485,0.97013013059198527,0.98528016145799568,0.97402009883676066,0.98053554877941351,0.98146645139337751,0.91742718751710217,0.91003654124247868,0.92362867864629172,0.92263779278323654
37.294917967186876,0.94484031200408936,0.95709129686132033,0.9588439607835868,0.96684449290274077,0.97006449437443942,0.98284372493589933,0.97419142174860118,0.98050805576784927,0.98142343318578862,0.90846063713118186,0.91005929840056043,0.92355348076238863,0.92256424860614983
37.334933973589436,0.9447401762008667,0.92377560908688106,0.95846973294991111,0.96673747519551823,0.96999785604196076,0.9723727311118241,0.97408338129577776,0.98046883873415869,0.98138066594656359,0.89258332052787326,0.90984187186543708,0.92347055411517154,0.92249068689173552
37.374949979991996,0.94470381736755371,0.95165747061578143,0.95787792200097144,0.96662199045822328,0.96992892097893157,0.97625101086070043,0.97402198129545514,0.98040176021149117,0.98133661055070509,0.91148167018886517,0.91033986564640423,0.92340319774766333,0.92241805407387589
37.414965986394556,0.94463962316513062,0.97036988290911275,0.95728292200077036,0.96650608915889158,0.96985625564219691,0.98819620493588034,0.97425062730847811,0.98036227796285247,0.98129467418565941,0.91699540652416478,0.90996968205541351,0.92330243176834115,0.92234598434917114
37.454981992797116,0.94456619024276733,0.95655065923614113,0.95725895059642285,0.96639006915895265,0.96978279142105817,0.98963081820484422,0.97464857353365053,0.98034414438909234,0.9812546690177345,0.90754354314452224,0.90993600837864796,0.92322619729639921,0.92227364933028122
37.494997999199683,0.94449275732040405,0.9234276061860287,0.95694797025663336,0.96627404915901371,0.96970875785678279,0.96733552468218709,0.97465581456092021,0.98030603927155335,0.98121606540649087,0.89586544158045578,0.90973440907800773,0.92314340834960262,0.922201191795464
37.535014005602243,0.94441938400268555,0.93531030248559988,0.95665244095286328,0.96615802915907478,0.96963410636616321,0.97179931249027363,0.9745965618419381,0.98026985318815973,0.98117791155286749,0.90665644141723101,0.90950054341182929,0.92305975135772822,0.92212860808249142
37.575030012004802,0.94434595108032227,0.94199713308144772,0.95636011267369758,0.9660446084114398,0.96955892541471111,0.96660974358895346,0.97437156036001205,0.98022273260919079,0.98113970357731273,0.91242063104191673,0.90934823164620848,0.92297534321007979,0.9220559102755076
37.615046018407362,0.94427251815795898,0.96987275322104161,0.95638483628039661,0.9659359260605187,0.96948336592435491,0.97700511916570554,0.97433974113467414,0.98018262740155759,0.981101174988254,0.92177720029069787,0.909452918909611,0.9229033878889582,0.92198321528809579
37.655062024809922,0.9441990852355957,0.96472021366638838,0.95645735655977204,0.9658285254386868,0.96940771656036628,0.98816058850434341,0.97442757017276649,0.9801533818804623,0.98106248623533721,0.91253964415080446,0.90952399526417405,0.92283046226174137,0.92191054120116833
37.695078031212482,0.94412565231323242,0.91997623909150572,0.95642871456120537,0.96572701233196012,0.96933196412310396,0.97128859301109616,0.97447354702091815,0.98012559891847051,0.98102353290289623,0.88965955320375878,0.90940638552890085,0.9227496374493831,0.92183782180939333
37.735094037615049,0.94405227899551392,0.92553119676640283,0.95616753042428004,0.96561868683714491,0.96925596025627347,0.97315273688867898,0.97422808935115546,0.98008511660640574,0.98098417477077171,0.89657067789436651,0.90916661381421726,0.92266356337861855,0.9217648361163675
37.775110044017609,0.94397884607315063,0.93588057156098226,0.95590983365998283,0.96551028243908799,0.96917966122478538,0.94764627538055957,0.97398121998484755,0.98004499771966624,0.98094433457806351,0.9066592494574508,0.9089167149966485,0.92257740446260683,0.92169162765384027
37.815126050420169,0.94390541315078735,0.96124060882995399,0.95569634204231346,0.96540128888058685,0.96910308548408131,0.97338842166109585,0.97375222421262075,0.97999530788653266,0.98090407050577533,0.92676416022988173,0.90883140189856526,0.92249114378567143,0.92161821462152438
37.855142056822729,0.94383198022842407,0.96954868574520003,0.9557861327037257,0.96529248415351365,0.96902643242196085,0.97806555248670846,0.97382322873206451,0.97995802151142219,0.98086360413078355,0.91886675622124292,0.90892315702872017,0.92242013420509206,0.92154483892780925
37.895158063225288,0.94375860691070557,0.96121461314051193,0.95589027243423086,0.96518322650338995,0.96894989256619146,0.98973760823750578,0.97393285515691352,0.97993065197551421,0.98082311281242962,0.91059086423830538,0.90903263878350993,0.92234445372235241,0.92147156692527821
37.935174069627848,0.94368517398834229,0.9206574594661151,0.95582988005458491,0.96508002793999181,0.96887340025656132,0.97057739035739343,0.97394200039789447,0.97989867946435638,0.98078254586516422,0.89025455900266059,0.90884463005314686,0.92226023105059773,0.92139832829818624
37.975190076030415,0.943611741065979,0.92754268140749507,0.95560368005429497,0.96496733988714067,0.96879680250611,0.97207298417220012,0.97386212018702145,0.97986242781353672,0.98074201733064392,0.89964231542154183,0.90861954389276312,0.9221739335331185,0.92132477374093669
38.015206082432975,0.94353830814361572,0.93672552236186768,0.95536601408541866,0.96485420738945815,0.96872011479526465,0.96904244660824312,0.97364196651036017,0.97981857242868553,0.98070169229490445,0.90691543831834953,0.90839656923209344,0.92208843225294335,0.92125117633027842
38.055222088835535,0.94346493482589722,0.96279132139058632,0.95525572431882844,0.96474536347475304,0.96864331890194622,0.97395828456568756,0.97346549802944859,0.97976992915928685,0.98066112904590663,0.92456229822438651,0.90839803388058282,0.92200337423227985,0.92117756023684683
38.095238095238095,0.94339150190353394,0.96798688411424616,0.95537005074278958,0.96463639723721151,0.96856666271488046,0.98280662695562959,0.97359306703698945,0.9797356896075281,0.98062047287373222,0.91598839550493705,0.90848404607678712,0.92193226697278818,0.92110403023412601
38.135254101640655,0.94331806898117065,0.95755255370988168,0.95548505074242374,0.96452712673407281,0.96849022018973052,0.986209566609068,0.97376466259169936,0.97971176727097564,0.98058009055893658,0.90755847952866986,0.90852249394759876,0.92185376403573949,0.92103060886247679
38.175270108043215,0.94324463605880737,0.92139006525948175,0.95538535837352268,0.9644190006349459,0.96841394201747988,0.96848976966895206,0.9737543473481064,0.97967843224070583,0.9805399624760518,0.89047352639426369,0.90839591892419846,0.92176974630494546,0.92095721132475217
38.215286114445782,0.94317126274108887,0.93066828433782123,0.95515679381283092,0.96430931732319536,0.96833760958425008,0.97164327577773313,0.97352950346355926,0.97963927594159228,0.98049961767354743,0.90271012923437532,0.90816260605721577,0.92168239010273301,0.92088380303464668
38.255302120848341,0.94309782981872559,0.93562679545985583,0.95493007153440734,0.96419885799163285,0.9682611963537826,0.95789402944157354,0.97334860335869777,0.9795943224925322,0.98045908504273938,0.90627090346961447,0.90792291472732467,0.92159492190762593,0.92081024255793731
38.295318127250901,0.9430243968963623,0.96336389311445081,0.95490167153407723,0.96408526200085198,0.96818474006585142,0.97473123817057417,0.97334455906923001,0.97955075125360425,0.9804186899538927,0.9227376097913853,0.90800205743199114,0.92151522154458931,0.92073663099166436
38.335334133653461,0.94295096397399902,0.96322040175641166,0.95501067153371455,0.96397247755365201,0.96810846163168862,0.98695051876132578,0.97352850304092331,0.97952046523245428,0.9803787462675968,0.91427865748433534,0.90814794069811944,0.92144379221841077,0.92066340402205993
38.375350140056021,0.94287753105163574,0.95641831754443618,0.95510447153335987,0.96386059997706119,0.96803231733145323,0.97948043152655107,0.97371357338683828,0.97949478922308819,0.98033926294470575,0.91066381353848191,0.90817665736102815,0.92136465822785751,0.92059051104740541
38.415366146458581,0.94280415773391724,0.92272541959103016,0.95490187153306916,0.9637516069457901,0.9679562054669647,0.97118512164759596,0.97361994494137083,0.97945672031951803,0.9802999578794519,0.89282284038406345,0.90801009320882076,0.92127859267903467,0.92051762554837802
38.455382152861148,0.94273072481155396,0.93514051245805541,0.95465490297670696,0.96364005072363168,0.9678798649450906,0.96911551659174577,0.9733744394550996,0.979418411782224,0.98026041907738126,0.90314794452650826,0.90777529384765443,0.92119159085045199,0.92044464862281405
38.495398159263708,0.94271296262741089,0.92764926979380868,0.9544629975868788,0.96353133756741483,0.96780229317280064,0.98567709799449266,0.97350005492856861,0.97936233347736401,0.98021979899064782,0.90267679122495792,0.90820595523930303,0.92112167212103746,0.92037311264599686
38.535414165666268,0.94262999296188354,0.95627834075513285,0.9541939975866025,0.96341531756747589,0.96772280892776241,0.98950642737323669,0.9735851341572419,0.97929427245917733,0.98018038589865308,0.90955732620083152,0.90795935249387205,0.92102254197727096,0.92030063303548892
38.575430172068828,0.9425470232963562,0.92338785520170708,0.95397899758631333,0.96329929756753696,0.96764315969459713,0.96390994696411114,0.97351838346849151,0.97924633865347877,0.98014134374575645,0.89212077058359196,0.90776318460208394,0.92093667122899781,0.92022806712420391
38.615446178471387,0.94246399402618408,0.93275139346590763,0.95374839758602803,0.96318327756759803,0.96756340752223735,0.97119365536829705,0.97372702407320322,0.97921262897996852,0.98010370035629557,0.90457747598050187,0.90752901058772506,0.92085022137576866,0.92015543027824154
38.655462184873947,0.94238102436065674,0.9374437669002279,0.95349999758574677,0.96306723756765911,0.96748350871686883,0.96523131064793821,0.97363842211107332,0.97916654478659193,0.98006710418745446,0.91065580763657883,0.90738007558546419,0.92076391548772885,0.92008271699164035
38.695478191276507,0.94229799509048462,0.9645588464846071,0.95353948606114658,0.96295121756772017,0.96740345228582802,0.98022902847027016,0.97372156627127593,0.97913128469053878,0.98003097279397022,0.91983654577117502,0.90750621556220024,0.92069070985954338,0.92001023125505677
38.735494197679074,0.94221502542495728,0.95310838154352095,0.95361923837859841,0.96283519756778124,0.9673234054350045,0.98858288915514625,0.97384992185071884,0.97910882586623893,0.97999501277323398,0.90915470102975016,0.90765283116756779,0.92061773606728436,0.91993811316865248
38.775510204081634,0.94213205575942993,0.92019795990192166,0.95361394828854518,0.96272349521563971,0.96724336108225295,0.97279473545288042,0.97392365691970129,0.97908240435131977,0.97995898170569229,0.88856405904484093,0.9076635417896326,0.92053799765617494,0.91986620724481738
38.815526210484194,0.94204902648925781,0.92481386116823283,0.95335014828827191,0.96261017298107876,0.9671631436862036,0.97332803373474619,0.97379292733237433,0.97904816478440027,0.97992321492435674,0.89514718073956845,0.90743128038094201,0.92045306798483417,0.91979447158899519
38.855542216886754,0.94196605682373047,0.93174440892710142,0.95307244893121668,0.9625000282982531,0.96708260031564408,0.96814433176640791,0.97355793018572478,0.97900863877264666,0.97988706067534004,0.90388293411764087,0.90721701204957983,0.92036721662949783,0.91972264683217408
38.895558223289314,0.94188308715820313,0.95477107553559593,0.95285381561751281,0.9623857293422291,0.96700169745116871,0.97295112773711689,0.97335002843246032,0.97896327237293357,0.97985051699973669,0.92448122353123363,0.90715456016917306,0.9202825705733072,0.91965086593411927
38.935574229691873,0.94180005788803101,0.96288797203081955,0.95292555696858883,0.96227275389976752,0.96692065672219407,0.98180729270436806,0.97346836691344563,0.97893268178344039,0.97981395660919857,0.91674686509194958,0.90730161072313442,0.92021411319056989,0.91957944872545805
38.97559023609444,0.94171708822250366,0.95750595537612671,0.95295446148064489,0.96215871736264502,0.9668395374671358,0.98523784842618634,0.97365499344163253,0.97891120481463545,0.97977778781661917,0.90767850831167951,0.90744137402369507,0.920140834215324,0.91950844382458963
39.015606242497,0.94163405895233154,0.92073653726266957,0.95287046660468722,0.96204547654694406,0.96675832849624566,0.97584026629001352,0.9737709383102835,0.97888377423673945,0.97974203146162808,0.88938095976663867,0.90740157282486589,0.92006113951227597,0.91943778897311423
39.05562224889956,0.9415510892868042,0.92773022606675637,0.95258656108071815,0.96193182064626359,0.9666767459244171,0.97070018111636946,0.97365475192758599,0.97884085511364416,0.97970647844712744,0.89740586075036088,0.90721838101966157,0.91997712878098725,0.91936725812281439
39.09563825530212,0.94146811962127686,0.93230886078526609,0.95230472335286143,0.96181886993417709,0.96659475074850643,0.94131135078487116,0.97349340823458075,0.97879770768958385,0.97967109691778309,0.90446127091183393,0.90701338101937379,0.91989303226595498,0.91929684834626291
39.13565426170468,0.94138509035110474,0.95693029325561529,0.95214492335256784,0.96170507958694074,0.9665123529462486,0.97387265104893062,0.9733929582880072,0.97875714337561714,0.9796358379239668,0.92308401441253529,0.90700073928712466,0.91981243728596729,0.91922651110888065
39.17567026810724,0.94130212068557739,0.95944121023326068,0.95219935297629266,0.96159222067482053,0.96642974493300415,0.98394801209939364,0.97355898309220623,0.97873009082240414,0.979600839835854,0.91360371215747582,0.9071474456411619,0.91974517269583023,0.91915647510502141
39.215686274509807,0.94121909141540527,0.95744632889964421,0.95218570459089324,0.96147941356762545,0.96634694322511216,0.98358035096585716,0.9737357290721691,0.97870938925968654,0.97956620101773906,0.91016302645078295,0.90726805383823028,0.91967078515487444,0.91908686692402941
39.255702280912367,0.94113612174987793,0.92144829802767247,0.95199715769982829,0.96136702921099071,0.96626384312608482,0.97106547177193347,0.97386434632455998,0.97868248447571482,0.9795320338426704,0.89012813744723573,0.90718064251541808,0.91959013300425674,0.91901756880337238
39.295718287314926,0.94105315208435059,0.92933614159494515,0.95170948771980746,0.96125451466616518,0.96618023379880313,0.97067072792756104,0.97372050238737451,0.97864268282003508,0.97949823633339661,0.90099638826282202,0.90698499169841906,0.91950709099580463,0.91894834572254225
39.335734293717486,0.94097012281417847,0.93262644448775034,0.95140643738338582,0.96114127144575268,0.96609612433772951,0.96412903839072051,0.97358829538660496,0.97860347616920373,0.97946466389630371,0.90436442339702128,0.90678580513521334,0.919423790496816,0.91887917990300083
39.375750300120046,0.94088715314865112,0.95771979870489343,0.95131936518031623,0.9610274828560188,0.96601158488153427,0.97487536323130286,0.97357435167490158,0.97855875015992166,0.97943135518098179,0.92075447619534689,0.90685121957288706,0.91934947142409074,0.91881016698733486
39.415766306522606,0.940804123878479,0.95382602012175433,0.95135855845493089,0.96091428650366317,0.96592680761137928,0.98779203844156716,0.97376387345240101,0.97852259195689295,0.97939848170322363,0.91295039471486206,0.90702459171940952,0.9192843659691643,0.9187416434767901
39.455782312925173,0.94072115421295166,0.95668445523215051,0.95132215020777489,0.96080203061303382,0.96584176435252411,0.98192605365079089,0.97391672378607996,0.97850188213661071,0.97936589129671359,0.90862726743273192,0.90710151738781142,0.9192098121627067,0.91867338419943945
39.495798319327733,0.94063818454742432,0.92255478121930801,0.95106505319772283,0.96069240665806299,0.9657563572010559,0.97338539930168089,0.97386064762874724,0.97847252497766757,0.97933342708679216,0.89239733267246801,0.90692731738752097,0.91912744284502013,0.91860525003318816
39.535814325730293,0.9405551552772522,0.93071203465898011,0.9507696809446764,0.96058505940056949,0.96567045128660534,0.96916707448764783,0.97367175656896165,0.97844242783503288,0.97930091791245077,0.90268467763578786,0.90673100376694338,0.9190446432637035,0.91853712719505431
39.575830332132853,0.94047218561172485,0.94146128254127071,0.95045017196661108,0.96047255443168833,0.96558398975897664,0.94922916204670393,0.97341230108592736,0.97839637578070127,0.97926817885721329,0.9144724720050339,0.90670999082705017,0.91896505866365596,0.91846921849386587
39.615846338535412,0.94045603275299072,0.91984171594334407,0.95039957196628244,0.9603733734448503,0.96549652902945915,0.96033034743977119,0.97385716578641979,0.97836139733422633,0.97923476799671905,0.88897176258653243,0.90684254207634474,0.91890066433785755,0.91840253653838688
39.655862344937972,0.9403948187828064,0.92321170259283059,0.95009676766093887,0.96025733344491138,0.96540756456771759,0.94921073158046765,0.97371404239951986,0.97829359184165299,0.97920218363206968,0.89111196719826646,0.90669349550479561,0.91880776885909177,0.91833444076915616
39.695878351340539,0.94033360481262207,0.93110609052947335,0.94980216766067027,0.96014131344497244,0.96531813343380535,0.96319803316701669,0.97353344239922535,0.97825717749030694,0.97916981190443808,0.90262475286258792,0.90652969550449636,0.91872901577043664,0.91826666292304304
39.735894357743099,0.94027245044708252,0.93143809608297667,0.94953331740101443,0.96002529344503351,0.96522833603584279,0.96224290832994264,0.97335004239893241,0.97821894438828161,0.97913741171784652,0.90724260487671748,0.90637726666362362,0.9186512567828613,0.91819918194915684
39.775910364145659,0.94021129608154297,0.95726914615855208,0.94951573960957081,0.95990927344509458,0.96513804516617641,0.98036781995556066,0.97344224239857202,0.9781818503977453,0.97910497469132274,0.91760773852867772,0.90654666666324579,0.91859320501915953,0.91813202432466512
39.815926370548219,0.94015008211135864,0.94630199501464474,0.94951687941276675,0.95979325344515565,0.96504762447466785,0.98177961737403907,0.97357390994284509,0.97814659806331328,0.97907260078099745,0.91330444676469558,0.9067212821040247,0.918529920793835,0.91806539836768641
39.855942376950779,0.94008892774581909,0.92031606153064549,0.94950898518155125,0.95967975448355924,0.96495705530347609,0.97501984386372742,0.97371803498248333,0.978116687446698,0.97904043053074652,0.88829586133108751,0.90682788210366072,0.91846027604445657,0.91799931518671885
39.895958383353339,0.94002771377563477,0.92442937946774395,0.94923826812240419,0.9595685126875233,0.96486627885438792,0.96481997345775816,0.97355303838534779,0.97807281642078558,0.97900843327450526,0.89320365843428928,0.90665688210336115,0.91838151726934858,0.91793356691325823
39.935974389755906,0.93996655941009521,0.93083480218068071,0.9489577557006611,0.95945730260065587,0.96477519728773953,0.96217410520679048,0.97336635864798582,0.9780286152965082,0.97897640937299368,0.90286445195538778,0.90645493707848523,0.91830004303266122,0.91786798676989423
39.975990396158466,0.93990534543991089,0.95182865435161779,0.94872880196682696,0.95934749425100474,0.96468377485637269,0.9750956398968984,0.97321630315046681,0.9779823082944793,0.9789443299662004,0.92326127941959835,0.90639034522495754,0.9182226317835066,0.91780255944475286
40.016006402561025,0.93984413146972656,0.95784820165577389,0.94879394547286089,0.95923771486206288,0.96459219239990857,0.98223534176425431,0.97336497363127639,0.97794859517486099,0.97891232701535891,0.91451554853691541,0.90656761422333232,0.91816386940088213,0.91773758117126458
40.056022408963585,0.93978297710418701,0.95815530224806356,0.94872894547254005,0.95912826051529898,0.96450053041881112,0.98219931049907216,0.97352207453366901,0.9779231810906972,0.97888052623315114,0.91174514800522799,0.90673762166682192,0.91809948500573602,0.91767316011858457
40.096038415366145,0.93972182273864746,0.92065648992991211,0.94866874547221891,0.95902515911775321,0.96440857630828458,0.96614969307643839,0.97356014748666064,0.97789603355753207,0.97884887268915899,0.88662585409231831,0.90676705989058848,0.91802681932963504,0.9176092302376796
40.136054421768705,0.93966060876846313,0.92718419539644814,0.94838734547194481,0.95891622690070755,0.96431626386633829,0.96980597756318898,0.97336236752541583,0.97786285838951559,0.97881715031974681,0.89468152402738443,0.90659845468725508,0.91794975678621327,0.91754558689668697
40.176070428171272,0.93959945440292358,0.93183499996606611,0.94811474547167085,0.95880759161319584,0.96422363019797419,0.95846946296940061,0.97316384661307331,0.97782755668426413,0.97878528356850492,0.9032986825153253,0.90642905468695423,0.91787281308491731,0.91748217917179042
40.216086434573832,0.93953824043273926,0.95263615681666358,0.94795365228752182,0.95869906509368918,0.96413067693200083,0.97399893826291617,0.97308567897477971,0.97779186295839315,0.97875331243648978,0.9224483816487522,0.90643332822868694,0.91780104964853892,0.9174190298156778
40.256102440976392,0.93947708606719971,0.95703397303331994,0.94800265228717406,0.958589882116619,0.96403754459567381,0.98382131005176299,0.97322919214521053,0.97776850169913077,0.97872144800651861,0.91362121759969672,0.90660312822830802,0.91774121191863356,0.91735633182394039
40.296118447378952,0.93941587209701538,0.95723751503993026,0.94793387236265714,0.95848171928847503,0.96394422528926593,0.9816091800078155,0.97337976441949281,0.9777488086569105,0.97868975723460272,0.90929695515237141,0.90676692822793314,0.91767760342104021,0.91729412152039169
40.336134453781511,0.93935471773147583,0.92145296392064924,0.94779139468272711,0.95837997858624702,0.96385065495640176,0.96650579812985882,0.97335241049034027,0.97772210227800438,0.97865822760678955,0.88843972858319675,0.90671097854951177,0.91760406953198481,0.91723230600864936
40.376150460184071,0.9392935037612915,0.9280915600903995,0.94748109985506634,0.95827097364293645,0.96375658969709366,0.96967423824986665,0.97315365288268507,0.97769215242573559,0.978626590681693,0.89985244047372948,0.90653002322147203,0.91752698555144663,0.91717064776872859
40.416166466586631,0.93923234939575195,0.9313864682801688,0.94720009985479237,0.95816077119770626,0.96366209104531952,0.96479615015413445,0.97296712366780558,0.97765469834913432,0.9785948246839653,0.9043971042055361,0.90634677466291003,0.91745162238767819,0.91710913434253261
40.456182472989198,0.93917113542556763,0.95225943140579838,0.947122185322121,0.95805112051636021,0.96356731379469351,0.97476371371879755,0.97296217371451643,0.97761604819308656,0.97856302002030848,0.92006328008253491,0.90640208808131151,0.9173863702252818,0.91704780697498833
40.496198479391758,0.93910998106002808,0.95019577359778395,0.94718390201858549,0.9579412852311775,0.96347247605101405,0.98673041988157806,0.97316775910357389,0.9775935631068271,0.9785315704460118,0.91716627875881274,0.90655877596654477,0.91732940325671652,0.91698686747419422
40.536214485794318,0.93904876708984375,0.95705724190219121,0.94715794487865967,0.95783606812302979,0.96337762628681722,0.98349590268808651,0.97337527924042577,0.97757628886081505,0.97850067519070671,0.90767707441880141,0.90671497596616835,0.91726732434666947,0.91692632932796714
40.576230492196878,0.9389876127243042,0.92244461766824593,0.9469586072101005,0.95773016638594322,0.96328259050208853,0.97283900412901703,0.97329073478393946,0.97754946961093336,0.97846998988876188,0.89095388050844881,0.90657597596586037,0.91719477835543461,0.91686607884813298
40.616246498599438,0.93892639875411987,0.92795546144590801,0.9466600072098349,0.95762158028931077,0.9631871892802758,0.96954202484094987,0.97312266488429122,0.97751824072432059,0.97843931477361534,0.90060063382844857,0.9063943529768721,0.91712084202233712,0.91680595079159843
40.656262505001997,0.93886524438858032,0.93056684661258582,0.94636940720956442,0.95751206365143948,0.96309137383565457,0.9647689489193999,0.97297588857947803,0.9774762902381946,0.97840870964349991,0.90337868178881964,0.90620455297657643,0.91704662437986484,0.9167459150752969
40.696278511404564,0.93880844116210938,0.9368107809517161,0.94606288942090067,0.95740296878215481,0.96299509164904029,0.94303468827088688,0.97276137362005688,0.97743295851325607,0.978378088983477,0.90332025065403432,0.90628507235707656,0.91697867961035862,0.91668616103509093
40.736294517807124,0.93880981206893921,0.91932307467076968,0.94605378468534984,0.95731635438912066,0.96289818711740405,0.95692965974040656,0.9731321976979117,0.97741965977050715,0.97834621071656136,0.88690277465441392,0.90634172359167509,0.91692659739276017,0.91662696675244681
40.776310524209684,0.93881422281265259,0.97537735560939709,0.94558638468511735,0.95722615613952466,0.96279800069999211,0.98054916152045779,0.97300229683105732,0.97734034879514964,0.97831413158780889,0.90895078951336783,0.90630618568987775,0.91684166181439175,0.91656594790122503
40.816326530612244,0.93881857395172119,0.97376513809588905,0.94674658468450668,0.95732910580606689,0.96270180434825692,0.98184119053937502,0.97416249683044664,0.97736529028934149,0.97828676606472476,0.91658077250022885,0.9074569851390788,0.91682431071006187,0.91650993439514827
40.856342537014804,0.93882292509078979,0.97503298846930586,0.947906784683896,0.95742438391028262,0.96261287525632311,0.9645460647280345,0.97424549683008466,0.97734049256133282,0.97826481998225012,0.91329500696991428,0.90861718513846812,0.91682258472062383,0.91646092948177993
40.896358543417364,0.93882733583450317,0.97251164897747855,0.94906698468328532,0.95751942327056172,0.96253117138883726,0.96748883534505925,0.97311814874977953,0.97726738536994384,0.9782382539327048,0.92157293030109599,0.90975838338575232,0.91682144091881623,0.91641890915960189
40.936374549819931,0.93883168697357178,0.9509700694478781,0.95017192279266616,0.95753189747115552,0.96245658673114531,0.97143277733377409,0.97211194874969875,0.97721714073885246,0.97820568806943997,0.91980966027970945,0.91062628499045395,0.91682589627241629,0.91638305140234499
40.976390556222491,0.93883609771728516,0.96530557114892945,0.95117531447235426,0.95756536197438813,0.96238810457501978,0.97901546227224301,0.9728096787355609,0.97720744317640695,0.97817161184573165,0.91998590961265059,0.91156407895410441,0.91683803356538218,0.91635241675929713
41.01640656262505,0.93884044885635376,0.93655046048121948,0.95026311447222256,0.95746682284587048,0.96232124605690328,0.99098270179256731,0.97396347873495359,0.9772551381864657,0.97814392558686347,0.92223323797149082,0.91270747895350257,0.91686595245242608,0.91632798949122485
41.05642256902761,0.93884485960006714,0.91558763346877747,0.94915191447214553,0.95735639400295924,0.96224827899092436,1.0094716003108646,0.97512387873434281,0.97737049259667519,0.97812310124930291,0.92033870700621567,0.9138645063227504,0.91687347610391512,0.91631038855442659
41.09643857543017,0.93884921073913574,0.92632488334055629,0.9479917144720712,0.95724037400302031,0.96216916763123594,0.99502934473944127,0.97628407873373213,0.97755877179622008,0.97810911236008358,0.92468842105212845,0.91492053825851993,0.91693225783422361,0.91629936014262126
41.13645458183273,0.93885362148284912,0.92447325098092814,0.94683151447199654,0.95712435400308138,0.96208380302828034,0.97995689759902582,0.97732370936377189,0.97758936091866511,0.97810167659731961,0.91332165347923355,0.9154003790628642,0.91693425101015602,0.91629391822067707
41.176470588235297,0.93885797262191772,0.91176184361187129,0.94567131447192221,0.95700833400314245,0.9619922213521418,0.97620289015785844,0.97708661551817855,0.97758770978576448,0.97809792919217531,0.90684714917002696,0.91424017906278987,0.91689476315432428,0.91628539056025449
41.216486594637857,0.9388623833656311,0.90945040870798632,0.94451111447184755,0.95689231400320351,0.96189445856366518,0.97552884474637491,0.97592761551810403,0.97757624196612414,0.97808872387333268,0.90400726457928504,0.91307997906271521,0.91682584109130461,0.91627020138565674
41.256502601040417,0.93886673450469971,0.90810960073529623,0.94335091447177322,0.95677629400326458,0.96179055041569761,0.99227425671589009,0.97642014468941252,0.9776344251276321,0.97807627645975748,0.90192967328989748,0.91191977906264088,0.91673927170879654,0.91624838922848506
41.296518607442977,0.93887114524841309,0.9092125087621834,0.94219071447169855,0.95666027400332565,0.96168053245429119,0.99176335945086458,0.97758034468880184,0.9777177396379545,0.97807005628887844,0.89881675159693841,0.91075957906256622,0.91664241819302683,0.91621999239745111
41.336534613845537,0.93887549638748169,0.91106662555833162,0.94103051447162422,0.95654425400338672,0.96156523379625281,0.99079768598681284,0.97874054468819116,0.97779576469727725,0.97807058293671123,0.89858015927204127,0.9097358140648949,0.91654686886971815,0.91618528631320184
41.376550620248096,0.93887984752655029,0.92114101564734474,0.93987031447154989,0.95642823400344779,0.96144921379631387,0.99004168129942971,0.97990074468758048,0.97786882737236747,0.97807781737824784,0.91132507713746225,0.90947559177978121,0.91647902873878917,0.91614636765487945
41.416566626650663,0.93888425827026367,0.91167422177752822,0.93985871447121205,0.95631219400350886,0.96133317379637495,0.9908548737678996,0.98081314468702807,0.97792968076999287,0.97809129029068309,0.90202000854122188,0.91000566908591562,0.91644107732701363,0.91611053704592715
41.456582633053223,0.93888860940933228,0.91109165171157069,0.93869851447113739,0.95619617400356993,0.96121715379643602,0.99017970237937913,0.98197334468641739,0.97800259953115753,0.9781103933092935,0.90010886831677461,0.9088526690858415,0.91634799951693713,0.91607188991412591
41.496598639455783,0.93889302015304565,0.90462296676139031,0.93753831447106306,0.956080154003631,0.96110113379649709,0.99026788415995659,0.98289274468586685,0.97806975986355016,0.978134829919867,0.90278797766855234,0.90802915212506563,0.91627928284913074,0.91602853508007098
41.536614645858343,0.93889737129211426,0.90526025502680274,0.9363781144709884,0.95596413400369207,0.96098511379655815,0.9927903690324551,0.9839813446852772,0.97814187352112036,0.97816547797290543,0.90852928475272399,0.90788697718513045,0.91622717125136188,0.91598094064639313
41.576630652260903,0.93890178203582764,0.93716017756086012,0.93522951447091152,0.95584811400375314,0.96086909379661922,0.99443885867648874,0.98512634468467453,0.97822829841379344,0.9782024626895337,0.92220426138624456,0.90791871140909675,0.91618698575525481,0.91593366086941497
41.616646658663463,0.93890613317489624,0.91743217609492145,0.93411411447083004,0.9557320940038142,0.96075307379668029,0.97596175328610479,0.98423214468454256,0.97823595196894919,0.97824057620772031,0.91061721201994161,0.90907771140848637,0.91617992850621544,0.91589065996080621
41.65666266506603,0.93891054391860962,0.90826412056764394,0.93295431447075572,0.95561607400387527,0.96063705379674136,0.97947646097594709,0.98338768589251724,0.97824545860370926,0.97827255382598466,0.90452938082354684,0.90958143113563694,0.91614146375617977,0.9158539036060851
41.69667867146859,0.93891489505767822,0.91614166281276022,0.93179411447068106,0.95550005400393634,0.96052103379680243,0.99454659690033931,0.98371920889783948,0.9782979242051868,0.97830172944606619,0.90231049134012342,0.90842963113556319,0.91607398679769803,0.91581429328450092
41.736694677871149,0.9389193058013916,0.90910616275992051,0.93063371447060672,0.95538401400399742,0.9604049937968635,0.99632054409106807,0.98475560889726066,0.97839987376161885,0.97833578627536089,0.90037276435189351,0.90728672344912276,0.91599227803808092,0.91576827677763983
41.776710684273709,0.93892365694046021,0.90950494511940316,0.93008671447039115,0.95526799400405848,0.96028897379692457,0.97257629590771355,0.98568980889670987,0.97849688281548997,0.97837621353456838,0.91866200826734834,0.90735772344876708,0.91595083256543253,0.91571775194282745
41.816726690676269,0.93892806768417358,0.90280145062006678,0.92892651447031682,0.95515197400411955,0.96017295379698564,0.99250680060499341,0.98627945398841099,0.9785497613985209,0.97841898040735042,0.90463297958399425,0.90683246013832575,0.91589743796535406,0.91566920596744206
41.856742697078829,0.93893241882324219,0.90260978543194281,0.92776631447024216,0.95503595400418062,0.96005693379704671,0.9933675804187615,0.98743965398780031,0.97863295510443282,0.97846780627623653,0.90505281146961347,0.90574585431905541,0.9158312514728818,0.91561483880781291
41.896758703481396,0.93893682956695557,0.90360137858352696,0.92660611447016783,0.95491993400424169,0.95994091379710778,0.99387166255961612,0.98859985398718964,0.97871865363107113,0.97852306056600735,0.90735056506133593,0.90535611399435623,0.91576960593525447,0.91555583577477495
41.936774709883956,0.93894118070602417,0.90416716355397064,0.9254459144700935,0.95480391400430276,0.95982489379716884,0.99450167634276021,0.98976005398657896,0.97881641251818241,0.97858470609332471,0.90792633279745572,0.90617194434330606,0.91571723995668808,0.91549904665257964
41.976790716286516,0.93894553184509277,0.9044404515711818,0.92428571447001884,0.95468789400436382,0.95970887379722991,0.98456747725556015,0.98892764039731307,0.97886332042852342,0.97864774872407101,0.90982665907978011,0.90722813499701438,0.91567535769388886,0.91544809954026052
42.016806722689076,0.93894994258880615,0.90193686671107132,0.92312551446994451,0.95457187400442489,0.95959285379729098,0.99122016442346361,0.98803184039718195,0.97888920897416265,0.97870393970082181,0.9004982897242696,0.90663065769555495,0.91561166750026268,0.91540000180951542
42.056822729091635,0.93895429372787476,0.90647890143791909,0.92196531446986985,0.95445585400448596,0.95947683379735205,0.99466725422914015,0.98919204039657127,0.97896246313735957,0.97876125347567478,0.89943386324437857,0.90547045769548029,0.91551166369621872,0.91534591884267524
42.096838735494195,0.93895870447158813,0.90987282351241627,0.92080491446979551,0.95433981400454704,0.95936079379741313,0.99692027501811342,0.99035244039596049,0.97906067238235461,0.97882495810307735,0.90046292036660813,0.90431005769540596,0.91542312045972418,0.9152854268877284
42.136854741896755,0.93896305561065674,0.90761307700735194,0.91964471446972085,0.95422379400460811,0.95924477379747419,0.99855400843676823,0.99151264039534981,0.97917084654763464,0.97889499471885322,0.8984319903412975,0.90315065769533143,0.91533419608245981,0.91521858534723532
42.176870748299322,0.93896746635437012,0.90990227317458139,0.91848451446964652,0.95410777400466917,0.95912875379753526,1.0045098343427026,0.99267284039473913,0.97930164340735337,0.97897133706810702,0.90009207982099282,0.90199525769525712,0.91524474771288045,0.91514542948788069
42.216886754701882,0.93897181749343872,0.90986700629519845,0.91732431446957219,0.95399175400473024,0.95901273379759633,1.0105652203234825,0.99383304039412845,0.97946419709725496,0.979053948677157,0.90009512684335891,0.90089372461314043,0.9151557939721412,0.91506613139774495
42.256902761104442,0.9389762282371521,0.90841645894353507,0.91616411446949753,0.95387573400479131,0.9588967137976574,1.0132532238204117,0.99499324039351777,0.97965811477866493,0.97914279328328269,0.8991352550525008,0.90026554140930137,0.91506814671382886,0.91498244132570161
42.296918767507002,0.9389805793762207,0.90656125141915855,0.9150039144694232,0.95375971400485238,0.95878069379771846,1.0171300220205552,0.9961534403929071,0.97986481896763311,0.97923783483353488,0.90242006465422986,0.90011855361135829,0.91498076834210817,0.9148961126637194
42.336934773909562,0.93898499011993408,0.90241836262786967,0.91384371446934853,0.95364369400491344,0.95866467379777953,1.0164366572135957,0.99731364039229642,0.98007661917870725,0.97933903748348139,0.90308718331579596,0.90100639495373702,0.91490304914407372,0.91481283611060626
42.376950780312121,0.93898934125900269,0.90047747234155595,0.9126835144692742,0.95352767400497451,0.9585486537978406,1.0141863624742906,0.99847384039168574,0.98027929350117393,0.97944636559603226,0.90492280518199331,0.9021463126074345,0.91484357471800126,0.91473623723328967
42.416966786714688,0.93899375200271606,0.90120838144656734,0.9118716228287238,0.95341163400503559,0.95843261379790168,0.98801776720649959,0.99895944039123252,0.98040356757744662,0.97955922618842406,0.91066931012784824,0.90284129871145069,0.91480751237397429,0.91466528652343015
42.456982793117248,0.93899810314178467,0.90413941058016067,0.91126942532873934,0.95329561400509666,0.95831659379796275,0.99179299042552094,0.99780084039115791,0.98044585165383713,0.97966808412553819,0.90662113180510617,0.90367930974495003,0.91478481834729508,0.91459900125205162
42.496998799519808,0.93900245428085327,0.9121808044435783,0.91083475740700504,0.95317959400515773,0.95820057379802381,0.98192729815172652,0.99664064039108324,0.9804800976296052,0.97976960854519712,0.90219159772230895,0.90425416642214507,0.9147573405163878,0.91453728042615912
42.537014805922368,0.93900686502456665,0.91288444534288127,0.91066128051503692,0.95306357400521879,0.95808455379808488,0.98426713769644303,0.99548044039100891,0.98049222026980165,0.97986383488639495,0.90988287962971148,0.90468446227535337,0.91472910990843448,0.91447941942986355
42.577030812324928,0.93901121616363525,0.90644878521961447,0.91042180016159235,0.95294755400527986,0.95796853379814595,0.97426425400998951,0.99432024039093425,0.98050462697452878,0.97995080536274426,0.91937710259479644,0.905298409677737,0.91471255584878708,0.91442516626150472
42.617046818727488,0.93901562690734863,0.90633904584064118,0.90985412096646212,0.95283153400534093,0.95785251379820702,0.97408943125951675,0.99316004039085992,0.98050810940731392,0.98003056194368665,0.91610896199777603,0.90586467821895034,0.91469658910136931,0.91437416864307053
42.657062825130055,0.93901997804641724,0.8980469056767314,0.90930123259455908,0.952715514005402,0.95773649379826808,0.98257384601872888,0.99199984039078526,0.98052055297712992,0.98010314635590079,0.91145311182237509,0.90641977305314292,0.91467595095451937,0.91432619178099239
42.697078831532615,0.93902438879013062,0.9022396043904477,0.9087535829234179,0.95259949400546307,0.95762047379832915,0.98604511469972511,0.99083964039071093,0.98053035582384596,0.98016860008471418,0.90496677789692359,0.90687101624949751,0.91465269600788368,0.91428110943203833
42.737094837935174,0.93902873992919922,0.90937951137314432,0.90827218292321632,0.95248347400552413,0.95750445379839022,0.98243499527148914,0.98969374244869257,0.98054343667484622,0.98022699044157058,0.90074390362519186,0.90705145393508169,0.91462410085814427,0.91423859178835898
42.777110844337734,0.9390331506729126,0.91109340899593849,0.90806726728481424,0.95236743400558521,0.9573884137984513,0.98508631562179361,0.98860854971996015,0.98055521438789806,0.9802785977768147,0.91658985382179048,0.90735334466951123,0.91459810294321475,0.91419849549058219
42.817126850740294,0.9390375018119812,0.9027210397112333,0.90771046525328636,0.95225141400564628,0.95727239379851237,0.97449383480162721,0.98764552097331837,0.98056429057059169,0.98032413844448563,0.91904796443372105,0.90784554466907452,0.91458246579219182,0.91416092776966584
42.857142857142854,0.93904191255569458,0.90241884739597111,0.90719286896230766,0.95213539400570735,0.95715637379857343,0.97391810496405351,0.98671368145986482,0.9805657980976985,0.98036417016021293,0.91412780000444505,0.90832334466863984,0.91456677143731202,0.91412581647018354
42.897158863545421,0.93904626369476318,0.89764794152921057,0.90667330517309264,0.95201937400576842,0.9570403537986345,0.9827114522650332,0.98622011557999922,0.98057878193610992,0.9803995449772599,0.91105413112902578,0.90879628152828107,0.91454628655340764,0.9140930718925897
42.937174869947981,0.93905067443847656,0.90048498624712892,0.90615790517287964,0.95190335400582948,0.95692433379869557,0.98703970799504148,0.98584805838073586,0.98059089530026167,0.980431719574274,0.90355451290300459,0.90904651331748143,0.91452194165538181,0.91406252904843865
42.977190876350541,0.93905502557754517,0.90717993670867658,0.90579599023875224,0.95178733400589055,0.95680831379875664,0.9834902728029018,0.98558219824911319,0.98060369273610304,0.98046169532748084,0.89909044590005816,0.90914555513663464,0.91449283080280397,0.91403387278840609
43.017206882753101,0.93905937671661377,0.91091634744687178,0.90558944614972026,0.95167131400595162,0.95669229379881771,0.98530096240220444,0.98509274521857515,0.98061295306343033,0.98048945722930281,0.91707098462795134,0.90941354974113087,0.91447056763506129,0.9140070803736734
43.057222889155661,0.93906378746032715,0.90331457765548684,0.90518663064249094,0.95155529400601269,0.95657627379887877,0.97362552872029628,0.98476011970487964,0.98061810263185301,0.98051532760279025,0.91965993796501444,0.90984178112335146,0.91445616047339018,0.91398227396779408
43.09723889555822,0.93906813859939575,0.90112694040551811,0.90472043064226904,0.95143927400607375,0.95646025379893984,0.98701090668767544,0.98440727323349453,0.98061925756318624,0.98053930765821495,0.91257495376292919,0.91026737286493331,0.91444018168341357,0.91395946183437238
43.137254901960787,0.93907254934310913,0.89842999366892851,0.90425466724355152,0.95132323400613483,0.95634421379900092,0.98644068821138786,0.98435819536804781,0.980631412704007,0.98056176796008865,0.91109469834837042,0.9106759057561995,0.91441964547055388,0.91393858090493862
43.177270908363347,0.93907690048217773,0.90162873598656601,0.90378683015374783,0.9512072140061959,0.95622819379906199,0.98693368836772088,0.98427325711103741,0.98063735415524012,0.9805831174543953,0.90319597993792677,0.91075729275302642,0.91439493514511194,0.91391939695916091
43.217286914765907,0.93908131122589111,0.90909695216599229,0.90354783015348028,0.95109119400625697,0.95611217379912306,0.9832062895417949,0.98412247868043179,0.9806443504075939,0.98060382779458288,0.90138921516590254,0.91073054059211855,0.91436567544101854,0.91390142010484499
43.257302921168467,0.93908566236495972,0.91285002680767591,0.90343649051660901,0.95097517400631804,0.95599615379918412,0.98492127109295746,0.9840480576494357,0.980649595898481,0.98062355381137667,0.91694283045196545,0.91091128282566336,0.91434692389613259,0.91388430680556665
43.297318927571027,0.9390900731086731,0.90269255958527117,0.90304266892944307,0.9508591540063791,0.95588013379924519,0.97315872234555956,0.98385029687325609,0.9806475250549187,0.98064262246299405,0.91842159222810937,0.91107961050936037,0.91433279496836573,0.91386778304122007
43.337334933973587,0.9390944242477417,0.89708070225446246,0.90263772425096234,0.95074313400644017,0.95576411379930626,0.98828634236078516,0.98364302615850585,0.98064719726876537,0.98066084318193214,0.91084424505898431,0.91125225197607163,0.91431554668462733,0.9138515979494346
43.377350940376154,0.93909883499145508,0.90095090898866703,0.90221564702581725,0.95062711400650124,0.95564809379936733,0.98584658716952722,0.98366853570611323,0.98065607993847792,0.98067839432924064,0.9084354245147408,0.91131189920189837,0.91429549899292184,0.91383617491900571
43.417366946778714,0.93910318613052368,0.90404318411201623,0.90181318715099157,0.95051109400656231,0.95553207379942839,0.98194869171542842,0.98362373099291167,0.98066062041005575,0.98069532621083677,0.90272518510959598,0.91110033762689435,0.91426949926619983,0.91382086419110875
43.457382953181273,0.93910759687423706,0.91269641591551842,0.90188915734896935,0.95039505400662339,0.95541603379948947,0.98247736756524773,0.98317124236451714,0.980660351164654,0.98071121675005402,0.9087599025239621,0.91102727053584431,0.91424455632092394,0.91380549000748312
43.497398959583833,0.93910336494445801,0.90387418183263668,0.90196895734863314,0.95027903400668445,0.95530001379955054,0.95699206257303293,0.98303536360549149,0.98066085760573318,0.9807258810790882,0.91814664326872131,0.91138541928556172,0.91423816742860065,0.91379075085616401
43.537414965986393,0.9390292763710022,0.90055152066905753,0.90243459133589188,0.95016301400674552,0.95518399379961161,0.96354347106956084,0.98219883022716836,0.98062930047091401,0.9807360939120251,0.90748995139820088,0.91160970256690843,0.91422586441984843,0.91377653154114125
43.577430972388953,0.93895512819290161,0.90739050785275843,0.90233667344212987,0.95004699400680659,0.95506797379967268,0.98006297648829577,0.98211597556327834,0.98062641015075602,0.98074341690562228,0.90283792493714166,0.91153372633244079,0.91420583748600281,0.91376363447078446
43.61744697879152,0.9388810396194458,0.90925559252720267,0.90242892184091072,0.94993097400686766,0.95495195379973374,0.98344831534278832,0.98233458450721267,0.98062828046834516,0.98075143958131861,0.90821980287318671,0.91138745973523716,0.91418346949571794,0.91375105448754013
43.65746298519408,0.93880689144134521,0.90252852617893176,0.90249859067253912,0.94981495400692872,0.95483593379979481,0.97266560366532784,0.98267590232053004,0.98063315806512841,0.98076135459763769,0.91928515421398416,0.91158256912656421,0.91417218550847157,0.91373861469428008
43.69747899159664,0.93873274326324463,0.90109076458594495,0.90229656881083586,0.94969893400698979,0.95471991379985588,0.97296333569867532,0.98273153396935542,0.98063208608208408,0.9807726380910875,0.91550499436838573,0.91167903447792664,0.91416006301250574,0.9137262083884522
43.7374949979992,0.93865865468978882,0.89713875323461512,0.90202250791825478,0.94958291400705086,0.95460389379991695,0.98923500764538408,0.98304151059640721,0.98064184099718155,0.98078527320402586,0.91164692634307365,0.91172660026109353,0.91414284596860729,0.91371390480902803
43.777511004401759,0.93858450651168823,0.89987920790831288,0.90168896658581144,0.94946689400711193,0.95448787379997801,0.98737086376780125,0.98317218364937431,0.9806473574526744,0.98079900257147956,0.90469905814746299,0.91155663454334634,0.91412235622324289,0.91370138939045553
43.817527010804319,0.93851041793823242,0.90458260981694183,0.90158585194873497,0.94935085400717301,0.95437183380003909,0.98345566382450311,0.98328218740356377,0.98065397040387825,0.98081316144505537,0.90008162435208949,0.91132404392857691,0.91409642035299987,0.91368853086879132
43.857543017206886,0.93843626976013184,0.90932479317368942,0.90162269353773672,0.94923483400723407,0.95425581380010016,0.98441659633260981,0.98343353158696556,0.98066118850091266,0.98082781989211698,0.9171023510346612,0.91123011574182544,0.91407298015774852,0.91367533170237025
43.897559023609446,0.93836218118667603,0.90096702752804136,0.90162069252843779,0.94911881400729514,0.95413979380016123,0.9733664354779008,0.98338308557708964,0.98066074745291376,0.98084250954746433,0.91881155134543357,0.91142019699976462,0.91405997731265565,0.91366229258117082
43.937575030012006,0.93828803300857544,0.90084389643026463,0.9013884200828578,0.94900279400735621,0.9540237738002223,0.97322035477284485,0.98314429305149109,0.98065376413084193,0.98085651309771016,0.91376466663304978,0.91155295081705368,0.91404599079756144,0.9136493321908461
43.977591036414566,0.93821394443511963,0.89675015100526356,0.90107639757569047,0.94888677400741728,0.95390775380028336,0.9883453672623006,0.98309217084264411,0.98065587182367009,0.98086985654958192,0.91148376128264585,0.91153533890302074,0.91402730698571644,0.9136361300730943
44.017607042817126,0.93813979625701904,0.90157213931071789,0.90082273321066886,0.94877075400747835,0.95379173380034443,0.98567425342092563,0.98299649177200654,0.98065587869290505,0.98088259138648759,0.90418016816217706,0.91136511602688974,0.91400518775194484,0.91362313253676808
44.057623049219686,0.93806570768356323,0.90729785654936246,0.90085385344154867,0.94865473400753941,0.9536757138004055,0.98211515853104803,0.98275462882363018,0.98065541898067332,0.98089434711280932,0.89972285240486538,0.9111888026875552,0.91397862104400796,0.91360990300402434
44.097639055622246,0.93799155950546265,0.90916657698456782,0.9008827965379238,0.94853871400760048,0.95355969380046657,0.98434749689971113,0.98271403733911833,0.98065549492016768,0.98090490608029768,0.91710892304368619,0.91123888647473816,0.91395847601342084,0.91359678263433319
44.137655062024812,0.93791747093200684,0.89988023804052852,0.90079084770776086,0.94842269400766155,0.95344367380052764,0.97303936877964359,0.98251297596536735,0.98064783186764204,0.98091442508477877,0.91805493387005532,0.9113945336160465,0.91394553929415301,0.91358394592578862
44.177671068427372,0.93784332275390625,0.89738180384149624,0.90059602893227486,0.94830665400772263,0.95332763380058871,0.97319451656294442,0.98213128333875521,0.98063611857992683,0.98092264346319491,0.91181648417591665,0.91152291570267474,0.91393037808289068,0.91357108452250302
44.217687074829932,0.93776917457580566,0.89760055544729056,0.90038854982061023,0.94819063400778369,0.95321161380064978,0.98432065123667245,0.98210074858080731,0.98063254861313665,0.98092982387262595,0.91142443396481176,0.91134388619648221,0.91391176997287626,0.91355784037053789
44.257703081232492,0.93769508600234985,0.8985250688128319,0.9002491932867609,0.94807461400784476,0.95309559380071085,0.98635819557794446,0.98200054016788973,0.98062763874504155,0.98093641400209108,0.90291278609448922,0.9112186723776905,0.91388885604257886,0.91354433171967664
44.297719087635052,0.93762093782424927,0.90746182935968911,0.90033968293537137,0.94795859400790583,0.95297957380077192,0.98287128174232974,0.98188829239278719,0.98062326320771676,0.98094239550726314,0.90334080311862142,0.91109681248602437,0.91386165126489516,0.91353097619185608
44.337735094037612,0.93754684925079346,0.91349713162714341,0.9004684017425677,0.9478425740079669,0.95286355380083299,0.98337251930961733,0.9818482551544514,0.98061714450349968,0.98094758982734254,0.91831548415512521,0.91122436853894073,0.91384481600711442,0.91351799048388682
44.377751100440179,0.93747270107269287,0.89957065301171868,0.90036932351442533,0.94772655400802797,0.95274753380089405,0.97449021982271911,0.98114465656820915,0.98058911967186924,0.98095096388962311,0.91694725162167312,0.9113968940512216,0.91383233136230235,0.91350539259445973
44.417767106842739,0.93739861249923706,0.8953787420461673,0.90018838827928849,0.94761053400808903,0.95263151380095512,0.97537517851180688,0.98040939612922107,0.98056366897236735,0.98095035226806881,0.91096325816787205,0.91147154461402835,0.91381607589878688,0.91349286625139381
44.457783113245299,0.93732446432113647,0.90015643466634854,0.9000337961994529,0.9474945140081501,0.95251549380101619,0.98108394135105637,0.97982879612902507,0.98054361545628843,0.98094576798866606,0.90782482513078899,0.91154130319764759,0.91379829861203055,0.9134806388046115
44.497799119647858,0.93725031614303589,0.90163552273998682,0.89988488150966806,0.94737847400821118,0.95239945380107727,0.98258753552902023,0.97985817434435774,0.98053624620647817,0.98093967616135846,0.90190846362440802,0.91138014944213963,0.91377441627041911,0.91346877602058441
44.537815126050418,0.93717622756958008,0.907752326644503,0.90003555727551565,0.94726245400827225,0.95228343380113833,0.97319214608497195,0.97921854894299543,0.98051138286260042,0.9809310725916498,0.90727719754240321,0.91121065836030202,0.91374858155677929,0.91345683563655689
44.577831132452978,0.93710207939147949,0.91881546187250396,0.90030708963463524,0.94714643400833332,0.9521674138011994,0.9869407998016384,0.97908667157746354,0.98049345898233786,0.98091922096424211,0.91283568328460885,0.91134356323125598,0.91373821895866181,0.91344480735972877
44.617847138855545,0.93708276748657227,0.90083941232532583,0.90042332132149383,0.94703041400839438,0.95205139380126047,0.97950763276128572,0.97889572065966357,0.98047401357613839,0.9809091547534603,0.90773604326341595,0.91165557511100637,0.91373028354048325,0.91343343526914977
44.657863145258105,0.93700128793716431,0.90236491694468113,0.90066714205625709,0.94691439400845545,0.95193537380132154,0.97603233426773628,0.97791890370546641,0.98039564095688514,0.98089460217976321,0.90293548939839352,0.91169870721940849,0.91371525140029619,0.91342284186977662
44.697879151660665,0.93691980838775635,0.90853443938023359,0.90072877312885802,0.94679837400851652,0.95181935380138261,0.96943096794793771,0.97786497304614528,0.98036285761162423,0.98087586314381525,0.90788558634150118,0.91177268302263981,0.91369583106820274,0.91341370495385366
44.737895158063225,0.93683838844299316,0.89983485162702714,0.90081955206022957,0.94668235400857759,0.95170333380144367,0.97255436898646774,0.97791197304579647,0.98034984591853902,0.98085810820258568,0.91848940341213925,0.91202865602661165,0.91368739235607987,0.91340568716173498
44.777911164465785,0.93675690889358521,0.8982271182184578,0.90061220438534306,0.94656633400863865,0.95158731380150474,0.97543129957780605,0.97776057304548947,0.98034388678520645,0.98084090358613507,0.91488178867621339,0.91215469820913531,0.91367761011202631,0.91339791685476546
44.817927170868344,0.93667542934417725,0.89636112460382322,0.90031213566730806,0.94645031400869972,0.95147129380156581,0.99376706521907898,0.97757907434335078,0.98034207812412366,0.98082342817258117,0.91241979460440448,0.91215765207163435,0.91366244558746768,0.91339012329489677
44.857943177270911,0.93659394979476929,0.89906007100883145,0.89999985084730905,0.9463342740087608,0.95135525380162689,0.98664786798618531,0.97779636020831817,0.98035173811045728,0.98080603689892831,0.90482637588593662,0.912047900839834,0.91364337281987185,0.91338232433363964
44.897959183673471,0.9365125298500061,0.9031936280141668,0.8998827686574582,0.94621825400882187,0.95123923380168796,0.98688070818503526,0.97796936020793845,0.98035377965137616,0.98078897232604278,0.89958268937602481,0.91190718632489509,0.91361876697380684,0.91337428347108984
44.937975190076031,0.93643105030059814,0.90706534964868846,0.90005851384730917,0.94610223400888294,0.95112321380174902,0.97280362474527737,0.97797905487497871,0.98034864315653014,0.98077198279436739,0.9165551416650316,0.91169347473331808,0.91359681801082238,0.91336596058231012
44.977991196478591,0.93634957075119019,0.89981249169834621,0.9001386284268289,0.945986214008944,0.95100719380181009,0.97559930720410781,0.97751067411893633,0.98032885715889539,0.98075423081641189,0.91813738271054979,0.91175040296201582,0.91358529564272661,0.91335694360994657
45.018007202881151,0.936268150806427,0.8974370068090527,0.90005365714067376,0.94587019400900507,0.95089117380187116,0.97581324284112692,0.97702150583184522,0.98031276055987859,0.98073440435572645,0.91289817711588217,0.91184709131167052,0.9135725742201265,0.91334754406187468
45.058023209283711,0.93618667125701904,0.89637869744750198,0.89984438670112754,0.94575417400906614,0.95077515380193223,0.99382626790644246,0.97665601809759561,0.98029605907360173,0.98071222813212788,0.91215165663618769,0.91181509585392018,0.9135559924126343,0.91333795914986726
45.098039215686278,0.93610519170761108,0.89791771497768602,0.89969711097280403,0.94563815400912721,0.95065913380199329,0.99016304977162228,0.97652568083356961,0.98028455650888557,0.98068855090472917,0.90303586189986507,0.91165441895977872,0.91353584023001866,0.91332824264075818
45.138055222088838,0.9360237717628479,0.90481941903451635,0.8997387432365076,0.94552213400918828,0.95054311380205436,0.97253979054693684,0.97640524968017217,0.98027118829594273,0.98066361779006639,0.89921728567423909,0.91148207721225116,0.91351075179977437,0.91331834026646974
45.178071228491397,0.93594229221343994,0.9076358005121089,0.89984923540718265,0.94540609400924935,0.95042707380211544,0.97303687977777242,0.97602728689948093,0.98024700929523223,0.98063761325837351,0.91687621417866738,0.91144430867432158,0.91349201173938677,0.91330830839251731
45.218087234893957,0.93586081266403198,0.8992565232819576,0.89987082596561341,0.94529007400931042,0.95031105380217651,0.97558715850449862,0.97576322956040318,0.98022299283568004,0.98061049406310963,0.91796340370799911,0.91159907052508959,0.91348034615916984,0.9132983404787175
45.258103241296517,0.93577933311462402,0.89699144432777689,0.89969299388167501,0.94517405400937149,0.95019503380223758,0.97540611324934812,0.97574763197098191,0.98020114667677782,0.98058290708675155,0.91169998037956579,0.91177997093938512,0.91346656339245658,0.91328864385970199
45.298119247699077,0.93569791316986084,0.89696029797725652,0.89946297320189184,0.94505803400943256,0.95007901380229864,0.989780276841011,0.97587227269165999,0.98018366594483175,0.98055541136909863,0.91168958465619909,0.91181882964664107,0.91345001892695776,0.91327930694251913
45.338135254101644,0.93561643362045288,0.8970124711441787,0.89931904246656746,0.94494201400949362,0.94996299380235971,0.98773627294726385,0.97594895780296542,0.98017054102712087,0.98052807322083313,0.90272028597559562,0.91169058200307118,0.91342841790839524,0.91327006750988915
45.378151260504204,0.93553495407104492,0.90824939573656138,0.89949690023333395,0.94482599400955469,0.94984697380242078,0.97205028684561323,0.97564236735131216,0.98014622620916259,0.98050036229381254,0.91569223688005941,0.91140157840202807,0.91340317044258812,0.91326066363867953
45.418167266906764,0.93545353412628174,0.91087920209109563,0.89970202250161591,0.94470997400961576,0.94973095380248185,0.97164683149469189,0.9753295904566025,0.98011550870616759,0.98047150213917067,0.91736965256536573,0.91134334806117967,0.9133878337261736,0.9132504421778681
45.458183273309324,0.93537205457687378,0.90065277660625476,0.89955045383698995,0.94459395400967683,0.94961493380254292,0.97528539665859793,0.97531028557010557,0.98008986660481578,0.98044231408701443,0.91694563849218513,0.91152130124486286,0.9133764807011493,0.91324008344483421
45.498199279711883,0.93529057502746582,0.89543339964960955,0.89934201667513314,0.9444779340097379,0.94949891380260398,0.97727138310396788,0.97544247790356731,0.9800666764536331,0.98041342593577319,0.91162368532934013,0.91170401357388864,0.91336201411885276,0.91323038252297906
45.538215286114443,0.93520909547805786,0.89948854541452994,0.89921876423829294,0.94436189400979897,0.94938287380266506,0.98174601584877874,0.97560256630174957,0.98004889643991178,0.98038503205994065,0.90793475691811487,0.91181151628787382,0.91334604096084482,0.91322126059196818
45.57823129251701,0.93512767553329468,0.89995568007632187,0.89907237048216437,0.94424587400986004,0.94926685380272613,0.98295288544653348,0.97565236525474974,0.98002925504139782,0.98035669896636546,0.90177266201973849,0.91163304767935438,0.91332364424222301,0.91321237627730356
45.61824729891957,0.93504619598388672,0.90717496783563645,0.89920820607597074,0.94412985400992111,0.9491508338027872,0.97349556726545339,0.97543358762203003,0.98000356018404944,0.98032827434715319,0.903912806885936,0.9114788069718589,0.913299162731814,0.91320337729913903
45.65826330532213,0.93496471643447876,0.89895008924580744,0.89931258018653593,0.94401383400998218,0.94903481380284826,0.9630178175791565,0.97528627006133228,0.97997786499880835,0.98029971736289512,0.91665581289418607,0.91156776159236541,0.91328577860938698,0.91319433003038519
45.69827931172469,0.93489217758178711,0.91902385156012911,0.89958890043463002,0.94389781401004325,0.94891879380290933,0.99694552060852071,0.9752067167108267,0.97996165411812675,0.98027063175868034,0.91149565064442728,0.91151284579841307,0.91327273031649747,0.91318542783974277
45.73829531812725,0.93486940860748291,0.90436282807893187,0.89971103994554635,0.94378179401010431,0.9488027738029704,0.96513880274506092,0.97514736224171994,0.97992310239153413,0.98024271186029666,0.90345019719611808,0.9115841983427333,0.91326386023485395,0.91317631543576394
45.77831132452981,0.93480455875396729,0.90765791805673912,0.89991720690553367,0.94366577401016538,0.94868675380303147,0.9660352582523154,0.97459147424136272,0.97982708788692019,0.98021084067822872,0.90636040228342662,0.91162719834239581,0.91324782551587902,0.91316769468896763
45.81832733093237,0.93473964929580688,0.89931475605014821,0.90006351838756293,0.94354975401022645,0.94857073380309254,0.96699210168591954,0.97451933029232385,0.97978579780215402,0.9801778843685548,0.91866690740134871,0.91195287751492327,0.91324148038719122,0.91316049151263712
45.858343337334937,0.93467479944229126,0.89882150450688902,0.89992453035619857,0.94343373401028752,0.9484547138031536,0.97588643134852815,0.97483207259356974,0.97977467047682276,0.98014622012733921,0.91508528197383954,0.91221972120080463,0.9132337272317802,0.91315432418040088
45.898359343737496,0.93460994958877563,0.89600560779739791,0.89970325826361297,0.9433176940103486,0.94833867380321468,0.97756390008577576,0.97530644101585162,0.97976304097392841,0.98011710836414745,0.91227616633444164,0.91225370619133694,0.91322141661642453,0.91314854529971423
45.938375350140056,0.93454509973526001,0.89911266834784243,0.89951094964199874,0.94320167401040966,0.94822265380327575,0.93410764601225749,0.97503504101557892,0.97972052808785026,0.98008983423904983,0.90501116883061017,0.91214417367333656,0.913205891964053,0.91314265711543496
45.978391356542616,0.93448024988174438,0.90312454855970548,0.89936725129162376,0.94308565401047073,0.94810663380333682,0.92952248973197837,0.97387484101550426,0.97960450808791133,0.98005723701301239,0.90025195887690812,0.91187513058658731,0.91318335989668731,0.91313625393543907
46.018407362945176,0.93441534042358398,0.90666614311711702,0.89949742810433642,0.9429696340105318,0.94799061380339789,0.93073226316524948,0.97271464101542993,0.9794884880879724,0.98001811749621925,0.91638743594382288,0.91164353299657752,0.91316269519558213,0.91312899454281693
46.058423369347736,0.93435049057006836,0.89851010159769862,0.89951592294484728,0.94285361401059287,0.94787459380345895,0.9493166919458389,0.97155444101535526,0.97937246808803347,0.97997251341496427,0.917297898175921,0.91179117644744823,0.91315237649662551,0.91312137953927597
46.098439375750303,0.93428564071655273,0.89773519978747762,0.899284230602582,0.94273759401065393,0.94775857380352002,0.9514879312447605,0.97039424101528093,0.97925644808809453,0.97992046227733043,0.91264390011215435,0.91193129712306065,0.91314060487232096,0.91311376192155014
46.138455382152863,0.93422079086303711,0.89549629831077704,0.89904120651545627,0.942621574010715,0.94764255380358109,0.95150565056760505,0.96923404101520627,0.9791404280881556,0.97986200137443547,0.91164806150826894,0.91192088446252528,0.91312551395877795,0.91310625710589755
46.178471388555423,0.93415594100952148,0.89746942567583943,0.89886477031091461,0.94250555401077607,0.94752653380364216,0.9321575723081712,0.96807384101513194,0.97902440808821667,0.97979716778170933,0.903247122117248,0.91185303921587557,0.91310724868937221,0.91309877051610566
46.218487394957982,0.93409103155136108,0.90202879086231513,0.89895044097158738,0.94238951401083715,0.94741049380370324,0.92908815890546503,0.96691344101505761,0.97890836808827775,0.97972598554756829,0.89858738848196862,0.91171637956750573,0.91308363636267098,0.91309134092294608
46.258503401360542,0.93402618169784546,0.90507786102861965,0.89905896076123626,0.94227349401089822,0.9472944738037643,0.93050102303903104,0.96575324101498294,0.97879234808833881,0.9796485158621604,0.91624673520515298,0.91168073143643369,0.91306523787638327,0.91308395844595325
46.298519407763102,0.93396133184432983,0.89766593854497823,0.89904074883763707,0.94215747401095928,0.94717845380382537,0.94880437239402993,0.96459304101490861,0.97867632808839988,0.97956478343770215,0.91717798888398439,0.91184911719694095,0.91305484236163226,0.91307672495695058
46.338535414165669,0.93389648199081421,0.89561773272019862,0.89896141342160218,0.94204145401102035,0.94706243380388644,0.95060326886541935,0.96343284101483395,0.97856030808846095,0.9794748244991901,0.91111357793793302,0.91200445838046063,0.91304245712259235,0.91306977592192773
46.378551420568229,0.93383163213729858,0.89579121910451687,0.89868434377573081,0.94192543401108142,0.94694641380394751,0.93867449035019901,0.96227264101475962,0.97844428808852202,0.97937867506208143,0.9119516285796837,0.91204718997942669,0.91302781892767193,0.91306311568692722
46.418567426970789,0.93376678228378296,0.89600633494955007,0.89848098802938625,0.94180941401114249,0.94683039380400857,0.93240682806698072,0.96111244101468496,0.97832826808858309,0.97927637093352315,0.90265271377371215,0.91184385221388642,0.9130082191182235,0.91305632627183075
46.458583433373349,0.93370187282562256,0.90173102205597899,0.89846019937431998,0.94169339401120356,0.94671437380406964,0.93320733847829773,0.95995224101461063,0.97821224808864415,0.97916794771354088,0.90466231464245994,0.91170873576571188,0.9129841958468623,0.91304926304688583
46.498599439775909,0.93363702297210693,0.90942823056734345,0.89852522429250881,0.94157737401126462,0.94659835380413071,0.93298492838252689,0.9587920410145363,0.97809622808870522,0.97905363094548559,0.91786177655025925,0.91174134195379508,0.91296966805876911,0.91304224895025266
46.538615446178468,0.93357217311859131,0.8979062017352758,0.89841357257664944,0.94146135401132569,0.94648233380419178,0.92936479368485703,0.95763184101446164,0.97798020808876629,0.97893761094554665,0.91588151073997714,0.91185684086387475,0.91295914756904306,0.91303523225414485
46.578631452581035,0.93350732326507568,0.89302652602574495,0.89816386566597928,0.94134531401138677,0.94636629380425286,0.93991152428015401,0.9564714410143873,0.97786416808882737,0.97882157094560773,0.9116763808926126,0.91187267919848192,0.9129458316739395,0.91302810064519091
46.618647458983595,0.93344247341156006,0.89765515245472016,0.89791216631954074,0.94122929401144784,0.94625027380431392,0.94508947783940889,0.95531124101431264,0.97774814808888844,0.9787055509456688,0.90863377969622017,0.91199372122778777,0.91293155615653843,0.91302111859069168
46.658663465386155,0.93337756395339966,0.89719335024204461,0.89757858696792436,0.9411132740115089,0.94613425380437499,0.92796674503861931,0.95415104101423831,0.9776321280889495,0.97858953094572987,0.90211781198462004,0.91184569140687555,0.9129106291118626,0.91301444164500001
46.698679471788715,0.93331271409988403,0.90441924296674192,0.89755265020819075,0.94099725401156997,0.94601823380443606,0.92777787720615945,0.95299084101416365,0.97751610808901057,0.97847351094579094,0.90456630356515955,0.91168297834147138,0.91288696754786092,0.91300772566707544
46.738695478191275,0.93324786424636841,0.89925791699024926,0.89756450880426808,0.94088123401163104,0.94590221380449713,0.93335087091953328,0.95205300541438243,0.97740008808907164,0.978357490945852,0.91691301742920694,0.91181002689766011,0.91287521542112737,0.91300109347523128
46.778711484593835,0.93318301439285278,0.89440229789775461,0.89735264890757693,0.94076521401169211,0.9457861938045582,0.94533677795389115,0.95126121982990341,0.97728406808913271,0.97824147094591307,0.91462034220809463,0.91200265746139353,0.91286498243200798,0.91299478043305282
46.818727490996402,0.93313431739807129,0.89393698111634334,0.89753263463900002,0.94064919401175318,0.94567017380461926,0.93185438817548694,0.95052588385438386,0.97716804808919377,0.97812545094597414,0.91492623935543649,0.91159410696723042,0.91284866846021295,0.91298827455990639
46.858743497398962,0.93309319019317627,0.89334604880063517,0.89681891672212588,0.94053317401181424,0.94555415380468033,0.93538758559351498,0.94999325368779675,0.97705202808925484,0.97800943094603521,0.90446820139407846,0.91167535857202231,0.91283246198060075,0.91298173739041177
46.898759503801521,0.9330095648765564,0.89876569557920571,0.89628680799852178,0.94041713401187532,0.94543811380474141,0.94108787397401272,0.94942663404299665,0.97693598808931592,0.97789339094609629,0.91676311587790205,0.91186457187906944,0.91282337052204032,0.91297533737107683
46.938775510204081,0.9329259991645813,0.89329139119719292,0.89565877308719788,0.94030111401193639,0.94532209380480248,0.95060718015407397,0.94889283404278246,0.97681996808937699,0.97777737094615735,0.91440316718258929,0.9120930246949952,0.91281485017640074,0.91296959635115282
46.978791516606641,0.93284237384796143,0.89120664597676402,0.89496035050627343,0.94018509401199746,0.94520607380486354,0.95971941600430577,0.94863543404250161,0.97670394808943806,0.97766135094621842,0.91208085817532825,0.91212810012889078,0.91280262156949443,0.91296416679807668
47.018807523009201,0.93275874853134155,0.88901434283381853,0.89428046605575706,0.94006907401205853,0.94509005380492461,0.93916091243015831,0.94825843404224741,0.97658792808949912,0.97754533094627949,0.90490243195401598,0.9121122173709304,0.91278815371717237,0.91295877326943919
47.058823529411768,0.93267518281936646,0.8914080671229303,0.89363844412034843,0.93995305401211959,0.94497403380498568,0.93995893383960427,0.94769380081611687,0.97647190808956019,0.97742931094634056,0.9012463038423788,0.91195138439874834,0.91276683072829345,0.91295336414024408
47.098839535814328,0.93259155750274658,0.89689115792678253,0.8930437564922642,0.93983703401218066,0.94485801380504675,0.92953777931490111,0.94714200081590671,0.97635588808962126,0.97731329094640162,0.91610985818082491,0.91184805580269068,0.91274647151950472,0.91294796782242194
47.138855542216888,0.93250799179077148,0.8948978520894959,0.89282105663217237,0.93972101401224173,0.94474199380510782,0.93876320548832026,0.94660260081569025,0.97623986808968233,0.97719727094646269,0.9167615624939508,0.91202685884242052,0.91273665197066667,0.91294274415768828
47.178871548619448,0.93242436647415161,0.88938288778297114,0.89261634916218213,0.9396049940123028,0.94462597380516888,0.95365253320535914,0.94621220346990031,0.9761238480897434,0.97708125094652376,0.9121651591274571,0.91208226970904338,0.91272622433304262,0.91293722311480285
47.218887555022008,0.93234080076217651,0.88854714757601405,0.89216254702398179,0.93948897401236386,0.94450995380522995,0.96187743988853069,0.94602777565543061,0.97600782808980446,0.97696523094658483,0.91259801554005304,0.91213633815423667,0.91271333131569166,0.9129318439239571
47.258903561424567,0.93225717544555664,0.88651342419826618,0.89188752233129076,0.93937293401242494,0.94439391380529103,0.94071600524207499,0.94565301415006975,0.97589178808986554,0.97684919094664591,0.90415447758144329,0.91201245801906217,0.91269710262272796,0.9129264805289149
47.298919567827134,0.93217355012893677,0.89282801348818763,0.89153727443904351,0.93925691401248601,0.9442778938053521,0.93903089171336607,0.94515345536348194,0.97577576808992661,0.97673317094670697,0.90016096642468124,0.91178227804604939,0.91267501985442478,0.91292070837700756
47.338935574229694,0.93208998441696167,0.90622603427698289,0.89140064751869397,0.93914089401254708,0.94416187380541317,0.91559498345228596,0.94467605536325761,0.97565974808998768,0.97661715094676804,0.9165258066065658,0.91171565251339715,0.91265815743229706,0.91291461495782777
47.378951580632254,0.9320063591003418,0.89614200942195277,0.8914884110304131,0.93902487401260815,0.94404585380547423,0.94063807577872871,0.94419237140234857,0.97554372809004875,0.97650113094682911,0.91699319593931095,0.91194250892524731,0.91264978936000762,0.91290879527565993
47.418967587034814,0.93192273378372192,0.88989092475332565,0.89146775948105195,0.93890885401266921,0.9439298338055353,0.95650267739560801,0.94400845068196837,0.97542770809010981,0.97638511094689018,0.91098303394048341,0.91208635445090214,0.91263870208040032,0.91290337181862691
47.458983593437374,0.93183916807174683,0.891122478115144,0.89115175269424041,0.93879283401273028,0.94381381380559637,0.9626738019633958,0.9438955529664137,0.97531168809017088,0.97626909094695125,0.91207751242527924,0.91210113740286125,0.91262575770748688,0.91289789671434152
47.498999599839934,0.93175554275512695,0.88553758600998034,0.89093890559435052,0.93867681401279135,0.94369779380565744,0.93935878807891371,0.9435240001570927,0.97519566809023195,0.97615307094701231,0.90293136695636877,0.91194603776440819,0.91260807371661046,0.91289240893915424
47.539015606242494,0.93167197704315186,0.89043865211198914,0.8907889557182922,0.93856079401285242,0.9435817738057185,0.93607917254199513,0.94309545426307995,0.97507964809029302,0.97603705094707338,0.91072110950807195,0.91172385736147243,0.91258587088134124,0.91288666743283042
47.579031612645061,0.93158835172653198,0.90647199349247298,0.89079920697262205,0.93844477401291349,0.94346575380577957,0.91370725331887659,0.94267110874406679,0.97496362809035408,0.97592103094713445,0.91781905849159728,0.91172301415996815,0.91257246501107281,0.91288060688757455
47.61904761904762,0.93150472640991211,0.89336144018785724,0.89093554310716505,0.93832873401297456,0.94334971380584065,0.94486398612227374,0.94230487454246759,0.97484758809041516,0.97580499094719553,0.91573447697442867,0.91187101295644646,0.9125635538728144,0.91287453918612305
47.65906362545018,0.93142116069793701,0.88809413178517782,0.89086846929665553,0.93821271401303563,0.94323369380590172,0.95776448282037574,0.94228983315669179,0.97473156809047623,0.9756889709472566,0.91217268706506738,0.91193659893889145,0.91255196670624361,0.91286868603301874
47.69907963185274,0.93133753538131714,0.88883503923228235,0.89072383100561792,0.9380966940130967,0.94311767380596279,0.94420013376607204,0.9422604437515989,0.9746155480905373,0.97557295094731766,0.90891165618690128,0.91205732390247674,0.91253944551526278,0.91286313371413141
47.7390956382553,0.93125396966934204,0.88800117750171847,0.89049777257039564,0.93798067401315777,0.94300165380602385,0.94120213101228778,0.94205997440290457,0.97449952809059837,0.97545693094737873,0.90210478745764333,0.91176056519235882,0.91252065827018158,0.91285747473694212
47.77911164465786,0.93117034435272217,0.89154119656280018,0.89052462499137541,0.93786465401321883,0.94288563380608492,0.93411363146913817,0.94187388067100086,0.97438350809065943,0.9753409109474398,0.90467324807565597,0.9115275871950973,0.91249914743617799,0.91285097892858102
47.819127651060427,0.93108677864074707,0.89683868177979698,0.89077539782726678,0.9377486340132799,0.94276961380614599,0.93799392612429111,0.94171303763547276,0.9742674880907205,0.97522489094750087,0.91623956574076215,0.91154824782841071,0.9124888795837508,0.91284405051793815
47.859143657462987,0.9310031533241272,0.89407362512494892,0.89088026453147595,0.93763261401334097,0.94265359380620706,0.94814626844691141,0.94163084463212621,0.97415146809078157,0.97510887094756193,0.91473230534366468,0.91170836198619298,0.91247993433675545,0.91283704775680663
47.899159663865547,0.93091952800750732,0.88767832194613061,0.89077989622115528,0.93751659401340204,0.94253757380626813,0.96070778679494429,0.94169694825373051,0.97403544809084264,0.974992850947623,0.91239231165757295,0.91179083228737556,0.9124677169582317,0.91283041972517553
47.939175670268106,0.93086886405944824,0.88869366873468736,0.89130966803284073,0.93740055401346312,0.9424215338063292,0.95566092066756925,0.94158787848947134,0.97391940809090372,0.97487681094768408,0.91118981324262205,0.9115083653139795,0.91245362597797497,0.91282327025506127
47.979191676670666,0.93087255954742432,0.91932658923950539,0.89185106803239189,0.93728453401352418,0.94230551380639027,0.93771711355905107,0.94233604031188978,0.97380338809096478,0.97476079094774515,0.91457111188594431,0.91194648246730925,0.91246558256295651,0.91281736629611432
48.019207683073226,0.9308784008026123,0.92135788877674585,0.89301126803178121,0.93716851401358525,0.94218949380645134,0.91687444893794889,0.94136300565427189,0.97368736809102585,0.97464477094780622,0.91110210679490766,0.91208315220930114,0.91246286222145223,0.91281430953651288
48.059223689475793,0.93088430166244507,0.90715672843581807,0.89417146803117054,0.93705249401364632,0.94207347380651241,0.94313359646428985,0.9407504353529792,0.97357134809108692,0.97452875094786728,0.90044780474585084,0.91095131242236871,0.91239957481738354,0.91280675196881722
48.099239695878353,0.93089014291763306,0.90328549156939786,0.89533126803056007,0.93693647401370739,0.94195745380657347,0.97699415570508275,0.94084378934589852,0.97345532809114799,0.97441273094792835,0.90127426475350303,0.90995447119740425,0.91233831564579937,0.91279313091648273
48.139255702280913,0.93089598417282104,0.89975025959331822,0.89648506802995276,0.93682045401376846,0.94184143380663454,0.94615180754278982,0.94188478934535058,0.97333930809120905,0.97429671094798942,0.90284808167836206,0.90897467119733322,0.9122865986596479,0.91277387768802132
48.179271708683473,0.93090188503265381,0.89821863477668185,0.89762850033417085,0.93670443401382952,0.94172541380669561,0.94196726203986503,0.94218036279288353,0.97322328809127012,0.97418069094805049,0.90467952135699792,0.90800167119727093,0.91224278535659364,0.91274907874226252
48.219287715086033,0.9309077262878418,0.8999537410039159,0.89871164903167133,0.93658841401389059,0.94160939380675668,0.9549865789463392,0.94320493014670359,0.97310726809133119,0.97406467094811156,0.90859357095009496,0.90742066643688868,0.91221382803375251,0.91271919118480349
48.259303721488592,0.93091356754302979,0.9027863622129082,0.89980642776379605,0.93647239401395166,0.94149337380681775,0.96174279673969199,0.94436513014609291,0.97299124809139226,0.97394865094817262,0.93069296697051651,0.90857180182023134,0.91221837751946999,0.91269185241403572
48.299319727891159,0.93091946840286255,0.91011435921898032,0.90096280551586116,0.93635635401401274,0.94137733380687882,0.96323246435956744,0.94552513014548234,0.97287520809145334,0.9738326109482337,0.92971063085790051,0.90973220181962056,0.91227276795566081,0.91267137748114369
48.339335734293719,0.93092530965805054,0.90652059149464659,0.90212300551525049,0.93624033401407381,0.94126131380693989,0.95379470262176047,0.94623893014500671,0.9727591880915144,0.97371659094829477,0.91575831544352815,0.91077422619069903,0.912330311631389,0.91265722602418342
48.379351740696279,0.93093115091323853,0.90373584113567584,0.90327801302423549,0.93612431401413487,0.94114529380700096,0.94911697917665483,0.94727142028781719,0.97264316809157547,0.97360057094835584,0.90758685865855016,0.91109963865477617,0.91233161774757898,0.91264878182887033
48.419367747098839,0.93093699216842651,0.90334942036278099,0.90278732085604863,0.93600829401419594,0.94102927380706203,0.94208560815264264,0.94661338633404846,0.97252714809163654,0.9734845509484169,0.90441646175939128,0.9099394386547015,0.91229464145168448,0.91263646201741633
48.459383753501399,0.93094289302825928,0.90165085353119623,0.90226528383585014,0.93589227401425701,0.9409132538071231,0.92357549385649151,0.94545318633397379,0.97241112809169761,0.97336853094847797,0.90139023084002456,0.90877923865462718,0.91223680220326209,0.9126175026263893
48.499399759903959,0.93094873428344727,0.90289573801580536,0.90258680990057605,0.93577625401431808,0.94079723380718416,0.93459359399662234,0.94429298633389946,0.97229510809175868,0.97325251094853904,0.89994474732776142,0.90761903865455285,0.91216631057190145,0.91259194206051086
48.539415766306526,0.93095457553863525,0.90468956177933157,0.90332859284972455,0.93566023401437914,0.94068121380724523,0.93256802056911148,0.94313278633382513,0.97217908809181974,0.97313649094860011,0.89728081334227761,0.90653563865447495,0.91208828823086252,0.91255988644696961
48.579431772709086,0.93096047639846802,0.92481567904861339,0.90448679284911493,0.93554421401444021,0.9405651938073063,0.93077582069799436,0.94197258633375047,0.97206306809188081,0.97302047094866118,0.91295857985337492,0.90627583865421002,0.91203757314630274,0.9125231331869289
48.619447779111646,0.93096631765365601,0.92909042476350578,0.90564699284850425,0.93542819401450128,0.94044917380736737,0.93000612650032,0.94081238633367614,0.97194704809194188,0.97290445094872224,0.91153370855123528,0.90743603865359934,0.91203671696824307,0.91249035676846735
48.659463785514205,0.93097215890884399,0.90910531441574283,0.90672848852400767,0.93531215401456236,0.94033313380742845,0.93435133114783164,0.93986214776253918,0.97183100809200296,0.97278841094878332,0.89822550976684179,0.90683683865339715,0.91197717603333528,0.91246058202074898
48.699479791916765,0.93097805976867676,0.90295015323519678,0.9068717364823724,0.93519613401462343,0.94021711380748951,0.93777619772251586,0.93895034776241171,0.97171498809206402,0.97267239094884439,0.90273707447137741,0.90613365441573079,0.9119188000620031,0.91242578022493814
48.739495798319325,0.93098390102386475,0.90397440763761827,0.90571833648229827,0.93508011401468449,0.94010109380755058,0.94542484121056991,0.93841430994790664,0.97159896809212509,0.97255637094890546,0.9146465107531212,0.90524985441559824,0.91186895175275828,0.91238614930380924
48.779511804721892,0.93098974227905273,0.90189996373934589,0.90462253648221647,0.93496409401474556,0.93998507380761165,0.95326958248889992,0.93871984572417499,0.97148294809218616,0.97244035094896653,0.90775647623692979,0.90577590201389635,0.91184166564122715,0.91234688898417704
48.819527811124452,0.93099558353424072,0.9034357696808577,0.90465985741523824,0.93484807401480663,0.93986905380767272,0.95082324922126837,0.93943135358729091,0.97136692809224723,0.97232433094902759,0.90976213390026273,0.9066194654056523,0.9118519310343014,0.91231074533180978
48.859543817527012,0.93100148439407349,0.9021608295739566,0.90350405741516393,0.9347320540148677,0.93975303380773378,0.95397343666088785,0.94059155358668023,0.9712509080923083,0.97220831094908866,0.90882980480177267,0.9077728654050452,0.91183741443826349,0.9122811773251871
48.899559823929572,0.93100732564926147,0.89951835865277119,0.90283116973048616,0.93461603401492876,0.93963701380779485,0.96554551750319451,0.94064720114473066,0.97113488809236936,0.97209229094914973,0.90375866340153321,0.90698146540488966,0.91179453544710354,0.91225350961957963
48.939575830332132,0.93101316690444946,0.90163655287220246,0.90211140016480573,0.93450001401498983,0.93952099380785592,0.94931035091726235,0.94110700386338042,0.97101886809243043,0.9719762709492108,0.89950926211155546,0.90586602441096675,0.91173136774716679,0.91221977761830986
48.979591836734691,0.93101906776428223,0.91329892206964947,0.90136152267170844,0.93438397401505091,0.939404953807917,0.95587029313449134,0.9417755217797994,0.97090282809249151,0.97186023094927187,0.91307084171662789,0.90482642441086703,0.91166290512239889,0.91217971351526239
49.019607843137258,0.93102490901947021,0.89838890957232787,0.90166155963048511,0.93426795401511198,0.93928893380797807,0.94939165831171957,0.9424471523796738,0.97078680809255258,0.97174421094933294,0.9037172597446762,0.90534917716221397,0.91165528012228914,0.91214002927171278
49.059623849539818,0.9310307502746582,0.89766769582934602,0.90050135963041078,0.93415193401517305,0.93917291380803913,0.95063491474635231,0.94360735237906312,0.97067078809261365,0.97162819094939401,0.90341841257065203,0.90428512017527574,0.91160708767186494,0.91209753872469479
49.099639855942378,0.93103659152984619,0.89678432715641809,0.89934115963033612,0.93403591401523411,0.9390568938081002,0.94537043874110083,0.94449166437824061,0.97055476809267471,0.97151217094945508,0.90261250502758694,0.90385112006355806,0.91156106169744067,0.91205059181405823
49.139655862344938,0.93104249238967896,0.8983730940130169,0.89845002865170864,0.93391989401529518,0.93894087380816127,0.949232599239764,0.94565106437763036,0.97043874809273578,0.97139615094951615,0.90553806471779907,0.90418347976630931,0.91152025199258846,0.91200388689680489
49.179671868747498,0.93104833364486694,0.89884586410398848,0.89854691722200575,0.93380387401535625,0.93882485380822234,0.9767393885849871,0.94681126437701968,0.97032272809279685,0.97128013094957721,0.9063270045284727,0.90505481509235075,0.9114874661475233,0.91196109958584481
49.219687875150058,0.93105417490005493,0.89843890128279325,0.89921137209936342,0.93368785401541732,0.9387088338082834,0.95556432369018951,0.947971464376409,0.97020670809285792,0.97116411094963828,0.90124098648962225,0.90538798044209745,0.91145788728683341,0.9119234205785347
49.259703881552618,0.9310600757598877,0.90026272007259878,0.89855117292243136,0.93357183401547839,0.93859281380834447,0.95200842894557469,0.94850761629149538,0.97009068809291898,0.97104809094969935,0.8950907809530273,0.90422778044202312,0.91138216130486172,0.91188225898046515
49.299719887955185,0.93106591701507568,0.92725285067882068,0.89943288360849394,0.93345581401553945,0.93847679380840554,0.94573146253631424,0.94924297415637415,0.96997466809298005,0.97093207094976042,0.89831476959850753,0.90312198044193981,0.91130208707148108,0.91183480290505592
49.339735894357744,0.93107175827026367,0.92484506811476586,0.90059328360788315,0.93333977401560053,0.93836075380846662,0.98770421223268567,0.94994897415600277,0.96985862809304113,0.9708160309498215,0.89908100610527686,0.90196158044186547,0.91122607810173661,0.91178103705182834
49.379751900760304,0.93107765913009644,0.92412318781564451,0.90175348360727248,0.9332237540156616,0.93824473380852769,0.98949184893370568,0.95085357415552663,0.9697426080931022,0.97070001094988256,0.89814192576115215,0.90080498044179103,0.91115055239042841,0.91172088930803652
49.419767907162864,0.93108350038528442,0.92409446530563166,0.9029136836066618,0.93310773401572267,0.93812871380858875,0.97907051662315459,0.95184617415500417,0.96962658809316327,0.97058399094994363,0.89721688561812607,0.89964725324547712,0.91107540493843964,0.91165439262865922
49.459783913565424,0.93108934164047241,0.90914585314822938,0.90407388360605112,0.93299171401578374,0.93801269380864982,0.93943896949633388,0.95269477415455639,0.96951056809322433,0.9704679709500047,0.89863984506309491,0.89877978246774493,0.91100156092091533,0.91158212515286463
49.499799919967984,0.9310951828956604,0.92096698389891218,0.90523408360544044,0.9328756940158448,0.93789667380871089,0.97346386212257108,0.95356066199193323,0.9693945480932854,0.97035195095006577,0.90021276580490495,0.89823317037060468,0.91092709370803537,0.91150669858705846
49.539815926370551,0.93110108375549316,0.90652222758698919,0.90635869295473048,0.93275967401590587,0.93778065380877196,0.93941905748136478,0.95366456617004047,0.96927852809334647,0.97023593095012683,0.89947658130304053,0.89897607580943428,0.91085951231225448,0.91143194239394176
49.579831932773111,0.93110692501068115,0.90432513735904152,0.90580781724901083,0.93264365401596694,0.93766463380883303,0.93728396797152391,0.95338422520689248,0.96916250809340754,0.9701199109501879,0.90842228049669094,0.90009943947676141,0.91080933719670387,0.91136316261355099
49.619847939175671,0.93111276626586914,0.9077788071020465,0.90479317669557502,0.93252763401602801,0.93754861380889409,0.95001953866468847,0.95330171587964008,0.96904648809346861,0.97000389095024897,0.90070978892379883,0.90089312747154582,0.9107635810624527,0.91130119579632385
49.65986394557823,0.9311186671257019,0.91427954734293748,0.90521389533193197,0.93241159401608908,0.93743257380895517,0.92253432066901531,0.95331891587930129,0.96893044809352968,0.96988785095031005,0.9177448545351522,0.90183374825092133,0.91075706819653135,0.91124405716868362
49.69987995198079,0.93112450838088989,0.90643999879777504,0.90520155719336004,0.93229557401615015,0.93731655380901624,0.94195274286228348,0.9533056929968472,0.96881442809359075,0.96977183095037112,0.91585378881099933,0.90271823977158472,0.91075863196803808,0.91119245602036636
49.73989595838335,0.93113034963607788,0.90033095118288253,0.90485638337110308,0.93217955401621122,0.93720053380907731,0.96770543776979745,0.95341589299649177,0.96869840809365182,0.96965581095043218,0.91108621448217464,0.90355336037364542,0.91075784148075412,0.91114588105921068
49.779911964785917,0.93113625049591064,0.90485268624548065,0.90433766110771197,0.93206353401627229,0.93708451380913838,0.95053529540955761,0.95370173828232718,0.96858238809371289,0.96953979095049325,0.91148680830501194,0.90433392240844213,0.91075559367200443,0.9111039131258678
49.819927971188477,0.93114209175109863,0.90021151644187958,0.90379753936341345,0.93194751401633336,0.93696849380919944,0.96305781939494262,0.95396350860679968,0.96846636809377395,0.96942377095055432,0.90364646128381687,0.90490226992848133,0.91074885299095654,0.91106604356442367
49.859943977591037,0.93114793300628662,0.90080553915423467,0.90324733936321544,0.93183149401639442,0.93685247380926051,0.94714337847869123,0.9540441379005703,0.96835034809383502,0.96930775095061539,0.90419283421593422,0.9051690688242251,0.9107379070470385,0.91103136683699293
49.899959983993597,0.93115377426147461,0.91372509382686595,0.90279589153538709,0.93171547401645549,0.93673645380932158,0.91591476093077773,0.95365213038823027,0.96823432809389609,0.96919173095067646,0.91878717516650477,0.90562526876999039,0.91073629615932494,0.91099947541909709
49.939975990396157,0.93115967512130737,0.90320065715163833,0.9024711266561477,0.93159945401651656,0.93662043380938265,0.94637617328288803,0.952949535262684,0.96811830809395716,0.96907571095073752,0.91573680705035565,0.90613864456413262,0.91073775878040808,0.9109702872960489
49.979991996798717,0.93116551637649536,0.8988522266853205,0.90202461318149363,0.93148343401657763,0.93650441380944371,0.96189741116544902,0.95249498943307453,0.96800228809401823,0.96895969095079859,0.91020693942017672,0.90667360226384308,0.9107359609588942,0.910943723813882
50.020008003201283,0.93117135763168335,0.89468831107762969,0.90150431614074389,0.93136739401663871,0.93638837380950479,0.94872940602814926,0.95200284183860906,0.9678862480940793,0.96884365095085967,0.90873307677803317,0.90715872978943324,0.91073214452798901,0.91091971415001505
50.060024009603843,0.93117725849151611,0.89654097356947349,0.90089509637684007,0.93125137401669977,0.93627235380956586,0.94412848606935285,0.95129824183844103,0.96777022809414037,0.96872763095092074,0.9026505031888582,0.90732580933356199,0.91072345719776926,0.91089791565514278
50.100040016006403,0.9311830997467041,0.89677741921097198,0.90034838752980118,0.93113535401676084,0.93615633380962693,0.91403396444543794,0.95058186390466892,0.96765420809420144,0.96861161095098181,0.90444113666600312,0.90743968480609893,0.91071186776255919,0.91087800765127924
50.140056022408963,0.93118894100189209,0.9025865771590843,0.90005805986200427,0.93101933401682191,0.936040313809688,0.93970985586664257,0.94991126390449021,0.96753818809426251,0.96849559095104287,0.91613268097580236,0.90783744136444167,0.91071240144573462,0.9108600355980242
50.180072028811523,0.93119478225708008,0.89940419576487185,0.89978208499861168,0.93090331401688298,0.93592429380974906,0.94922862868916003,0.94926662201679446,0.96742216809432358,0.96837957095110394,0.91429729809175142,0.90827346544269094,0.9107133952468196,0.91084411237707186
50.220088035214083,0.93120068311691284,0.89594228496414163,0.89929012176430734,0.93078729401694404,0.93580827380981013,0.96332135728353652,0.94893602201654081,0.96730614809438464,0.96826355095116501,0.91083098154986131,0.90869293468123979,0.91071017731900594,0.91083012978480815
50.26010404161665,0.93120652437210083,0.89113580923793478,0.89895129701310672,0.93067127401700511,0.9356922538098712,0.94715570496414836,0.94847968868010835,0.96719012809444571,0.96814753095122608,0.90640365805191792,0.90902749540997441,0.9107059365632596,0.91081798982770634
50.30012004801921,0.93121236562728882,0.89605729619621854,0.89853363359221816,0.93055525401706618,0.93557623380993227,0.94422123102002742,0.94790932783964166,0.96707410809450678,0.96803151095128714,0.90200937383570889,0.90908143287849985,0.91069671112884099,0.91080740948827688
50.34013605442177,0.93121826648712158,0.89561112775481588,0.89809067504643003,0.93043923401712725,0.93546021380999334,0.91392207788513546,0.94738929083150791,0.96695808809456785,0.96791549095134821,0.91162452176685238,0.90914177035398214,0.91068677642024931,0.91079826305648282
50.380152060824329,0.93122410774230957,0.90012801513639917,0.89802529896323069,0.93032319401718833,0.93534417381005441,0.93789187704757448,0.9468861215284794,0.96684204809462893,0.96779945095140929,0.91646050473507279,0.90952152214367676,0.91068904696894781,0.91079059795648398
50.420168067226889,0.93122994899749756,0.89711112145283056,0.8978550456900839,0.93020717401724939,0.93522815381011548,0.95338135052530382,0.94652350714042521,0.96672602809468999,0.96768343095147036,0.91312742073977882,0.9098948813130856,0.91068990681676543,0.91078450171464331
50.460184073629449,0.93123584985733032,0.89627574482194949,0.89740321288568192,0.93009115401731046,0.93511213381017655,0.95591948055242093,0.94652123771985197,0.96661000809475106,0.96756741095153143,0.9110090232489001,0.91023485607933585,0.91068687297964557,0.9107798727772255
50.500200080032016,0.93124169111251831,0.88948517385238413,0.89697414014073296,0.92997513401737153,0.93499611381023762,0.94596400642541767,0.94632218855374906,0.96649398809481213,0.96745139095159249,0.9049788464953149,0.91036931877770355,0.91068184767341576,0.91077649308470665
50.540216086434576,0.9312475323677063,0.89515477918328201,0.89647268247290546,0.9298591140174326,0.93488009381029868,0.94224134855543662,0.94593454493646201,0.9663779680948732,0.96733537095165356,0.90066713061067349,0.91032291776028962,0.91067119785059714,0.91077395654550752
50.580232092837136,0.93125337362289429,0.90876064429558823,0.89604474417410906,0.92974309401749367,0.93476407381035975,0.91236384418990513,0.94556124070727654,0.96626194809493426,0.96721935095171463,0.91766324213216999,0.91037839252328312,0.9106637095148612,0.91077218580925567
50.620248099239696,0.93125927448272705,0.89604523758969412,0.89593216618359706,0.92962707401755473,0.93464805381042082,0.94459487761044447,0.94520429271949657,0.96614592809499533,0.9671033309517757,0.9153874151523762,0.91066233229938542,0.91066497881427966,0.91077131329133665
50.660264105642256,0.93126511573791504,0.89346663486587918,0.89576554962238619,0.9295110540176158,0.93453203381048189,0.95676870428607308,0.94505562707126378,0.9660299080950564,0.96698731095183676,0.91087184749688899,0.91091295664930849,0.91066383801291584,0.91077121445351672
50.700280112044815,0.93126899003982544,0.89431025255448549,0.89593077137478716,0.92939501401767688,0.93441599381054297,0.94715706798898247,0.94496353215621975,0.96591386809511748,0.96687127095189784,0.91258170500856395,0.91061888557071557,0.91065673821833748,0.91077101708377517
50.740296118447382,0.93121868371963501,0.91056373924905532,0.89617752321288413,0.92927899401773795,0.93429997381060403,0.92857998769010797,0.94520643415618544,0.96579784809517855,0.96675525095195891,0.91680577419102749,0.91074010194182242,0.91065130490781843,0.9107717338077912
50.780312124849942,0.93113201856613159,0.89834158408642051,0.89621401312644156,0.92916297401779901,0.9341839538106651,0.94303166591147192,0.94509770300582807,0.96568182809523961,0.96663923095201998,0.91467405344548924,0.91109016335220372,0.91065146834176169,0.91077304417303695
50.820328131252502,0.9310452938079834,0.89341094713022129,0.89597534251229349,0.92904695401786008,0.93406793381072617,0.95932147201467044,0.94510919657658432,0.96556580809530068,0.96652321095208105,0.9118776038598484,0.9113426106557152,0.91064816326387088,0.9107755329236934
50.860344137655062,0.93095862865447998,0.8927415429780855,0.89564176855086486,0.92893093401792115,0.93395191381078724,0.95211972288638413,0.94500551381544096,0.96544978809536175,0.96640719095214211,0.9113980264376389,0.91163903766397081,0.9106454851808844,0.91077897804916463
50.900360144057622,0.93087190389633179,0.89245407549390587,0.89523227641708902,0.92881491401798222,0.93383589381084831,0.94314112273185258,0.94491335252075159,0.96533376809542282,0.96629117095220318,0.90237429957320181,0.91156839011719026,0.91063659245358342,0.91078317109530349
50.940376150460182,0.93078523874282837,0.89481271469167289,0.89491172986701173,0.92869889401804329,0.93371987381090937,0.93626519580088796,0.94455978480995584,0.96521774809548389,0.96617515095226425,0.90356132389417587,0.91148394950984957,0.91062381318071517,0.91078781949486598
50.980392156862742,0.93069851398468018,0.90999710593443406,0.89482602257200594,0.92858287401810435,0.93360385381097044,0.91179718143057642,0.9443507726754593,0.96510172809554495,0.96605913095232532,0.91781332292008455,0.91160610643542728,0.91062152793966145,0.91079283610590811
51.020408163265309,0.93061184883117676,0.89655521363245461,0.89485182105940786,0.92846685401816542,0.93348783381103151,0.94762861531966436,0.9442344165992953,0.96498570809560602,0.96594311095238639,0.91410700855771165,0.9118029463088837,0.91062105917411051,0.91079822092004492
51.060424169667868,0.93052512407302856,0.89134026018473533,0.89459247870942094,0.9283508140182265,0.93337179381109259,0.96144186456108172,0.94432934714726779,0.9648696680956671,0.96582707095244746,0.91219783993597192,0.91186788262545759,0.91061819796905152,0.91080390884797424
51.100440176070428,0.93043845891952515,0.8900012700924258,0.8941742605987566,0.92823479401828757,0.93325577381115365,0.94208365250831538,0.94444191588274751,0.96475364809572817,0.96571105095250853,0.90728717504701373,0.91199412044691364,0.91061459713155912,0.91080992266459881
51.140456182472988,0.93035173416137695,0.89152126047462665,0.89369512967901077,0.92811877401834864,0.93313975381121472,0.94155450256290152,0.9440162049088936,0.96463762809578923,0.9655950309525696,0.90156886999442931,0.91187652543336362,0.91060390037052974,0.91081612595943295
51.180472188875548,0.93026506900787354,0.89456572534396717,0.89332505871812351,0.9280027540184097,0.93302373381127579,0.91340246911356093,0.94382295521922666,0.9645216080958503,0.96547901095263067,0.90547485394008664,0.91176285227541465,0.91059124892221122,0.91082249961377848
51.220488195278108,0.93017834424972534,0.89613013260346641,0.89319589931080778,0.92788673401847077,0.93290771381133686,0.94324216435543096,0.94350656539906674,0.96440558809591137,0.96536299095269174,0.91473314178117693,0.91194773992823919,0.91059091895255539,0.91082914056583286
51.260504201680675,0.93009167909622192,0.89295708299520749,0.89301296412498576,0.92777071401853184,0.93279169381139793,0.94271550341188826,0.94299563754459315,0.96428956809597244,0.9652469709527528,0.91232736825929939,0.91214165927727886,0.91058878066903148,0.91083606357545721
51.300520208083235,0.93000495433807373,0.88949626292270556,0.89257679431425174,0.92765469401859291,0.93267567381145899,0.96308342055704577,0.94322565904944788,0.96417354809603351,0.96513095095281387,0.9129263770091528,0.91217975151802944,0.91058519028780305,0.91084317322392272
51.340536214485795,0.92991828918457031,0.88838893138689234,0.89222936143711917,0.92753867401865397,0.93255965381152006,0.94317033887286383,0.9433965747498877,0.96405752809609457,0.96501493095287494,0.9048324699306689,0.9122237464296693,0.91058007570821375,0.91085053913885561
51.380552220888354,0.92983156442642212,0.89176715909410409,0.89187389158568742,0.92742263401871505,0.93244361381158114,0.94054906433086094,0.94318635493351766,0.96394148809615565,0.96489889095293602,0.89995245450198147,0.91208921205446125,0.91056863112821707,0.91085799558094627
51.420568227290914,0.92974483966827393,0.9073552409733755,0.89164669715386591,0.92730661401877612,0.93232759381164221,0.91536546192259749,0.94298946982463805,0.96382546809621672,0.96478287095299708,0.91659230338879072,0.91201732095597876,0.91055847544563051,0.91086550630610175
51.460584233693474,0.92965817451477051,0.89462819983304576,0.8916914692155129,0.92719059401883719,0.93221157381170328,0.94452062238795553,0.94272659628960231,0.96370944809627779,0.96466685095305815,0.91469681649493007,0.91216299377486965,0.91055850878381284,0.91087309226455326
51.500600240096041,0.92957144975662231,0.89120052577948283,0.89176702614776382,0.92707457401889826,0.93209555381176434,0.95411720614992068,0.9429696704232291,0.96359342809633886,0.96455083095311922,0.91083438704544695,0.91224668530721909,0.91055670078122641,0.91088071467405585
51.540616246498601,0.9294847846031189,0.89042023092413281,0.89157868454078892,0.92695855401895932,0.93197953381182541,0.93039790724722682,0.9431594704228714,0.96347740809639992,0.96443481095318029,0.91242499246608777,0.91225796296795769,0.91055371267515051,0.91088811923184365
51.580632252901161,0.9293980598449707,0.88637441694516583,0.89125043608568311,0.92684253401902039,0.93186351381188648,0.93739437298309369,0.94281563450414763,0.96336138809646099,0.96431879095324136,0.90375167317375216,0.91218467953606375,0.91054756342724341,0.91089535192862991
51.620648259303721,0.92931139469146729,0.8930355548316351,0.8910637037832585,0.92672651401908146,0.93174749381194755,0.90747858539830606,0.94234663450393208,0.96324536809652206,0.96420277095330242,0.89918107987906548,0.91200813043647544,0.91053555982950352,0.9109023897691122
51.660664265706281,0.92922466993331909,0.90669038152219117,0.8909871200222983,0.92661049401914253,0.93163147381200861,0.92783198336588202,0.94187003450371665,0.96312934809658313,0.96408675095336349,0.91690381661657205,0.91198553633880719,0.91052873674587254,0.91090929521159647
51.700680272108841,0.92913800477981567,0.89393970793691413,0.89104554786635015,0.9264944740192036,0.93151545381206968,0.94972601422974223,0.94148174401302498,0.96301332809664419,0.96397073095342456,0.91452062690752556,0.91216767428122436,0.91052888063985493,0.91091638041873191
51.740696278511408,0.92905128002166748,0.89001363167901359,0.89102457031229476,0.92637843401926467,0.93139941381213076,0.96976639058104808,0.94138374401273239,0.96289728809670527,0.96385469095348564,0.91175225772408219,0.91218781353181544,0.91052635741791121,0.9109236213787435
51.780712284913967,0.92896461486816406,0.89269973172933259,0.89077617083231564,0.92626241401932574,0.93128339381219183,0.93991662080779492,0.94123709398222632,0.96278126809676634,0.96373867095354671,0.91268177878235246,0.91233222272462311,0.910523691429584,0.91093088877006478
51.820728291316527,0.92891967296600342,0.88711265816771223,0.89130426272905172,0.92614639401938681,0.9311673738122529,0.95712919472374269,0.94108652462491427,0.96266524809682741,0.96362265095360777,0.91273118834111255,0.91186910259441123,0.91051686871821125,0.91093708580175248
51.860744297719087,0.92886954545974731,0.89575583103310863,0.89200624387070993,0.92603037401944788,0.93105135381231396,0.94510322661164947,0.94059466451577745,0.96254922809688848,0.96350663095366884,0.91405927187397606,0.91192530259406523,0.91051559864799481,0.91094303306580127
51.900760304121647,0.92880040407180786,0.89287600553023438,0.89246249806216349,0.92591435401950895,0.93093533381237503,0.96190831536412258,0.94046126451550394,0.96243320809694954,0.96339061095372991,0.91165714282983057,0.91192413667610106,0.91051275918765995,0.91094850829585106
51.940776310524207,0.92873132228851318,0.891657965079245,0.89261268413121131,0.92579833401957001,0.9308193138124361,0.95492619101998943,0.94027666451523473,0.96231718809701061,0.96327459095379098,0.91156364106506693,0.9120749155714627,0.91050991585757901,0.9109540983871971
51.980792316926774,0.92866224050521851,0.8932821806032647,0.89296765864306848,0.92568231401963108,0.93070329381249717,0.89915008882773584,0.93954332048390332,0.96220116809707168,0.96315857095385204,0.90367908234679506,0.91162633965237438,0.91050174658448013,0.91095928190088848
52.020808323329334,0.92859315872192383,0.89495911465832079,0.89340330279183577,0.92556629401969215,0.93058727381255824,0.92049962090131032,0.93863112048378528,0.96208514809713275,0.96304255095391311,0.90428191481099018,0.91124974834476014,0.91048987686619076,0.91096259179980033
52.060824329731894,0.92852407693862915,0.90938969150327553,0.89376911728396768,0.92545027401975322,0.9304712538126193,0.92173979571457887,0.93770572048367207,0.96196912809719382,0.96292653095397418,0.91875371766601432,0.91113258266180197,0.91048783830192082,0.91096452761247815
52.100840336134453,0.9284549355506897,0.89799267224537793,0.89399279995917214,0.92533423401981429,0.93035521381268038,0.91429483554631286,0.93690982770662112,0.96185308809725489,0.96281049095403526,0.91439611720927161,0.91119694643959837,0.9104872513160952,0.91096572972409229
52.140856342537013,0.92838585376739502,0.89383348312667665,0.89412503279943345,0.92521821401987536,0.93023919381274145,0.91790536980819404,0.93604283830629609,0.96173706809731596,0.96269447095409633,0.91066261862775011,0.91110254539056779,0.9104839077433996,0.91096637532817348
52.180872348939573,0.92831677198410034,0.88872554223735989,0.8941343054168891,0.92510219401993643,0.93012317381280252,0.95429819214312195,0.93525746424826006,0.96162104809737703,0.96257845095415739,0.90792716923496797,0.91110393202755002,0.91047981596272265,0.91096653225383584
52.22088835534214,0.92824769020080566,0.88998236413646792,0.89397639839718313,0.9249861740199975,0.93000715381286359,0.91127478734738421,0.93463955297800061,0.9615050280974381,0.96246243095421846,0.90109257857673231,0.91093909301165232,0.91047106397846511,0.91096655985492092
52.2609043617447,0.92817860841751099,0.89150920186810234,0.89362694529124798,0.92487015402005857,0.92989113381292465,0.93707317321781836,0.93391895297787952,0.96138900809749916,0.96234641095427953,0.90411128155848863,0.91082257066689776,0.91045860028281,0.9109666566717094
52.30092036814726,0.92810952663421631,0.89612758757093358,0.89353940820349953,0.92475413402011963,0.92977511381298572,0.92812823385049659,0.93335275297771614,0.96127298809756023,0.9622303909543406,0.91385757094244757,0.91101368681533934,0.91045793382521445,0.91096707210565964
52.34093637454982,0.92804038524627686,0.89598112700827304,0.89361984559904939,0.9246381140201807,0.92965909381304679,0.91349782159000525,0.93275575297756941,0.9611569680976213,0.96211437095440167,0.91312873514158377,0.91119845419743917,0.91045728023486516,0.9109678711539364
52.38095238095238,0.92797130346298218,0.89270888172724805,0.89361499691559532,0.92452209402024177,0.92954307381310786,0.9165209514102981,0.93206173570060735,0.96104094809768237,0.96199835095446273,0.91115468286710699,0.91109689357741441,0.91045385413180002,0.91096834835176665
52.420968387354939,0.9279022216796875,0.88703164129875189,0.89345916321257346,0.92440605402030285,0.92942703381316893,0.9448868019727592,0.93156118142087774,0.96092490809774345,0.96188231095452381,0.90519142111450279,0.91110030440740697,0.91044940177600076,0.9109684315967066
52.460984393757506,0.92783313989639282,0.89029546373401347,0.89320195835159355,0.92429003402036392,0.92931101381323,0.89871060221163224,0.93099161396477526,0.96080888809780451,0.96176629095458488,0.90106121217002244,0.91094614809524477,0.91043933869474658,0.9109686446322337
52.501000400160066,0.92776399850845337,0.90641842661725902,0.89305101889734151,0.92417401402042498,0.92919499381329107,0.9354698411791611,0.93032961870986508,0.96069286809786558,0.96165027095464595,0.91655657555790981,0.91079708529967141,0.91042914381718554,0.9109687484022061
52.541016406562626,0.92769491672515869,0.89713638999012035,0.89313525757868861,0.92405799402048605,0.92907897381335214,0.91262341152789517,0.92972113708984805,0.96057684809792665,0.96153425095470701,0.91575849468013792,0.91096726862678534,0.91042971181407206,0.9109688357996103
52.581032412965186,0.92762583494186401,0.8926531333955775,0.89317652193125041,0.92394197402054712,0.92896295381341321,0.92164622109661398,0.92914293626453537,0.96046082809798772,0.96141823095476808,0.91135005077175701,0.91114229731548346,0.91042867818952278,0.91096911598520336
52.621048419367746,0.92755675315856934,0.89432467440550456,0.89296285384268415,0.92382595402060819,0.92884693381347427,0.91787656850082799,0.92869911803439331,0.96034480809804879,0.96130221095482915,0.91167440928990517,0.91118151316798768,0.91042505912662608,0.91096955723343387
52.661064425770306,0.92748767137527466,0.88627552425246325,0.89269846398805597,0.92370993402066925,0.92873091381353534,0.92784170232556928,0.92849778185028975,0.96022878809810985,0.96118619095489022,0.90444412394283258,0.91116884975677515,0.9104193561117796,0.9109702336518819
52.701080432172866,0.92741858959197998,0.89374513414018131,0.89241116287571332,0.92359391402073032,0.92861489381359641,0.89847337662853322,0.92805934865768902,0.96011276809817092,0.96107017095495129,0.90049601939387913,0.9110106205421199,0.91040828145151942,0.9109710064758505
52.741096438575433,0.92734944820404053,0.90719326783146736,0.89224719191977808,0.92347789402079139,0.92849887381365748,0.92881887260778773,0.92777628162009451,0.95999674809823199,0.96095415095501235,0.91749075676803415,0.91096400745407569,0.910400642774431,0.91097176699858651
52.781112444977992,0.92728036642074585,0.89500613716416466,0.89228084904252247,0.92336185402085247,0.92838283381371856,0.91749504007115235,0.92756286012701294,0.95988070809829307,0.96083811095507343,0.91484062400150268,0.9111546974155913,0.91040047328998908,0.91097271397627499
52.821128451380552,0.92721128463745117,0.89088857750617834,0.89229396850139953,0.92324583402091354,0.92826681381377962,0.93808756000420523,0.92721202810593017,0.95976468809835414,0.9607220909551345,0.91070372355692419,0.91122781219759308,0.91039783637703464,0.91097378712256349
52.861144457783112,0.92714220285415649,0.89523082717920222,0.89208739314971175,0.9231298140209746,0.92815079381384069,0.92085774086100736,0.92706530606957716,0.9596486680984152,0.96060607095519557,0.91162027983375449,0.91136240755272047,0.91039480262052808,0.91097506852573451
52.901160464185672,0.92707306146621704,0.88941615499393545,0.8918809028683703,0.92301379402103567,0.92803477381390176,0.88955907568900616,0.92691147107412863,0.95953264809847627,0.96049005095525664,0.90417072836739587,0.91123358019254486,0.91038725209360216,0.91097646999178339
52.941176470588232,0.92704731225967407,0.89648068053685148,0.89241530674721214,0.92289777402109674,0.92791875381396283,0.90877203670400686,0.92701557097723086,0.95941662809853734,0.9603740309553177,0.92163948682885743,0.91119661467211821,0.9103939384278944,0.91097658382731128
52.981192476990799,0.92698043584823608,0.88986789826850521,0.8926863645927875,0.92278175402115781,0.92780273381402389,0.94461478962541356,0.92691217875294418,0.95930060809859841,0.96025801095537877,0.91119542932306152,0.91113860774831401,0.91039164790388516,0.91097748293039638
53.021208483393359,0.92690378427505493,0.89050779216246323,0.89252919859055269,0.92266573402121888,0.92768671381408496,0.95406410744333636,0.92657680194758418,0.95918458809865947,0.96014199095543984,0.91167070506663661,0.91133115808170939,0.91038899666461948,0.910978423679075
53.061224489795919,0.926827073097229,0.89192701137556818,0.89220193307461393,0.92254971402127994,0.92757069381414603,0.90850488383650485,0.92648237468008809,0.95906856809872054,0.96002597095550091,0.90349853133521951,0.91119974620907873,0.91038089545046896,0.91097954454975694
53.101240496198479,0.92675042152404785,0.89167390183058126,0.89197483847720316,0.92243369402134101,0.9274546738142071,0.9069661473225985,0.92618048128406527,0.95895254809878161,0.95990995095556197,0.90364837314098778,0.91109031475485314,0.91036909389852694,0.91098086731051009
53.141256502601038,0.9266737699508667,0.90816740933139806,0.89189579793934248,0.92231765402140209,0.92733863381426818,0.92136608986221247,0.92612467097406115,0.95883650809884269,0.95979391095562305,0.9177285440036631,0.91116011150686105,0.91036638334322095,0.91098231580783751
53.181272509003598,0.92659711837768555,0.89632155540753966,0.89203649076308378,0.92220163402146316,0.92722261381432924,0.9132624331273349,0.92595121490514187,0.95872048809890376,0.95967789095568412,0.91394085622045429,0.91132642525968621,0.91036494477859187,0.91098396718569075
53.221288515406165,0.92652046680450439,0.89098007748533326,0.8919799616705435,0.92208561402152422,0.92710659381439031,0.93709184073185192,0.92587782738593116,0.95860446809896482,0.95956187095574519,0.9118090159838429,0.91133517031570443,0.91036168866940215,0.91098563612035655
53.261304521808725,0.92644375562667847,0.88765838585795709,0.8917978492335833,0.92196959402158529,0.92699057381445138,0.95370373552956544,0.9258450480411704,0.95848844809902589,0.95944585095580626,0.90749556747864035,0.91146485362312124,0.91035818735458096,0.9109874978774184
53.301320528211285,0.92636710405349731,0.89055245142381234,0.89161616461484305,0.92185357402164636,0.92687455381451245,0.89731433142387385,0.92557356949049119,0.95837242809908696,0.95932983095586732,0.90254158707565435,0.91124981640642888,0.9103483715383347,0.91098938219778969
53.341336534613845,0.92629045248031616,0.88989577243434048,0.89146680949209911,0.92173755402170743,0.92675853381457352,0.91878434304040113,0.92513497048280269,0.95825640809914803,0.95921381095592839,0.9043803157097543,0.91109071141675579,0.91033597602580307,0.91099096011419334
53.381352541016405,0.92621380090713501,0.89501680206239731,0.89149521540608712,0.9216215340217685,0.92664251381463458,0.92771422987259755,0.92499354821221269,0.95814038809920909,0.95909779095598946,0.90862762590595147,0.91109051141642106,0.91033407874148453,0.91099208226173312
53.421368547418965,0.92613714933395386,0.8920741990903811,0.89160000142286178,0.92150551402182956,0.92652649381469565,0.92600896728112225,0.92484941932031894,0.95802436809927016,0.95898177095605053,0.91379101441468613,0.91103046664197918,0.91032969206070025,0.91099278993174249
53.461384553821532,0.92606043815612793,0.88878322964143641,0.89128401361777709,0.92138947402189064,0.92641045381475673,0.94431847987884965,0.92510341931994677,0.95790832809933124,0.95886573095611161,0.91788639171133446,0.9111415279712789,0.91032841120968944,0.91099318469106239
53.501400560224091,0.92598378658294678,0.88654063180796194,0.89097853139846661,0.92127345402195171,0.9262944338148178,0.92356233770374407,0.92523055619787975,0.95779230809939231,0.95874971095617267,0.90025512539034747,0.91114538114368371,0.91032090849594183,0.91099349690887332
53.541416566626651,0.92590713500976563,0.89069224642507761,0.89077011514207971,0.92115743402201278,0.92617841381487886,0.89641301643677573,0.92501720643361729,0.95767628809945338,0.95863369095623374,0.90124606486023251,0.91105935370409141,0.91030804774316409,0.91099396013896983
53.581432573029211,0.92583048343658447,0.90511743022490321,0.89072187881124787,0.92104141402207385,0.92606239381493993,0.93326020013708477,0.92491250054540153,0.95756026809951444,0.95851767095629481,0.91550529309606865,0.91086288648439551,0.9102971859294543,0.91099412927885659
53.621448579431771,0.92575383186340332,0.89405223473247097,0.89083446623299456,0.92092539402213491,0.925946373815001,0.93032584471686242,0.92491720096858554,0.95744424809957551,0.95840165095635588,0.90972598785062564,0.91082708065565998,0.91029472715145721,0.91099393378390658
53.661464585834331,0.92567718029022217,0.89134232044916661,0.89099239047686551,0.92080937402219598,0.92583035381506207,0.94157903700991707,0.92489514271252493,0.95732822809963658,0.95828563095641695,0.9144483348082515,0.91086801514675608,0.91029149547750021,0.91099338301734634
53.701480592236898,0.92560052871704102,0.88939288612506429,0.89084292751545779,0.92069335402225705,0.92571433381512314,0.93362880946181026,0.92507429418865617,0.95721220809969765,0.95816961095647801,0.91877671969760155,0.91098066174679837,0.91029199495138646,0.9109926222473439
53.741496598639458,0.92552381753921509,0.88573609854753776,0.89075828759654807,0.92057733402231812,0.9255983138151842,0.91742173303985242,0.92499531485110531,0.95709618809975872,0.95805359095653908,0.90113655129166259,0.91087215867163118,0.91028516677392135,0.91099160015098191
53.781512605042018,0.92544716596603394,0.88884600711057848,0.89051015715573922,0.92046131402237918,0.92548229381524527,0.89555733315064856,0.92484706116630688,0.95698016809981978,0.95793757095660015,0.9006962266869929,0.91065037767021095,0.91027119262722045,0.91099014137919998
53.821528611444577,0.92537051439285278,0.90630686935790516,0.89046126537364523,0.92034527402244026,0.92536625381530635,0.92336250641066142,0.92481766814940125,0.95686412809988086,0.95782153095666123,0.91716394868288575,0.91054364642278651,0.91026343299489376,0.91098823518673777
53.861544617847137,0.92529386281967163,0.89388668642581437,0.89051702598300841,0.92022925402250133,0.92525023381536742,0.93649981385821723,0.92481702172770497,0.95674810809994193,0.95770551095672229,0.91055746648335145,0.91044389330105358,0.91025943404409981,0.91098601774107013
53.901560624249697,0.92521721124649048,0.88982984397253884,0.89054349989755843,0.9201132340225624,0.92513421381542849,0.95254249763278143,0.92493622820568255,0.956632088100003,0.95758949095678336,0.91533364416944507,0.91057033178313018,0.91025656561347212,0.9109835326358463
53.941576630652264,0.92514050006866455,0.8949676586961095,0.89046097787131218,0.91999721402262347,0.92501819381548955,0.91528966588942651,0.92504645513634953,0.95651606810006407,0.95747347095684443,0.91978086293107297,0.91070419905965516,0.91025773941703758,0.91098094580208544
53.981592637054824,0.9250638484954834,0.88462107131811352,0.89028566662816422,0.91988119402268453,0.92490217381555062,0.91317436987065603,0.92504683815547306,0.95640004810012513,0.9573574509569055,0.90027824691300784,0.9105248019470138,0.91024697074863192,0.91097815649591907
54.021608643457384,0.92498719692230225,0.89494717724382178,0.89040165797273563,0.9197651740227456,0.92478615381561169,0.93999484658088783,0.92488558243894103,0.9562840281001862,0.95724143095696657,0.90569334336739704,0.91031401684019375,0.9102361430012702,0.91097497814655548
54.061624649859944,0.92496794462203979,0.88694632211289082,0.89088931215605038,0.91964915402280667,0.92467013381567276,0.93753482380296493,0.92528175556531234,0.95616800810024727,0.95712541095702763,0.92259678956164215,0.91056644155265909,0.91025301861403063,0.91097114840558169
54.101640656262504,0.9248729944229126,0.88952565198885802,0.89122234395660527,0.91953313402286774,0.92455411381573382,0.94355814906916669,0.92527347429919582,0.95605198810030834,0.9570093909570887,0.91169161600444315,0.91070437865514919,0.91024696877573408,0.91096821366702829
54.141656662665063,0.9247780442237854,0.88659462285526469,0.8909245816002429,0.91941709402292882,0.9244380738157949,0.91214504907304239,0.9251894742989013,0.95593594810036941,0.95689335095714978,0.89953256287082561,0.91050193189062034,0.91023846727877578,0.9109654716583544
54.18167266906763,0.9246830940246582,0.89159555118617895,0.89076958941083362,0.91930107402298988,0.92432205381585597,0.91686597447919715,0.92500422298848173,0.95581992810043048,0.95677733095721085,0.90375292783002059,0.91029490025754833,0.91022519054354645,0.91096234399545295
54.22168867547019,0.92458814382553101,0.90860957843596357,0.89081625080971372,0.91918505402305095,0.92420603381591704,0.9026528256038171,0.92484542144965809,0.95570390810049155,0.95666131095727192,0.91731671801994685,0.91029271908646048,0.91022157026191086,0.91095880758330172
54.26170468187275,0.92449313402175903,0.89396115892540484,0.89093281634549859,0.91906903402311202,0.92409001381597811,0.91684339567650897,0.92465967733906251,0.95558788810055262,0.95654529095733298,0.9126057227142732,0.91020705939465452,0.91021564519328391,0.91095501397126211
54.30172068827531,0.92439818382263184,0.88968356519791625,0.89088128022659241,0.91895301402317309,0.92397399381603917,0.92967046681941234,0.9246099321996013,0.95547186810061369,0.95642927095739405,0.91689294292891255,0.9103495003233506,0.91021422399706797,0.91095107777133311
54.34173669467787,0.92430323362350464,0.88724627237568354,0.89082202899524165,0.91883699402323415,0.92385797381610024,0.92539673208277184,0.92455576986468424,0.95535584810067475,0.95631325095745512,0.90324598695205272,0.91040281368948084,0.91021331488507518,0.91094709614018043
54.38175270108043,0.92420828342437744,0.88669139468752323,0.89059136414340467,0.91872097402329522,0.92374195381616131,0.92745205500883776,0.92466893443165143,0.95523982810073582,0.95619723095751619,0.89879906691810774,0.91021645719094335,0.91020029647270195,0.91094293629900058
54.42176870748299,0.92411333322525024,0.89095020365107935,0.89045250219872407,0.91860495402335629,0.92362593381622238,0.91646619336913315,0.92452798457327134,0.95512380810079689,0.95608121095757725,0.90460489918179676,0.91001787679966395,0.91018753488970061,0.91093849966587759
54.461784713885557,0.92401838302612305,0.89377640168272698,0.89050339464500561,0.91848893402341736,0.92350991381628345,0.91536356554021947,0.92428679403179359,0.95500778810085796,0.95596519095763832,0.9086274466693417,0.91005710788961358,0.91018529603612064,0.91093388345212367
54.501800720288117,0.92392343282699585,0.8918055769661466,0.89065785328481162,0.91837289402347844,0.92339387381634452,0.9228380974211926,0.92407238982898177,0.95489174810091904,0.9558491509576994,0.91304479266267458,0.91006703904485597,0.91018019441837716,0.91092914289279625
54.541816726690676,0.92382848262786865,0.89112550791577827,0.89050139771609094,0.9182568740235395,0.92327785381640559,0.92960361934058755,0.92417258301428973,0.9547757281009801,0.95573313095776047,0.91795049867209566,0.91021723904448271,0.9101796354813485,0.91092436189673609
54.581832733093236,0.92373353242874146,0.88602374781975535,0.89035732005750945,0.91814085402360057,0.92316183381646666,0.92598490692970126,0.92423690869899633,0.95465970810104117,0.95561711095782154,0.9011779549485196,0.91019015774820067,0.91017542618345959,0.91091955538936131
54.621848739495796,0.92363858222961426,0.88978682080353211,0.89018091825691581,0.91802483402366164,0.92304581381652773,0.92598384021461366,0.92436431095324822,0.95454368810110224,0.9555010909578826,0.89928449940290311,0.91001140348329868,0.91016187802550608,0.91091453659430388
54.661864745898356,0.92354363203048706,0.9063861289424977,0.89008667769123395,0.91790881402372271,0.92292979381658879,0.9065721146216178,0.92422164762784453,0.95442766810116331,0.95538507095794367,0.91632876582689138,0.90984921983384903,0.91015108442720905,0.91090924606375001
54.701880752300923,0.92344868183135986,0.89428031812421882,0.89020933815283287,0.91779279402378378,0.92281377381664986,0.91542673877818692,0.9240029852934929,0.95431164810122437,0.95526905095800474,0.9093394939744236,0.90984369553833833,0.9101480872296952,0.91090384413706971
54.741896758703483,0.92335373163223267,0.88950510994055765,0.8903489109457523,0.91767677402384484,0.92269775381671093,0.92589026559664878,0.9238359913631109,0.95419562810128544,0.95515303095806581,0.91400358903387402,0.9099542743854736,0.91014491381619367,0.91089831570389856
54.781912765106043,0.92325878143310547,0.8895433460245622,0.89029589301932055,0.91756075402390591,0.922581733816772,0.92972534338447599,0.92401634686083622,0.95407960810134651,0.95503701095812688,0.91876285873311259,0.91009683607111347,0.91014548181679378,0.91089284948437332
54.821928771508603,0.9231637716293335,0.88451490710388869,0.89022959544952962,0.91744473402396698,0.92246571381683307,0.92743842476049587,0.92408869159406248,0.95396358810140758,0.95492099095818794,0.89987580097853626,0.90999397731128262,0.91013804185824088,0.91088728669229369
54.861944777911162,0.9230688214302063,0.88881310347569031,0.89000453704638061,0.91732869402402806,0.92234967381689414,0.92357270854487383,0.92421598671634941,0.95384754810146866,0.95480495095824902,0.9009469189585253,0.90978683295469132,0.91012361713861745,0.9108813864430847
54.901960784313722,0.9229738712310791,0.90600170783802148,0.88988507876720169,0.91721267402408913,0.92223365381695521,0.90047068210622183,0.92404677799509372,0.95373152810152972,0.95468893095831009,0.91707104437348796,0.90972164669870992,0.91011568794495112,0.91087524881536452
54.941976790716289,0.9228789210319519,0.89450119059045718,0.89000810954498966,0.91709665402415019,0.92211763381701628,0.91465040724218949,0.92385254327168997,0.95361550810159079,0.95457291095837116,0.9106145832163316,0.90968605624908361,0.91011172799394624,0.91086908144546863
54.981992797118849,0.92278397083282471,0.88876414189744046,0.89000238502473061,0.91698063402421126,0.92200161381707735,0.92787186665776955,0.92374410980599264,0.95349948810165186,0.95445689095843222,0.91471874310685874,0.9098410727216697,0.91010862944823945,0.91086293278354136
55.022008803521409,0.92268902063369751,0.89602760415000271,0.88989476721803218,0.91686461402427233,0.92188559381713842,0.91549281585167064,0.92385643010831575,0.95338346810171293,0.95434087095849329,0.91978510486417087,0.90999287272129559,0.91010965788662479,0.91085685466331545
55.062024809923969,0.92259407043457031,0.88613924381993381,0.88968539295366278,0.9167485940243334,0.92176957381719948,0.92677646878667208,0.92397008669247915,0.953267448101774,0.95422485095855436,0.90025273556888386,0.90981824475817863,0.91009861265992509,0.91085067265220787
55.102040816326529,0.92249912023544312,0.88786925998210231,0.88961366151403354,0.91663257402439446,0.92165355381726055,0.91935319849185448,0.92402174379725688,0.95315142810183506,0.95410883095861543,0.90197376549590114,0.90962604503325339,0.91008467563367179,0.91084421949515226
55.142056822729089,0.92240417003631592,0.90775553823317534,0.88999839082588772,0.91651655402445553,0.92153753381732162,0.89462413523482021,0.92381652580556839,0.95303540810189613,0.9539928109586765,0.91849448178274939,0.90961656927782331,0.91008301209180242,0.9108375247755145
55.182072829131656,0.92239832878112793,0.9031497565009825,0.89044830265955977,0.91640051402451661,0.9214214938173827,0.97169157426642305,0.92362672737180329,0.95291936810195721,0.95387677095873757,0.91958967721398432,0.90998580046107924,0.91011168716658852,0.9108309774524086
55.222088835534215,0.92240959405899048,0.92781124293571682,0.89160850265894909,0.91628449402457768,0.92130547381744377,0.94439842424847253,0.92346900097122964,0.95280334810201828,0.95376075095879864,0.91454799036328394,0.91014160046071413,0.91011327770483252,0.91082526888596582
55.262104841936775,0.9224209189414978,0.92452233375120341,0.89276870265833841,0.91616847402463875,0.92118945381750483,0.92154138670827968,0.92284332007406278,0.95268732810207934,0.95364473095885971,0.89737610747313901,0.90971220046047896,0.91007877203577336,0.91082138080342046
55.302120848339335,0.92243218421936035,0.90671764972789959,0.89392890265772773,0.91605245402469981,0.9210734338175659,0.94493332260296969,0.92396581839558545,0.95257130810214041,0.95352871095892078,0.89777610384061035,0.90864694427018022,0.91001594136828934,0.91081179006928015
55.342136854741895,0.9224434494972229,0.90394544274355471,0.89508870265711726,0.91593643402476088,0.92095741381762697,0.95697238760586112,0.92512601839497477,0.95245528810220148,0.95341269095898185,0.90140815450100165,0.90766434427010489,0.9099671284441242,0.91079642718439346
55.382152861144455,0.92245477437973022,0.90082868683108053,0.89624170265651038,0.91582041402482195,0.92084139381768804,0.95461571766753983,0.92628621839436409,0.95233926810226255,0.95329667095904291,0.90283350376743399,0.90668854427003842,0.90992782672850003,0.91077547621433741
55.422168867547022,0.92246603965759277,0.89839642347790083,0.89738437843467,0.91570439402488302,0.9207253738177491,0.96407676935142661,0.92744641839375341,0.95222324810232362,0.95318065095910398,0.90609614777508818,0.90582976529304771,0.90989944479701579,0.91074910928732988
55.462184873949582,0.92247730493545532,0.89820106193300309,0.89839220674183851,0.91558837402494408,0.92060935381781017,0.9646452692311841,0.92860661839314274,0.95210722810238468,0.95306463095916505,0.92697900517946008,0.90660324175401352,0.90989370858380791,0.9107221500857664
55.502200880352142,0.92248862981796265,0.90453970783996052,0.89951948647862467,0.91547235402500515,0.92049333381787124,0.96337090027316208,0.92976681839253206,0.95199120810244575,0.95294861095922612,0.91480573260813403,0.90776344175340284,0.90992350480052875,0.91070168469913959
55.542216886754701,0.9224998950958252,0.92809446869900836,0.90065896615616681,0.91535631402506623,0.92037729381793232,0.96954729915443871,0.93092721839192127,0.95187516810250683,0.9528325709592872,0.92169343704839846,0.90881057940811671,0.91000987490136909,0.91068781126614373
55.582232893157261,0.92251116037368774,0.92364302501112538,0.90181916615555613,0.9152402940251273,0.92026127381799339,0.96426848175745339,0.9320874183913106,0.9517591481025679,0.95271655095934826,0.90916593319062911,0.90995022425981542,0.91003667648734476,0.91068029450384946
55.622248899559821,0.92252248525619507,0.89970638808013403,0.90227776615511401,0.91512427402518837,0.92014525381805445,0.96672613405740371,0.93324761839069992,0.95164312810262897,0.95260053095940933,0.90485254443096319,0.90907933718878231,0.91002081247628996,0.9106742427469231
55.662264905962388,0.92253375053405762,0.89908958126700922,0.90145643635340778,0.91500825402524943,0.92002923381811552,0.96928571691017207,0.93440781839008924,0.95152710810269003,0.9524845109594704,0.90231323963480659,0.90791913718870765,0.90998029297436667,0.91066165823625134
55.702280912364948,0.92254501581192017,0.90514639511896688,0.90188450207170012,0.9148922340253105,0.91991321381817659,0.95845227700409985,0.93556801838947856,0.9514110881027511,0.95236849095953147,0.8993882773999603,0.90675893718863332,0.90992468119480652,0.91064243567708147
55.742296918767508,0.92255634069442749,0.91906075453185454,0.90304350207109008,0.91477621402537157,0.91979719381823766,0.94787129300210016,0.93672821838886788,0.95129506810281217,0.95225247095959253,0.89665354495361715,0.90565153718855429,0.9098605230813881,0.91061664174635526
55.782312925170068,0.92256760597229004,0.92585308278578771,0.9042037020704794,0.91466019402543264,0.91968117381829873,0.927841465277772,0.93687327383347718,0.95117904810287324,0.9521364509596536,0.9148345299567705,0.90638693718805485,0.90987468684954131,0.91058916185087369
55.822328931572628,0.92257887125015259,0.93001221130847633,0.90536390206986872,0.91454417402549371,0.91956515381835979,0.91199979803527675,0.93571347383340286,0.9510630281029343,0.95202043095971467,0.91016607347314904,0.90754713718744418,0.90989249184055221,0.91056821454513159
55.862344937975188,0.92259019613265991,0.91314452342932706,0.90652350206925836,0.91442813402555478,0.91944911381842087,0.95662001605524738,0.93531707383316043,0.95094698810299538,0.95190439095977575,0.89780269060439299,0.90715251067696345,0.90985404294028449,0.91055100153001245
55.902360944377754,0.92260146141052246,0.9022070037356229,0.90761810206866322,0.91431211402561585,0.91933309381848194,0.93328793472936311,0.93555727383276877,0.95083096810305645,0.95178837095983682,0.89691899437268741,0.90656591067675951,0.90980206402234576,0.91052909852253672
55.942376950780314,0.92261272668838501,0.90488565047638159,0.90658402856670095,0.91419609402567692,0.91921707381854301,0.97195552698866217,0.93668147383217026,0.95071494810311752,0.95167235095989788,0.90096854684277106,0.90541211067668537,0.90974451732733841,0.9105028279980889
55.982392957182874,0.92262405157089233,0.90157498732331409,0.90560678407969986,0.91408007402573799,0.91910105381860407,0.91835309383525199,0.93769647383159438,0.95059892810317859,0.95155633095995895,0.90382480171053858,0.90480575015137132,0.90971995628838753,0.91047205971908307
56.022408963585434,0.92263531684875488,0.91202634520724313,0.90519418407945729,0.91396405402579906,0.91898503381866514,0.91739583556800275,0.93687926887367878,0.95048290810323965,0.95144031096002002,0.91183500529225958,0.90461793141142977,0.90971986634264757,0.91043745263702103
56.062424969987994,0.92264658212661743,0.90210186965361372,0.90467332914950627,0.91384803402586012,0.91886901381872621,0.94156096211537665,0.93746654804628604,0.95036688810330072,0.95132429096008109,0.90498344690163235,0.90504616400603111,0.90969540251252268,0.91040581654158148
56.102440976390554,0.92265790700912476,0.89897850877575691,0.90385189087870232,0.91373201402592119,0.91875299381878728,0.93698801379665597,0.93743069830206027,0.95025086810336179,0.95120827096014215,0.90043089675899579,0.90419077717590579,0.90965069394357956,0.91037287166227721
56.142456982793114,0.9226691722869873,0.8976021309436204,0.90295169087857463,0.91361599402598226,0.91863697381884835,0.92641917849426525,0.93729793770338099,0.95013484810342286,0.95109225096020322,0.89491070790574445,0.90303937717583094,0.90959392711553433,0.91033379448635154
56.182472989195681,0.92268043756484985,0.90120880561865613,0.90211530519190353,0.91349997402604333,0.91852095381890941,0.93783060019198505,0.93728862985385919,0.95001882810348393,0.95097623096026429,0.9152613520701709,0.90255397717560393,0.90955330663237532,0.91028896912727275
56.222488995598241,0.92269176244735718,0.90274291487181269,0.90272155321302816,0.9133839340261044,0.91840491381897049,0.89702975554327391,0.9364766127577413,0.949902788103545,0.95086019096032537,0.89573107386866446,0.90365637717500769,0.90955959355323623,0.91024757209030727
56.2625050020008,0.92270302772521973,0.89910891139505589,0.90159702273509834,0.91326791402616547,0.91828889381903156,0.97279461692898184,0.93706041275726437,0.94978676810360607,0.95074417096038644,0.9013569525761439,0.90249617717493302,0.90950774484215491,0.91020608799491054
56.30252100840336,0.92271429300308228,0.8964797110006486,0.90043682273502368,0.91315189402622654,0.91817287381909263,0.91784059649759508,0.93799661275670565,0.94967074810366714,0.9506281509604475,0.90140361384022083,0.90161074904487859,0.90946085791102815,0.91015844854139005
56.34253701480592,0.9227256178855896,0.89797509940169917,0.89927662273494935,0.91303587402628761,0.9180568538191537,0.92199379242933344,0.93683641275663099,0.94955472810372821,0.95051213096050857,0.90292192716158748,0.90203634723810189,0.9094168511762033,0.91010972129595002
56.38255302120848,0.92273688316345215,0.89723873665554599,0.8981202324758415,0.91291985402634868,0.91794083381921476,0.92081738347352537,0.93567621275655666,0.94943870810378928,0.95039611096056964,0.90362142790398559,0.90276434142980344,0.90937762169014424,0.91006495379486685
56.422569027611047,0.92274820804595947,0.89907376570769837,0.89750869650134957,0.91280383402640974,0.91782481381927583,0.9222937764167547,0.934516012756482,0.94932268810385034,0.95028009096063071,0.90371295806604179,0.90360881761232215,0.90934574585390737,0.91002529405497512
56.462585034013607,0.92275947332382202,0.89548339136007504,0.89690871734096522,0.91268781402647081,0.9177087938193369,0.91013197991683659,0.93335581275640767,0.94920666810391141,0.95016407096069178,0.89684144466619331,0.90244953529396876,0.90929135267481465,0.90998482586180685
56.502601040416167,0.92277073860168457,0.9273893128993882,0.89683952695048452,0.91257179402653188,0.91759277381939797,0.90517969586056468,0.932195612756333,0.94909064810397248,0.95004805096075284,0.90729888517218538,0.90217613529368945,0.909233958135786,0.90993886365445831
56.542617046818727,0.92278206348419189,0.92748057049449251,0.89799972694987384,0.91245577402659295,0.91747675381945903,0.90019268430199562,0.93103541275625867,0.94897462810403355,0.94993203096081391,0.90745804728166168,0.90333633529307877,0.90922595880562351,0.90989732164914594
56.582633053221286,0.92279332876205444,0.92979648950331628,0.89916012694926306,0.91233973402665403,0.91736071381952011,0.90132186148420135,0.92987501275618434,0.94885858810409462,0.94981599096087499,0.90746414132639386,0.90449673529246799,0.90921776416734845,0.90986272540544089
56.622649059623846,0.92280459403991699,0.92873593808929611,0.90032032694865238,0.91222371402671509,0.91724469381958118,0.90659558235354565,0.92871481275610968,0.94874256810415569,0.94969997096093606,0.90716941659439443,0.90565693529185731,0.90920907451559219,0.90983504663643755
56.662665066026413,0.92281591892242432,0.92950393195407111,0.9014805269480417,0.91210769402677616,0.91712867381964225,0.90400133126042936,0.92755461275603535,0.94862654810421676,0.94958395096099713,0.90819166272545271,0.90679745968069358,0.90920093499976073,0.90981422244726717
56.702681072428973,0.92282718420028687,0.92869927750162151,0.90264072694743103,0.91199167402683723,0.91701265381970332,0.90186179710439007,0.92639441275596068,0.94851052810427783,0.94946793096105819,0.90700075494460031,0.90758195710885825,0.90919582753410555,0.90979970451912318
56.742697078831533,0.92283844947814941,0.90929425278329601,0.90380092694682035,0.9118756540268983,0.91689663381976438,0.90930859439308476,0.92523421275588635,0.9483945081043389,0.94935191096111926,0.89791130798991403,0.90748482119260931,0.90916680069006706,0.909787464729363
56.782713085234093,0.92284977436065674,0.90706553143672652,0.90496112694620967,0.91175963402695936,0.91678061381982545,0.90860195490947915,0.92407401275581169,0.94827848810439996,0.94923589096118033,0.89774802343841298,0.90632462119253465,0.90910001992855205,0.90977078651389931
56.822729091636653,0.92286103963851929,0.90206805707853532,0.90463776567462961,0.91164361402702043,0.91666459381988652,0.9298254960788146,0.92444417698609094,0.94816246810446103,0.9491198709612414,0.9010020043432615,0.90525350778409286,0.90905117640769417,0.90974783188203723
56.862745098039213,0.92287230491638184,0.90241666593951442,0.90461715120158226,0.9115275940270815,0.91654857381994759,0.8962035847079044,0.92372037698591569,0.9480464481045221,0.94900385096130246,0.89014038528223671,0.90482501304195107,0.90899704270271064,0.90971951112744442
56.90276110444178,0.92288362979888916,0.9015300250819015,0.90437915116030854,0.91141155402714258,0.91643253382000867,0.89250332785476372,0.92255997698584136,0.94793040810458318,0.94888781096136354,0.88852229691476436,0.90438764836601138,0.90893140059326782,0.90968947232650976
56.942777110844339,0.92289489507675171,0.91313652475565255,0.90405984941133366,0.91129553402720365,0.91631651382006973,0.89763073097125479,0.92139977698576669,0.94781438810464425,0.94877179096142461,0.8922130774376239,0.90397541518765068,0.90886673865873202,0.90965781523908773
56.982793117246899,0.92290616035461426,0.90287210557085795,0.90373851029728436,0.91117951402726471,0.9162004938201308,0.87614175553094742,0.92023957698569236,0.94769836810470531,0.94865577096148568,0.90082736813980835,0.90371498363044844,0.90881167657633344,0.90962476758784339
57.022809123649459,0.92291748523712158,0.89875206147635145,0.90327193496338354,0.91106349402732578,0.91608447382019187,0.90418302839702236,0.91907937698561804,0.94758234810476638,0.94853975096154675,0.90790255407389275,0.9034543906623691,0.90875871014740084,0.90959031451760397
57.062825130052019,0.92292875051498413,0.90620325017621317,0.90283750528198392,0.91094747402738685,0.91596845382025294,0.88349391148658962,0.91795757698554359,0.94746632810482745,0.94842373096160781,0.91003791929716304,0.90337542357997935,0.90871032482995773,0.90955438443491365
57.102841136454579,0.92294001579284668,0.89985624201950509,0.9023608376715283,0.91083145402744792,0.915852433820314,0.89355872391007496,0.91685057698547046,0.94735030810488852,0.94830771096166888,0.89052407111821896,0.90309883008887692,0.908652716845882,0.90951717922309872
57.142857142857146,0.922951340675354,0.89742652369885811,0.90171754088624623,0.91071543402750899,0.91573641382037507,0.89301902533768351,0.9157047769853961,0.94723428810494958,0.94819169096172995,0.88898532482333836,0.90271793528617728,0.9085871224823131,0.90947865945801254
57.182873149259706,0.92296260595321655,0.91227139548254299,0.90124893743828349,0.91059941402757005,0.91562039382043614,0.88253250488288837,0.91454617698532148,0.94711826810501065,0.94807567096179102,0.89445944986787873,0.90235570005430499,0.90852386270717533,0.90943889868184902
57.222889155662266,0.9229738712310791,0.90030325880508533,0.90086389690794078,0.91048339402763112,0.91550437382049721,0.88393677603380394,0.91338677698524706,0.94700224810507172,0.94795965096185208,0.9020900303101056,0.90212858697673382,0.90846992368926394,0.90939802499295708
57.262905162064826,0.92298519611358643,0.89742028230955151,0.90027161166037406,0.9103673540276922,0.91538833382055829,0.8936987598963011,0.91223306661420256,0.9468862081051328,0.94784361096191316,0.90799294907075379,0.90211949802908786,0.90841880472435876,0.90935632755052898
57.302921168467385,0.92299646139144897,0.89937250405023739,0.8997473625157586,0.91025133402775327,0.91527231382061935,0.89701600677103333,0.91114286661412813,0.94677018810519387,0.94772759096197423,0.91048015575900365,0.90213603213231441,0.90837243960075897,0.90931396317337743
57.342937174869945,0.92300772666931152,0.89425801879155065,0.89929244214450765,0.91013531402781433,0.91515629382068042,0.89451675258266539,0.91010487982564114,0.94665416810525493,0.9476115709620353,0.88827268006289051,0.90183779147924681,0.90831162630904971,0.90927084449194384
57.382953181272512,0.92301905155181885,0.89703422511273279,0.89870592509539726,0.9100192940278754,0.91504027382074149,0.8877542530226854,0.908958679825567,0.946538148105316,0.94749555096209637,0.89093308906171542,0.90152617896816167,0.9082471299250684,0.90922684448786439
57.422969187675072,0.9230303168296814,0.91035837936206454,0.89850934377126634,0.90990327402793647,0.91492425382080256,0.87176318640597261,0.90791679042235041,0.94642212810537707,0.94737953096215743,0.90599123461283582,0.90127516832283128,0.90818838775639488,0.90918196986083288
57.462985194077632,0.92304158210754395,0.89896372334866159,0.89829219939508076,0.90978725402799754,0.91480823382086363,0.88372941847315856,0.90679499042227585,0.94630610810543814,0.9472635109622185,0.90304117925262151,0.90112550918468792,0.90813492065765022,0.90913645138675969
57.503001200480192,0.92305290699005127,0.89551011420166926,0.89784510125499917,0.90967123402805861,0.91469221382092469,0.90367082736911197,0.90570898648771758,0.94619008810549921,0.94714749096227957,0.9087658173320845,0.90117699244093497,0.90808623525876209,0.90909039278995329
57.543017206882752,0.92306417226791382,0.89295320485039564,0.89728945681342498,0.90955521402811967,0.91457619382098576,0.89334004731711081,0.90478695671704146,0.94607406810556027,0.94703147096234064,0.89380147227341089,0.90119764726791862,0.90803938561393183,0.90904399690919757
57.583033213285312,0.92307543754577637,0.89075611462244797,0.89673561986922368,0.90943919402818074,0.91446017382104683,0.90122591638826388,0.90378395671696965,0.94595804810562134,0.94691545096240171,0.8872721215616145,0.90092164670883235,0.90797678097602963,0.9089971482360355
57.623049219687879,0.92308676242828369,0.8915217452427282,0.89618004523703976,0.90932315402824182,0.91434413382110791,0.89525687506763274,0.90282662746853226,0.94584200810568242,0.94679941096246278,0.89043588670621188,0.90069420600060812,0.90791487526313996,0.90894992955049403
57.663065226090438,0.92309802770614624,0.89769599416727008,0.8959222162951217,0.90920713402830289,0.91422811382116898,0.86890113056391183,0.90196414682350157,0.94572598810574349,0.94668339096252385,0.89858691051767592,0.90057978435059427,0.90785989258784083,0.90890241256328796
57.703081232492998,0.92310929298400879,0.89624750708003809,0.89556509766003578,0.90909111402836396,0.91411209382123004,0.86614254608535124,0.90102965015588321,0.94560996810580455,0.94656737096258492,0.90464361428950724,0.90056817510810938,0.90780876432094981,0.90885467345651727
57.743097238895558,0.92312061786651611,0.89233536790505519,0.89508665826176215,0.90897509402842502,0.91399607382129111,0.90888137500048893,0.90024745044373833,0.94549394810586562,0.94645135096264599,0.91070969811058322,0.90066370662791528,0.9077624457367538,0.90880687147331551
57.783113245298118,0.92313188314437866,0.88840462575417789,0.89457249746361045,0.90885907402848609,0.91388005382135218,0.8987433148076529,0.89968926223333923,0.94537792810592669,0.94633533096270706,0.88993802714980574,0.90064175683146241,0.90771318479610197,0.90875900983885982
57.823129251700678,0.92314314842224121,0.89093335795955286,0.8938773092085579,0.90874305402854716,0.91376403382141325,0.89134214921992905,0.89891510848300493,0.94526190810598776,0.94621931096276812,0.88684655410448254,0.90040582689430815,0.90765085524379274,0.90871091288308192
57.863145258103245,0.92315447330474854,0.90325416343083953,0.89324552328803519,0.90862703402860823,0.91364801382147431,0.89682109421974354,0.89819418512663796,0.94514588810604883,0.94610329096282919,0.89064881979861932,0.90016486714387056,0.90759080918437351,0.90866249789218156
57.903161264505805,0.92316573858261108,0.91181553167911056,0.89355634509725923,0.90851101402866929,0.91353199382153538,0.90385228745790769,0.8974274173676986,0.94502986810610989,0.94598727096289026,0.90054883444822487,0.90019610648182835,0.9075430159965171,0.90861382256837087
57.943177270908365,0.92314738035202026,0.90660245670778461,0.89369274793124265,0.90839497402873037,0.91341595382159646,0.89809279639004658,0.89758718651700353,0.94491382810617097,0.94587123096295134,0.89427214761066842,0.9007489921960663,0.90752248444006323,0.90856703592046284
57.983193277310924,0.9230726957321167,0.8930619140971533,0.89394377578935891,0.90827895402879144,0.91329993382165753,0.8895826619448326,0.89700919801215306,0.94479780810623204,0.9457552109630124,0.88834783994792099,0.90050963592218025,0.90745936609609157,0.90852075364373852
58.023209283713484,0.92299795150756836,0.90902054059399595,0.89408872143894236,0.90816293402885251,0.9131839138217186,0.88951628856160225,0.89643723320600011,0.94468178810629311,0.94563919096307347,0.89257919808584862,0.90028697703109117,0.90740062700978263,0.90847426943758081
58.063225290116044,0.92292326688766479,0.89789268882444695,0.89425848395153973,0.90804691402891358,0.91306789382177966,0.86744014572750383,0.89585422836459883,0.94456576810635418,0.94552317096313454,0.90023971104190714,0.90020327851858739,0.90735063283784823,0.908427526547117
58.103241296518604,0.92284858226776123,0.89024777467203009,0.89435523329418609,0.90793089402897464,0.91295187382184073,0.89580504809877592,0.89528934131370574,0.94444974810641524,0.94540715096319561,0.9079106794668691,0.90026937065462942,0.90730407760895893,0.9083805366142399
58.143257302921171,0.92277389764785767,0.89423765853128834,0.89394154653406255,0.90781487402903571,0.9128358538219018,0.90487740065712019,0.89522320612257156,0.94433372810647631,0.94529113096325668,0.91172841925498271,0.90038448931527215,0.90726339672783285,0.90833339744460218
58.183273309323731,0.9226992130279541,0.88826652744126788,0.89359300207935366,0.90769885402909678,0.91271983382196287,0.90156673185876168,0.89503504582377413,0.94421770810653738,0.94517511096331774,0.88773538845233491,0.90021642946550817,0.90720933481147481,0.90828618324965826
58.223289315726291,0.92262452840805054,0.89397364170401794,0.8930121580417717,0.90758283402915785,0.91260381382202393,0.89104886183278009,0.89479678566889564,0.94410168810659845,0.94505909096337881,0.89064583252178975,0.90003802718523573,0.90715140034092168,0.90823892767609171
58.263305322128851,0.92254984378814697,0.90751248762629411,0.89291127444787377,0.90746681402921892,0.912487793822085,0.88000794584216391,0.89437821694152286,0.94398566810665951,0.94494307096343988,0.90421523879215548,0.899862253308372,0.90709700125718673,0.90819154771333199
58.30332132853141,0.92247509956359863,0.89425171680623139,0.89286961472133308,0.90735077402927999,0.91237175382214608,0.88441656077544029,0.89392439108427812,0.94386962810672059,0.94482703096350096,0.90253399939250734,0.89988174972566926,0.90704981937471341,0.90814406755776655
58.34333733493397,0.92240041494369507,0.89221441826373515,0.89256881664502885,0.90723475402934106,0.91225573382220715,0.88155900884152727,0.89381179600102234,0.94375360810678166,0.94471101096356203,0.90875781143018142,0.90002541870814112,0.90700673980251323,0.9080967719087023
58.383353341336537,0.9223257303237915,0.89264192313323065,0.89243505644304211,0.90711873402940213,0.91213971382226822,0.88992365520117833,0.8937653595202506,0.94363758810684273,0.94459499096362309,0.89711394405858125,0.9001352652112462,0.90696670184457484,0.90804966763621398
58.423369347739097,0.92225104570388794,0.8870452148055934,0.89210739085991009,0.9070027140294632,0.91202369382232928,0.89632003443830399,0.89362530689292752,0.9435215681069038,0.94447897096368416,0.88778443953787545,0.89992653403013856,0.90691059766629789,0.90800255428293586
58.463385354141657,0.92217636108398438,0.88997418367475545,0.89186029099432473,0.90688669402952427,0.91190767382239035,0.891452791279296,0.89346097218950427,0.94340554810696486,0.94436295096374523,0.89018160970248394,0.89971718581139903,0.90685302259957368,0.90795531676788244
58.503401360544217,0.92210167646408081,0.89337895243552334,0.89172849679202415,0.90677067402958533,0.91179165382245142,0.89134114176679069,0.89326912621396581,0.94328952810702593,0.9442469309638063,0.89850577607898641,0.8996580672375537,0.9068026204044547,0.90790799178966741
58.543417366946777,0.92202693223953247,0.89493299777685342,0.89162929409936842,0.9066546540296464,0.91167563382251249,0.8834393312312725,0.89291222511281576,0.943173508107087,0.94413091096386736,0.90358611829186075,0.89970218018867376,0.90675677887393835,0.90786082907035281
58.583433373349337,0.92195224761962891,0.88919885769244555,0.89145086281031993,0.90653863402970747,0.91155961382257356,0.90612948712220065,0.89295842293328964,0.94305748810714807,0.94401489096392843,0.91060448622064794,0.89984864751868265,0.90671562088447566,0.90781393310823943
58.623449379751904,0.92187756299972534,0.88763117824826132,0.89131934720405137,0.90642259402976855,0.91144357382263463,0.89588031077440322,0.89276684624657521,0.94294144810720915,0.94389885096398951,0.89059230052100491,0.89985267341226094,0.90667365082657014,0.90776714477201992
58.663465386154463,0.92180287837982178,0.89142357970217778,0.89100350774004777,0.90630657402982961,0.9113275538226957,0.88873521606965988,0.89262211828988747,0.94282542810727021,0.94378283096405058,0.88838727200207057,0.89962420783639108,0.90661766512279185,0.90772014345748642
58.703481392557023,0.92172819375991821,0.89244577384016799,0.89120530343968019,0.90619055402989068,0.91121153382275677,0.88672131724616365,0.89227517177054794,0.94270940810733128,0.94366681096411165,0.89177066173917341,0.89939723059274024,0.9065623959886917,0.90767289086736502
58.743497398959583,0.92165344953536987,0.89465522565470346,0.89122003324451282,0.90607453402995175,0.91109551382281784,0.86446845527921445,0.8920366795792527,0.94259338810739235,0.94355079096417271,0.89780322831422232,0.89929905112341046,0.90651476949532128,0.90762545082244228
58.783513405362143,0.92157876491546631,0.89476145046494104,0.89103557188007854,0.90595851403001282,0.91097949382287891,0.8811390786686969,0.89201122882977169,0.94247736810745342,0.94343477096423378,0.90262039143841677,0.89942297084691569,0.90647249443724764,0.90757804967861855
58.823529411764703,0.92150408029556274,0.88852672671973898,0.8909016112194994,0.90584249403007389,0.91086347382293997,0.90714002188188214,0.89198718845807856,0.94236134810751448,0.94331875096429485,0.91141666704505508,0.89955433406516327,0.90643468062419519,0.90753092858447804
58.86354541816727,0.92142939567565918,0.88636787257579586,0.89087610329953126,0.90572647403013495,0.91074745382300104,0.89881733298234456,0.89197680389506906,0.94224532810757555,0.94320273096435592,0.88975616173642513,0.89952560223099887,0.9063905648214674,0.90748397503156408
58.90356142456983,0.92135471105575562,0.8903458190205551,0.89027942443242059,0.90561045403019602,0.91063143382306211,0.89261734784524149,0.89222296747309615,0.94212930810763662,0.94308671096441699,0.88892826783589474,0.89935524946185108,0.90633543334158684,0.90743712905205165
58.94357743097239,0.92128002643585205,0.90661887822722242,0.88976091554305503,0.90549443403025709,0.91051541382312318,0.89259986557019422,0.89271957781115907,0.94201328810769769,0.94297069096447805,0.89110635111782699,0.89916956838993123,0.90628131506510512,0.90739035040400251
58.98359343737495,0.92120528221130371,0.89127499827907319,0.88963772197376478,0.90537839403031817,0.91039937382318425,0.87936779826568723,0.89276002768535856,0.94189724810775877,0.94285465096453913,0.90031009128401041,0.8991933373499259,0.9062382710729,0.90734369343218602
59.023609443777509,0.9211421012878418,0.93135998782262519,0.89015976187564938,0.90526237403037924,0.91028335382324532,0.91067476011059234,0.89265040819624586,0.94178122810781983,0.9427386309646002,0.90355678323339494,0.89947797679546782,0.90620088867023973,0.90729748073198735
59.063625450180069,0.92111045122146606,0.8894431202195805,0.89035693031713226,0.9051463540304403,0.91016733382330639,0.89005675753933489,0.89334138099128702,0.9416652081078809,0.94262261096466127,0.8880690672741911,0.89988871378673119,0.90618074427447393,0.90725474619979551
59.103641456582636,0.921031653881073,0.90778777531192401,0.89062419303902662,0.90503033403050137,0.91005131382336746,0.87771705666757971,0.89331900551659738,0.94154918810794197,0.94250659096472234,0.89181953358810417,0.89966834341265356,0.90612241667486437,0.90721200372630073
59.143657462985196,0.92095285654067993,0.89197130706084127,0.8907945832387596,0.90491431403056244,0.90993529382342853,0.88127348476973832,0.89288766080773141,0.94143316810800304,0.9423905709647834,0.90169792035346419,0.89965496174933191,0.90607931442543632,0.90716911368853503
59.183673469387756,0.92087405920028687,0.8902439571232309,0.8909493751092028,0.90479829403062351,0.90981927382348959,0.87991211927012514,0.89252975578472848,0.94131714810806411,0.94227455096484447,0.90687994946961492,0.89977404926034543,0.90603897044069381,0.90712626270305063
59.223689475790316,0.92079532146453857,0.8944096300152895,0.89091322629501679,0.90468227403068457,0.90970325382355066,0.900102961710736,0.89229800072186038,0.94120112810812517,0.94215853096490554,0.91161687433816885,0.89987211305721249,0.90600452268194376,0.90708340211852934
59.263705482192876,0.92071652412414551,0.88771013485279038,0.89062368511199552,0.90456625403074564,0.90958723382361173,0.88905920114655279,0.89241729783508239,0.94108510810818624,0.94204251096496661,0.88891345094282037,0.89971431305691651,0.90595573098154603,0.9070404924189337
59.303721488595436,0.92063772678375244,0.89140564328242289,0.89038831506079041,0.90445023403080671,0.9094712138236728,0.89492198579206617,0.89229819689907741,0.94096908810824731,0.94192649096502767,0.89097658381235312,0.89947089023928994,0.90590215207075286,0.90699731655152815
59.343737494998003,0.92055892944335938,0.90627645015953706,0.89005298699381319,0.90433419403086779,0.90935517382373388,0.87916992261693183,0.89246090976008541,0.94085304810830839,0.94181045096508875,0.90450960505093547,0.89936575614055969,0.90585411468728827,0.9069539594100261
59.383753501400562,0.92048013210296631,0.88944736194046847,0.88993199217195662,0.90421817403092886,0.90923915382379494,0.88808268274577684,0.89239384170187297,0.94073702810836946,0.94169443096514982,0.90232088706349012,0.89940153355331509,0.90581217727575647,0.90691073784147869
59.423769507803122,0.92040133476257324,0.88674877911153638,0.88960963647241842,0.90410215403098992,0.90912313382385601,0.89658937999793065,0.89247065994784358,0.94062100810843052,0.94157841096521089,0.90895485220985595,0.89953413355295031,0.90577523902897539,0.90686772360158263
59.463785514205682,0.92032253742218018,0.88832894133433382,0.88929593733765444,0.90398613403105099,0.90900711382391708,0.89928289485614576,0.89272771532430051,0.94050498810849159,0.94146239096527196,0.89271123572171296,0.89964521715855195,0.90574071470458684,0.90682489353266194
59.503801520608242,0.92024374008178711,0.88654117717207614,0.88896461207001765,0.90387011403111206,0.90889109382397815,0.89156669274587519,0.89292691168505089,0.94038896810855266,0.94134637096533302,0.887582141150981,0.89946571910343676,0.90568939814065275,0.90678219450388786
59.543817527010802,0.92016500234603882,0.8875706428315886,0.88908678689995801,0.90375409403117313,0.90877507382403921,0.89274132384320382,0.89265334460003209,0.94027294810861373,0.94123035096539409,0.88819005198578627,0.89927743172973784,0.9056392562402521,0.90673950050050822
59.583833533413369,0.92008620500564575,0.89343439778713052,0.88912617492967949,0.9036380740312342,0.90865905382410028,0.86556497912734887,0.89267668830204083,0.94015692810867479,0.94111433096545516,0.89692508841741958,0.89918682319105636,0.90559419287634402,0.90669650351789821
59.623849539815929,0.92000740766525269,0.8895732198588161,0.88890233259510942,0.90352205403129526,0.90854303382416135,0.88891003882013253,0.89269282328161781,0.94004090810873586,0.94099831096551623,0.90414157254553984,0.89927015070170513,0.90555422342394154,0.90665372933093236
59.663865546218489,0.91992861032485962,0.88637890105010464,0.88854213545371641,0.90340601403135634,0.90842699382422243,0.90090204983526956,0.89285936442095792,0.93992486810879694,0.94088227096557731,0.91080851722810341,0.89944262222921489,0.9055209748284837,0.90661130699783188
59.703881552621048,0.91984981298446655,0.88698867872575793,0.88832458158080718,0.90328999403141741,0.9083109738242835,0.90030077809754216,0.89318629117886772,0.93980884810885801,0.94076625096563837,0.88980061241564823,0.89949214541440925,0.90548474900791642,0.90656927457301295
59.743897559023608,0.91977101564407349,0.88398178338428235,0.88804442856493859,0.90317397403147848,0.90819495382434456,0.89632187155873266,0.89343055041497599,0.93969282810891908,0.94065023096569944,0.8861377330583764,0.8993128577812961,0.90543392858148808,0.90652736876269135
59.783913565426168,0.91969221830368042,0.90360731699277008,0.88792857417275006,0.90305795403153954,0.90807893382440563,0.90029757795227927,0.89347670714085203,0.93957680810898014,0.94053421096576051,0.88874616344036783,0.89913280013993124,0.90538412918799016,0.90648550441717712
59.823929571828728,0.91961342096328735,0.88848661215934122,0.88813989433927554,0.90294193403160061,0.9079629138244667,0.87965995967579924,0.89329885989584723,0.93946078810904121,0.94041819096582158,0.89806975315295123,0.89915069125666758,0.90534407419459528,0.90644382792483524
59.863945578231295,0.91953462362289429,0.88908748222112977,0.88849751660995491,0.90282591403166168,0.90784689382452777,0.88966094697987474,0.892785000519278,0.93934476810910228,0.94030217096588264,0.90409550873682876,0.89919407939910911,0.90530607808696029,0.90640224075485687
59.903961584633855,0.919455885887146,0.88870015250804468,0.88819000281117355,0.90270989403172275,0.90773087382458884,0.90488054154043385,0.89296148437223644,0.93922874810916335,0.94018615096594371,0.91172656714334843,0.89935951605311848,0.90527396459682119,0.90636062797474859
59.943977591036415,0.91937708854675293,0.88518037251519988,0.8880842459438465,0.90259387403178382,0.9076148538246499,0.90008808696145859,0.89321459529917624,0.93911272810922442,0.94007013096600478,0.88914580133461973,0.89932859445983482,0.90523362552256625,0.9063193230096096
59.983993597438975,0.91929829120635986,0.88644840467665476,0.88807433535507119,0.90247785403184488,0.90749883382471097,0.89693624018725826,0.89303284857214893,0.93899670810928548,0.93995411096606585,0.88740744520199133,0.89907627030124915,0.90518335928027893,0.9062778195737935
60.024009603841534,0.9192194938659668,0.90636964682704724,0.88792498257371988,0.90236181403190596,0.90738279382477205,0.87990423743086654,0.89307245791720624,0.93888066810934656,0.93983807096612693,0.90166016117433911,0.89890663722225805,0.90513505729617483,0.90623622116310898
60.064025610244094,0.91914069652557373,0.88737952300757883,0.8880234881844763,0.90224579403196703,0.90726677382483312,0.86937101856001286,0.89290406779031117,0.93876464810940763,0.93972205096618799,0.90455393623908542,0.89893602724882193,0.90509642810498381,0.90619478498093786
60.104041616646661,0.91906189918518066,0.89394340429368802,0.88824358779379242,0.9021297740320281,0.90715075382489418,0.89634456888531955,0.8926562485545817,0.9386486281094687,0.93960603096624906,0.90419032490339746,0.89905149684017727,0.90506108494908533,0.90615341304691177
60.144057623049221,0.91900742053985596,0.88717289060432158,0.88891598662772919,0.90201375403208917,0.90703473382495525,0.90631610300058663,0.89280831126416138,0.93853260810952976,0.93949001096631013,0.90310510697677304,0.89920008136830298,0.90502616483422937,0.90611238602382027
60.184073629451781,0.91896772384643555,0.90902175251424966,0.88921238343670139,0.90189773403215023,0.90691871382501632,0.87237956994077481,0.89312243798955515,0.93841658810959083,0.9393739909663712,0.89228477208153212,0.89928052201176456,0.90499897716821598,0.9060742097511717
60.224089635854341,0.91889649629592896,0.89313305381604591,0.88958699566059818,0.9017817140322113,0.90680269382507739,0.87368368839735189,0.8927125594771389,0.9383005681096519,0.93925797096643227,0.89973599642291524,0.89924013307760764,0.90495871790571836,0.90603558395347916
60.264105642256901,0.91882526874542236,0.88732607732439028,0.88994906137356133,0.90166569403227237,0.90668667382513846,0.89705535670537695,0.89226861964934101,0.93818454810971297,0.93914195096649333,0.90724929637681551,0.89930245252919572,0.90492349615619128,0.90599674417640597
60.304121648659461,0.91875410079956055,0.8964623199450078,0.88998706245677273,0.90154967403233344,0.90657065382519952,0.91675468053838771,0.89212269037378311,0.93806852810977404,0.9390259309665544,0.91143674154534937,0.89939257552012131,0.90489311106782,0.90595760880686682
60.344137655062028,0.91868287324905396,0.88765771930181747,0.88993064553707124,0.9014336540323945,0.90645463382526059,0.89502847951498121,0.89195486236344412,0.9379525081098351,0.93890991096661547,0.88888519130401322,0.89914402297485707,0.90484753833829135,0.90591812953283246
60.384153661464588,0.91861164569854736,0.88935119606833668,0.88993882343170694,0.90131761403245558,0.90633859382532167,0.8882255633055699,0.89163502627520763,0.93783646810989618,0.93879387096667655,0.88969516154356654,0.89891965003450658,0.90479970532270093,0.9058782704783529
60.424169667867147,0.91854041814804077,0.90615113760530364,0.8899186458472006,0.90120159403251665,0.90622257382538274,0.86731782906412225,0.891349223039128,0.93772044810995725,0.93867785096673761,0.9048442995469137,0.89875968349516144,0.9047557622143424,0.9058380763453554
60.464185674269707,0.91846919059753418,0.89113883903856905,0.88999634532284855,0.90111444057676049,0.90610655382544381,0.87957456320683947,0.89103902022537795,0.93760442811001832,0.93856183096679868,0.90237244746156742,0.89876993615180734,0.9047180225300544,0.90579772657686242
60.504201680672267,0.91839796304702759,0.88984941648463622,0.88985080319409882,0.90105471046034924,0.90599053382550487,0.8900502387249104,0.8909829559597644,0.93748840811007939,0.93844581096685975,0.90770766413353554,0.8989090499043304,0.90468594993707496,0.90575745217079018
60.544217687074827,0.91832679510116577,0.88750126039706378,0.88991071892753948,0.90099915222149884,0.90587451382556594,0.89147880727504436,0.89091875203907234,0.93737238811014045,0.93832979096692082,0.89304515352571556,0.89895471636169011,0.90465536066563002,0.90571725671288039
60.584233693477394,0.91825556755065918,0.888207567520925,0.88967039510244761,0.90093865537584117,0.90575849382562701,0.88737029485308783,0.890933454096699,0.93725636811020152,0.93821377096698189,0.88898926802875333,0.89873286759269977,0.90460928918613159,0.90567685333231118
60.624249699879954,0.91818434000015259,0.88960624468572957,0.88957450846159258,0.9008803714961956,0.90564247382568808,0.88665097331232934,0.89068014927506445,0.93714034811026259,0.93809775096704295,0.89056075487768538,0.89849809178160511,0.90456233949753118,0.90563615682861931
60.664265706282514,0.918113112449646,0.89324503524748855,0.88954768769847958,0.9008310997040524,0.90552645382574914,0.86423614843790841,0.89044805278067396,0.93702432811032366,0.93798173096710402,0.89746943000129287,0.89840281399331579,0.90452170552090183,0.90559526683099179
60.704281712685074,0.9180418848991394,0.88781981363575102,0.88956031021522208,0.90077312295663847,0.90541041382581022,0.88961128546635071,0.89028873180750134,0.93690828811038473,0.9378656909671651,0.90442984475958754,0.8984733508630125,0.90448497652055293,0.90555435692002462
60.744297719087633,0.91797065734863281,0.88613506269505848,0.88924700227503051,0.90071214038681502,0.90529439382587129,0.90901127719338259,0.89038108530524385,0.9367922681104458,0.93774967096722617,0.9099226701570805,0.89860751827614194,0.90445422118716567,0.90551354941899387
60.784313725490193,0.917899489402771,0.88679604400143097,0.88904661970566246,0.90065229303372818,0.90517837382593236,0.89388330160646112,0.89059602622689393,0.93667624811050687,0.93763365096728724,0.89099289434384221,0.89861004007546319,0.90442055781042385,0.90547288516512014
60.82432973189276,0.9178282618522644,0.88526011686789385,0.88868050832755308,0.90058932482880238,0.90506235382599343,0.88970871211102087,0.89063796579432908,0.93656022811056794,0.9375176309673483,0.88701569371856936,0.89841264007517185,0.90437490992619096,0.90543218990964347
60.86434573829532,0.91775703430175781,0.90623251805034022,0.88847073377019337,0.90052866010080179,0.90494633382605449,0.88289406203564558,0.89072987440655704,0.93644420811062901,0.93740161096740937,0.8896075745869253,0.89822915906738998,0.90432911804927063,0.90539146879086418
60.90436174469788,0.91768580675125122,0.89011846278095941,0.88851686156849752,0.9004777163768336,0.90483031382611556,0.87049474364288182,0.89062443206014741,0.93632818811069007,0.93728559096747044,0.89881812574427999,0.8982064713442115,0.90429132714824301,0.90535078736388119
60.94437775110044,0.9176146388053894,0.88749695808016316,0.88847022044442781,0.90041634080745203,0.90471429382617663,0.89010955993617258,0.89053330833490474,0.93621216811075114,0.93716957096753151,0.90594176530853909,0.89837753975834023,0.90425771975659008,0.90531033712537645
60.984393757503,0.91754341125488281,0.89096244404564184,0.88830581746246162,0.90035556667782035,0.9045982738262377,0.90074749467146187,0.89066854406684359,0.93609614811081221,0.93705355096759257,0.91044108217807374,0.89851723635732328,0.9042285132170127,0.90527019311423773
61.02440976390556,0.91747218370437622,0.8848010414757892,0.888207749977311,0.90029566369308489,0.90448225382629877,0.89466253697797482,0.89072501446570063,0.93598012811087328,0.93693753096765364,0.88925824243448248,0.89842738497197627,0.90419114188695904,0.90523013162003396
61.064425770308127,0.91740095615386963,0.88817575461426512,0.88801132942342798,0.90023280412470441,0.90436621382635984,0.89018932651994753,0.89080472745474881,0.93586408811093436,0.93682149096771472,0.88858783776840378,0.89822724950969934,0.9041450848762046,0.90518995399247648
61.104441776710686,0.91732972860336304,0.90571999697504701,0.88797130668542201,0.90017705487870991,0.90425019382642091,0.86949860953688329,0.89082721755628291,0.93574806811099542,0.93670547096777579,0.8900207149724465,0.89803007675075552,0.90409995074689153,0.90514970353777835
61.144457783113246,0.91725850105285645,0.88954019503190251,0.88809509107851425,0.90012471248801695,0.90413417382648198,0.87620155083780393,0.89061778361185229,0.93563204811105649,0.93658945096783686,0.89965713231461619,0.89803002423779121,0.90406343688071433,0.90510934802724707
61.184473789515806,0.91718733310699463,0.88670102945354023,0.8881520018450374,0.9000656547117154,0.90401815382654305,0.8885846907184054,0.89048919224638712,0.93551602811111756,0.93647343096789792,0.9061229137754806,0.89813752747334918,0.90402933126220741,0.90506898995633067
61.224489795918366,0.91711610555648804,0.89434963996273098,0.88803528066468607,0.90000571758054893,0.90390213382660412,0.91546051808929518,0.89066432823804087,0.93540000811117863,0.93635741096795899,0.91094282519435821,0.89825752105357126,0.90399980419412418,0.90502862102204451
61.264505802320926,0.91707783937454224,0.88534755691419886,0.88869095184841185,0.90001001501109246,0.90378611382666518,0.91702112226249799,0.89097945333903228,0.93528398811123969,0.93624139096802006,0.90609160711430725,0.8983491057595514,0.90396119406529019,0.90498855967077518
61.304521808723493,0.91702944040298462,0.89161185151359135,0.88901138162537841,0.89996904084904894,0.90367009382672625,0.87304028141366297,0.89114129845979528,0.93516796811130076,0.93612537096808113,0.90077891450963377,0.89840299788811118,0.90393574548981126,0.90495107946170095
61.344537815126053,0.91696161031723022,0.8860000547787954,0.88889533276061761,0.89991205934970475,0.90355407382678732,0.8938975837362455,0.89096705180643698,0.93505194811136183,0.9360093509681422,0.90792645228852886,0.89851938855877922,0.90390489896473425,0.90491369860812865
61.384553821528613,0.91689372062683105,0.88848764229155697,0.88875223008610926,0.89985507411447108,0.9034380338268484,0.88947498298293126,0.8910550579360309,0.93493590811142291,0.93589331096820327,0.89757320799835005,0.89863880237442462,0.90387859088598943,0.90487631576276628
61.424569827931172,0.91682589054107666,0.88382611222769358,0.88835653125017855,0.89979408421549889,0.90332201382690946,0.89649420530733426,0.89115317143808803,0.93481988811148398,0.93577729096826434,0.88806219653748331,0.8984362494564464,0.90383628575721864,0.90483888717739147
61.464585834333732,0.91675800085067749,0.88674508275476249,0.88794582236706765,0.89973009997626496,0.90320599382697053,0.89200671271952259,0.89140510712613275,0.93470386811154504,0.93566127096832541,0.88907231432461375,0.89825276201928994,0.9037921215434771,0.90480140244506779
61.504601840736292,0.9166901707649231,0.90729191814011922,0.88789414231008335,0.8996792772646387,0.9030899738270316,0.86604292674855643,0.89128419576260798,0.93458784811160611,0.93554525096838648,0.90490685312372365,0.89819006612606644,0.9037539515132178,0.90476394817503392
61.544617847138852,0.91662228107452393,0.8894071261880454,0.88797252867736842,0.89962324514378877,0.90297395382709267,0.88341592276129399,0.89100692816826788,0.93447182811166718,0.93542923096844754,0.90195841089299744,0.89822837986366011,0.90372000342456615,0.90472651761563427
61.584633853541419,0.91655445098876953,0.88520255065584275,0.88786232239413532,0.89956388360013306,0.90285793382715374,0.89698519055739068,0.89088587686702225,0.93435580811172825,0.93531321096850861,0.90900019907212792,0.89837874849094312,0.90369199446266435,0.90468927693349677
61.624649859943979,0.91648656129837036,0.88683549200568912,0.88797813695061556,0.89950930266923401,0.9027419138272148,0.89553475434796037,0.89093597611845776,0.93423978811178932,0.93519719096856968,0.8922234731609906,0.89842068339919501,0.90366419754308402,0.90465215712526104
61.664665866346539,0.91641873121261597,0.88627970537733858,0.88797198283797463,0.89945350663936585,0.90262589382727587,0.88723855553976561,0.89087796122461838,0.93412376811185038,0.93508117096863075,0.88889445186218474,0.89823045461645112,0.90362292247095077,0.9046149697956839
61.704681872749099,0.9163508415222168,0.88864755516903371,0.88804869818519705,0.89940015038793231,0.90250987382733694,0.8806614866191852,0.8905887213942254,0.93400774811191145,0.93496515096869182,0.8899755473467843,0.89802216819290215,0.90358055242762969,0.90457765386902733
61.744697879151659,0.9162830114364624,0.89220993415879635,0.8883743377894735,0.89935948183204173,0.90239383382739802,0.86343546024074336,0.89018705021692079,0.93389170811197253,0.93484911096875289,0.89709088228145739,0.89791862083723495,0.90354457646565256,0.90454013787515808
61.784713885554218,0.91621512174606323,0.88808273973479301,0.88858996469148332,0.89930900967462968,0.90227781382745909,0.88624171029037524,0.88982429015749431,0.9337756881120336,0.93473309096881396,0.904069818156095,0.89800285154608339,0.90351270954718665,0.90450258209771461
61.824729891956785,0.91614729166030884,0.88748665675800664,0.88835146155610845,0.89925408220378689,0.90216179382752015,0.90424069027370368,0.88969888837184463,0.93365966811209467,0.93461707096887503,0.90955176986592856,0.89813573082057341,0.90348607098271705,0.90446510796792523
61.864745898359345,0.91607940196990967,0.8858119647554199,0.88823267313824938,0.89920122791325785,0.90204577382758122,0.89207729370115407,0.88979164058887372,0.93354364811215573,0.9345010509689361,0.89082925131912172,0.89812564178786392,0.90345606741199547,0.90442772787113768
61.904761904761905,0.91601157188415527,0.88610112892795467,0.88811825384432952,0.89914631585761284,0.90192975382764229,0.89332369101910047,0.88983561657013877,0.9334276281122168,0.93438503096899717,0.88746707124750834,0.8979429739907463,0.90341554380940958,0.90439034726250933
61.944777911164465,0.9159436821937561,0.90624397069673779,0.88799273682104918,0.89909192443686947,0.90181373382770336,0.8751329393677959,0.88974484053895952,0.93331160811227787,0.93426901096905823,0.88921349302757635,0.89773679641075643,0.90337347896777875,0.90435286433022388
61.984793917567025,0.91587585210800171,0.88714241080994083,0.88809760857846598,0.89904769303959553,0.90169771382776442,0.87640120434503876,0.88949731326236492,0.93319558811233894,0.9341529909691193,0.89921083315628736,0.89774530181293755,0.90334090770377862,0.90431547148233482
62.024809923969585,0.91580796241760254,0.88508566094737251,0.88783609542902187,0.89898842753461883,0.90158169382782549,0.88963759777184559,0.88955876217928409,0.9330795681124,0.93403697096918037,0.90561089452690258,0.89792297835055357,0.90331107002338462,0.90427832665142538
62.064825930372152,0.91574013233184814,0.89145230221219074,0.8874899025053915,0.89892826768166345,0.90146567382788656,0.91683290631148062,0.8898502508442061,0.93296354811246107,0.93392095096924144,0.91061308957791687,0.89808076400613368,0.90328618682966222,0.90424153552316189
62.104841936774712,0.91567224264144897,0.88486284940872828,0.88729566090475531,0.89887098332265203,0.90134963382794764,0.90863881584195172,0.89035830189980381,0.93284750811252215,0.93380491096930252,0.88913761619610687,0.89806136949510762,0.90325249348197556,0.9042051350838175
62.144857943177271,0.91560441255569458,0.88610609780099492,0.8871994347173443,0.89881437961684141,0.90123361382800871,0.89179408084538836,0.89045189265283353,0.93273148811258322,0.93368889096936358,0.88759504618688445,0.89783432503714955,0.90320949951772389,0.90416869649389997
62.184873949579831,0.91553652286529541,0.90524340933527625,0.88729670005066241,0.89876629099821659,0.90111759382806977,0.86768068997976444,0.8901883234759016,0.93261546811264429,0.93357287096942465,0.89202846372956013,0.89760215967290491,0.90316728502076615,0.90413192268139253
62.224889955982391,0.91546869277954102,0.889616000643772,0.88746416255313854,0.89871937496594867,0.90100157382813084,0.87273715654292816,0.88995632855939466,0.93249944811270535,0.93345685096948572,0.89901391186768609,0.8975423487409615,0.90313282267661577,0.90409479945403415
62.264905962384951,0.91540080308914185,0.88722488198320559,0.88755071485052395,0.89866820510522449,0.90088555382819191,0.89035324507174674,0.88968447673137474,0.93238342811276642,0.93334083096954679,0.90538147166639615,0.8976257507472738,0.90310118155903174,0.90405744838496793
62.304921968787518,0.91533297300338745,0.89523931062097817,0.88757546192092729,0.89861654548094438,0.90076953382825298,0.91767827801842738,0.88979703365900864,0.93226740811282749,0.93322481096960785,0.91123683297991853,0.89770958096334263,0.9030738701978942,0.90401987894078906
62.344937975190078,0.91526508331298828,0.88960569932161548,0.88752650951530376,0.89856410606426551,0.90065351382831405,0.88309904911831849,0.8899487906574971,0.93215138811288856,0.93310879096966892,0.8901103332773318,0.89747287306448498,0.90303299465343434,0.9039819233246752
62.384953981592638,0.91523867845535278,0.89249824998715355,0.88807258058348293,0.89857338979619938,0.90053749382837511,0.90301580504335788,0.89037939065706095,0.93203536811294962,0.93299277096972999,0.91220291830658207,0.89788440345731835,0.90301068512232741,0.90394443973256144
62.424969987995198,0.9152342677116394,0.9303243413698189,0.88919603773776257,0.89865270648074347,0.90042145382843619,0.90814735649630085,0.89063253413416898,0.9319193281130107,0.93287673096979107,0.90826819675782478,0.89847556581321353,0.90302206006888441,0.90391139051749103
62.464985994397757,0.91522908210754395,0.9237316769776841,0.89035623773715189,0.89881678302289592,0.90030543382849726,0.90980686886290663,0.89179119899733539,0.93180330811307177,0.93276071096985214,0.89477592197519695,0.899311365812685,0.90303721700727557,0.90388316315068717
62.505002000800317,0.91522395610809326,0.90918445280831006,0.89151643773654121,0.89892873495405479,0.90018941382855833,0.93389454004252881,0.89295139899672471,0.93168728811313284,0.9326446909699132,0.89536835871602538,0.8983327658126139,0.90299674599359836,0.90385385933914608
62.545018007202884,0.9152187705039978,0.90558008078175634,0.89267663773593053,0.89897849708168143,0.90007339382861939,0.95202899284198617,0.89411159899611403,0.93157126811319391,0.93252867096997427,0.89725530199815362,0.89742944590029106,0.90296321591308504,0.90381914042265821
62.585034013605444,0.91521364450454712,0.89975837945901815,0.89383443773532112,0.89900176645641905,0.89995737382868046,0.95263518332150665,0.89527179899550335,0.93145524811325497,0.93241265097003534,0.89872982184119965,0.89837608371781319,0.90294185268954463,0.90378453478766352
62.625050020008004,0.91520845890045166,0.89765157728997169,0.8949846377347157,0.89899983844712916,0.89984135382874153,0.94313620399005971,0.89643199899489268,0.93133922811331604,0.93229663097009641,0.90127701304818619,0.89952991005497118,0.90293175303696538,0.90375657785712227
62.665066026410564,0.91520333290100098,0.89733944722862913,0.89604300221444455,0.89898811764910658,0.8997253338288026,0.95616126930561707,0.897592198994282,0.93122320811337711,0.93218061097015747,0.90479805650159295,0.9006901100543605,0.9029385511569753,0.90373548916713842
62.705082032813124,0.91519814729690552,0.90148348734415906,0.89717531548191487,0.89898896297012176,0.89960931382886367,0.96079531669407925,0.89875239899367132,0.93110718811343818,0.93206459097021854,0.91138452394636948,0.90185031005374983,0.90297469556496202,0.90372123329850063
62.745098039215684,0.91519302129745483,0.91512655840825419,0.89832831548130798,0.89903853647198284,0.89949329382892473,0.98326910720806648,0.89991259899306064,0.93099116811349925,0.93194857097027961,0.92083465470545089,0.90300770234056005,0.90305384816757195,0.90371376867576836
62.785114045618251,0.91518783569335938,0.92000841557424173,0.8994887154806972,0.89917032669890096,0.89937725382898581,0.95058009744323801,0.90107299899244986,0.93087512811356032,0.93183253097034069,0.90665990665835328,0.90416810233994926,0.90310199765848709,0.90371304433754485
62.82513005202081,0.91518270969390869,0.89729781776791429,0.89964536703249731,0.8991842317984351,0.89926123382904688,0.94464086488311116,0.90223319899183918,0.93075910811362139,0.93171651097040176,0.90149149952454499,0.90385097272608328,0.90310636807720912,0.90371626870973976
62.86514605842337,0.91517758369445801,0.89794425603124228,0.89862285529792507,0.89917267841673765,0.89914521382910795,0.90717534200367256,0.90338419899123257,0.93064308811368246,0.93160049097046282,0.89811808729205267,0.90269077272600895,0.90308747630822894,0.90371368862332802
62.90516206482593,0.91517239809036255,0.90344443491067172,0.89837186280907955,0.89916963880730949,0.89902919382916902,0.90916126918709317,0.90429996811531754,0.93052706811374353,0.93148447097052389,0.89561642218394788,0.90153217272593422,0.90305429349125055,0.90370441429358639
62.94517807122849,0.91516727209091187,0.91815502593024567,0.89952846280847076,0.89925600591354438,0.89891317382923008,0.89574969743811783,0.9034833368643953,0.9304110481138046,0.93136845097058496,0.89427322303032708,0.90040317272585468,0.90301116729258879,0.90368854883161387
62.98519407763105,0.91516208648681641,0.92592052614790654,0.90068866280786009,0.89937329450195214,0.89879715382929115,0.89404265698816321,0.90241473686432128,0.93029502811386566,0.93125243097064603,0.89307873051727926,0.89964977272570912,0.90297059686894376,0.90366686762106563
63.025210084033617,0.91515696048736572,0.92739313044818739,0.90184886280724941,0.89953832392950861,0.89868113382935222,0.8915306022187437,0.90133093686424737,0.93017900811392673,0.9311364109707071,0.90429380417277161,0.90075877272511051,0.90298299779616964,0.90364669822569865
63.065226090436177,0.91515177488327026,0.91085708454646541,0.90300097006007141,0.89967353984972642,0.89856511382941329,0.9231654011672471,0.9011109555813821,0.9300629881139878,0.93102039097076816,0.89459363834306027,0.90127590104610533,0.90297351300551376,0.90363279579699562
63.105242096838737,0.91514664888381958,0.92468279199279435,0.90416137005946062,0.89975305832625518,0.89844907382947437,0.89533361929199273,0.90206098147949287,0.92994694811404888,0.93090435097082924,0.89499919104543457,0.90016070104602208,0.90293111228128031,0.90361593525370532
63.145258103241297,0.91514146327972412,0.9008576517251442,0.90333003754913233,0.89977104911926187,0.89833305382953543,0.94395312996133629,0.90321358147888642,0.92983092811410994,0.93078833097089031,0.89871847018924755,0.89933690104587161,0.90291129933066028,0.90359432497330472
63.185274109643856,0.91513633728027344,0.89875490948894765,0.90231248032438338,0.89977145818620041,0.8982170338295965,0.95451716504583262,0.90437378147827574,0.92971490811417101,0.93067231097095138,0.90310875145450509,0.89955510104548142,0.9029093449982859,0.90356871767429492
63.225290116046416,0.91513115167617798,0.93365094127422255,0.90152207733174206,0.89977935597322078,0.89810101382965757,0.98242912833850715,0.90553398147766506,0.92959888811423208,0.93055629097101245,0.91001503675664897,0.90069610104488085,0.90292172532201009,0.90354885033853527
63.265306122448976,0.91512602567672729,0.90046129320616886,0.90164917642376763,0.89982370439995774,0.89798499382971864,0.94888787248061157,0.90669258147705523,0.92948286811429315,0.93044027097107351,0.9029205530142459,0.90185316220755185,0.90294476093804421,0.90353570693397545
63.305322128851543,0.91512089967727661,0.89839502976960905,0.90097757988724603,0.89982985410828842,0.8978689738297797,0.9483103055226092,0.90750558147653293,0.92936684811435422,0.93032425097113458,0.89834171483550973,0.90190736220719703,0.90293145277801468,0.90352780506721408
63.345338135254103,0.91511571407318115,0.91402783150624234,0.89997683850204435,0.89982646420852419,0.89775295382984077,0.87684584675073252,0.90695979669215177,0.92925082811441528,0.93020823097119565,0.891194117311078,0.90075596220712151,0.90290248997384936,0.90351510487063591
63.385354141656663,0.91511058807373047,0.92568547421469982,0.89949463850182076,0.89984710891786879,0.89763693382990184,0.91612697797126674,0.90772879669164974,0.92913480811447635,0.93009221097125672,0.89638749807918094,0.89984496220699517,0.90286576516857986,0.90349602718003375
63.425370148059223,0.91510540246963501,0.89988878207831713,0.90039963850129201,0.89995749876111442,0.89752091382996291,0.9098009426679754,0.90748292041477252,0.92901878811453742,0.92997619097131778,0.90645318710175116,0.89992013398088799,0.9028555574072723,0.90347346041922283
63.465386154461783,0.91510027647018433,0.89481386601591395,0.90006618023459795,0.8999552955482446,0.89740487383002399,0.91719061143753255,0.90857372041419837,0.9289027481145985,0.92986015097137886,0.89645244147745451,0.8999438668176698,0.90284498442507033,0.90345295246223123
63.505402160864342,0.91509509086608887,0.89485834348922499,0.89896454072665755,0.89993203494784502,0.89728885383008505,0.90766253448897294,0.908314619416981,0.92878672811465957,0.92974413097143993,0.90061485326615698,0.90030313186286937,0.90282932205832234,0.90343332162164813
63.545418167266909,0.91508996486663818,0.89436739459444781,0.8978447945048188,0.89990188274092731,0.89717283383014612,0.9091193117269798,0.90840562898043742,0.92867070811472063,0.929628110971501,0.90123680430206099,0.90086614395561493,0.90281794070469301,0.9034167279782378
63.585434173669469,0.91508477926254272,0.89548526983646826,0.89678825564216269,0.89987156230704668,0.89705681383020719,0.96513512850420358,0.9092009584639702,0.9285546881147817,0.92951209097156207,0.90256094462950953,0.90165509900524055,0.90281202260635574,0.90340416020650471
63.625450180072029,0.91507965326309204,0.89547811950697143,0.89598013285265032,0.8998432855827746,0.89694079383026826,0.9533335853941578,0.91036115846335952,0.92843866811484277,0.92939607097162313,0.90401766030265174,0.90259491659308222,0.90281480215721388,0.90339678072954355
63.665466186474589,0.91507446765899658,0.89472303259289843,0.89554799597988943,0.89981700227388617,0.89687701868063996,0.92258860461458581,0.91151135846275411,0.92832264811490384,0.9292800509716842,0.89654964746548682,0.9018214140570695,0.90280088848806705,0.90339075299047367
63.705482192877149,0.9150693416595459,0.92717128844574614,0.89484780038867839,0.89980626382813433,0.89686626710680284,0.90142965897000127,0.91107875846255837,0.9282066281149649,0.92916403097174527,0.90464415199933657,0.90107401405690379,0.90275814983682989,0.90337852950045938
63.745498199279709,0.91506415605545044,0.9252566362329252,0.89600800038806772,0.89995937145574589,0.89685795111466693,0.89977571722663086,0.90991855846248404,0.92809060811502597,0.92904801097180634,0.9058351195257256,0.90223421405629312,0.90277243686689135,0.90336855894254608
63.785514205682276,0.91505903005599976,0.92885422150605812,0.89716820038745704,0.90010348443407306,0.89685639406391104,0.89900424517047706,0.90875835846240938,0.92797458811508704,0.92893199097186741,0.90538893985847002,0.90339441405568244,0.90278849664687266,0.90336535689637087
63.825530212084836,0.91505390405654907,0.9253934014335562,0.89832860038684625,0.90024825925812668,0.89686155832645065,0.89665723492989369,0.90759795846233504,0.92785854811514812,0.92881595097192848,0.90499258796873061,0.90455001405507418,0.90280420493552993,0.90336888246848668
63.865546218487395,0.91504871845245361,0.92821499416823972,0.89948880038623558,0.90039265531302048,0.89687340324755249,0.90248138078445517,0.90643975846226066,0.92774252811520919,0.92869993097198955,0.90542825242154634,0.90501911522999556,0.90281826200265414,0.90337801882875657
63.905562224889955,0.91504359245300293,0.92972347130803035,0.9006490003856249,0.90052971796119463,0.89689189049508733,0.89774095819697652,0.90532227892633999,0.92762650811527025,0.92858391097205062,0.89365049530244745,0.90412215150458231,0.90279071858209836,0.90338551394457944
63.945578231292515,0.91503840684890747,0.91986134905145422,0.90180920038501422,0.90066331786871823,0.89691698164844746,0.90555434990412009,0.90428169655727941,0.92751048811533132,0.92846789097211169,0.89472340564853425,0.90296195150450798,0.90274034619842813,0.90338641556792987
63.985594237695075,0.91503328084945679,0.90454952439401559,0.90295020889955202,0.90070735399333346,0.89694862652303164,0.91024771850384445,0.90487919340134426,0.92739446811539239,0.92835187097217275,0.8982158309899142,0.90180175150443331,0.90270389698618236,0.90338060113615481
64.025610244097635,0.91502809524536133,0.90027053695823522,0.90275205016994076,0.90071691380408914,0.89698420473935148,0.93402384961592921,0.90603179340073758,0.92727844811545346,0.92823585097223382,0.90265032395224853,0.90129173453897105,0.90269293742680978,0.9033697477939473
64.065626250500202,0.91502296924591064,0.90162194923314531,0.90251420312964181,0.90072613290121561,0.89701591725892504,0.86001634207514255,0.90560798909644102,0.92716242811551453,0.92811983097229489,0.90620703549099957,0.90084224282842773,0.90266040870360309,0.9033563509773489
64.105642256902755,0.91501778364181519,0.89806290302408032,0.90205714749084853,0.90073260299084545,0.89704697832639535,0.89782191001973777,0.90466396272610106,0.92704640811557559,0.92800381097235596,0.89148035817688165,0.9005879494727167,0.90263308454460345,0.90334057098061771
64.145658263305322,0.9150126576423645,0.89922761898390657,0.90162719364653321,0.90073810113052244,0.89707507216574411,0.88816268637734908,0.90366549581074285,0.92693036811563667,0.92788777097241704,0.88905815463244187,0.9000674145774773,0.90259121760633132,0.90332253850188482
64.185674269707889,0.91500747203826904,0.91316082375673946,0.90133598789992808,0.90074123501772563,0.8971015311204803,0.88116965783454237,0.90268643100532897,0.92681434811569774,0.9277717509724781,0.88913725772288732,0.89955312928482389,0.90254767139973113,0.90330216403727193
64.225690276110441,0.91500234603881836,0.90111124603823267,0.90105975685329154,0.90074879845332334,0.89712521340321827,0.86300877420569133,0.9017950072114731,0.92669832811575881,0.92765573097253917,0.8947684537831232,0.89912176342220063,0.90250811017709542,0.90327964683329931
64.265706282513008,0.91499722003936768,0.89519028844671567,0.90074141800235008,0.90074879915667749,0.89714753468328301,0.88141109101604254,0.90084635081836451,0.92658230811581987,0.92753971097260024,0.90163686041506896,0.89874930312945556,0.90247228039418526,0.90325508105989671
64.305722288915561,0.91499203443527222,0.8990392259804677,0.89991028592499156,0.90073552257067702,0.89716571714868987,0.91175060153841647,0.90001895081825078,0.92646628811588094,0.92742369097266131,0.90704771493636027,0.89862432058986563,0.90243942878629002,0.90322868387327904
64.345738295318128,0.91498690843582153,0.89504285834785202,0.89944144384662228,0.90072922891013774,0.8971803044556147,0.89136407614117474,0.89925035081809968,0.92635026811594201,0.92730767097272238,0.89084532286846441,0.89834522688347107,0.9024059600731672,0.90320061790425843
64.385754301720695,0.91498172283172607,0.89711118204884321,0.89864887927305503,0.90070998142350134,0.89719145095877395,0.88322409183136852,0.89841137164333584,0.92623424811600308,0.92719165097278344,0.88798536377742832,0.89789663328901836,0.9023601762004414,0.90317077162278547
64.425770308123248,0.91497659683227539,0.91135421423453655,0.89839147337255265,0.90070113015043995,0.89719969789756815,0.87644855464253968,0.89761541195221728,0.92611822811606415,0.92707563097284451,0.88931703204248713,0.89746460984203347,0.902314255250665,0.90313913494749731
64.465786314525815,0.91497141122817993,0.89628877296467679,0.89774691068741319,0.90068048686487123,0.89720456067219068,0.86810210170132762,0.89693367192950801,0.92600220811612521,0.92695961097290558,0.8955237568566965,0.89714037580679218,0.90227311009462263,0.90310594536850464
64.505802320928368,0.91496628522872925,0.89109436156525801,0.89693971068726752,0.90064814274119576,0.89720494894524472,0.88383377876589841,0.89627264616036029,0.92588616811618629,0.92684357097296666,0.90248285721318611,0.89702804968796657,0.90223561745177949,0.90307148065568166
64.545818327330934,0.91496109962463379,0.89402429997062294,0.8961272608443045,0.90061159758861487,0.89720097327777515,0.91302982997628224,0.89572939182148348,0.92577014811624736,0.92672755097302772,0.90894792172761152,0.89701522821382862,0.9022040642233593,0.90303613616788014
64.585834333733487,0.91495597362518311,0.8909524457035487,0.89539931656998228,0.90057546330653482,0.89719277670096487,0.8968805339549043,0.89534807608248812,0.92565412811630843,0.92661153097308879,0.88779746406485205,0.89676567812046382,0.90216397381730085,0.90299988681116417
64.625850340136054,0.91495078802108765,0.891361892961264,0.89463788996522497,0.90053596547496872,0.89718055176483713,0.8896139522540697,0.89488990797345402,0.9255381081163695,0.92649551097314986,0.88782339362773222,0.89643723551581012,0.90211728869688101,0.90296263772837138
64.665866346538621,0.91494566202163696,0.90916621340849169,0.89407781209417592,0.90050343819336709,0.89716440731169822,0.86684509649445418,0.89431957520242433,0.92542208811643056,0.92637949097321093,0.9005226659031984,0.89614999211341728,0.90207208193881261,0.9029244936176094
64.705882352941174,0.9149404764175415,0.89407641254153247,0.89357214466941892,0.9004670738853513,0.89714474536673572,0.87181267013364871,0.89377467079019501,0.92530606811649163,0.926263470973272,0.89605125019925136,0.89599514660071633,0.90203430784061789,0.90288565243400409
64.745898359343741,0.91493535041809082,0.88786138250045321,0.8930339544140754,0.90042463128330852,0.89712190437656791,0.88719778331863841,0.89313943376757288,0.9251900481165527,0.92614745097333306,0.90453021726105909,0.89602554504347931,0.90199950208588275,0.90284621313849978
64.785914365746294,0.91493022441864014,0.89716935422102118,0.89266268193093556,0.90038259524063047,0.89709684095064379,0.90908677691680706,0.89276445518509862,0.92507402811661377,0.92603143097339413,0.91003666464089461,0.89606696240060102,0.90197045587342939,0.90280623304744823
64.825930372148861,0.91492503881454468,0.88746187298881829,0.89217820042669438,0.90033735684878513,0.89706977556104506,0.89794126358565374,0.89250873413000065,0.92495800811667483,0.9259154109734552,0.88812421240446393,0.89578753420669699,0.90192719908442054,0.9027656656483144
64.865946378551428,0.91491991281509399,0.89099413576027631,0.89165632241222481,0.90028995854197902,0.89704044288726281,0.88776865367636837,0.89220233529021653,0.92484196811673591,0.92579937097351628,0.88850048979390894,0.89551318185828932,0.90188147100041594,0.90272445451082806
64.90596238495398,0.91491472721099854,0.90931727926811645,0.89142257181505014,0.90025396254498158,0.89700892383282627,0.86329429827748039,0.89179532326509792,0.92472594811679698,0.92568335097357735,0.90281689450826197,0.89535330106327504,0.90183954999643312,0.90268275128828568
64.945978391356547,0.91490960121154785,0.89136389262968263,0.89111472060281982,0.90020756688964731,0.89697537364228219,0.87529176139195419,0.89142186617680308,0.92460992811685805,0.92556733097363841,0.89791417577567034,0.8953026624179925,0.90180167954828871,0.90264073808573497
64.9859943977591,0.91490441560745239,0.88662104271679554,0.89064344318952349,0.90015634880942152,0.89693965811327214,0.89122866258699507,0.89102773310030325,0.92449390811691912,0.92545131097369948,0.90464803545921491,0.89540623942520803,0.90176880071889232,0.90259858592859332
65.026010404161667,0.91489928960800171,0.88914516962520629,0.89030520602194008,0.90010636810258726,0.8969020315428915,0.89496003196352503,0.89095677030347686,0.92437788811698018,0.92533529097376055,0.89080559208663201,0.8954281545239452,0.90173825566318444,0.90255633515376821
65.06602641056422,0.91489410400390625,0.88601490080190337,0.88986839053212585,0.90005361789325733,0.89686266580741991,0.89414369861174148,0.89096657266916268,0.92426186811704125,0.92521927097382162,0.88731101590593475,0.89519739693631695,0.90169397290693742,0.90251382452965612
65.106042416966787,0.91488897800445557,0.90921881074750266,0.88990214021023784,0.9000114504500244,0.89682196882371057,0.86713014647064868,0.89052528950475052,0.92414584811710232,0.92510325097388268,0.8908710731947348,0.89496487881719555,0.90165156326774154,0.90247101061035007
65.146058423369354,0.9148821234703064,0.89670397684359726,0.89036894876202899,0.90001991922581537,0.89678406179966252,0.92756157109116777,0.89129068950424473,0.92402982811716339,0.92498723097394375,0.90602660397049717,0.89591262218950618,0.90165535407925534,0.90243015955778416
65.186074429771907,0.91478824615478516,0.88922703483834431,0.89097318187592467,0.89999796638803031,0.89674951181960194,0.90500599908712898,0.89135763390747114,0.92391378811722447,0.92487119097400483,0.89150025344056616,0.89600348904929517,0.90163179080635913,0.90239195613994239
65.226090436174474,0.91469430923461914,0.89056045009748674,0.89081726925412286,0.89995403764522675,0.896716070506831,0.89613122586779348,0.89126012206905059,0.92379776811728553,0.9247551709740659,0.88530464129616271,0.89591266415395121,0.90159825710719044,0.90235432613043054
65.266106442577026,0.9146004319190979,0.90907592534959047,0.89081345769646192,0.89991403284788973,0.89668226585084332,0.87272737832129155,0.89097305569476992,0.9236817481173466,0.92463915097412697,0.88645790938896329,0.89586254052964009,0.90156424139299574,0.90231748176313853
65.306122448979593,0.91450649499893188,0.89159076410117688,0.89079810833029494,0.89988134112403717,0.89664821832822017,0.8627754006492977,0.89056847659996918,0.92356572811740767,0.92452313097418803,0.89783561039505422,0.89596484295495138,0.90153698051740705,0.90228120717003479
65.346138455382146,0.91441261768341064,0.8896509039470788,0.89080511695281395,0.89983956475035431,0.89661399096061722,0.88019503581614433,0.89014289811664982,0.92344970811746874,0.9244071109742491,0.90407656940172965,0.89620356257778189,0.90151341986137423,0.90224566030655229
65.386154461784713,0.9143187403678894,0.89061086598004102,0.89059541351983085,0.89979505095865686,0.8965794776724908,0.91052304952035157,0.88986504151868573,0.9233336881175298,0.92429109097431017,0.90963362125105718,0.89643927578626137,0.9014956992726646,0.90221091377239715
65.42617046818728,0.91422480344772339,0.88869554721108057,0.89047326425421602,0.89975213871030879,0.89654457060026793,0.89326798478674652,0.88976886262639088,0.92321766811759087,0.92417507097437124,0.89060968647215266,0.89646681879804724,0.90147097178926883,0.90217685677185078
65.466186474589833,0.91413092613220215,0.8943255833456949,0.89062630809354149,0.89971179215778396,0.89650991672073965,0.88046165532610254,0.88960330252156605,0.92310164811765194,0.92405905097443231,0.8889579613675801,0.89635597260318101,0.9014382801931311,0.90214321801675346
65.5062024809924,0.91403698921203613,0.9080101020824668,0.89079734269900324,0.89967673381579372,0.89647715594573818,0.86752204574145408,0.88931845158753964,0.92298562811771301,0.92394303097449337,0.90201182340270902,0.89623588191051962,0.90140361761714616,0.90210993618399049
65.546218487394952,0.91394311189651489,0.88318215840088565,0.89089630999640956,0.89964255388234782,0.8964446865908684,0.87819245602496687,0.88897073598167498,0.92286958811777409,0.92382699097455445,0.8997604920929172,0.89639053281041692,0.90138100464027249,0.90207726330094262
65.586234493797519,0.91384917497634888,0.89031400611389522,0.89096517119664098,0.89960107045612758,0.89641169169399892,0.88660711946983783,0.88860252449949317,0.92275356811783515,0.92371097097461552,0.90458906661460037,0.89657542043663141,0.90135921998740864,0.90204506149789088
65.626250500200086,0.91375529766082764,0.89414706749232364,0.89071522657191626,0.89955543673846738,0.89638003231990171,0.91020996864213222,0.88849983455136705,0.92263754811789622,0.92359495097467659,0.91079543295559018,0.89684718002738451,0.90134419186131365,0.90201363235257936
65.666266506602639,0.91366136074066162,0.88721857999788634,0.89037167692410968,0.89950720668646333,0.89634599353738686,0.900649001311704,0.88842616809908992,0.92252152811795729,0.92347893097473766,0.88936644160124723,0.89678642653863327,0.90131568207431467,0.90198274334745676
65.706282513005206,0.91356748342514038,0.88945075531717888,0.88988595562712236,0.89945568585844482,0.89631043106811314,0.88415112650446837,0.8883898289552753,0.92240550811801836,0.92336291097479872,0.88735869284413371,0.89664365177928174,0.90128204015912772,0.901952248574583
65.746298519407759,0.91347354650497437,0.90738620553585769,0.89015062234544506,0.89942336619029817,0.89627460897622024,0.86490509732175103,0.88805826172880387,0.92228948811807943,0.92324689097485979,0.90178216156005631,0.89656923264126642,0.90124943464299256,0.90192199393493333
65.786314525810326,0.91337966918945313,0.89472939517423045,0.8899075053590908,0.89937751333814153,0.89623785263550937,0.85846841995909273,0.88775486172855234,0.92217346811814049,0.92313087097492086,0.89865842592497436,0.89660669864296827,0.90122264298225918,0.90189189128189806
65.826330532212879,0.91328573226928711,0.89338089150792932,0.89032514453346789,0.89934073678063442,0.89620224545023708,0.90737369174802252,0.88777489383422759,0.92205744811820156,0.92301485097498193,0.90468322558026659,0.89673223525487877,0.90119800553995932,0.90186184024710137
65.866346538615446,0.91319185495376587,0.89108272713082237,0.89078200816109154,0.89930969455202847,0.89616878579512205,0.88436209904402185,0.88760349078077816,0.92194140811826264,0.922898810975043,0.90075196927263157,0.89685192154897098,0.9011796429564588,0.90183187712027568
65.906362545018013,0.91309791803359985,0.89207850140728173,0.89078168114643497,0.89927110064461213,0.89613726957959472,0.88689021380170507,0.8875698266475347,0.92182538811832371,0.92278279097510407,0.89042405708996697,0.8966445809904191,0.90114764617493937,0.90180173043654643
65.946378551420565,0.91300404071807861,0.89165857103937185,0.89124501027382907,0.89924162428261933,0.89610760000898915,0.87258260137912036,0.88747336271129096,0.92170936811838478,0.92266677097516514,0.88782315464558592,0.89638818804664133,0.90111136995263552,0.90177098711808512
65.986394557823132,0.9129101037979126,0.89415749000650557,0.89215563025945221,0.89923021947919413,0.89608211713085617,0.8722262000159533,0.88690892755884831,0.92159334811844584,0.92255075097522621,0.89520585085650006,0.89618978069779032,0.90107961774873679,0.90173963480489439
66.026410564225685,0.91281622648239136,0.88596321240308262,0.89158347569991325,0.89917792458897694,0.89605741072725609,0.87475887794373364,0.8871544245209253,0.92147732811850691,0.92243473097528728,0.89926084017041341,0.89581631292319963,0.90103974741369708,0.90170700450502594
66.066426570628252,0.91272234916687012,0.88648767089287495,0.89082644489614871,0.89912013592509388,0.89602924694404384,0.90484451027525159,0.8869436053310662,0.92136130811856798,0.92231871097534834,0.90472821396931902,0.89574943147317709,0.90100546311358676,0.90167287207806457
66.106442577030819,0.9126284122467041,0.88735219420585765,0.89022811410851688,0.89906676969822508,0.89599738846623123,0.90337996972188483,0.88703864908388419,0.92124528811862905,0.92220269097540941,0.88993348648902482,0.89559472857811162,0.90097193022809641,0.9016375457207737
66.146458583433372,0.91253453493118286,0.88333522392892905,0.88953810232158004,0.89901016696909308,0.89596208224030904,0.89552479834047582,0.88711343920517471,0.92112926811869011,0.92208667097547048,0.88698283367344477,0.89522911920027604,0.90092770864237526,0.90160097920605575
66.186474589835939,0.91244059801101685,0.9068365997008011,0.88891612176765977,0.89895526602188358,0.89592353238373379,0.87006722794053948,0.88694882949743237,0.92101324811875118,0.92197065097553155,0.88727702069561487,0.89488384124596132,0.90088264156887965,0.90156326243189799
66.226490596238492,0.91234672069549561,0.91080600210777163,0.88904458923350838,0.89892873085785874,0.89588271618507342,0.89980540746323656,0.886570889010593,0.92089720811881226,0.92185461097559263,0.90042844719199566,0.89485599458079845,0.90085077221702803,0.90152465021699035
66.266506602641059,0.91232758760452271,0.89704616252723179,0.88959678304484013,0.89893145282249665,0.89584512458920362,0.9060303418810004,0.88773108900998232,0.92078118811887333,0.92173859097565369,0.89220005291064719,0.89570960153709578,0.90085885859475145,0.90148887562152347
66.306522609043611,0.91225355863571167,0.88615360507494023,0.88914885612702543,0.89888421191091583,0.89580835211483323,0.89479883946139427,0.88865092700380544,0.9206651681189344,0.92162257097571476,0.88716953847528912,0.89558396325585876,0.90082785081993999,0.90145468962164976
66.346538615446178,0.91217958927154541,0.90733736514963326,0.88869604880720465,0.89883481419992217,0.89576891678395487,0.86915062337051863,0.8885609408074685,0.92054914811899546,0.92150655097577583,0.88560247279606485,0.89550296325553846,0.9007941122950277,0.90142109271244175
66.386554621848745,0.91210556030273438,0.89053821136083122,0.88859494601495492,0.89879214195395729,0.89572784332562105,0.86580469371231905,0.88837480491319709,0.92043312811905653,0.9213905309758369,0.89713073255436304,0.89570751475902743,0.90077095852847078,0.90138826447682241
66.426570628251298,0.91203153133392334,0.88343514675384727,0.88826754657595663,0.8987374450395309,0.89568524496275803,0.88605047197994291,0.88819615777659777,0.9203171081191176,0.92127451097589796,0.9089734330717355,0.89597462979627762,0.90075113971986842,0.90135636526923546
66.466586634653865,0.91195756196975708,0.89015506277262135,0.88795102116239399,0.89868218010635459,0.89564124389673616,0.90828502200455441,0.88816040596056611,0.92020108811917867,0.92115849097595903,0.90910331986828263,0.89622027494482226,0.90073655467934843,0.90132537917697275
66.506602641056418,0.91188353300094604,0.88613651699936291,0.88781903478188018,0.89863080824192154,0.89559628718649364,0.90017543907474562,0.88820985015058618,0.92008506811923974,0.9210424709760201,0.8893188244085849,0.8962397649036159,0.900713656702679,0.9012951841254192
66.546618647458985,0.91180950403213501,0.88529811056784757,0.88759767671600021,0.89857613638096923,0.89555066184808108,0.88889415661771676,0.88829744022011037,0.9199690481193008,0.92092645097608117,0.88664443495419787,0.89613547710701968,0.90068278499778398,0.90126549710165826
66.586634653861552,0.91173547506332397,0.90666620371312967,0.88754118800307347,0.89853045532235643,0.89550479685974371,0.86649017668002004,0.8880431633264485,0.91985300811936188,0.92081041097614225,0.90097738918218639,0.8960478773859657,0.9006516427771053,0.90123622590022801
66.626650660264104,0.91166150569915771,0.88857865750261045,0.88752843864942277,0.89848394414937316,0.89545847495393049,0.86911814782229524,0.88776103193743927,0.91973698811942295,0.92069439097620331,0.89900560723810008,0.89623063475178988,0.90063027984508759,0.90120752312624186
66.666666666666671,0.91158747673034668,0.88352749507717987,0.88728617833173429,0.89842850522660034,0.89541185881935859,0.88533346165520765,0.88751211164347366,0.91962096811948402,0.92057837097626438,0.90737440353043541,0.89646082368258428,0.90061274596354846,0.90117946166464613
66.706682673069224,0.91151350736618042,0.89411658769794289,0.88714069196310841,0.89837511415661109,0.89536434419967093,0.90813360772406027,0.88754330600027331,0.91950494811954508,0.92046235097632545,0.91035660198933521,0.89667830438393192,0.90060004804478722,0.90115207358715421
66.746698679471791,0.91143947839736938,0.88463567495717066,0.88703618309882626,0.89832036537731452,0.89531634212435052,0.90526787764114214,0.88766035033915536,0.91938892811960615,0.92034633097638652,0.88833541287631024,0.89657624680778158,0.90057285937326548,0.90112515575746166
66.786714685874344,0.91136544942855835,0.88609113058586153,0.88677054554828993,0.89826286190118665,0.89526785817577526,0.88555486429784014,0.88776295033880692,0.91927290811966722,0.92023031097644759,0.88591984108643196,0.89644047435262264,0.90054110364565931,0.90109850647545497
66.826730692276911,0.91129148006439209,0.90718878372652867,0.88675041055662684,0.89821887390405197,0.895218879212479,0.8634131777478018,0.88759584425474314,0.91915688811972829,0.92011429097650865,0.90235416532737089,0.8964057746461993,0.90051253145800947,0.90107206897572378
66.866746698679478,0.91121745109558105,0.88526538872099747,0.88680061532444721,0.89816662325068253,0.89516981651020644,0.87553532800362965,0.88737063820819539,0.91904086811978936,0.91999827097656972,0.90079289496519577,0.8964902997496047,0.90048921593224263,0.9010459285896848
66.906762705082031,0.91114342212677002,0.88454702299061194,0.88659973386595237,0.89810901449105562,0.89512066238813515,0.8843772701030459,0.88721334704527743,0.91892482811985043,0.9198822309766308,0.90599219054142122,0.89662504369337959,0.90046938690531919,0.90101995750871933
66.946778711484598,0.91106945276260376,0.8879586391008133,0.88663451890849876,0.89805638631199325,0.89507144231618019,0.89926683486788206,0.8873000968929976,0.9188088081199115,0.91976621097669187,0.89259353701463018,0.89667627145476825,0.90045023205639207,0.90099398082142479
66.98679471788715,0.91099542379379272,0.88338412491116614,0.88649756354580556,0.89800038241279367,0.89502210976627039,0.8983066135031671,0.88738495748979163,0.91869278811997257,0.91965019097675293,0.8872775584054442,0.89640783998626439,0.90041544700395792,0.90096758199789684
67.026810724289717,0.91092139482498169,0.88272271943270486,0.88625698020988963,0.89794184785407594,0.89497238086857278,0.88423966385674158,0.88750308922572019,0.91857676812003364,0.919534170976814,0.88480457115490274,0.8961434517540221,0.9003768101935673,0.90094057126519211
67.06682673069227,0.91084742546081543,0.88752507463004915,0.8863413761921588,0.89790042268415227,0.89492247995161012,0.86088743346809105,0.88726571056014147,0.91846074812009471,0.91941815097687507,0.89393978319061718,0.89597370439449875,0.90034350736542024,0.90091281505229615
67.106842737094837,0.91077339649200439,0.88291674786532359,0.88633290678626642,0.89784513279104272,0.89487250775999849,0.87910082318403315,0.88704103235234077,0.91834472812015577,0.91930213097693614,0.89969740080627791,0.89585570718018404,0.90031299297430978,0.90088438983108332
67.146858743497404,0.91069936752319336,0.88638005237434558,0.88616562491730677,0.89778765208152078,0.89482263201869805,0.89969440983217375,0.88687704151889846,0.91822870812021684,0.91918611097699721,0.90442016598265995,0.89588147097805693,0.90028746562780004,0.90085531825512333
67.186874749899957,0.9106253981590271,0.88692723436889487,0.88628287168359332,0.89773637570438425,0.89477290897474271,0.90440466808745212,0.8870069311953519,0.91811268812027791,0.91907009097705827,0.88937707630676033,0.89577535314238221,0.90026040712778665,0.90082557958290388
67.226890756302524,0.91055136919021606,0.88188279810087244,0.88614202472079051,0.89768134272376943,0.89472324658541202,0.89357970264013176,0.88703499594661928,0.91799666812033898,0.91895407097711934,0.88673889264754702,0.89546006795861521,0.90022169510959582,0.90079495737921922
67.266906762705077,0.91047734022140503,0.90644405873062495,0.88604412201148319,0.89762698440481437,0.89467365013728883,0.87109808954883527,0.88699850274522296,0.91788062812040006,0.91883803097718042,0.88502963259123801,0.89515144787052814,0.90018014862645412,0.90076343950892024
67.306922769107643,0.91040337085723877,0.8868808784191905,0.88610982987862497,0.89758381091449901,0.89462393542447105,0.86241870297638401,0.88677913305759759,0.91776460812046112,0.91872201097724149,0.89412236555043678,0.89498078447310936,0.90014574809607029,0.90073122385535709
67.34693877551021,0.91033834218978882,0.9323500054778795,0.88668791927193547,0.89758188609589651,0.89457550472192371,0.90477564789015019,0.88682332563015676,0.91764858812052219,0.91860599097730256,0.90190780642350554,0.89524539850313811,0.90012447641263515,0.9006986693773027
67.386954781912763,0.91031396389007568,0.88621983651680536,0.88721800227281755,0.89755533808053356,0.89453182866139669,0.89164728899694057,0.88798312562954618,0.91753256812058326,0.91848997097736362,0.88310271954513098,0.89533230297297561,0.90010183218917972,0.90066862902236622
67.42697078831533,0.91024863719940186,0.90621621772292782,0.88695974221166463,0.8975080298668654,0.89448922572634093,0.8669582275556923,0.888382041492076,0.91741654812064433,0.91837395097742469,0.88535267670758122,0.89427250297288108,0.90002066867358477,0.90063486581745023
67.466986794717883,0.9101833701133728,0.88735207301383234,0.88693952319874514,0.89746683957740958,0.89444564813753979,0.86514167102340767,0.88805624149181861,0.91730052812070539,0.91825793097748576,0.88537293044448528,0.89342510297273658,0.89994800871845715,0.90059563448673063
67.50700280112045,0.91011810302734375,0.88298752400814018,0.88675693840885605,0.8974153010767365,0.89440138824097248,0.88135502921199271,0.88772970588949107,0.91718450812076646,0.91814191097754683,0.88208656745880487,0.89242210297262581,0.89986833926642784,0.90055103014021609
67.547018807523003,0.91005277633666992,0.8918286640469798,0.88662770501548227,0.8973638715691391,0.89435666436593875,0.9109940042315402,0.88769112157246122,0.91706848812082753,0.91802589097760789,0.88358337238699902,0.89146458959409824,0.89979016577844262,0.90050108236400928
67.58703481392557,0.90998750925064087,0.88519667284261216,0.886623023033693,0.8973148075488796,0.89431177606881096,0.90390005258905382,0.88773396588059583,0.91695244812088861,0.91790985097766897,0.88148421295890245,0.89051997016410489,0.89970724811426972,0.90044603491228559
67.627050820328137,0.90992218255996704,0.88258250025935092,0.88639528163837922,0.89726166017741693,0.89426667593743936,0.88933429511526274,0.88771270955559312,0.91683642812094968,0.91779383097773004,0.88582657830381462,0.88961882441548246,0.89962719430566584,0.90038613623652908
67.667066826730689,0.90985691547393799,0.90617149786556594,0.88644975795430714,0.89722041456701462,0.89422125104996142,0.86528508494074463,0.88736295803768084,0.91672040812101074,0.91767781097779111,0.90099841961106608,0.88886859769286208,0.89955292193283276,0.90032179905711307
67.707082833133256,0.90979158878326416,0.87966025754759691,0.88663711169137027,0.89717890209400442,0.89417678559619918,0.87710162132396652,0.88754738983167514,0.91660438812107181,0.91756179097785218,0.88478993349843815,0.888240962373405,0.89948113442341215,0.90025353962996268
67.747098839535809,0.90972632169723511,0.88462767628349614,0.88660965291518845,0.89713119375031791,0.89413305170336854,0.89660952906069691,0.88772704502041644,0.91648836812113288,0.91744577097791324,0.88400750595125288,0.88762768487771226,0.89940629432419716,0.90018220167424534
67.787114845938376,0.90966105461120605,0.8972141346743957,0.88668830640929097,0.89708634954546829,0.89408959144913436,0.9110854454193299,0.8882422083462258,0.91637234812119395,0.91732975097797431,0.87235826148135953,0.88732333350391657,0.89933037086088308,0.90010828246689123
67.827130852340943,0.90959572792053223,0.885507227407625,0.88664763729193963,0.89703934894700199,0.8940465769823055,0.89276473231318232,0.8881660232860209,0.91625632812125501,0.91721373097803538,0.88372562650962028,0.88693929701491336,0.89925654509540953,0.9000331777626448
67.867146858743496,0.90953046083450317,0.88412363864997889,0.88661997609467691,0.89699136110716604,0.89400400698290361,0.8748792982247372,0.88847461378529058,0.91614030812131608,0.91709771097809645,0.88658946906053493,0.88679288741235907,0.89918710723963402,0.89995749059575969
67.907162865146063,0.90946513414382935,0.90769215480390641,0.88658477965095273,0.8969565396352186,0.89396130876526814,0.86430175141579757,0.88864392595370734,0.91602428812137715,0.91698169097815752,0.90062650364579211,0.88674169473785458,0.89912250746605471,0.89988152643705677
67.947178871548616,0.90939986705780029,0.8860276259645673,0.88666611369415782,0.89691162489085297,0.89391883394624283,0.89293131765270062,0.88903942156751325,0.91590824812143823,0.91686565097821859,0.88729440664676262,0.88695396584000585,0.89905832201484459,0.89980597930037842
67.987194877951183,0.90933454036712646,0.88507911657800253,0.88644350166464814,0.8968625979054311,0.8938761828915095,0.89966946055151309,0.88948927327673544,0.9157922281214993,0.91674963097827966,0.88699448405307979,0.88685993392765616,0.89899225516949188,0.89973100586361388
68.027210884353735,0.90926927328109741,0.8872558465456879,0.88657400613436832,0.89681899860055914,0.89383348927216399,0.89176350167954288,0.88987384761417188,0.91567620812156036,0.91663361097834073,0.88924677129145713,0.88697567462337124,0.8989284623938546,0.89965680956042859
68.067226890756302,0.90920400619506836,0.8842836121234684,0.88646640343059513,0.89677215895408879,0.89379108794403095,0.89539554802902466,0.89027180255445626,0.91556018812162143,0.9165175909784018,0.88653318876506693,0.88716492809627323,0.89886531600461739,0.89958377884576357
68.107242897158869,0.90913867950439453,0.88618681168989188,0.88633612245043525,0.89672525403864756,0.89374869152125458,0.86921995985121459,0.89029623413462511,0.9154441681216825,0.91640157097846286,0.88608981713803103,0.88707537718343443,0.8988018913361524,0.89951159619325094
68.147258903561422,0.90907341241836548,0.88812170297094972,0.88647767630979568,0.89669301995966522,0.89370646454967484,0.8881849096083414,0.89032646332452314,0.91532814812174357,0.91628555097852393,0.88916533812508469,0.88720991576043651,0.89874383080726827,0.89944020184859541
68.187274909963989,0.90900808572769165,0.88363099306684656,0.88667216743614741,0.89664867258320846,0.89366510167147406,0.89583058999892973,0.89047371436121381,0.91521212812180464,0.916169530978585,0.88741347950118687,0.88730579463727366,0.89868330550442777,0.89936983459792452
68.227290916366542,0.9089428186416626,0.88854587505974758,0.88680577584821707,0.89660505451293959,0.89362499522350514,0.91090499278367243,0.89064745520296063,0.9150961081218657,0.91605351097864607,0.88848776399461526,0.88734698313644111,0.89862332715846871,0.8993003655369044
68.267306922769109,0.90887755155563354,0.88647785433881987,0.8868531760522107,0.89656480916361836,0.89358568374559311,0.90036347723991506,0.89084289277753448,0.91498008812192677,0.91593749097870714,0.89041431856750275,0.88741434722006329,0.89856545378966723,0.89923168602187176
68.307322929171676,0.90881222486495972,0.88873438925521187,0.88688822055666061,0.89652166492825003,0.89354627799480568,0.87422451294678027,0.89081050826309827,0.91486404812198785,0.91582145097876821,0.88811877556063412,0.88760509458630976,0.89850799462695119,0.89916359450311367
68.347338935574228,0.90874695777893066,0.90664420736052487,0.8872060782561717,0.89648925836946425,0.89350982569130999,0.86683739244104352,0.89044341616071454,0.91474802812204892,0.91570543097882928,0.88652112016667572,0.88775435993789109,0.89845240950183669,0.89909722057647024
68.387354941976795,0.90868163108825684,0.88910856963354434,0.88800548324498774,0.89647415152823295,0.89347610382486009,0.88481847531567959,0.88998033003964072,0.91463200812210999,0.91558941097889035,0.88874640242251424,0.88826054201254978,0.89840518963664551,0.89903349376301334
68.427370948379348,0.90861636400222778,0.88942106327096304,0.88825177646345765,0.89644373198524685,0.89344482210316456,0.90933223991086054,0.88970482176039734,0.91451598812217105,0.91547339097895142,0.88912058871817856,0.88850248913071783,0.89835271790287186,0.89897151787075624
68.467386954781915,0.90856921672821045,0.88373315794423413,0.88927535377298139,0.89648393489062417,0.89341792853178392,0.8944069994525381,0.89044595185923314,0.91439996812223212,0.91535737097901249,0.88859518646940439,0.88917542719835074,0.89832739334540734,0.8989128400503329
68.507402961184468,0.90853375196456909,0.90644145310207946,0.88907041417974031,0.89644288582590315,0.89339315590577995,0.86772039548580404,0.89119095185873343,0.91428394812229319,0.91524135097907355,0.8880839439128021,0.8882151406076414,0.89825482579695792,0.8988538284128641
68.547418967587035,0.90846699476242065,0.88918298153712205,0.88968380749223219,0.89642956442258692,0.89337043570218166,0.887702635864834,0.8910447518584339,0.91416792812235426,0.91512533097913462,0.88746354626084945,0.8880485096752172,0.89819214892739696,0.89879198912933222
68.587434973989602,0.90840029716491699,0.88800141988576919,0.88975953381791995,0.89640201713008749,0.89334854284159504,0.88080116703371547,0.8905059581444843,0.91405190812241532,0.91500931097919569,0.8841413956987515,0.88782362416104499,0.89812676546619319,0.89872859364209545
68.627450980392155,0.90833353996276855,0.89505085702152654,0.88940284930864233,0.89636631774980546,0.89332645743689787,0.90250834497139254,0.89037159257111176,0.9139358681224764,0.91489327097925677,0.87797326650117946,0.88772079411370719,0.89806961901422511,0.89866491108432889
68.667466986794722,0.90826678276062012,0.88485254808657177,0.88928029483688043,0.89633316048536238,0.89330313143591733,0.89823306942406989,0.89020097575403723,0.91381984812253747,0.91477725097931784,0.88852534393713045,0.88803251698528407,0.89801734962894664,0.89860220151974912
68.707482993197274,0.90820002555847168,0.88441165149827272,0.88882455130430271,0.89629305352215127,0.89327892213158167,0.87371835663769981,0.89003737559086193,0.91370382812259854,0.9146612309793789,0.88559799188082056,0.88792630844383458,0.89796206612754603,0.8985406458043842
68.747498999599841,0.90813332796096802,0.90569030492883118,0.88848254898184131,0.89626038086983817,0.89325242167364949,0.86526019492203321,0.88991493668441934,0.91358780812265961,0.91454521097943997,0.89914224528028186,0.88769273770282409,0.89790619646274794,0.89847853979642023
68.787515006002394,0.90806657075881958,0.88917061995053415,0.88842692437296122,0.89622846427492286,0.89322457287771906,0.88634612984506445,0.88947548330710557,0.91347178812272067,0.91442919097950104,0.88803513180940785,0.8878999272635244,0.89785604859699875,0.89841680253284462
68.827531012404961,0.90799981355667114,0.88737867466340126,0.88851281504099111,0.8961971661836371,0.89319673497256569,0.90201261876539107,0.88910732347427723,0.91335576812278174,0.91431317097956211,0.88562171085884689,0.88788731467255388,0.89780357886264917,0.89835576233915149
68.867547018807528,0.90793305635452271,0.88862198365168044,0.88841886223295552,0.8961618848882168,0.89316925075810061,0.89607243801407521,0.88915051908338905,0.91323974812284281,0.91419715097962317,0.89219706563381773,0.88781378083720086,0.89775175864013301,0.89829546192828824
68.907563025210081,0.90786635875701904,0.88386131851106375,0.88805277209581202,0.89612022620937348,0.89314049748111757,0.89383612909480814,0.88929791908303391,0.91312372812290388,0.91408113097968424,0.88878278745429762,0.88782889622331584,0.89769954703744559,0.89823493317764747
68.947579031612648,0.90779960155487061,0.88638665733972832,0.88779157171717504,0.89607990942441196,0.89311076630077735,0.86963088220774942,0.88907720060367312,0.91300770812296494,0.91396511097974531,0.88517810024966459,0.8877809943786038,0.89764595084124021,0.8981744356566308
68.987595038015201,0.90773284435272217,0.89040683920532926,0.88781439817709673,0.89605496023929587,0.89308053088861739,0.87809307373596934,0.88875150127952907,0.91289166812302602,0.91384907097980639,0.89125900096381494,0.88772934840652118,0.89759547201573475,0.89811410442327555
69.027611044417768,0.90766608715057373,0.88801941690153674,0.88787777860193262,0.89601800559459532,0.89305003022940543,0.88831267837105976,0.88851895682679449,0.91277564812308709,0.91373305097986746,0.88585394175957299,0.88770536750336171,0.89754316068705586,0.89805385817453032
69.067627050820334,0.90759932994842529,0.88763408685687017,0.8877037528271623,0.89597902422195652,0.89301920405153057,0.90653928350169855,0.8885672731028269,0.91265962812314816,0.91361703097992852,0.88553340695576654,0.88758534723883187,0.89748936423991021,0.89799364308459018
69.107643057222887,0.90753263235092163,0.88703648897976672,0.88784518941930368,0.89594672036620659,0.89298854777736603,0.89948527441304893,0.88846515896643585,0.91254360812320923,0.91350101097998959,0.89171408271602248,0.88766112372738659,0.89743963570250129,0.89793402250391041
69.147659063625454,0.90746587514877319,0.88788871130217428,0.88829370416688114,0.89592439017374736,0.89295893193507525,0.89787038629427562,0.88810465865079768,0.91242758812327029,0.91338499098005066,0.88873546898931821,0.88834095315795314,0.89739737636781769,0.89787609862807038
69.187675070028007,0.90739911794662476,0.90651331997312434,0.8887758796901255,0.89590671411240974,0.89293348551438034,0.90042054649710324,0.88824059924275311,0.91231156812333136,0.91326897098011173,0.8841735387974371,0.88861720247062181,0.89735263183281799,0.89782171009169531
69.227691076430574,0.90733242034912109,0.88900416270368732,0.8887693435361852,0.89588416779996793,0.89290975575515641,0.88297293969018087,0.88800214083675655,0.91219554812339243,0.9131529509801728,0.88923553913057818,0.88857325160928902,0.89730613247114033,0.89776845086062962
69.267707082833127,0.90726566314697266,0.88880722566245973,0.88862018214055327,0.89584723388640675,0.8928847044570728,0.89267441710242967,0.88785565492007368,0.9120795281234535,0.91303693098023386,0.88644906704954796,0.8882850301487959,0.8972549257245116,0.89771413946307754
69.307723089235694,0.90719890594482422,0.89289309360581171,0.88872076382666898,0.89581618854269551,0.89285909944273556,0.90385892479623076,0.8878999607439173,0.91196350812351457,0.91292091098029493,0.89722716185041962,0.88847732147725655,0.89720786168012456,0.8976591981630625
69.347739095638261,0.90713214874267578,0.88581832733675181,0.88877286196967531,0.89578988320142894,0.89283615670276795,0.90176585200845272,0.88823974286743801,0.91184746812357564,0.91280487098035601,0.89005572585688841,0.88842509736758091,0.89716144311274304,0.89760640384970036
69.387755102040813,0.90706539154052734,0.8849335649555321,0.88835868986195443,0.89574878938939362,0.89281162274463421,0.87531599952922312,0.8883475428670865,0.91173144812363671,0.91268885098041708,0.88735403269227964,0.88827965312764512,0.89711228838300505,0.89755270056435876
69.42777110844338,0.90699869394302368,0.90620627997684744,0.88885174350403973,0.89573072416882293,0.89278744599725746,0.88789073329195267,0.88817476860290068,0.91161542812369778,0.91257283098047814,0.88536241523004544,0.88850955626645189,0.8970667455197705,0.8974998466691515
69.467787114845933,0.90693193674087524,0.88482164412010222,0.8892933228417107,0.89571579354676634,0.89276665332612615,0.89164284435074215,0.88802204307280785,0.91149940812375885,0.91245681098053921,0.88662836340485507,0.88878400328630114,0.89702727753010858,0.89744938694345078
69.5078031212485,0.90686517953872681,0.88140384721660692,0.88858645106929612,0.89566757146401021,0.89274431900122764,0.89880731771291067,0.88844362763056051,0.91138338812381992,0.91234079098060028,0.88795011391084,0.88823262778905954,0.89697552400592007,0.89739763222842517
69.547819127651067,0.90679842233657837,0.89362612357126714,0.88803515913352926,0.89562266603622542,0.89271867027555785,0.91359821133214103,0.88884422031224797,0.91126736812388098,0.91222477098066135,0.88788361712861519,0.88790661007923255,0.89692465869914439,0.89734387584977438
69.58783513405362,0.90676075220108032,0.89090796823023766,0.88856957316107066,0.89565629702265293,0.89269262232894953,0.90127439266280174,0.88923695218474852,0.91115134812394205,0.91210875098072242,0.88789765732971382,0.88836081344660767,0.89690381993119062,0.89729076219101489
69.627851140456187,0.90676629543304443,0.9104841766843994,0.88929825623157632,0.89568425859643397,0.89266996029812373,0.86843598352375584,0.88982875218427815,0.91103532812400312,0.91199273098078348,0.90124026954318326,0.88779614029689458,0.8968339925872757,0.89723699282689862
69.66786714685874,0.90677428245544434,0.92266197556574858,0.89045865623096554,0.89583936150979682,0.89265381470240424,0.91008652600171369,0.89084515218370219,0.9109192881240642,0.91187669098084456,0.89133732736228477,0.88895654029628379,0.89683685145936864,0.89718573597049722
69.707883153261307,0.90678226947784424,0.90492388656038603,0.89161885623035486,0.8959692494684165,0.8926444766881384,0.90869618140888653,0.89200535218309152,0.91080326812412526,0.91176067098090563,0.8911302493324631,0.89011388311939976,0.89680501839812321,0.89714148675026795
69.747899159663859,0.90679025650024414,0.90111912351988177,0.89277905622974418,0.89601449496922503,0.89264190352684836,0.92653065022092262,0.89316555218248084,0.91068724812418633,0.9116446509809667,0.89465051609389412,0.89127408311878908,0.8967883761307559,0.89710419686045595
69.787915166066426,0.90679830312728882,0.89367950865844303,0.89390967755920137,0.89602523084341357,0.89264604339183928,0.92628613541805815,0.89432575218187016,0.9105712281242474,0.91152863098102777,0.89509579957810093,0.89243308311817904,0.89678406653776321,0.8970738329686232
69.827931172468993,0.90680629014968872,0.89954974738734228,0.89426655066784022,0.89601822426876843,0.89265482876976865,0.9356395081400436,0.89548595218125948,0.91045520812430847,0.91141261098108883,0.90481908693047264,0.89359248311756878,0.89679883046447384,0.89705034509276715
69.867947178871546,0.90681427717208862,0.89263513637980996,0.89385659145152996,0.8960202323187606,0.8926643108628316,0.93729587962333583,0.8966461521806488,0.91033918812436954,0.9112965909811499,0.89549125528479145,0.89456812669184349,0.89680262996455695,0.89703347198765504
69.907963185274113,0.90682226419448853,0.89518132023683827,0.89389904482175742,0.89600725772519318,0.89266996796380127,0.94853123406964723,0.89780635218003813,0.9102231681244306,0.91118057098121097,0.89191434975467287,0.89413463012916294,0.89678489579829357,0.89701895168894141
69.947979191676666,0.90683025121688843,0.92203383729825161,0.89505844482114716,0.89605032036981924,0.89268043208185399,0.99442048747220169,0.89896655217942745,0.91010714812449167,0.91106455098127204,0.88866950991692262,0.89347583995093927,0.89672988126562436,0.89700114316304103
69.987995198079233,0.90683823823928833,0.90449989625962623,0.89619704482054785,0.896176138707792,0.89269753548535968,0.93852509097598147,0.90012675217881677,0.90999112812455274,0.9109485309813331,0.9007293257142639,0.89409834356013107,0.89672729119637629,0.89698148835428071
70.0280112044818,0.90684628486633301,0.8958135790331978,0.89702722119253997,0.89619653399388388,0.89272042545496977,0.92711088396664409,0.90128715217820599,0.90987508812461382,0.91083249098139418,0.90172862955927147,0.89525874355952029,0.89675424462533626,0.89696816917351219
70.068027210884352,0.90685427188873291,0.89415343007365555,0.89595990063791753,0.89618241361801287,0.89274230449108749,0.91054556906109041,0.90244735217759531,0.90975906812467489,0.91071647098145525,0.89332822787807986,0.89593416919636293,0.89676170510299968,0.89696113386302301
70.108043217286919,0.90686225891113281,0.90578774331722922,0.89589485946833447,0.89618646007963565,0.89275927185217729,0.90766176408363186,0.90349492958533761,0.90964304812473595,0.91060045098151632,0.89437419298716447,0.89550488854721388,0.89675161386802782,0.8969539242822937
70.148059223689472,0.90687024593353271,0.91901064162936374,0.89705425946772421,0.89630310870334295,0.8927807637254791,0.89743635177750891,0.90391888378824592,0.90952702812479702,0.91048443098157739,0.89019361855533852,0.89443026869504427,0.8967304917299953,0.8969424333968522
70.188075230092039,0.90687823295593262,0.93165781722497398,0.89821445946711354,0.89643806010336979,0.89280884176282782,0.89577689867285237,0.90323472032963426,0.90941100812485809,0.91036841098163845,0.89963209893478491,0.89342492930483886,0.89670569144621481,0.8969248940377188
70.228091236494592,0.90688621997833252,0.92866976724344363,0.89937465946650286,0.89662160810217351,0.8928434682308718,0.90968508555706884,0.90346968232468328,0.90929498812491916,0.91025239098169952,0.90025638004661579,0.89377832930442525,0.89671034619633483,0.89690425192028855
70.268107242897159,0.90689420700073242,0.90948567558736926,0.90053365946589281,0.89678257331452194,0.89288460389207547,0.91653013701244157,0.90378401620088344,0.90917896812498022,0.91013637098176059,0.89231631772485176,0.89426570173815068,0.89671593945016614,0.89688896388208272
70.308123249299726,0.9069022536277771,0.92453711917829862,0.90169385946528213,0.8969172731281887,0.89293220687491659,0.91874985258590114,0.90493821620027592,0.90906294812504129,0.91002035098182166,0.89212136803895792,0.89312379127979713,0.89669142554428516,0.89687047291038702
70.348139255702279,0.906910240650177,0.90084535073456906,0.90165092958096216,0.89695353446106796,0.89298411124696009,0.9414695801895363,0.90609861619966514,0.90894690812510237,0.90990431098188274,0.89777126445214661,0.89385958187297088,0.89668722024996939,0.89685003275603803
70.388155262104846,0.9069182276725769,0.88695201813808322,0.90059913372849065,0.8969485899848687,0.89303117786930464,0.94999553757521682,0.90722802812622438,0.90883088812516344,0.9097882909819438,0.90471178394675666,0.89455119495436475,0.89669062412325173,0.89683495412067638
70.428171268507398,0.90692621469497681,0.91732704201291226,0.89970333372835976,0.89690983462101226,0.89307169296471234,0.96177367221528398,0.90838822812561371,0.90871486812522451,0.90967227098200487,0.87998645210212278,0.89539339495382864,0.89671711380257935,0.8968249770305583
70.468187274909965,0.90693420171737671,0.90159825619218525,0.90085993372775097,0.89697445426356093,0.89311340956375806,0.94937867994482006,0.90941500054644497,0.90859884812528557,0.90955625098206594,0.90181263178371729,0.89578301319426434,0.89670558216483609,0.89681641405501722
70.508203281312518,0.90694218873977661,0.89879690252573874,0.90097428827072989,0.89699519724761334,0.89315997483957821,0.94065727665030607,0.91022840054592247,0.90848282812534664,0.90944023098212701,0.89740980395577585,0.8962996765932727,0.89670857752214483,0.89681269156548438
70.548219287715085,0.90695023536682129,0.90256936789148168,0.89985247480231711,0.89699304087216647,0.89320182842329254,0.89413789094070883,0.91133380054532498,0.90836680812540771,0.90932421098218807,0.88789717936542112,0.89731941609242816,0.89671374837449069,0.89681297743727628
70.588235294117652,0.90695822238922119,0.92511120580248019,0.90030347480187434,0.89709352686299104,0.89324060853316978,0.91290846150408966,0.91182910817510709,0.90825078812546878,0.90920819098224914,0.90473042455417285,0.89657641609226157,0.89669810023870178,0.8968127678859612
70.628251300520205,0.90696620941162109,0.89915132860393565,0.90136330038354773,0.89725179689475254,0.89328480818116318,0.89862212412130826,0.91187763504505703,0.90813476812552985,0.90909217098231021,0.88627950921670495,0.89754316670227474,0.89673043580544509,0.89681471285945991
70.668267306922772,0.906974196434021,0.89712433138359593,0.90070784440067331,0.89726661187270373,0.89333007073721415,0.93329812778464494,0.91250427709187654,0.90801874812559091,0.90897615098237128,0.8990179745641742,0.89802452384019271,0.89673142178150789,0.89681893474086449
70.708283313325325,0.9069821834564209,0.89596203926427709,0.89954744440059897,0.89726249063912689,0.8933693922616367,0.94088490179761641,0.91366467709126575,0.90790270812565199,0.90886011098243236,0.90066378486062437,0.89918409031666457,0.89675225876123799,0.89682926750981795
70.748299319727892,0.9069901704788208,0.89489966996987647,0.89838724440052431,0.89724811766906787,0.89340176816727845,0.94120704975408076,0.91482487709065508,0.90778668812571306,0.90874409098249342,0.90173101938073508,0.90023741922855816,0.89677594704127594,0.89684597610812811
70.788315326130459,0.90699821710586548,0.89418851516500042,0.89722704440044998,0.89722928736264884,0.89342724596394973,0.94637718073602628,0.9159850770900444,0.90767066812577413,0.90862807098255449,0.90218460749452789,0.90115706875586654,0.89680415113645662,0.89686843391113602
70.828331332533011,0.90700620412826538,0.89404762943550686,0.89606804440037557,0.89720845051071496,0.89344586725571185,0.94438965347997428,0.91714527708943372,0.90755464812583519,0.90851205098261556,0.90330376088593545,0.90202510553372339,0.89683663475382003,0.89689566497199025
70.868347338935578,0.90701419115066528,0.89340355441667363,0.89490959769055545,0.89718784849990585,0.89345768263832015,0.92008976525986308,0.91830448938017317,0.90743862812589626,0.90839603098267663,0.8962731451221474,0.9013713912033311,0.89685579309496033,0.8969244885572708
70.908363345338131,0.90702217817306519,0.9314456705845624,0.89424259769037207,0.89719422119846393,0.89346302589828763,0.90789839704723785,0.91739391094527889,0.90732260812595733,0.9082800109827377,0.90123578862793896,0.90059119120317255,0.89684453872119407,0.89694703209612336
70.948379351740698,0.90703016519546509,0.9290855164864783,0.89540279768976139,0.89737327669017541,0.89347089434728355,0.90195513467455768,0.91623371094520434,0.9072065881260184,0.90816399098279876,0.90310361333835831,0.90174927088683332,0.89688216939361054,0.89697146972545261
70.988395358143251,0.90703815221786499,0.92793819158229274,0.89656299768915071,0.89755648370299634,0.8934854281234651,0.91003188648444722,0.91508671094512872,0.90709056812607947,0.90804797098285983,0.90319412782629249,0.90226897844923515,0.89691373656192186,0.89700114240347695
71.028411364545818,0.90704613924026489,0.92945103163499665,0.89772319768854003,0.89774120929254919,0.893506588673178,0.91729680885070108,0.91444671584716897,0.90697454812614053,0.9079319509829209,0.90274991976174435,0.90214514831884718,0.89694381099830767,0.89703074037614894
71.068427370948385,0.90705418586730957,0.92925470055389592,0.89888359768792925,0.8979240235081053,0.89353434301504053,0.92192552266372507,0.91560431584655966,0.90685850812620161,0.90781591098298198,0.90223401705328798,0.90222926194265818,0.89697418095029924,0.89706029939886378
71.108443377350937,0.90706217288970947,0.92970050541922256,0.90004379768731857,0.89809081497694054,0.89356864346749276,0.90326790537573443,0.91514876898796826,0.90674248812626268,0.90769989098304305,0.89175990754258716,0.90189184737940364,0.89698161795492259,0.8970900478709799
71.148459383753504,0.90707015991210938,0.92167147314239284,0.90120399768670789,0.89825593620847621,0.89360945635888211,0.90223846605422209,0.91398856898789393,0.90662646812632375,0.90758387098310411,0.89262143818021789,0.9007316473793292,0.89695193098131087,0.89711446324298461
71.188475390156057,0.90707814693450928,0.90355235640926446,0.90236419768609721,0.89833711748445677,0.89365674401989736,0.91013980249414583,0.9128283689878196,0.90651044812638482,0.90746785098316518,0.89540970262734576,0.89957144737925465,0.89693364331631531,0.89713202655141266
71.228491396558624,0.90708613395690918,0.89717171746551594,0.9020932825678396,0.8983566748236127,0.8937076230389932,0.92974164042053709,0.91341470123042723,0.90639442812644588,0.90735183098322625,0.89966489923437287,0.89947822579363934,0.89694131143752198,0.89714433708168839
71.268507402961191,0.90709412097930908,0.89028231439926075,0.90143085645092913,0.89836666743163562,0.89375379149875389,0.88879465580482053,0.91326370123012035,0.90627840812650695,0.90723581098328732,0.88833505440309068,0.89917897752828013,0.89691382806800868,0.89715849654681656
71.308523409363744,0.90710216760635376,0.8989599057998624,0.90078592990519735,0.89836640807789425,0.89379635826540771,0.88957069103107145,0.91215484799522706,0.90616238812656802,0.90711979098334838,0.88961247372092567,0.89807935865948008,0.89686049218999497,0.89716696911058835
71.348539415766311,0.90711015462875366,0.89290357671600629,0.90015532990501246,0.89836665364947577,0.89383544962436334,0.89860167874879537,0.91102960523781717,0.90604636812662909,0.90700377098340945,0.88809792436836421,0.89701475865938396,0.89681048940558816,0.89716920260680788
71.388555422168864,0.90711814165115356,0.91347483229447524,0.89968339854675983,0.89836872457891825,0.89387123146583258,0.89304065594918269,0.90991440523773404,0.90593032812669017,0.90688773098347053,0.88482374947214815,0.89596395865928646,0.89675909788178876,0.89716540294756386
71.428571428571431,0.90712612867355347,0.91171027640507607,0.89934772721935374,0.89837971288833673,0.89390371893216325,0.8939784762970574,0.90882380523765283,0.90581430812675123,0.9067717109835316,0.90161786133443322,0.89503415865916569,0.89670984474517046,0.89715572862950588
71.468587434973983,0.90713411569595337,0.8949536610171791,0.8986607579182494,0.89837151243079516,0.89393260614329828,0.8865265824807218,0.90773960523756181,0.9056982881268123,0.90665569098359267,0.88615936094262204,0.89401955865905902,0.89665948987523403,0.89714031819098883
71.50860344137655,0.90714210271835327,0.88916183352869482,0.89792997068118441,0.89835466875486181,0.89395753736499495,0.88966473974463078,0.90667060523746734,0.90558226812687337,0.90653967098365373,0.8875448001906121,0.89299015865895603,0.89660940273590717,0.89711915384135521
71.548619447779117,0.90715014934539795,0.89193767627380083,0.89723150604966895,0.89833824579815313,0.89397854303007807,0.89662452233387302,0.90570038993876412,0.90546624812693444,0.9064236509837148,0.89075134313940807,0.89198697313656417,0.89655978164093497,0.8970923081431238
71.58863545418167,0.90715813636779785,0.89122846054133076,0.89653415358332833,0.89831780469117295,0.8939957297659884,0.89493869766177236,0.90465211937548651,0.9053502281269955,0.90630763098377587,0.88778653063165613,0.89103139278491372,0.89651167138735965,0.89705996392569032
71.628651460584237,0.90716612339019775,0.91181825849968146,0.8959708264145736,0.8983035108645111,0.89400915388967239,0.89370936778522803,0.90360302048908658,0.90523420812705657,0.90619161098383694,0.88380198130538257,0.89013047562955183,0.8964608715041239,0.89702255664619168
71.66866746698679,0.90717411041259766,0.892752813836445,0.89555044203819922,0.89829477478209041,0.89401909855780659,0.88610291880508474,0.90263011647860325,0.90511818812711764,0.906075590983898,0.88716063639033715,0.88941721512565863,0.89641391863960784,0.89698053290076307
71.708683473389357,0.90718209743499756,0.88655202385834686,0.89484776456905546,0.898267219746818,0.89402537851300612,0.89057826269328733,0.90170794065806281,0.90500216812717871,0.90595957098395907,0.88813926827968459,0.88867246403294242,0.89636541284180082,0.89693450994243795
71.748699479791924,0.90719008445739746,0.88899840608248226,0.8941652512092646,0.89823506226777983,0.8940280301362461,0.88977698187662924,0.90078100827626151,0.90488612812723979,0.90584353098402015,0.8884497658333439,0.88824682539113109,0.89631802391450299,0.89688562481198042
71.788715486194477,0.90719813108444214,0.88995873169152062,0.89356314511073254,0.89820631208585189,0.89402718792729807,0.90344053543408254,0.90006023778527366,0.90477010812730085,0.90572751098408122,0.88943108627183787,0.8880540008633051,0.89627133433718575,0.89683495919598766
71.828731492597043,0.90720611810684204,0.8883118532587565,0.89296585721783628,0.89817562016819608,0.89402314140535322,0.89682103495779431,0.89926211934825395,0.90465408812736192,0.90561149098414229,0.88664204513273426,0.88789441612046349,0.89622408398994657,0.89678342985558601
71.868747498999596,0.90721410512924194,0.90988512450299142,0.89252268835065185,0.8981521099283003,0.89401603700686161,0.89342976990837042,0.89846404360788756,0.90453806812742299,0.90549547098420335,0.88395684173622435,0.88763195121401139,0.89617449127478921,0.89673111082173518
71.908763505402163,0.90722209215164185,0.89291908929525377,0.8921097234000771,0.89813006990307076,0.8940059201345939,0.88378826558882617,0.89759792453988818,0.90442204812748406,0.90537945098426442,0.88589480770660067,0.88757180607147446,0.89613075801220343,0.89667839304952202
71.948779511804716,0.90723007917404175,0.8844108637501078,0.89149847394180481,0.89809442240371906,0.89399278147344896,0.89029368681268739,0.896850124539744,0.90430602812754513,0.90526343098432549,0.88801081537601567,0.88738123943620439,0.89608320625183757,0.8966254697872974
71.988795518207283,0.90723806619644165,0.89255854301977555,0.89096294552120292,0.89805765647775115,0.89397681221908509,0.88960411477048384,0.89609249312276673,0.90419000812760619,0.90514741098438656,0.88432284289337593,0.88733696703312337,0.89603592201429427,0.89657229391644466
72.02881152460985,0.90724605321884155,0.8876073034192633,0.89056880219255341,0.89802348150734534,0.8939584837127581,0.90194636390605942,0.89566024517938803,0.90407398812766726,0.90503139098444763,0.88906908806563789,0.88744904598063923,0.89599100376990637,0.89651913595817279
72.068827531012403,0.90725409984588623,0.88857556710596342,0.89001670836402058,0.89798421074024093,0.89393767150488812,0.89474479256362094,0.89538593267980304,0.90395796812772833,0.90491537098450869,0.88604172198107589,0.88746945309545477,0.8959448815565475,0.89646636841063165
72.10884353741497,0.90726208686828613,0.90863290790084739,0.8898365863794353,0.89795783984233857,0.89391470261933059,0.88916770977574455,0.89480010312588543,0.90384192812778941,0.90479933098456977,0.89668096815491205,0.8872943084089,0.89589685281525944,0.89641367828613638
72.148859543817522,0.90727007389068604,0.88730668660033096,0.88949252349889485,0.89792480990699586,0.8938896664785827,0.88662626107946596,0.89442347610002071,0.90372590812785047,0.90468331098463084,0.88708493879547734,0.88731553147443598,0.89585452104222818,0.89636122655707917
72.188875550220089,0.90727806091308594,0.88414127208967042,0.8891306448828068,0.89788253368539728,0.893862822207802,0.8908578013081957,0.89402327462113118,0.90364662665636875,0.90456729098469191,0.88822052220944725,0.88724322416623624,0.89580880226470461,0.8963088677189851
72.228891556622642,0.90728604793548584,0.89478877926666212,0.88890094143581821,0.89784224159480341,0.89383471826112726,0.91685086268212235,0.89375085134120935,0.90358573383100194,0.90445127098475298,0.88474225656023919,0.88722101287574517,0.89576325681279279,0.89625672035507242
72.268907563025209,0.90729403495788574,0.88545487245266474,0.88856210458223317,0.89779959236776197,0.89380520937592678,0.90077629597882791,0.89374385134093548,0.90353385826136523,0.90433525098481404,0.88830619730891758,0.88751015958851354,0.89572065099656384,0.89620510529784536
72.308923569427776,0.90730208158493042,0.90927419550309707,0.8884589195705026,0.89776411925137445,0.89377422666152373,0.88797927064422599,0.89334344506077912,0.90346892470505757,0.90421923098487511,0.88524842074623133,0.88750484335428581,0.89567629999067588,0.89615440826378767
72.348939575830329,0.90730291604995728,0.90002500191483392,0.88920800117486964,0.89780079373354704,0.89374624193151153,0.89933623061052725,0.89342198733545963,0.90345169154940663,0.90410321098493618,0.88743749720689613,0.8877748942140492,0.89565396050868928,0.89610610816374492
72.388955582232896,0.90722173452377319,0.88923157953929577,0.88941671863561711,0.89777170891019553,0.89372141156165952,0.89421439811727155,0.89330079105020754,0.9034009395491126,0.90398719098499725,0.88152794669168644,0.88706834887382735,0.89559298490220607,0.89605551404196038
72.428971588635449,0.90714061260223389,0.8846828792510526,0.88896739992933105,0.89773000844854123,0.89369522435070947,0.89682826491561041,0.89336947696289282,0.90334733624078467,0.90387115098505832,0.88045312448842883,0.88627005309036477,0.89552594670947627,0.89600107811534235
72.468987595038016,0.9070594310760498,0.90892086015312845,0.88858532154990266,0.89768953699411569,0.89366698076154916,0.89399275842684178,0.89341429477147938,0.90328714709963864,0.90375513098511939,0.88279909272817958,0.88550896465192985,0.89546076928217533,0.89594277453236792
72.509003601440583,0.9069783091545105,0.89033648723460157,0.88859009426872837,0.89766601540990176,0.89363743912048488,0.88833822027121356,0.89303755832145315,0.9032228552748387,0.90363911098518046,0.88260724981018845,0.884963569191345,0.89540491889243634,0.89588084141642776
72.549019607843135,0.90689712762832642,0.88534010360463855,0.88845971825689973,0.89762661883171058,0.89360744754264898,0.88777339463231342,0.89255899538500594,0.90315290214472088,0.90352309098524153,0.88290723214940781,0.88427931481800415,0.89534089703331299,0.89581562251399327
72.589035614245702,0.90681600570678711,0.88682646319979908,0.8882155379621185,0.89758313004731838,0.89357687862934343,0.88795509176890641,0.89223587875775567,0.90308601077961803,0.9034070709853026,0.88882735762459397,0.88381595959330561,0.8952791436880112,0.89574743111136401
72.629051620648255,0.90673482418060303,0.8881259446918377,0.88820177025928426,0.89754410098823389,0.89354588885554942,0.8981952603004083,0.89212238136509225,0.90302806702523308,0.90329105098536366,0.88270726383844045,0.88347865999816666,0.89521528934658001,0.89567706850367224
72.669067627050822,0.90665370225906372,0.8845482955068783,0.8878403344865653,0.89750005312008363,0.89351390767789352,0.89500524883085064,0.89227308443134068,0.90297229329901807,0.90317503098542473,0.88283774809035342,0.88339814839383823,0.89515479177764867,0.89560570800778772
72.709083633453375,0.90657252073287964,0.90818049807013812,0.88767104717098677,0.89746147362396589,0.89348073921041138,0.89152811321687253,0.89224699216173442,0.90291071590595406,0.9030590109854858,0.88323935758731276,0.88366801392914396,0.89509722640127121,0.89553605462568819
72.749099639855942,0.90649139881134033,0.88727057137677046,0.88767459414432281,0.89743114391142098,0.89344696853541195,0.88349823760888946,0.89199658101663781,0.90284612415043342,0.90294299098554687,0.88576474167344377,0.88421766595974383,0.89504883946561331,0.89546940199809355
72.789115646258509,0.90641021728515625,0.88182644380907493,0.88738142762855654,0.89738552968996799,0.8934123834571045,0.88921357852451255,0.89179395967707364,0.90278025742374546,0.90282695098560795,0.88576713149490738,0.88482481790137713,0.89499743864048598,0.89540627172428666
72.829131652661061,0.90632903575897217,0.89041750410356191,0.8871325854705534,0.89733859489140788,0.89337695187361421,0.89183260111244167,0.89162808130136528,0.90271796170345242,0.90271093098566901,0.88218676072366664,0.88538306445100523,0.89494960610265473,0.89534664014724674
72.869147659063628,0.90624791383743286,0.88691675125870029,0.8871391688730107,0.89729609762755824,0.89334083358561178,0.89889704030417028,0.8917287033728758,0.9026657640019139,0.90259491098573008,0.88830213461242946,0.88580642521167907,0.89490560907782857,0.8952901397760924
72.909163665466181,0.90616673231124878,0.88620426334154523,0.88682362675403914,0.8972482134522729,0.89330397035230269,0.89280556379625886,0.89190090337251871,0.90261277767938985,0.90247889098579115,0.88610648614273968,0.88638912411543513,0.89486326982724917,0.89523663751092686
72.949179671868748,0.90608561038970947,0.90731494462493967,0.88678133204833842,0.89721074456213801,0.89326633595803606,0.89099724467492869,0.89184267329001987,0.90255241411937492,0.90236287098585222,0.88653026123377399,0.88657819946820071,0.89482064241862325,0.89518601822112598
72.989195678271315,0.90600442886352539,0.88714762206703168,0.886744014704827,0.89717375095069873,0.89322852782930184,0.8844639110729412,0.89170568613131218,0.90248883752656406,0.90224685098591328,0.88621169803267508,0.88671922078001142,0.89478368637255101,0.89513679841270488
73.029211684673868,0.90592330694198608,0.88171924946263447,0.88648704252077326,0.89712517129673885,0.89319016166238052,0.88875483177488235,0.89142560098319124,0.90242515969442749,0.90213083098597435,0.88699920395047049,0.88678523958582645,0.89474297594880137,0.895088604015986
73.069227691076435,0.905842125415802,0.89341452229496965,0.88647960333489628,0.89707972787067225,0.89315149189259024,0.90839921978088012,0.89118345136547572,0.9023635707600578,0.90201481098603542,0.89571070064068725,0.88677473591923028,0.89470231706292835,0.89504091337866465
73.109243697478988,0.9057610034942627,0.88524121091193597,0.88649902572509065,0.89703608549516733,0.89311295557666692,0.90084989931987436,0.89111365171850232,0.90230726847351361,0.9018987709860965,0.88903449539995216,0.88692925104459008,0.89466548072023588,0.89499364258477765
73.149259703881555,0.90567982196807861,0.88493477687578581,0.88640112832798434,0.89698970694098101,0.89307454735795988,0.89280129693590837,0.89107570282527915,0.9022461109655685,0.90178275098615757,0.88580602583922763,0.88705675801608641,0.89462729269438768,0.89494707211188274
73.189275710284107,0.90559870004653931,0.90701257052163953,0.88651930819836555,0.89695722701367497,0.89303626916645351,0.88944671503310913,0.89099584084577321,0.90218473734995319,0.90166673098621863,0.8992813926350004,0.88707578312024116,0.89458974064247965,0.89490132506713593
73.229291716686674,0.90551751852035522,0.88417005519569603,0.8865105906016213,0.89691669747827851,0.89299833035420839,0.8859885432429111,0.89084794022619329,0.90211782853917577,0.9015507109862797,0.88645056068796269,0.88702592182369822,0.89455361672800071,0.89485596987150762
73.269307723089241,0.90543639659881592,0.88408316051350511,0.88625835333413883,0.89686779521397919,0.89296009666976772,0.88941708405845266,0.89065362001299697,0.90205435145682344,0.90143469098634077,0.88799552051864861,0.88694761666066169,0.89451459872536576,0.89481068445132417
73.309323729491794,0.90535521507263184,0.88882976737917874,0.88623987257445336,0.89682399701386095,0.89292147804756139,0.89085234920885892,0.8905956522511046,0.90199664794866452,0.90131867098640184,0.89242648849432404,0.88690927732788727,0.89447615706577621,0.89476540448097619
73.349339735894361,0.90527409315109253,0.88388101221518656,0.88614158034114565,0.89677746201114772,0.89288246819550154,0.89682127200559147,0.89078182658169558,0.90194334760342831,0.90120265098646291,0.8883369662602616,0.88710043407534611,0.89444038357513123,0.89472046263067118
73.389355742296914,0.90519291162490845,0.88431197105740522,0.88586354866185824,0.89672906639832051,0.89284273022552341,0.89406523579085129,0.89097111030626763,0.9018869962790721,0.90108663098652397,0.88463011418805937,0.88698417553097353,0.89440195602668859,0.89467567457877273
73.429371748699481,0.90511178970336914,0.91134815463326801,0.88629396101312574,0.89671175494535516,0.89280312739295409,0.91365931040188253,0.89047791119527187,0.90181628175352846,0.90097061098658504,0.90067196999913723,0.88705733209928006,0.89437259583167994,0.89463080433096076
73.469387755102048,0.90509122610092163,0.89317480446878617,0.88674223314200362,0.89672281305198343,0.89276723677385283,0.89929142857684685,0.89097685863711229,0.90181281654199907,0.90085457098664612,0.88416822144468055,0.8870166885824492,0.89434736980160168,0.8945882115542958
73.509403761504601,0.9050104022026062,0.88251226948064843,0.88669968819848566,0.89668218089456764,0.89273305194936381,0.89679709313027189,0.89104991898802033,0.90175658275652271,0.90073855098670719,0.87954606775191646,0.88619128520546908,0.89428432042193451,0.89454198621493197
73.549419767907168,0.90492957830429077,0.90684720400302099,0.88632368093262337,0.89663541559488569,0.89269726079476175,0.89297843090240425,0.89112326451038149,0.90169872371458681,0.90062253098676825,0.88209158608387839,0.885390892198468,0.8942246050481637,0.89449158739358325
73.58943577430972,0.90484875440597534,0.88762348255465029,0.88630874607371246,0.89660572641595571,0.89266017641119455,0.89321968629805659,0.89100034966675101,0.90163609772820374,0.90050651098682932,0.88388879157004818,0.88482192686270422,0.89417418093911438,0.8944373186929393
73.629451780712287,0.90476787090301514,0.88213536228174516,0.88599607197197305,0.8965571492013461,0.89262225417450447,0.88697069152887176,0.89078440520233448,0.9015733187799766,0.90039049098689039,0.88264572593575252,0.88415546923631794,0.8941160889790214,0.89437974473374404
73.66946778711484,0.90468704700469971,0.88737485711460207,0.88575559044824703,0.89650869740511852,0.89258351648614864,0.88604816076391979,0.89055248860055036,0.90151241801439619,0.90027447098695146,0.87988852916765148,0.88366879507168028,0.89405944743469246,0.89431900549188792
73.709483793517407,0.90460622310638428,0.88702558169748336,0.88583738420251112,0.89646671576659531,0.8925443804887081,0.89918126061307435,0.89061428168980195,0.90145850579445386,0.90015845098701253,0.88465484884020773,0.88367438025252132,0.89400678066923767,0.89425669741723368
73.749499799919974,0.90452539920806885,0.88306957100931616,0.88567736657053808,0.89641996059955875,0.89250499512886261,0.89317796588574039,0.89074305139635523,0.90140660485953639,0.90004243098707359,0.88444245345762951,0.88419015696105308,0.89395824258826506,0.8941964441761806
73.789515806322527,0.90444457530975342,0.90752206179629846,0.88559644204436383,0.89637881282931731,0.89246537270801751,0.89207207864961457,0.89082014116215391,0.90135066353088744,0.89992641098713466,0.8837074638664969,0.88460797557118442,0.89391291596718381,0.89413971147352767
73.829531812725094,0.90436369180679321,0.88378484634305476,0.88565191463618809,0.89634477509314781,0.89242554717822087,0.8834711548980535,0.89075660089731468,0.90129263625241385,0.89981037098719574,0.88601758478429349,0.88530594242449134,0.89387764295336458,0.89408691945079488
73.869547819127646,0.90428286790847778,0.88095834533134376,0.88549096042632691,0.89629609224442652,0.89238569624197095,0.88954159341395889,0.89053456655200514,0.90123162761160647,0.89973840274520933,0.88701664964715476,0.88585842291394523,0.89383980380742656,0.89403805897957489
73.909563825530213,0.90420204401016235,0.88961630362383537,0.88541615694600817,0.89624910894501419,0.89234585294699809,0.89132176310936551,0.8903426753251783,0.90117330207913626,0.89968528644831902,0.88211912877624654,0.88628773114539183,0.89380420082278511,0.89399217458229041
73.949579831932766,0.90412122011184692,0.88602568689216132,0.88549586439570982,0.8962058297195995,0.89230593009733894,0.9032954029202156,0.89051293596637748,0.90112673870793225,0.89963248447180943,0.88889224127733091,0.88661908881375795,0.89377129626354168,0.89394857002918382
73.989595838335333,0.90404033660888672,0.88258874164865742,0.88529079388006426,0.89615808518014983,0.8922657295122054,0.89277030293641779,0.89067290055906034,0.90107607252766841,0.89958018744611445,0.88624449833226304,0.88685670703778141,0.89373760772959288,0.89390651273573851
74.0296118447379,0.90395951271057129,0.90729264529227149,0.88525985232143145,0.89612059563687285,0.89222528951210089,0.888063778183946,0.89079776688015277,0.90102326376379815,0.89952833892366513,0.89731881150354897,0.8868062561130905,0.8937023462840108,0.89386536855043086
74.069627851140453,0.90387868881225586,0.88417490287671086,0.88523992522554251,0.89608133131009682,0.89218485266502756,0.88389464078784263,0.89072742114946768,0.90096710701886773,0.89947700342176629,0.88574185913292969,0.88690475618472098,0.89367259892040973,0.89382505600275797
74.10964385754302,0.90379786491394043,0.88241137711952722,0.88504652832926234,0.89603176980313015,0.89214415396765001,0.88906880158234147,0.8906098117368596,0.90091077495355487,0.89942611271144024,0.88737721396047664,0.8868843503693733,0.89363868435285776,0.89378515557346805
74.149659863945573,0.90371698141098022,0.89477581171994747,0.8850233019137419,0.89598694698783465,0.89210335988003342,0.90650858581195448,0.8904811789456033,0.90085760974346163,0.89937541657213271,0.88150709549941653,0.88690555251276548,0.89360490511218404,0.89374563234443816
74.18967587034814,0.90363615751266479,0.88467688024579672,0.88515747154990398,0.8959429973663644,0.89206261050372593,0.89475415595161245,0.89064588486464014,0.90081169210740231,0.89932498811631578,0.88901716919434093,0.88706614602149436,0.8935741766109041,0.89370652030817932
74.229691876750707,0.90355533361434937,0.88133803994683058,0.88496012101248711,0.89589450911854684,0.89202193860941004,0.89470176838841986,0.890779898671342,0.9007627332469339,0.89927487429308472,0.8852377262951816,0.88708026334111201,0.89354117916614628,0.89366781652752614
74.269707883153259,0.90347450971603394,0.90808475637009523,0.88504728454076509,0.89586187058794953,0.89198131018956006,0.88128207775238865,0.89079347716951307,0.90070945650261436,0.89922517461424945,0.89963592264912662,0.88698191653221714,0.89350947114772539,0.89362916287400018
74.309723889555826,0.90339368581771851,0.88337376299299697,0.88495884589883667,0.89582017553226556,0.89194080754999816,0.88461911811819138,0.89064283131644517,0.90064914319164691,0.89917562772148962,0.88536552199794805,0.88681075425639855,0.89347773030737587,0.89359014454900643
74.349739895958379,0.90331286191940308,0.88306526869241553,0.88473442429062521,0.89577219606133629,0.8919001101998334,0.88687385750369474,0.89049648091997979,0.90059340121903519,0.89912611569163425,0.88595999008702053,0.88670468277053005,0.89344428184846492,0.89355079559178352
74.389755902360946,0.90323197841644287,0.88931405071256053,0.88488534092867255,0.895731912057258,0.89185945224703378,0.89304646362021534,0.89040402077157266,0.90054111201652265,0.89907661936024685,0.89219927621867157,0.88663419377883668,0.89341119422607784,0.89351135820737426
74.429771908763499,0.90315115451812744,0.88362560002171753,0.88495704119719321,0.89568873721371178,0.89181912962923326,0.89324481336456518,0.89053627133218383,0.90049091160364492,0.89902715080098772,0.88836217887670266,0.88674927155863092,0.89338102825364907,0.89347195258959167
74.469787915166066,0.90307033061981201,0.88409812772863838,0.88479460350597017,0.89564291901033954,0.89177900536039112,0.89330686062549569,0.89058700246873657,0.9004375916512829,0.89897754864399804,0.88426943038366435,0.88668948179156459,0.89334792218776715,0.89343259526549601
74.509803921568633,0.90298944711685181,0.88740012565189186,0.88495912334641191,0.89561668185903731,0.89173907050009005,0.88612958668227548,0.89056034429473929,0.90038251460845375,0.89892813189694065,0.88740816214843032,0.88667786195115372,0.89331921309250539,0.89339314343621168
74.549819927971186,0.90291434526443481,0.93017666888690453,0.88549686394663518,0.89561742410620238,0.89170024711860862,0.90555903159811579,0.8902361476923879,0.90033888663749284,0.89887799298153004,0.90043322683492277,0.886973434689172,0.89330407759527142,0.89335418224237162
74.589835934373752,0.90287607908248901,0.88299885546251233,0.88567471509572893,0.89560158871332951,0.89166476446385645,0.89285368449910085,0.89070554769195209,0.90032413895250052,0.89882863013466574,0.8797093523034174,0.88658233265478303,0.89326693461894324,0.89331735208957608
74.629851940776305,0.90275865793228149,0.9059760151286429,0.88542133737172435,0.89555647634727409,0.89162989466257581,0.89185144641232306,0.890556840433395,0.90026784643287516,0.89878017559851264,0.88128394592025217,0.8857600065718747,0.89320882375995347,0.89327629350678928
74.669867947178872,0.90264123678207397,0.88441050017403167,0.88538371905774771,0.89552499255113804,0.89159373635197181,0.88255579482896829,0.89040742133318462,0.90021018458477142,0.898731531130888,0.88239592984726889,0.88520949211588884,0.89316323626857008,0.89323127084885223
74.709883953581439,0.90252381563186646,0.87959990391896226,0.88510512104695283,0.89547809137292056,0.8915568191158092,0.88717621196908847,0.89015208628976905,0.90015137152113478,0.89868249772878095,0.88386859757868064,0.88452293889390921,0.89310840056881124,0.89318257480409291
74.749899959983992,0.90240639448165894,0.88868845747759639,0.88494839565157113,0.89543285378623072,0.89151936659294573,0.88713952882246394,0.88990409806403592,0.90009398055153544,0.89863307717808261,0.88216770189749438,0.88441417860960081,0.89306297629977871,0.89313187634229219
74.789915966386559,0.90228897333145142,0.88669757548081718,0.8850874458647926,0.89539411451050077,0.89148183784948887,0.89949404518154719,0.88994637452169045,0.90004605048354558,0.89858343022335641,0.88792155554434993,0.88483493187390327,0.89302450205939532,0.89308250394516753
74.829931972789112,0.90217149257659912,0.88208882454400284,0.8849926144544209,0.89535180969448691,0.89144440703132366,0.89311491117167163,0.88999451410671426,0.89999490849059471,0.89853350070133542,0.88635395215529633,0.8853450101228586,0.89299100569436551,0.89303606840964889
74.869947979191679,0.9020540714263916,0.90791642064685507,0.88490618686914746,0.8953157032487522,0.89140677574737281,0.88931390900469909,0.89007894936204413,0.89994126974608846,0.89848365633451277,0.88534144454670227,0.88555843945362656,0.89295747389423918,0.89299204280170374
74.909963985594231,0.90193665027618408,0.88305969385924854,0.88504215731659985,0.89528607070571076,0.8913693922078838,0.88382180785213715,0.88994108821169826,0.89988262194856339,0.89843399667288437,0.88547186905307862,0.88587458168587552,0.89293109756039279,0.89294994914389825
74.949979991996798,0.90181922912597656,0.88081146059659432,0.88492829122260919,0.89524305063783716,0.89133244616173846,0.88724904490479395,0.88965670817106213,0.89982181253588789,0.89838413798541927,0.88642528832598499,0.88587599003590789,0.89289924051451841,0.89290912216640139
74.989995998399365,0.90170180797576904,0.89208528816070254,0.88496548793396612,0.8952026898584865,0.89129576313673864,0.90619082323973943,0.8894936578469701,0.89976523139875253,0.89833386147199945,0.88785685112822277,0.88596729580696565,0.89286777188590505,0.89286923773998461
75.030012004801918,0.90158438682556152,0.88579087734300532,0.88506263967384124,0.89516590062852619,0.89125928909980523,0.89633265723350763,0.88962898177916894,0.89971638763936901,0.89828370229224586,0.88955691037189688,0.88614339879604298,0.89284013470899726,0.89283007021837368
75.070028011204485,0.901466965675354,0.88180529580064781,0.88488611872671874,0.89512438871697375,0.89122268471916555,0.89289819022303474,0.88976897865079829,0.89966458756325463,0.89823384120107663,0.8859563456092886,0.88634396439161012,0.89281085608425159,0.89279164361943586
75.110044017607038,0.90134954452514648,0.90820419111109807,0.88489556282396387,0.8950936572936643,0.89118597790379284,0.88783455296400415,0.88976279649369161,0.89961060764112277,0.89818433041113177,0.89916357443684458,0.88630281079270712,0.89278097652559441,0.89275380533351623
75.150060024009605,0.90123212337493896,0.883928883065208,0.88482698855622499,0.89505953454068221,0.89114921021751481,0.88325597476009876,0.88964721163860283,0.899552774998292,0.89813486239101081,0.88483964178488117,0.88632316805463929,0.89275430427739699,0.89271653260773842
75.190076030412172,0.90111470222473145,0.91013350755898892,0.88587578855564209,0.89511913305227009,0.89111536507158307,0.88707742229958408,0.88943528216943724,0.89949448171307778,0.89808542408556347,0.88622824754631058,0.88627092692256837,0.89272412759527109,0.8926792835336782
75.230092036814725,0.90099728107452393,0.92146423477900874,0.88703598855503141,0.89519371785342694,0.89108841750532641,0.89090538865349389,0.88953044828994554,0.89944798817344163,0.89803600499365355,0.87259951395811075,0.88642052429383311,0.89269770135648774,0.89264301704594362
75.270108043217292,0.90087985992431641,0.90269898276261573,0.88819618855442073,0.89526372984474567,0.89106833664938223,0.89708398022689506,0.88957696325071756,0.89939614776302945,0.89798704741105362,0.8887094199353649,0.88654324779696903,0.8926719977424612,0.89260755174621076
75.310124049619844,0.90076243877410889,0.89770920409803556,0.88935638855381005,0.89532330801439985,0.89105508278525669,0.8906860009171379,0.8896729162390391,0.89934469449473942,0.89793824572909131,0.88517254391476174,0.88657092467650678,0.89264314089890529,0.89257222918863699
75.350140056022411,0.90064501762390137,0.91265751327537437,0.89051658855319937,0.89538511769124007,0.89104861642420119,0.89159330136111659,0.88956421884250547,0.89928831136856413,0.89788938811235941,0.90117658080117802,0.88651467146908169,0.89261671989579283,0.8925369261468159
75.390156062424964,0.90052759647369385,0.90637928159306425,0.89167678855258869,0.89544834408630725,0.89104889830587319,0.8842101514059838,0.88937906349161977,0.89922880110866799,0.89784040407760146,0.88504761599775161,0.88635390642600376,0.89258787410698348,0.89250147198743024
75.430172068827531,0.90041011571884155,0.91242967226767724,0.89283698855197802,0.89551399877596072,0.89105588939702296,0.88619862685322492,0.88918596341045408,0.89917341826157249,0.89779134867047716,0.88666666029380936,0.88627593583946551,0.89255837240094571,0.89246573652986638
75.470188075230098,0.90029269456863403,0.90853462116827166,0.89399718855136734,0.89558414520351404,0.89106955089017881,0.89353715256052513,0.88919576341014084,0.89912414273407004,0.89774231460401943,0.89194350557652891,0.88626076573229051,0.89253007457720279,0.89243026944904469
75.510204081632651,0.90017527341842651,0.90236491694468113,0.89515738855075666,0.89564530117078445,0.89108984420233572,0.89344168156018222,0.88933447897331575,0.89907642626325557,0.89769353164355126,0.88785440156122253,0.88643129925335051,0.89250420655991547,0.89239509046511234
75.550220088035218,0.90005785226821899,0.89701507677272418,0.89631778855014588,0.89570223138203842,0.89111673617472209,0.88828648458946347,0.88932480736609976,0.89902139486362465,0.89764467284523253,0.88430557643330143,0.88637472829844388,0.89247520795191504,0.89236009761053237
75.59023609443777,0.89994043111801147,0.90264687019170631,0.89742985459329871,0.89576372139898064,0.89115013999197445,0.8875475473434824,0.88914581127974002,0.89896351453228007,0.89759542048307128,0.88576521963773647,0.88638982601447647,0.89245113872580795,0.89232505339263724
75.630252100840337,0.89982300996780396,0.90735602872154042,0.8984293542000108,0.89582692138798659,0.8911895434085968,0.88434366857778557,0.88884319835972603,0.89889884021548727,0.8975456054156461,0.88391496011507464,0.88620403808929971,0.8924213158843266,0.89228997834459034
75.67026810724289,0.89973217248916626,0.90565049334849679,0.89946069602111756,0.8959059297435592,0.89123442261718511,0.8907857387778314,0.8889609574043964,0.89887663814219743,0.89749477636275699,0.88925400050138448,0.88678015490210238,0.89242457735090797,0.89225558067111643
75.710284113645457,0.89970308542251587,0.89892857766130407,0.90054888512094788,0.89599776174531254,0.89128535672789799,0.89203456583569962,0.88947555740394235,0.8988607692915197,0.89744564072546118,0.88044105589003763,0.88606592250354588,0.89237145886202052,0.89222256631112173
75.750300120048024,0.8996427059173584,0.90925038127011171,0.90138667017547114,0.89607298281199388,0.89134154351527173,0.8815142660697961,0.88937451137535828,0.89880714903646386,0.89739849268581429,0.88076021654650249,0.88547054939034386,0.89232690017031424,0.89218534308760555
75.790316126450577,0.8995823860168457,0.91294528373961736,0.90225775569227262,0.89615172946627708,0.89140245192418144,0.88591322130533456,0.88920411901390928,0.89875248974640753,0.89735146597238002,0.88235518339131436,0.88477561443448405,0.89227611123184525,0.89214443593655368
75.830332132853144,0.89952200651168823,0.91813199944542523,0.90310873383551349,0.89623409039009372,0.89146774302105947,0.89874977436012804,0.88898434270477689,0.89869880722184625,0.89730438111792976,0.87897024027026016,0.88426489051749468,0.89222719932378036,0.89209992869213639
75.870348139255697,0.89946162700653076,0.90516069577796066,0.90389028641043234,0.89631326699385627,0.89153704268352174,0.89810441173211186,0.88909596737951824,0.89865495382046168,0.89725730317427344,0.88756146919532086,0.88442943160673337,0.89219058481014668,0.8920548723832108
75.910364145658264,0.89940124750137329,0.90206193688125402,0.90425409027377091,0.89638087472187067,0.89160936282945447,0.89341205058552586,0.88923827162853608,0.89860787805194275,0.89721037640598156,0.8858563315810366,0.88505733035662759,0.89216115946945318,0.89201243710095879
75.950380152060831,0.8993409276008606,0.90818001330203668,0.90448864938548201,0.89644322453111203,0.89168356561895401,0.887912956522945,0.88922213723646348,0.89855082211189452,0.89716376617667892,0.89036150351315702,0.88524047743494783,0.8921318523002737,0.89197246576060385
75.990396158463383,0.89928054809570313,0.90489249782581505,0.90479512021265474,0.89650568346121351,0.89175962239396134,0.88511567399148317,0.8887791501097867,0.89848817631574451,0.8971164739143499,0.88423256738758815,0.88556639833872453,0.89210949421534058,0.89193429140298108
76.03041216486595,0.89922016859054565,0.90950894445624042,0.90501333186517519,0.89656332719718657,0.89183621751671494,0.88521209318301508,0.88853520599580782,0.8984345908597241,0.89706769448792179,0.88543554376683176,0.88571625788717012,0.89208144187937544,0.89189799530765057
76.070428171268503,0.89915984869003296,0.92108048023067202,0.90539450024299173,0.89663178576192748,0.89191363510372978,0.90238004285113038,0.8880618562931395,0.89836916010081702,0.8970174050736367,0.88054614828889977,0.88581179225299578,0.89205500986274344,0.89186281040416648
76.11044417767107,0.89909946918487549,0.90353854051837212,0.90559076747795442,0.89669469757759357,0.89199177508281446,0.8966389229875561,0.8882352340095121,0.89832174618811078,0.89696645001275532,0.88898305449294801,0.88602889191266221,0.89203196751250313,0.89182866966649055
76.150460184073623,0.89903908967971802,0.89879847802206847,0.90544693033534984,0.89674616791645401,0.8920697003122835,0.88932125748641389,0.88847896429330087,0.89827766546538867,0.89691644431839634,0.8857664742940049,0.88616727183209032,0.89200618954007604,0.89179520847007376
76.19047619047619,0.89897876977920532,0.91124356591537303,0.90538819803773962,0.89679726830131079,0.8921471837033168,0.8902533294252053,0.88854250156780046,0.89822838112736425,0.89686712553900927,0.89914971347235562,0.88611236627461343,0.89198166000315038,0.89176201694654134
76.230492196878757,0.89891839027404785,0.90564025262235293,0.90534716298397566,0.89685191986062884,0.89222436097951674,0.88323286259986677,0.88846475333082897,0.8981754662976702,0.89681830904802551,0.88478521360104745,0.88609669884243392,0.89195787540337923,0.89172925447254769
76.27050820328131,0.89885801076889038,0.91151103671536637,0.90551865649704721,0.89690830701677782,0.89230120120131762,0.88683782623851248,0.88831041274032496,0.89812389676286186,0.89676988212063757,0.88694770329792971,0.88606940872951823,0.89193101151834342,0.89169671781890003
76.310524209683877,0.89879769086837769,0.91510286536729413,0.90570560433344771,0.89697021854350456,0.892377797866026,0.8877046507711106,0.88830348385492386,0.89807864887623901,0.89672166190128055,0.89192880817452769,0.88605427395331482,0.89190503759879547,0.89166457221187534
76.350540216086429,0.89873731136322021,0.90382897720717337,0.90577878266914147,0.89702949802308063,0.89245415462088529,0.89338354558790645,0.88838700706885465,0.89802453040707486,0.89667358744539905,0.88850825671366562,0.88625247384739514,0.8918825803870013,0.89163283021458428
76.390556222488996,0.89867693185806274,0.89772853422608223,0.90573564131802553,0.89708586293505577,0.89253075231531853,0.88971244561382756,0.8884318783620857,0.89797035041650886,0.89662536930170689,0.88482667700344109,0.88649276291946966,0.89185949279106769,0.89160228869752922
76.430572228891563,0.89861661195755005,0.90207581336815901,0.90586055663632459,0.89714513245351135,0.89260765745303983,0.89222094466628832,0.88836317384927421,0.89791520510276035,0.89657713607351808,0.89079220908643575,0.88652966253041288,0.89184046458659849,0.89157251036134944
76.470588235294116,0.89855623245239258,0.90690252816260275,0.90590541958046811,0.8972048083058618,0.89268492353383722,0.88478036988227138,0.88794579108719396,0.89784998178698128,0.89652827116727918,0.88569609405190164,0.88641397617340856,0.89181555970918402,0.89154281466759244
76.510604241696683,0.89849585294723511,0.91476873895334687,0.90618700564849197,0.89726829642560868,0.89276271102926363,0.89254741874505239,0.88757979896410055,0.89778557472237031,0.89647802604132687,0.88879109208388363,0.88654571248941538,0.89179224645221644,0.89151358774723932
76.550620248099236,0.89843553304672241,0.90710909996984734,0.90651723464700495,0.89733603482093327,0.89284112653730385,0.89585079832364545,0.8873819973311845,0.89772759235914423,0.89642614480003047,0.89106291611272592,0.88647680317179489,0.89176866686509104,0.89148520479761006
76.590636254501803,0.89837515354156494,0.9013363602253589,0.90629199498831103,0.89738550669969352,0.89291892736690048,0.89503452423381114,0.8876252171617991,0.89768761320404311,0.89637467952034533,0.88716720839936214,0.88656847608134171,0.89174569999428765,0.89145636723362853
76.630652260904355,0.89831477403640747,0.89697211419973022,0.90605563872150885,0.89742982150967288,0.89299569535172152,0.89055313562677874,0.88793211181541687,0.89764801388204374,0.8963244665818797,0.88410327804640698,0.88637775234576077,0.89172000264856066,0.89142718262320464
76.670668267306922,0.89825439453125,0.90361658818271096,0.90601883968502439,0.89748057948849802,0.89307157689750449,0.88016013052799913,0.88800981730741013,0.89760287104487635,0.89627539200792672,0.88557038944291588,0.88636399775115604,0.89170040634899939,0.89139770360172565
76.710684273709489,0.8981940746307373,0.90801991863652176,0.90592598638188004,0.89753003503869921,0.8931466254752769,0.88637949432252749,0.88794876641349396,0.89755631734372598,0.896227221989356,0.8855139299108381,0.88619225905986909,0.8916750191597439,0.891368182825511
76.750700280112042,0.89813369512557983,0.91432135859169039,0.90605670631289303,0.89758432602704452,0.8932209946226779,0.88544902245636747,0.88791886335465819,0.89751164415758922,0.89617988864987896,0.8860194966414644,0.8861476159083761,0.89165028041654726,0.89133848013912098
76.790716286514609,0.89809650182723999,0.90937708753263691,0.9063663236025441,0.89764805232832579,0.89329555595911692,0.88449638662116459,0.88821226568118228,0.89749964291461848,0.89613336543623634,0.88685348458672697,0.886910897574401,0.89166006393862618,0.89131036356734905
76.830732292917162,0.89809751510620117,0.91172730388464063,0.90669153425864935,0.89774653071368082,0.89337362212748539,0.88433122356842986,0.88872202292109814,0.89754586815485016,0.89608910352605209,0.89795390655750285,0.88610727172067283,0.89160137389578631,0.89128265366568216
76.870748299319729,0.89809906482696533,0.91513498125401749,0.90785173425803867,0.89785627758870501,0.89345401496468502,0.88483690578191576,0.88933283580726097,0.89755696446012023,0.89604878702640933,0.90270923305132644,0.88726747172006215,0.89167164604959148,0.8912560774142736
76.910764305722296,0.89810061454772949,0.90432725821948545,0.90762453425777423,0.89791457494952176,0.89353806668213709,0.88926246963269562,0.88868326242937035,0.89750491258666465,0.89600738344162811,0.89092956407505663,0.88842787171945137,0.89170769923246318,0.89123636291692088
76.950780312124849,0.89810210466384888,0.90683981128947344,0.90679031045656067,0.89796193704284655,0.89361679167872266,0.89761318943425816,0.88984066242876114,0.89749008794936236,0.89596836232445132,0.89340745045959846,0.88958807171884069,0.89171342508271922,0.89122347725763074
76.990796318527416,0.89810365438461304,0.90916003261519784,0.90783095835293071,0.8980238346801992,0.89369579330559823,0.91164801910415605,0.89100086242815046,0.89753377482662156,0.89593627766643646,0.89587105766089536,0.89074827171823001,0.89173364513166953,0.89121737697163883
77.030812324929968,0.8981052041053772,0.9123481100346027,0.90899075835232024,0.89810093808690528,0.89378091133539839,0.92095060433558051,0.89216106242753979,0.89764019615772928,0.89591108943275066,0.89729760183805951,0.89190847171761933,0.89176868142986565,0.89121802281091467
77.070828331332535,0.89810675382614136,0.91721324270108906,0.91015095835170956,0.8981981080174174,0.89387224752046612,0.92027158092035466,0.89332126242692911,0.89779473069803328,0.89589275773302934,0.89580766764657316,0.89306627171700992,0.89181245396234343,0.89122537462906004
77.110844337735088,0.89810830354690552,0.92014657448316439,0.91131115835109888,0.89831851545383912,0.89396976623784519,0.93246982351910024,0.89448146242631843,0.8979576950721726,0.8958812429076406,0.90367382473957514,0.89419807704580667,0.89185565072249728,0.89123932096438419
77.150860344137655,0.8981097936630249,0.93591426294403535,0.9124713583504882,0.89847800836746561,0.89407343172646569,0.97326296411440072,0.89564166242570775,0.89818667353374848,0.89587650552635401,0.89054008292202513,0.89407201491968458,0.89185464426963779,0.89125711185112089
77.190876350540222,0.89811134338378906,0.92059401544083352,0.91363155834987753,0.89863388137950806,0.89418320843211985,0.93693106306336638,0.89680186242509707,0.8984235384016771,0.8958785063870196,0.90247156530677064,0.89460111096293016,0.8918938022090237,0.89127371673668998
77.230892356942775,0.89811289310455322,0.9112961632543839,0.91467012872345088,0.89874485205809762,0.89429880853531851,0.92917551101875206,0.8979620624244864,0.89864178361014324,0.8958872065142246,0.89849950279764446,0.8957569109623218,0.89194909830142832,0.8912963197926097
77.270908363345342,0.89811444282531738,0.9124393676297069,0.91382085889024633,0.89882937356772175,0.89441490842328597,0.89643482483412285,0.89807496647463214,0.8987037657355248,0.89590099992810512,0.89918119937013863,0.89620731603627579,0.891981052761603,0.89132415732305181
77.310924369747895,0.89811599254608154,0.90973369506729063,0.91266745889017176,0.89889881259444127,0.89452381730554742,0.90031523801317448,0.89813938800450055,0.89869275892629907,0.89591261406405576,0.8939490437487887,0.89568938127490361,0.89200134674284315,0.891351322656737
77.350940376150461,0.89811748266220093,0.90685320300827688,0.91158165889009202,0.89895632342081744,0.89462550560504372,0.89560172035068375,0.89872235208731577,0.89870283865199418,0.89592837925723368,0.8899563690295389,0.89456136311078915,0.89200618413512422,0.8913731064902678
77.390956382553014,0.89811903238296509,0.90466235416963581,0.91062945889001368,0.89900326049537271,0.89472075632296755,0.88660824544687478,0.8975641520872415,0.89866088450565251,0.89594119151120677,0.8895796734213377,0.89359716311071224,0.89200208107786083,0.891388699874891
77.430972388955581,0.89812058210372925,0.912722108624897,0.9113252588895191,0.89907692770156611,0.89481376697765802,0.90524162459759661,0.89648487654223263,0.89858910822525218,0.89594727415096931,0.89971102278862047,0.8943893631101949,0.89204153869834513,0.89140289249647986
77.470988395358148,0.89812213182449341,0.90457182372668377,0.9114426588891501,0.8991392639912803,0.89491126765007101,0.89402244866344749,0.89668227654185895,0.89859461309873923,0.89595248580902276,0.89122183924005582,0.89451636310982319,0.89206257830310443,0.89142219236451725
77.511004401760701,0.89812368154525757,0.91573191257498143,0.9104823456758302,0.89917519955143932,0.89500359727168166,0.89469459769255311,0.89571327654174793,0.89856043952545528,0.89595343163549324,0.89066979048196249,0.89349176310972866,0.89205996432511636,0.891436812970957
77.551020408163268,0.89812523126602173,0.91070026206563559,0.91029533260095419,0.89923878878196684,0.89509229105602683,0.91721218278708239,0.89672787654117769,0.89865692120925311,0.89595458881208945,0.89625253291202378,0.89433054076816987,0.89207746129859922,0.89145033633887705
77.591036414565821,0.89812672138214111,0.9151340117178145,0.91113314708743043,0.89932664103705984,0.89518199162544698,0.92628169077185962,0.89763227654062949,0.89875812719380188,0.89596152468458168,0.90188110016864964,0.89486813528171982,0.89209931248710894,0.89146842688769456
77.631052420968388,0.89812827110290527,0.93236551805712697,0.91229014708682143,0.89944066065785211,0.89527760043163152,0.95252134111687681,0.89877927654002576,0.89893392942399442,0.89597453149963913,0.87693106536090004,0.89536433528126347,0.89212008631935424,0.89149089810479942
77.671068427370955,0.89812982082366943,0.91672108188605805,0.91342207664766506,0.8995404481978464,0.89537924423955395,0.92605762134150804,0.89984327291573662,0.89906482971736867,0.89599363327083248,0.87174897649921268,0.89420453528118915,0.89200529411337703,0.89150994592394051
77.711084433773507,0.89813137054443359,0.91180317009252276,0.91322187664736976,0.89961669963097113,0.89548464904404756,0.92382077906469717,0.90084896927258495,0.89918211844319229,0.89601884588286029,0.89280856120081831,0.89321198200949348,0.89191592480687165,0.89152233739651499
77.751100440176074,0.89813292026519775,0.90344655577111566,0.91207447664729469,0.8996769533060891,0.89558393308623674,0.9013192539584316,0.90178596927203569,0.89929377085741036,0.89605003948308037,0.89406244077723684,0.89293316868407557,0.89192888106926282,0.89153139789184099
77.791116446578627,0.89813441038131714,0.91942972365309605,0.91143227664710325,0.89974489944517133,0.89567645123557593,0.90326494227826881,0.90282376927146224,0.89933720310748999,0.89608600056512178,0.91367833433267698,0.89354626332608578,0.89197473011881934,0.89154053569799863
77.831132452981194,0.8981359601020813,0.91750792111077817,0.91254581502099508,0.89984805324526829,0.89577089007776678,0.88378761370738368,0.90228779264890568,0.89932720621745155,0.89612308848135325,0.8838351400781902,0.89423771572314092,0.89204264034139535,0.89155520025150914
77.871148459383747,0.89813750982284546,0.9136681335749417,0.91302864746422097,0.89992436888277261,0.89586900082683285,0.92403507027341214,0.90326839264834513,0.8994483021516354,0.89616111870584325,0.88936620261910093,0.89316312606119097,0.89202933716597244,0.8915677824873729
77.911164465786314,0.89813905954360962,0.91400801661009412,0.91399129283820324,0.90000447720862298,0.89597103389779376,0.91984240588343158,0.90442859264773445,0.89957742164755172,0.89620558791018257,0.88955643240760407,0.89200332606111654,0.89201696484621007,0.89157365205898309
77.951180472188881,0.89814060926437378,0.91578681256247441,0.91486524468612695,0.90008995192974106,0.89607771006950998,0.92196208728645113,0.90558899264712367,0.899705283552239,0.8962565200677437,0.88969414586944451,0.89092088545610504,0.892005139697714,0.89157284162822348
77.991196478591434,0.89814209938049316,0.91636314123912532,0.91598836382969706,0.90018238662512695,0.89618961773295558,0.92487522692881941,0.90674919264651299,0.89984653766325473,0.89631386028733762,0.87677728034971691,0.88988378750650488,0.89196671253916837,0.89156630345094323
78.031212484994001,0.89814364910125732,0.91765098829672842,0.91713996597934866,0.90028470945314731,0.89630746956639973,0.9306423035261927,0.90790939264590231,0.90001455702001643,0.89637757967902831,0.87643685028222595,0.88872358750643021,0.89188328681939444,0.89155321218343786
78.071228491396553,0.89814519882202148,0.90898872768733618,0.91611188712989045,0.90035846295570465,0.89642534666305307,0.91591239045280515,0.90906959264529164,0.90014829582626144,0.89644764134434285,0.88766190144232893,0.88758305677704352,0.89177183816093264,0.8915334865355109
78.11124449779912,0.89814674854278564,0.91828936729036925,0.91531836887056217,0.90041082515610527,0.8965361610516297,0.88611204514527886,0.9083844680794626,0.9001362076459104,0.8965197564561489,0.90141878920651475,0.88842151048685514,0.89181098744994358,0.89151262407064102
78.151260504201687,0.8981482982635498,0.91665139647146987,0.91594694863297499,0.90050784401881279,0.89664771416896405,0.88673121399169885,0.90722426807938794,0.90005716475968234,0.896585025192013,0.89827999769621214,0.88958171048624446,0.89185651655413856,0.89149810366423987
78.19127651060424,0.89814984798431396,0.90466277834172459,0.91510611123129038,0.9005832609347727,0.89675759176656611,0.88626369647357028,0.90606406807931361,0.8999781590041942,0.89664320555987997,0.9048598931319638,0.89074191048563378,0.89192396828512666,0.89149037808684983
78.231292517006807,0.89815133810043335,0.90208702363050586,0.91394591123121605,0.90060191613355189,0.89686036420580084,0.88522009354617226,0.90490386807923895,0.89989765386232112,0.89669433856036518,0.9018838484633328,0.8919021104850231,0.89199005515094909,0.89148940803576537
78.27130852340936,0.89815288782119751,0.90456830915794806,0.91278571123114138,0.90061881032415991,0.89695583134776447,0.88657452539771586,0.90374366807916462,0.89981767820694025,0.89673846495691079,0.90256207979470471,0.89306231048441242,0.89204946258775908,0.89149515443559824
78.311324529811927,0.89815443754196167,0.90374626364985777,0.91162531123106705,0.90063606694406007,0.8970440500291037,0.88558028767409536,0.90258326807909017,0.89974418377082621,0.89677563108482872,0.901684238625585,0.89422271048380164,0.89210623752699514,0.89150758115212225
78.351340536214479,0.89815598726272583,0.90298190554584401,0.91046511123099272,0.90064952697251532,0.89712503185703985,0.88891549091946931,0.90142306807901562,0.8996735013871634,0.89680586443164256,0.89019600837680213,0.89463051048336473,0.892139108305676,0.89152593770663713
78.391356542617046,0.89815753698348999,0.90756169158859468,0.90930491123091806,0.90067771464500912,0.89719883442916848,0.89965594882706978,0.90037113030500504,0.89964786146454345,0.89682926346613923,0.89388206900227107,0.89393665397496935,0.89214014790644158,0.89154088328404013
78.431372549019613,0.89815902709960938,0.91296291717930889,0.90993014412919715,0.900735668945572,0.89726954871034692,0.91909232739097968,0.90134550029066429,0.89970802432276442,0.89685208603280575,0.89883348034718369,0.89490111988098842,0.89216538238461773,0.89155716260899487
78.471388555422166,0.89816057682037354,0.92195063897283447,0.90989218328854293,0.90077436625410823,0.89734286468848401,0.89233004591497311,0.90091704472535694,0.89967835761916792,0.89687826201247167,0.88268175249431635,0.89437613243454328,0.8921376373467047,0.89157621729970493
78.511404561824733,0.8981621265411377,0.90530121793137808,0.90961177949244088,0.90081822504207132,0.89741419351944074,0.89072801763920073,0.89978884472528431,0.8996020185811614,0.89689830467460607,0.88573684050785617,0.89328953243445386,0.89209662567740422,0.89158928674817206
78.551420568227286,0.89816367626190186,0.89964052021434504,0.90920019832143018,0.90085448940874013,0.89748323623570658,0.88364935557963697,0.89868704472521288,0.89952601802740206,0.89691178065817256,0.88279401435756932,0.89221617845348955,0.8920544405596329,0.89159609886704005
78.591436574629853,0.89816522598266602,0.91434074931574971,0.90895048714523452,0.9008918291057203,0.89755019355738608,0.88717810835146649,0.89761172167781489,0.89944308980573218,0.89691892831814535,0.90406880248197297,0.89124597845338305,0.89201598474887578,0.89159684883246859
78.63145258103242,0.89816677570343018,0.90556317449421708,0.908622249947726,0.90092997258596286,0.89761554951552258,0.88912717460241453,0.8965330395655402,0.89936110622047971,0.89691987628303493,0.87920002160398603,0.89025760764292616,0.89197640376917331,0.89159189012932449
78.671468587434973,0.89816826581954956,0.9135899041225648,0.9084611459237244,0.90097072474084317,0.89767919565547638,0.88542188048358228,0.89550363956544843,0.89928757536668569,0.89691486745542448,0.88327622058338884,0.88936131525976803,0.89193713864811586,0.89158145664920296
78.71148459383754,0.89816981554031372,0.91464966778841994,0.90851593591345292,0.90101905168579011,0.89774161616898285,0.88971043070755096,0.89464663956532786,0.89921459267991255,0.89690417900070907,0.88762467997303329,0.8884748110117574,0.89189804763141012,0.89156586961306883
78.751500600240092,0.89817136526107788,0.90521547457342821,0.90836072483266805,0.90105903104962237,0.89780302065200668,0.882705431250983,0.89362807215604867,0.89913474114090219,0.89688793811346956,0.8858551366703048,0.88774445400266755,0.89186205953763775,0.89154543943329456
78.791516606642659,0.89817291498184204,0.89795885967029943,0.90802904286909314,0.90109101748498244,0.89786287673089937,0.88301928253454354,0.89262587215594202,0.89905465440110177,0.89686606158488535,0.88258203719374739,0.88712036603228306,0.89182458343629489,0.89152147911303048
78.831532613045212,0.8981744647026062,0.90162425188162731,0.90791011252452203,0.90112716216649158,0.89792142937476482,0.871073792149617,0.89168607215582774,0.89897197321958577,0.89683885271568675,0.88596590489514293,0.88676812738763444,0.89179206441825387,0.89149507975328746
78.871548619447779,0.89817595481872559,0.90723429133205546,0.90765851729650271,0.90116189649998657,0.89797904161425146,0.88880964907799664,0.89075216247717159,0.89889559958427601,0.89680656196362496,0.88423537542780795,0.88651480214244771,0.89175798447330434,0.89146709780625077
78.911564625850346,0.89817750453948975,0.91607627971507266,0.90773145500202745,0.90120292887103581,0.8980357882698341,0.89554755492901195,0.8899295924591375,0.89881727559555213,0.89676932881287152,0.87689641294967779,0.88627319259546911,0.8917220305861282,0.89143775330059449
78.951580632252899,0.89817905426025391,0.91000783142867936,0.90784403568569183,0.90124883560521163,0.89809192675760929,0.88909653617461981,0.88945445315214311,0.89874492457140787,0.89672809808149467,0.88884396688376599,0.88621409580444044,0.89168854257269492,0.89140768182901808
78.991596638655466,0.89818060398101807,0.90363537294664342,0.90788887954063058,0.90128896404211667,0.89814788727559247,0.88355506981828036,0.88861596559751421,0.89866703834805761,0.89668332523630301,0.8853076883185288,0.88605818836147399,0.89165682003294233,0.89137684308984289
79.031612645058019,0.89818215370178223,0.89854070258410479,0.90771477466560146,0.9013213335455238,0.89820353366686445,0.87668180967503473,0.88793409258629474,0.89858644236102314,0.89663465179234048,0.88294415489102052,0.88584821320530072,0.89162295847084794,0.89134541558578351
79.071628651460586,0.89818364381790161,0.90291664364018176,0.90761825066316937,0.90135750739350484,0.89825855237947638,0.88451949878139657,0.88758328141493137,0.89850921218515534,0.89658364575772476,0.8837185765363027,0.88585837380473709,0.89159581300556112,0.89131412520031139
79.111644657863138,0.89818519353866577,0.90855449666043253,0.90740693867829214,0.90139078077425006,0.89831249885357445,0.88247952470020274,0.88736036782885086,0.89844668934044847,0.89653108875816867,0.88119689667344026,0.88558935340393297,0.8915630114241514,0.89128177334961212
79.151660664265705,0.89818674325942993,0.91955909614017939,0.90750107187458551,0.90143302009144999,0.89836565663243284,0.8992872209784456,0.88700235305021113,0.89837465411578421,0.89647750810396043,0.88629994219021879,0.88546358968288219,0.89153000072596722,0.89124875319728414
79.191676670668272,0.89818829298019409,0.90706722812508178,0.90762638364124282,0.90147611324569188,0.89841830693090585,0.88886049583050708,0.88688655338881794,0.89830856323384944,0.89642236003095566,0.88803441486296886,0.8855708441219321,0.89150051700206656,0.8912157288983058
79.231692677070825,0.89818984270095825,0.89990853637845258,0.90755559848336365,0.90151313985506676,0.8984709687207465,0.88715600364437286,0.88660352166945211,0.89823624078434117,0.89636587909743104,0.8850376384931411,0.8855811430986108,0.8914712748541308,0.89118284213268717
79.271708683473392,0.89819139242172241,0.91139002647803369,0.90739802304215722,0.90154363312068053,0.8985230412512214,0.88686206437578141,0.8864332031834895,0.89816389602097357,0.89630891644903232,0.89847184061420327,0.88551681775757274,0.89144161101773767,0.8911502000106043
79.311724689875945,0.8981928825378418,0.90093721428980011,0.90720454092774194,0.90157462030467816,0.89857423178585083,0.87830232767899274,0.88651570913222399,0.89810434610702583,0.89625191759210532,0.88543070437836802,0.88551093983969364,0.89141547631404439,0.89111749997730416
79.351740696278512,0.89819443225860596,0.91222382761258491,0.9072069942759573,0.90160979769475769,0.8986247126998772,0.89052688258323309,0.88656303054506069,0.89803632554473256,0.89619563004335634,0.88376039841191578,0.88558386401341183,0.89138698927590299,0.8910852462050689
79.391756702681079,0.89819598197937012,0.92106102891059993,0.90736722591378194,0.90165337512363319,0.89867493045351055,0.89711983370622927,0.88660994704995089,0.8979750069590986,0.89614003674202092,0.88070238286708313,0.88556140817504203,0.89135755001846317,0.89105363910311564
79.431772709083631,0.89819753170013428,0.90706522845666315,0.90752035037542178,0.90169328186093245,0.89872500730742866,0.88746061006384058,0.88662240002461901,0.89790806181442839,0.89608449680568125,0.88768699456769684,0.88573890356810348,0.89133148905435911,0.89102243076341525
79.471788715486198,0.89819908142089844,0.90059678589053349,0.90740302543135887,0.90172739081888875,0.89877477581407628,0.87857451781218632,0.88637179641831676,0.89783037998308901,0.89602872260040678,0.88397237557573782,0.88581407351361596,0.89130307916526552,0.89099190473106937
79.511804721888751,0.89820057153701782,0.91449357245974239,0.90737901245126684,0.90176102735077479,0.8988242826431293,0.88351115671383962,0.88627301022700211,0.89775619662766204,0.89597304650167475,0.90354776165736983,0.88593093866128547,0.89128201537600649,0.89096220232443113
79.551820728291318,0.89818745851516724,0.90999425792183786,0.90812192031858507,0.90182955943807497,0.89887557131297013,0.89368246286024011,0.88682581402527361,0.89776141638779783,0.89591831538371602,0.88055791815960804,0.88573040903036815,0.89126083367810105,0.89093396650314149
79.591836734693871,0.89810293912887573,0.90581010324591016,0.9083645174968823,0.90187261469714719,0.89892954176887718,0.89216138640722897,0.88697109723993228,0.89771165029622368,0.89586636332632197,0.87646654381391131,0.88488706675608242,0.89120153149331938,0.89090142927841798
79.631852741096438,0.89801841974258423,0.90198594948134658,0.90832061885515836,0.90191208604785633,0.89898410399437534,0.88708903764164937,0.88705616088876904,0.89765804750643052,0.89581464326416693,0.87868286423926123,0.8840585134494704,0.89114291720148053,0.89086458201764707
79.671868747499005,0.89793390035629272,0.90542980267029649,0.90831174330932185,0.90194903705853713,0.89903863666454342,0.8818431698884821,0.88697225304467986,0.89760283688941545,0.89576301199592967,0.88478097166794956,0.8839624771670459,0.89110961832786606,0.8908249463603759
79.711884753901558,0.897849440574646,0.9083874940494715,0.90809582682625545,0.90197922101004369,0.89909222195299576,0.88529037821805723,0.88681784840717348,0.89754447066383414,0.89571144835473793,0.88374677642957322,0.88405439296788846,0.89107610229967193,0.89078520395484839
79.751900760304125,0.89776492118835449,0.91237440870410813,0.90803757128328977,0.90201066361961235,0.89914452039068182,0.88077278055999464,0.88668869289189201,0.89749062473255892,0.89566030854193546,0.8887725709675407,0.88428440189131807,0.89104602933905908,0.89074721209055774
79.791916766706677,0.89768040180206299,0.90693391689717384,0.90797985443973861,0.90204337810267976,0.89919527576767544,0.89811478257324162,0.8867805220823497,0.89744405196614341,0.89560936933195001,0.88896208380960484,0.88441062938109027,0.8910170839073166,0.89071061640487981
79.831932773109244,0.89759588241577148,0.90108088743587722,0.90762795193419332,0.90206694518234642,0.89924445865429459,0.89420805708869511,0.8869285366576185,0.89739868013235513,0.89555867900748232,0.88570368173504865,0.88466342114596674,0.89098971283725026,0.89067487202041162
79.871948779511811,0.89751142263412476,0.89802478813210118,0.9072878011997868,0.90208607459303991,0.89929204571317589,0.88824357893816097,0.8869181385546332,0.89734631293440803,0.89550825344128171,0.88397805140171393,0.88466163332919312,0.8909601706861946,0.89063981944629389
79.911964785914364,0.89742690324783325,0.90303244262042359,0.90716876652950396,0.90211337819647652,0.89933828613805644,0.88235228929502818,0.88682805331338743,0.89728897511358952,0.89545786401270167,0.8837450438090122,0.88477309900898182,0.89093727666131761,0.89060524574126843
79.951980792316931,0.89734238386154175,0.90889753068824464,0.90698073707246174,0.90213929720985797,0.89938348588703021,0.88429116249069439,0.88672991464762874,0.8972339018887876,0.89540782497933247,0.88444376785943446,0.8848573591490041,0.89090940857849799,0.89057149829400573
79.991996798719484,0.89725792407989502,0.9174474462901181,0.90712697829253486,0.90217609529692144,0.89942815237014251,0.88370346173935954,0.88686855650384655,0.897177297524137,0.89535811305949942,0.87591138828791515,0.88503581241281692,0.89088484006489987,0.8905390455541603
80.032012805122051,0.89717340469360352,0.90734118269843245,0.90734498980224432,0.90221660482942923,0.89947293762134284,0.89378711946272649,0.88693090932521401,0.89712106852345341,0.89530915823190782,0.88888919425496482,0.88523549371250154,0.89085952460356421,0.89050793764087444
80.072028811524603,0.89708888530731201,0.89896251142840788,0.90711709526154205,0.90224052454672099,0.89951750677442266,0.89233223860709765,0.88724116955435006,0.89708312454885952,0.89526142004573628,0.8851239707935139,0.88541920075378644,0.89083615258768767,0.89047780061943671
80.11204481792717,0.89700436592102051,0.91056616308956273,0.90692044267457672,0.90226005673613108,0.89956116498108707,0.8848866858193386,0.88748489214442627,0.89704420217087621,0.89521539739577682,0.89846084743547061,0.88540237894988683,0.89081144180776006,0.89044836991136811
80.152060824329737,0.896919846534729,0.90477197235658369,0.90680799583528904,0.90228515803027132,0.89960389788384698,0.88135455511639815,0.88742510983267342,0.89699369119746697,0.89517004515540288,0.8834988921982605,0.88534187538840592,0.89079098268225321,0.89041886507908063
80.19207683073229,0.89683538675308228,0.90985767450924493,0.90671719130813933,0.90230954596033686,0.89964569046464793,0.88627323764740973,0.88726927626444241,0.89694467603171213,0.89512509985868427,0.88553233153610789,0.88515791960118584,0.89076334744591934,0.89038909699865632
80.232092837134857,0.89675086736679077,0.92123324277865193,0.90679516666917959,0.90233927296026051,0.89968674345275779,0.91056589590970471,0.88725358173604918,0.89690061997953274,0.89508020697470625,0.88307768616529958,0.88502477294281956,0.8907358272238447,0.89035894478828548
80.27210884353741,0.89666634798049927,0.90427138869578949,0.90672103523257608,0.90236576850011319,0.89972715676452242,0.8875188052980657,0.88746032771144989,0.89686535820401558,0.89503581625747719,0.88739304652767304,0.88517266104454406,0.89071301661531066,0.89032870200140923
80.312124849939977,0.89658182859420776,0.89933287425794117,0.9064987273125259,0.90238575890261641,0.89976666220374746,0.87841551800218021,0.88767420611423231,0.8968256784961457,0.89499240058245078,0.88504773548882487,0.88523972274591511,0.89068791972214245,0.89029880399133154
80.352140856342544,0.89649736881256104,0.91151952015714233,0.9063910392346628,0.90240606091074582,0.89980543471379293,0.88671604293267481,0.88756927440883016,0.89677695361161136,0.89494923378761349,0.89999989245803413,0.88518785127588906,0.8906648250347271,0.89026902233280347
80.392156862745097,0.89641284942626953,0.90451577241494985,0.90622770035827849,0.90242867044623942,0.89984357902525192,0.8812293346175003,0.88737019989594124,0.89672214317528154,0.89490581137769409,0.88139268279684624,0.88500208625285093,0.89063962314574985,0.89023891448825299
80.432172869147664,0.89632833003997803,0.91199738031317956,0.90624250743875567,0.90245332085668573,0.89988106837392401,0.88101759167260574,0.88730474494378442,0.89666965178733782,0.89486179985633341,0.88213472236129653,0.8851393579006398,0.89061446362129804,0.89020854704062391
80.472188875550216,0.89624381065368652,0.91640883063269019,0.90653609704938387,0.90249350006328033,0.89991877061216419,0.87311696637607372,0.88736506906866242,0.89661634553682212,0.89481808875540192,0.8860386749587098,0.88529778405162718,0.890590044978952,0.89017988318344332
80.512204881952783,0.89615935087203979,0.9056180138856974,0.90672066081140457,0.90252680791336248,0.89995696214717258,0.89161528754431163,0.88752757964609885,0.8965650938697296,0.89477499864177101,0.88648150887591637,0.88561212383679511,0.89056978333560088,0.89015256498896955
80.552220888355336,0.89607483148574829,0.89889167468957865,0.90667278405514717,0.90255407712017188,0.89999550025679864,0.88100242061358169,0.88727290389366176,0.89650543721926612,0.89473227488597906,0.88496116420630566,0.88542581678905108,0.89054385087025278,0.89012543195497207
80.592236894757903,0.89599031209945679,0.89862971812673964,0.90669488522189545,0.90258218107279453,0.90003415255226649,0.87157651126563729,0.88737510045658119,0.89645250189926651,0.89468906849526531,0.88366522377212764,0.88554793861718806,0.89052738838235246,0.89009856660671161
80.63225290116047,0.89591091871261597,0.91167046482474168,0.9069870306459471,0.90261848486346163,0.90007299680466157,0.90572217974457392,0.88738861101764965,0.89641082842178355,0.89464641710377601,0.90111396747883155,0.88585119229118914,0.89052416188858052,0.89007239776466041
80.672268907563023,0.89588344097137451,0.90780449981142519,0.90767258133310957,0.90267707013437493,0.90011452765290567,0.88981165011697716,0.88795886516888833,0.89641646584169876,0.89460548100747828,0.87646044976917903,0.88528177903074434,0.89048568103202774,0.8900474344332383
80.71228491396559,0.89579677581787109,0.899898053268258,0.90771842297791938,0.90271052517018235,0.90015859453316605,0.88900865070378898,0.88782666409097521,0.89636621340842082,0.89456610174264739,0.88355194623475264,0.88448993492981598,0.89042996575073485,0.89001789274628396
80.752300920368143,0.89571017026901245,0.90635661868431994,0.90784544782372834,0.90274691046590949,0.90020340824426759,0.87780885342706516,0.88765914998330264,0.89631466603057619,0.89452619001334144,0.88436687535384295,0.88406592380197624,0.89039697480584257,0.88998489312327744
80.79231692677071,0.89562350511550903,0.91100245438089777,0.90772593627424158,0.90277542755828066,0.90024812380377728,0.89304533764317839,0.88738140454458858,0.89626024516017178,0.89448576268376023,0.8851012674896096,0.88414921260562129,0.89036849955944353,0.88995078456264476
80.832332933173262,0.89553689956665039,0.91665254779571093,0.90770419971813099,0.90280268492288229,0.90029167113393138,0.87983827888128141,0.88716207433356997,0.89621005745297222,0.89444468812512923,0.89237439038641742,0.88436485711429336,0.89034375349369588,0.88991805889863185
80.872348939575829,0.89545023441314697,0.91029245090026278,0.90782928882876179,0.90283914737260851,0.90033463313568785,0.89014778389347926,0.88713385664685651,0.89615563256261133,0.89440245667229024,0.88875279519492933,0.88465082010228047,0.89032110916738305,0.88988701094286604
80.912364945978396,0.89536362886428833,0.9007788769086531,0.90758200288827462,0.90286072270039952,0.90037701187814478,0.89220565508336558,0.8870303362991625,0.89610361603711552,0.89435925845152353,0.88542670142741642,0.88491407417088142,0.89029845517149075,0.88985734063213773
80.952380952380949,0.89527696371078491,0.90914536838012794,0.90725029630492537,0.90287436723580627,0.90041788202533635,0.88318260846684959,0.88698319138401416,0.89605915212343701,0.894316047936349,0.88573719898107572,0.88476861213767832,0.89027326552545372,0.88982797207466258
80.992396958783516,0.89519035816192627,0.90373935570441166,0.90712514642448216,0.90289548307643763,0.90045744838458741,0.88134833261172041,0.88688349330134064,0.89600983890344588,0.89427285698149417,0.88333692204856451,0.88477420589646738,0.8902547217303044,0.8897985235408532
81.032412965186069,0.89510369300842285,0.90761344058342808,0.90691093475866735,0.90291538237167357,0.90049581473395934,0.88416197144119257,0.88671926917901589,0.89596038395521405,0.89422981782768862,0.88343490472857245,0.88459071971347214,0.89022870629562523,0.88976894979817278
81.072428971588636,0.89501708745956421,0.91628412403858361,0.9069684997003411,0.90293998208811443,0.9005331849458178,0.89524798577523579,0.88665129073206317,0.89591778756765517,0.89418686316243667,0.88020535974818925,0.88451692432954354,0.89020273199066002,0.88973927321073942
81.112444977991203,0.89493042230606079,0.90554851025914729,0.90692929917930387,0.90296484380021469,0.90056974398160206,0.89731338323268484,0.88673007957331884,0.89587866396287641,0.8941438856549776,0.88772302112626067,0.88461833478044838,0.89018040113796093,0.88970969342767348
81.152460984393755,0.89484381675720215,0.89892851706529142,0.90665955711658963,0.90298137845375281,0.90060534271012527,0.89100536356198456,0.88687042204399691,0.89583905632584571,0.89410104785976652,0.88466124161262283,0.88475152857174355,0.89015698758246919,0.88968035388184619
81.192476990796322,0.89475715160369873,0.91162683569560821,0.9065399111642245,0.90299765714190661,0.90064009100699327,0.88690076242868277,0.88686362265386476,0.89579451957504119,0.89405853810651936,0.90056532421632374,0.8847053245582901,0.8901351071706548,0.88965120846515711
81.232492997198875,0.89467054605484009,0.90832417121621523,0.90644545228215256,0.90301857109210548,0.9006743934722935,0.88620218257018368,0.88671079423720889,0.89574362216859882,0.89401631260665493,0.88599141623926703,0.88472359432713654,0.8901151155352226,0.88962235115254751
81.272509003601442,0.89458394050598145,0.90820667554761825,0.90643848956932427,0.90304060667900155,0.90070820595071344,0.88338818816901554,0.8865121534577467,0.8956937120520162,0.89397398878829881,0.88466452761713532,0.88466236006937948,0.8900903782009193,0.8895940224691351
81.312525010003995,0.89449727535247803,0.92005483211995875,0.90657486876228521,0.90306856962207571,0.90074168462430793,0.90326215696665102,0.88657167280854132,0.89565413557475093,0.89393153247319224,0.87769234298813237,0.88465337732342442,0.89006643083139203,0.88956594453496873
81.352541016406562,0.89441066980361938,0.90223790770209245,0.90653760799585292,0.90309009189975364,0.90077484419874376,0.8943809241948405,0.88673511511481973,0.89561956590536207,0.89388958109753103,0.88661462193143936,0.88480865914064211,0.8900460668857455,0.88953817004577107
81.392557022809129,0.89432400465011597,0.89694454301395832,0.90629203091721511,0.9031032987905685,0.90080731220430665,0.89244264361866743,0.88698783905272394,0.89558651404841938,0.89384847789332367,0.88394262229851595,0.88486079599149359,0.89002370174831391,0.88951075207609653
81.432573029211682,0.89423739910125732,0.91270708081375107,0.90626615371490948,0.90312219334366195,0.90083912455266368,0.89138096579672887,0.88705194652024255,0.89554625852518288,0.89380880037014698,0.90229113378626824,0.8848909493853272,0.89000681403201509,0.88948353524816248
81.472589035614249,0.89415073394775391,0.90487292531371766,0.90610973789175753,0.90314013971897011,0.90087053567256847,0.8814881908120985,0.88690422215808529,0.89549798056774021,0.89376908518542741,0.88170509220767646,0.88473798576832663,0.88998350614795163,0.88945642336915309
81.512605042016801,0.89406412839889526,0.91124568677581697,0.90619138968665225,0.90316057573558872,0.90090153065144019,0.88385268332772915,0.88670084279208006,0.89545328009637326,0.89372933479677863,0.88798739512567237,0.88459257991413209,0.88995851775946921,0.88942904812870827
81.552621048419368,0.89397746324539185,0.91311307409874332,0.90631849812858523,0.90318779026116891,0.90093219748471709,0.89047040594553806,0.88667535699911904,0.89541168514497249,0.89368921911583521,0.8898849731133136,0.88450690845686331,0.88993359769006553,0.88940136683855087
81.592637054821935,0.8938908576965332,0.9019715276303274,0.90621591949208857,0.90320887682406048,0.90096244998678576,0.89744174461489634,0.8869274040944084,0.89536693348241736,0.89364895675684708,0.88571485415039097,0.88471737392799288,0.88991198705087271,0.88937372467751497
81.632653061224488,0.89380419254302979,0.89679317417427018,0.90600410500004658,0.903220293688346,0.90099228484538141,0.89107736683039951,0.88728630156999699,0.89534100744153078,0.89361060220296762,0.88364144504856479,0.88468562512412685,0.88988987143041298,0.88934648677777195
81.672669067627055,0.89371758699417114,0.90184039785887615,0.906000843689445,0.90323747879773519,0.90102158846177505,0.8759399685935374,0.88733375257411995,0.89530665501951212,0.89357340818093234,0.88290179530557811,0.88473580962781251,0.88987452004192857,0.88931936192406524
81.712685074029608,0.89363092184066772,0.9075416949044085,0.90586293539971141,0.90325266178079011,0.90105032569595278,0.88531550528456582,0.88724955429725172,0.89526895984381361,0.89353680328216545,0.88452585822670948,0.88457638643362002,0.8898516556029954,0.88929233437259725
81.752701080432175,0.89356327056884766,0.90513233684402383,0.90627203450045635,0.90328463664618797,0.90107925711156334,0.89024681061078093,0.88761293673041619,0.89526558080593777,0.89350073935628771,0.88805359318021426,0.88523303670510955,0.88986341901607591,0.88926630627892267
81.792717086834728,0.89353793859481812,0.89892021541155354,0.90666587952941613,0.90333182513460331,0.90111115125338237,0.89126813104523739,0.88815852249095251,0.89527549767873627,0.89346705013852457,0.87990424224377473,0.88441182694470422,0.88980413104397738,0.88924127848157886
81.832733093237294,0.89348489046096802,0.90872537741620529,0.90693509997125865,0.90336365247101524,0.90114473069240253,0.87737001869240405,0.88805397543939579,0.89523710321726202,0.89343518819015411,0.87990155369462808,0.88409197454813426,0.88976728672308281,0.88921263133881989
81.872749099639861,0.89343178272247314,0.91184092140842576,0.90729346312313974,0.9033978841394783,0.90117960159059041,0.88514299375011629,0.88790625694098968,0.89519932964416005,0.89340355062319265,0.87876686646370705,0.88365599570464426,0.8897231150748085,0.88918192792958883
81.912765106042414,0.89337867498397827,0.91600235257959639,0.90755599439666657,0.90343247758732148,0.90121546834932076,0.89235914353208567,0.88774392255322665,0.89516558072605668,0.89337202288643047,0.88309196534854473,0.8829923117091566,0.88968105701685041,0.88914758666002069
81.952781112444981,0.89332562685012817,0.90281629664317475,0.90753120716869062,0.903457497893286,0.90125145661697781,0.89918641640266461,0.88793212103114505,0.89514608323384348,0.89334072410282905,0.88517636762910357,0.88297434762246418,0.88964956100569492,0.88911152034326713
81.992797118847534,0.8932725191116333,0.8997956460068196,0.9072217990519148,0.90346914045165139,0.90128651098482615,0.89567467181028781,0.88811528752571678,0.89512437180121229,0.89330990166485813,0.88379785886335793,0.8834532418639427,0.88962400214268333,0.88907726042331026
82.032813125250101,0.8932194709777832,0.91067487233632038,0.90697920385859621,0.90347915701090997,0.90132038733211917,0.88609462213218093,0.88817055448430438,0.89509496368247654,0.8932794094273373,0.89883061256142738,0.88372054719600057,0.88960003843305246,0.8890453267141043
82.072829131652668,0.89316636323928833,0.90318241775181995,0.90683561402493962,0.90349482301997786,0.90135318716714941,0.87791303593395709,0.88806565003577265,0.8950580639457173,0.89324899865273011,0.88242926785668618,0.88388069436512384,0.88958166286514262,0.88901483761545697
82.112845138055221,0.89311325550079346,0.91042224755943491,0.90671457941523737,0.90351017040879955,0.90138487624248076,0.8860381454944859,0.88791635378772304,0.89502271983087112,0.89321871761473692,0.8824375724862723,0.88387638502508037,0.8895570494142172,0.88898528283612621
82.152861144457788,0.89306020736694336,0.91595199729305488,0.90679642752991207,0.90353076473651017,0.90141579434358166,0.91042461542254305,0.88785790105302054,0.89499515920303518,0.89318860222266216,0.87884949454081129,0.88393489314123475,0.88953235354926441,0.88895631000378827
82.19287715086034,0.89300709962844849,0.90295136515545049,0.90668770446237468,0.90354718916130861,0.90144601321173556,0.9006536830056997,0.88805270636293709,0.89497430371390685,0.89315884095969966,0.88587371753218436,0.88408931231289323,0.88951034318253119,0.88892787132858442
82.232893157262907,0.89295405149459839,0.89881980781853377,0.90644613357760639,0.90355818254308962,0.90147537392351318,0.88963196788666088,0.88815222464260402,0.89494542979648684,0.89312913819039241,0.88364718062007741,0.8841772111545968,0.88948633349327888,0.8888998752028755
82.27290916366546,0.89290094375610352,0.91114673348710173,0.90633008831076034,0.90357059677369711,0.90150396455555792,0.87297284131534503,0.88798808037136745,0.89490877609777075,0.89309921622399324,0.89997736839073961,0.88415547572665765,0.88946541506256427,0.88887205094241206
82.312925170068027,0.89284783601760864,0.90551287980368822,0.90616464228943672,0.9035850283423088,0.90153189383327326,0.88116379090156038,0.88781537738428373,0.89486841155220798,0.89306892062944554,0.88258412828752797,0.88406715187135676,0.88944379481362867,0.88884444855702993
82.352941176470594,0.89279478788375854,0.91062082069300498,0.9061977496516791,0.90360182755449359,0.90155915535581954,0.88508177615647621,0.88756518908595383,0.89483050829621769,0.89303820871904982,0.88083609337797197,0.8840096902684399,0.88941875994882869,0.88881686828211881
82.392957182873147,0.89274168014526367,0.91445545756776325,0.90633137666033181,0.90362371559098775,0.90158603729232034,0.89094159770452397,0.88751845756125025,0.89480311397882828,0.89300712789989234,0.88836391149726379,0.88396376073275529,0.88939320102696529,0.88878937323612539
82.432973189275714,0.8926885724067688,0.90142107345109312,0.90619559725202148,0.90363755703661608,0.90161257079417434,0.89946482904053604,0.88765647617205157,0.89478035550164914,0.89297599872225364,0.88512570341407504,0.8841602199052021,0.88937202802386861,0.88876209593554101
82.472989195678267,0.8926355242729187,0.89723376778250585,0.90599962950349844,0.90364665626178697,0.90163847082774451,0.88868484341274401,0.88787872441479987,0.89475563317929374,0.89294542859884485,0.88343114075976725,0.88413391350918025,0.8893487690138272,0.88873516447500867
82.513005202080834,0.89258241653442383,0.89882368596334561,0.90600872431590973,0.90366167975219502,0.90166392473856982,0.87415588760947616,0.88781825231745848,0.8947227438898756,0.89291517283019795,0.8845476653475649,0.88418182016100233,0.88933278508773528,0.888708297080819
82.553021208483386,0.89252936840057373,0.90708486156477319,0.90582850715173113,0.90367467937976931,0.90168895130728122,0.88344750938027772,0.88760272954019903,0.89468180615898485,0.89288484779963195,0.88392416092770953,0.88399712093720673,0.88930770688190242,0.88868147545187104
82.593037214885953,0.89247626066207886,0.91352712665342273,0.90596948528504284,0.90369248917594125,0.90171362510349795,0.88630683917267006,0.88740342861489008,0.89464640777445437,0.89285430278291933,0.88782387159202492,0.88396072478699239,0.88928322839821428,0.88865459616103892
82.63305322128852,0.89242315292358398,0.90756508496530508,0.90610250960906558,0.90371338884928742,0.90173805795244943,0.89852446042884082,0.88749366866241663,0.894623680485227,0.89282375319160334,0.88765031080823042,0.88394462809110141,0.88925908826587408,0.88862772414428692
82.673069227691073,0.89237010478973389,0.9012000191968168,0.90592760449270149,0.90372552350059798,0.90176219045713446,0.89606603772354942,0.88765280870171859,0.89460250627024718,0.892793460971541,0.88463274299166927,0.88411038771190908,0.88923749532216867,0.88860101098226818
82.71308523409364,0.89231699705123901,0.8980221825035557,0.90574319786050084,0.90373362087786346,0.90178586865807497,0.88674395531080108,0.88780501801622136,0.89457335070680266,0.89276348583676746,0.88335293385237068,0.88396245978306898,0.88921303325689682,0.88857433804512231
82.753101240496193,0.89226394891738892,0.90324731608140607,0.90576614709386538,0.90374876078636346,0.90180924714241995,0.87701012087422758,0.88771444194622973,0.894538571172241,0.89273375858303061,0.88246445797773787,0.88398779787063342,0.88919582540260411,0.88854756999828421
82.79311724689876,0.89221084117889404,0.90701747879866701,0.90569435921043695,0.90376206413290894,0.90183229372024043,0.88365427432142996,0.88755124143687758,0.89450102598471937,0.89270418591300127,0.88308993400030067,0.88383909512508974,0.88917038696114969,0.88852073881571225
82.833133253301327,0.89215773344039917,0.91286802382344356,0.90584265989201085,0.90377978063130959,0.90185516924335574,0.90565859167296126,0.88737731779649698,0.89446850899210273,0.8926746011240585,0.87951261025142591,0.88382036281724097,0.88914609653372056,0.88849393267733634
82.873149259703879,0.89212483167648315,0.90899478728860472,0.90616267000401007,0.90380690906559513,0.90187869290426737,0.88392255316596891,0.88769380804142317,0.8944664058280537,0.89264530297264433,0.88321067972974943,0.88450176081151755,0.8891606406730872,0.88846868058991813
82.913165266106446,0.89207619428634644,0.91210463525563268,0.90668118359804795,0.90385237773285454,0.90190589999947746,0.89662452233387302,0.88815505963106267,0.89447570556517897,0.89261819051591285,0.88142769368128815,0.88370363973299404,0.88909436402389219,0.88844332379885749
82.953181272508999,0.89199995994567871,0.9144092228100843,0.9070796082331487,0.90388503373085194,0.90193492860384972,0.88590652470506215,0.88793509682133476,0.89443924735092184,0.89259183766287431,0.8900566220399373,0.88330260011838724,0.88904925660783285,0.88841508311459017
82.993197278911566,0.89192378520965576,0.91644124949947692,0.90742003974168184,0.90391962738364895,0.90196531246015066,0.90933146950551946,0.88774969606252507,0.89440876332067587,0.89256511611808564,0.88330316582039103,0.883189444937301,0.88900627128188014,0.88838482264810448
83.033213285314119,0.89184755086898804,0.90194971306576066,0.90742385350453969,0.90394270710393165,0.90199623735760992,0.90292649728574348,0.88788609728949397,0.89439102184932362,0.89253828108306121,0.87290069120806191,0.88252666335536423,0.88894615851800318,0.88835252155018263
83.073229291716686,0.89177137613296509,0.89868801149094302,0.90713826851151225,0.90395140330576329,0.90202652102083569,0.89521189524810429,0.88806930099040926,0.894374016079997,0.89251180321797174,0.87971717896871082,0.88182296627123313,0.88889950005944685,0.88831684103006558
83.113245298119253,0.89169514179229736,0.91096476366100743,0.90696548820854728,0.9039601974224778,0.90205579059026975,0.88230938364372569,0.88810553150967353,0.89434775640169395,0.89248567907104126,0.89821989368640232,0.88151678927154897,0.88886242952838945,0.88827818865793295
83.153261304521806,0.89161896705627441,0.90438034032659786,0.90680017953865621,0.90397256110773572,0.90208416990924689,0.87948614437846484,0.88799007084420722,0.89431481092516851,0.89245958097687994,0.88123859905798019,0.88178709561217128,0.88883442614874597,0.88823959003130182
83.193277310924373,0.89154273271560669,0.9102954201048844,0.90673743244012095,0.90398592675623946,0.90211159977302113,0.88502630697191942,0.8878097470568983,0.89428293924694513,0.89243344817904358,0.87999989484785557,0.88208284780769852,0.88880346505323471,0.88820306716433384
83.233293317326925,0.89146655797958374,0.91815793453885453,0.90683071428194406,0.90400443751038173,0.90213839602699275,0.90520974166886625,0.88777316108699855,0.89426009838006859,0.89240735648849534,0.87908100849509829,0.88229958880817816,0.88877309336696297,0.88816871399172392
83.273309323729492,0.89139032363891602,0.90190196340776452,0.90671519918015198,0.90401743528011425,0.90216459713793362,0.89914469599034841,0.88789082790184626,0.89423940949750491,0.89238124361733029,0.88393605028949096,0.88264244401026959,0.88874702700522612,0.88813615994216977
83.313325330132059,0.89131414890289307,0.89822433080187425,0.90648449773048723,0.90402508173466745,0.90219012574957302,0.88634239634225764,0.88804088010256577,0.89421709087391188,0.89235533993502969,0.88249074601383748,0.88286736747406336,0.88872053675128848,0.88810495026748137
83.353341336534612,0.89123791456222534,0.91151964134916774,0.90642847317559871,0.90403627681965548,0.90221497148876639,0.89088992128472322,0.88789337339323571,0.89418382897548199,0.89232927682628793,0.90151169351591254,0.88300087187443621,0.88869971577845042,0.88807467842274079
83.393357342937179,0.89116173982620239,0.90542780300187797,0.90623813477921877,0.9040472513675436,0.90223925314293252,0.88031557462104648,0.88771174150236531,0.89414666480898553,0.89230283350435213,0.8794021407542707,0.88293032811833028,0.88867494906257716,0.88804504060879452
83.433373349339732,0.89108550548553467,0.91251511264556362,0.90631301461071767,0.90406181244635031,0.90226297769865937,0.88648053594610576,0.88750188858244572,0.89411530590763821,0.89227612581363547,0.88285782259064771,0.88295581055819994,0.88864858643308553,0.88801573002137668
83.473389355742299,0.89100927114486694,0.90888013963260383,0.90643136460462825,0.90408043826558304,0.90228629669419158,0.89374255447684325,0.88750948458800805,0.89409389400804851,0.89224933940191398,0.88643944801815688,0.88292171557069676,0.88862162402689138,0.88798669161450261
83.513405362144852,0.89093309640884399,0.90085050139564726,0.90624066827696248,0.90408878038163898,0.90230908403399412,0.89940035203968371,0.88766429407239533,0.89407924506328806,0.89222267589117865,0.88373046589808413,0.88312999926049773,0.88859841813701024,0.8879580970852704
83.553421368547419,0.89085686206817627,0.89674554570829945,0.906022286318656,0.90409350962267943,0.90233130056096134,0.88891578722921583,0.88783561649924048,0.89405903436599199,0.89219625928728619,0.8825444572512321,0.8831189601141366,0.88857389170718215,0.887929984382543
83.593437374949985,0.89078068733215332,0.90205230211523701,0.9060427405634417,0.90410580585783462,0.90235302846992105,0.87427873763040154,0.88775843458808534,0.89402960424334632,0.89217000081139441,0.88106264845272197,0.88320072062740052,0.88855680628424516,0.88790217064024601
83.633453381352538,0.89070451259613037,0.90825963646270524,0.90589974841564702,0.90411603418497544,0.90237439489709448,0.88487661128795536,0.88754320760474292,0.89399376600605862,0.89214366880129858,0.88548501307112848,0.8830553105598955,0.88853127185993319,0.88787448093799559
83.673469387755105,0.89062827825546265,0.9127231993531254,0.90602225133372327,0.90413090672815155,0.90239535805833382,0.88534401028218523,0.88732838905991762,0.89396235204448149,0.89211703241371476,0.88504618210487351,0.88302833229728317,0.88850562547652268,0.88784674368886607
83.713485394157658,0.8905521035194397,0.90414256157282036,0.90614613265963706,0.90414803690299861,0.90241612943243255,0.90258479288600602,0.88737280259921425,0.89394076808656164,0.89209019604360518,0.88592157370699309,0.88299375698432025,0.88848002920493352,0.88781901674521935
83.753501400560225,0.89047586917877197,0.90016570585628941,0.90594796494437013,0.90415597663037695,0.90243654395589412,0.89673350505865923,0.8875327884837001,0.89392319297145895,0.89206342764034063,0.88348007235423465,0.88315233320735376,0.88845631184789975,0.88779146295057687
83.793517406962792,0.89039963483810425,0.90467253429976691,0.90576944946695881,0.90416035593242716,0.9024566109936395,0.88421607760091514,0.88766988350166953,0.89390043862406254,0.8920371379636991,0.88285871877369659,0.88303898248388202,0.88843185027284111,0.8877641120475106
83.833533413365345,0.8903234601020813,0.90306661877157812,0.90580040844205967,0.90417274953405713,0.9024763837266121,0.87751479563457524,0.88755908177137444,0.89386783533923175,0.8920108340630073,0.88227781292143004,0.88309673566146651,0.8884148221428525,0.88773688136870943
83.873549419767912,0.89024722576141357,0.90803967293665722,0.90576471019835547,0.90418344475590173,0.90249584442863795,0.88423433028130349,0.88736812643218199,0.89383310400080607,0.89198448752946868,0.88516609139681002,0.88299595312338786,0.88838951260766563,0.88770969572176184
83.913565426170464,0.89017105102539063,0.91276991887890579,0.90591316476148132,0.90419906786661031,0.90251519499678023,0.90664115479256724,0.88719108283360693,0.89380417956647396,0.89195800077678877,0.88205926374858312,0.88295476472679135,0.88836420494333612,0.88768258353642682
83.953581432573031,0.8900948166847229,0.90423363737988649,0.9059794067290845,0.90421448221267731,0.90253441462611295,0.89549445622242763,0.88730491796171962,0.89378436535469441,0.89193133958811432,0.88525893596067118,0.8829868095247303,0.88834035193324423,0.88765551845703239
83.993597438975584,0.89005953073501587,0.91636308064311267,0.90636396580531997,0.90424038873615753,0.90255456017374258,0.90772997458729088,0.88737616305391309,0.89377365701223266,0.89190507583098133,0.88188074408525163,0.88353415220915965,0.88835386995773258,0.88763058278933382
84.033613445378151,0.89006286859512329,0.91084702560835962,0.90685261650141036,0.90430397443215582,0.90257864843118585,0.89742046957509303,0.88801156305343887,0.89384451582440438,0.89188152911400731,0.89834087839799748,0.88277927737538042,0.88826299657263486,0.88760373662687297
84.073629451780718,0.89006710052490234,0.89960646525521581,0.90780881650084955,0.90435889294389982,0.90260667319125831,0.88205645364405882,0.88830496305304452,0.89384526442334289,0.89186145696154595,0.90646824297697193,0.88393947737476974,0.88837843558189145,0.88757919018586706
84.113645458183271,0.8900713324546814,0.9094647093669801,0.90672243884472237,0.90434020990951403,0.90263348550740652,0.90538237172721447,0.88767436898583219,0.89380812478272997,0.89183832219821468,0.89630116577880814,0.88509967737415907,0.88845768535766789,0.88756149656656336
84.153661464585838,0.89007556438446045,0.90579016715773664,0.90610273674460184,0.90434371291548321,0.90265503613148512,0.89679916729849785,0.88881348583427977,0.89380865215576799,0.89181748119932669,0.89534039780490116,0.88625767737354955,0.88849578373202831,0.88755060743411407
84.193677470988391,0.8900797963142395,0.90584452178111552,0.90643854958353987,0.90435993924814029,0.90267525598120257,0.90550616993932886,0.88997368583366909,0.89385252592451125,0.8918034647029599,0.89220477280803778,0.88741787737293887,0.88853008684462187,0.88754648809805747
84.233693477390958,0.89008396863937378,0.91114509739475924,0.9075875495829353,0.9043920934137033,0.90270032400737199,0.91739518368656026,0.89113388583305841,0.89394827683372058,0.89179624012088621,0.88856638912076791,0.88814892522076472,0.88854035485272154,0.8875487605472
84.27370948379351,0.89008820056915283,0.91441304035888349,0.90874774958232463,0.90444429668976878,0.90273195198669798,0.9111370625771813,0.89229408583244774,0.89404725503544613,0.89179576816725104,0.8704075099661529,0.88713727365733608,0.88848100751256287,0.88754955534205182
84.313725490196077,0.89009243249893188,0.91818380903627128,0.90990794958171395,0.90452023731482489,0.90277010786310374,0.9229775407879256,0.89345428583183706,0.89415744645859485,0.89180200978343271,0.87004037364380615,0.88597707365726175,0.88837668231132372,0.88754381137571259
84.353741496598644,0.89009666442871094,0.92243601303444467,0.91106574958110453,0.90462371252514018,0.90281475107366138,0.93911166575027938,0.89461448583122638,0.89437373159548661,0.89181492613674584,0.85135053590551413,0.88484567365718447,0.88829796514658932,0.88753144586296973
84.393757503001197,0.89010089635848999,0.91108013846916047,0.91183734083435886,0.90468370984016788,0.90286533232369226,0.93864805952080554,0.8957746858306157,0.89462324057704146,0.89183447861910659,0.86569209349077159,0.88368547365710981,0.88818194514665039,0.88751255155099529
84.433773509403764,0.89010506868362427,0.90616234786765049,0.91072831362738405,0.90470155540346719,0.90291412615082633,0.91423622547844252,0.89690488583002081,0.89477252164872267,0.89186057001214469,0.87147498346841001,0.88252527365703548,0.88806592514671145,0.88748705568773689
84.473789515806317,0.89010930061340332,0.90523389576128466,0.90957211362730961,0.9047066696445103,0.90295597066959943,0.88516918753171259,0.89673063969568734,0.89477250013059095,0.89189088164552099,0.88357512750294964,0.8815182736569358,0.88794990514677252,0.88745505344812303
84.513805522208884,0.89011353254318237,0.90839846192776752,0.90851865278619459,0.90472078457476834,0.9029911357227236,0.88300239287898941,0.895570239695613,0.89471175566202887,0.89191552023241039,0.88830870662145445,0.88264718520420704,0.88784960501227794,0.88742398856139004
84.553821528611451,0.89011776447296143,0.90621046110172265,0.90748886983977051,0.90472881869693123,0.90302009560388896,0.88428802160738085,0.89441003969553834,0.89462792800894608,0.89193330065304133,0.88735929029949956,0.88377778520361194,0.88785919526620138,0.88739962156790109
84.593837535014003,0.8901219367980957,0.90319320384207802,0.90650506983969259,0.9047270123313147,0.90304304652315603,0.88323440341054893,0.89324983969546401,0.89457299380098809,0.89194426738804644,0.9050587860232725,0.88493518520300274,0.88794943059590847,0.88738201811825057
84.63385354141657,0.89012616872787476,0.90465029556311138,0.90595454066174352,0.90472424309516275,0.90306096831902827,0.89511369819809306,0.89223846229634751,0.89450663743293357,0.89194853200004443,0.89360622385983413,0.88609538520239206,0.88803127974932883,0.88737122436625682
84.673869547819123,0.89013040065765381,0.90416928441441458,0.9053661939651243,0.90472830858530684,0.90307711998990281,0.8889327361467193,0.89177986229611506,0.89449316899964171,0.89195029383354274,0.89016792797460476,0.88683442830963721,0.88804993717556746,0.88736567335245919
84.71388555422169,0.89013463258743286,0.91040625021208599,0.90506659904237208,0.90473550170685069,0.90308797396240015,0.91422413604078268,0.89124627964881276,0.89448149252134235,0.8919465817706832,0.89235126886375693,0.88731100119022388,0.88804867437842294,0.88736521719108818
84.753901560624243,0.89013886451721191,0.90991324105287752,0.90621719904176645,0.9047623900798909,0.90310275555850961,0.90494039610923971,0.89240647964820208,0.89454955457387009,0.89194589031882232,0.89241400167717666,0.88836917052029984,0.88807281134127403,0.88736788520812315
84.79391756702681,0.89014303684234619,0.91488405316548715,0.90737299904115809,0.90480874015634594,0.90312412667672637,0.91370867560566016,0.89330547964765672,0.89463679916167815,0.8919505675420627,0.87585008936737363,0.88734747899008581,0.88798349319942183,0.8873710870105177
84.833933573429377,0.89014726877212524,0.9134553203783905,0.90833719953184655,0.90487391108887594,0.90315187154558996,0.91679100811331649,0.89434267964708303,0.89476195861963947,0.8919614223538449,0.86745464656571902,0.88618707899001148,0.88787807900435856,0.88736759003359666
84.87394957983193,0.8901515007019043,0.91307998867581708,0.9094885995312405,0.90492134558119042,0.90318520885729714,0.88693246757156508,0.89400512606148097,0.89477301972748136,0.89197575130588491,0.870929148246122,0.88502687898993682,0.88776205900441962,0.88735740246764827
84.913965586234497,0.89015573263168335,0.90651562262160645,0.90941646658537623,0.90494075934135509,0.90322138106765049,0.8815644016789147,0.89330572606130976,0.89472314905516648,0.89198571224100021,0.91375164210607318,0.8853286789895296,0.88773286870442625,0.88734323301161655
84.953981592637049,0.8901599645614624,0.91086235639956903,0.90861070259120802,0.90494761873942287,0.90325468669460063,0.88906809043894974,0.8921626662636003,0.89465314262523721,0.89199001791703481,0.91203861808095898,0.88631727898898705,0.88781295083470857,0.88733451189181012
84.993997599039616,0.89016413688659668,0.92272299575052275,0.90976970259059797,0.90502464463450549,0.90328902053639504,0.88815124882113172,0.89101286626352494,0.89461365259573522,0.89198769411636158,0.89987807130892672,0.88747747898837637,0.88789452462058061,0.88733198724589157
85.034013605442183,0.89016836881637573,0.91116545765502155,0.91014173288489131,0.90506611749535626,0.90332780109770472,0.91552256535022569,0.89108335935427418,0.89460897745608459,0.89198157671574052,0.87234386280704124,0.88754961776388874,0.88790006926847631,0.8873346692943509
85.074029611844736,0.89017260074615479,0.90372263120491048,0.91052326081438195,0.90509877876035705,0.90336908409527039,0.91315505047518009,0.89224355935366351,0.8947101702829594,0.89197974048065909,0.87365139387531776,0.88638941776381441,0.8878150903978983,0.88733255335867034
85.114045618247303,0.89017683267593384,0.90246108281681281,0.90946079757346687,0.90508369695849433,0.90340713759680846,0.91564452644191141,0.89340335935305304,0.89480925660015376,0.89198462556030866,0.87497308463576606,0.88522921776373975,0.8877374567639964,0.88732373882206095
85.154061624649856,0.89018100500106812,0.91292813506802739,0.91008431743651785,0.90511458749315465,0.90344299490045532,0.91323137986589498,0.89453841208394147,0.89491375401188145,0.8919961319153753,0.87462566434049405,0.88406901776366542,0.88766214600304494,0.8873082644306346
85.194077631052423,0.89018523693084717,0.91432075263156354,0.91105129073413471,0.90516002774292492,0.90348425942465482,0.91572097435652489,0.89562041208337195,0.89501774367998621,0.8920140232286915,0.87258702714096337,0.88290861776359075,0.8875844351429949,0.88728616432883423
85.234093637454976,0.89018946886062622,0.90610260019914268,0.91183303427584861,0.9052083100838858,0.90353070206620767,0.89612761088888537,0.89666521406592437,0.89512267973288895,0.8920378797539843,0.87191417290788453,0.88174841776351642,0.88750047009118371,0.88725748443941788
85.274109643857543,0.89019370079040527,0.90100877818078162,0.91078175539486694,0.90521461351824972,0.90357586589354089,0.89098290328319496,0.89756181406542868,0.89520544159474769,0.89206776464682569,0.89092508315981234,0.88155107137059707,0.88744760490277297,0.88722356063542573
85.31412565026011,0.89019793272018433,0.91978820966414288,0.91063315539456069,0.90523721876214192,0.90361573881323132,0.88521529332827786,0.89641961406535464,0.89515007582426354,0.89209627232960342,0.90937940399286588,0.88270009461661414,0.88753221461347387,0.88719404696057402
85.354141656662662,0.8902021050453186,0.90074960903452606,0.91154895539400649,0.90529804714919992,0.90365961349256396,0.88446017757013451,0.89525941406528009,0.89508959314815995,0.89211792020157832,0.90689046468405488,0.88386029461600346,0.88765084362822722,0.88717141224078833
85.394157663065229,0.89020633697509766,0.90170769259109518,0.91038875539393183,0.90527292901550394,0.90370188785682914,0.88426544280469266,0.89409921406520576,0.89502937675065375,0.89213273201778176,0.90523019596774978,0.88502049461539278,0.88775582472979553,0.88715561928490139
85.434173669467782,0.89021056890487671,0.90021036511763863,0.9092285553938575,0.90524689920485268,0.90373720685736125,0.88369125377780111,0.8929390140651311,0.89496858670930168,0.89214074731939108,0.90163835405348369,0.88618069461478211,0.8878474976699211,0.88714662851872883
85.474189675870349,0.89021480083465576,0.90071864447204386,0.90806835539378283,0.90521950694033382,0.90376561072544803,0.88611103769214061,0.89177881406505677,0.89490879661153533,0.89214200541886912,0.90151766806957156,0.88734089461417143,0.88793105700358055,0.88714440059697175
85.514205682272916,0.89021903276443481,0.90043875148944996,0.9069081553937085,0.90519284946225953,0.90378713945967015,0.88539112353188898,0.89061861406498211,0.89485392512346806,0.89213654540128795,0.88870511825673038,0.88815913604886243,0.8879444849706174,0.887148414654086
85.554221688675469,0.89022320508956909,0.90330694255788857,0.90574775539363384,0.90517067265289253,0.90380183477315901,0.89184237933407828,0.88993903634376403,0.89481341729361086,0.89212490391414667,0.89101685230401495,0.88910817274314358,0.88797080577676424,0.88715669050023138
85.594237695078036,0.89022743701934814,0.90906829025199209,0.90599321764187812,0.90517554480876428,0.90381232091857833,0.90080634178712948,0.89109873364809,0.89482346441802496,0.89211561677189155,0.89539518446195443,0.8902683727425329,0.88800141136795963,0.88717133752487776
85.634253701480588,0.8902316689491272,0.89434061115684083,0.90707381764128581,0.90520411210576068,0.90382828696517992,0.89049351810577004,0.89225533364748089,0.89490153870305322,0.89211309410716821,0.88107866025652815,0.89133692173265699,0.88804470466322449,0.88719252989028063
85.674269707883155,0.89023590087890625,0.89737265384358078,0.90660999414013932,0.90519270653483597,0.90384548665653552,0.89013267209640456,0.89193810286465514,0.89485642677922905,0.89211220772748856,0.88165926738111178,0.89024112173256809,0.88800712377117408,0.887213404510519
85.714285714285708,0.89024007320404053,0.91264187950410158,0.90638306012562264,0.90518899046790857,0.90386098722643071,0.88503774452813677,0.8914941112892375,0.89481605271314835,0.89210929299100683,0.90305635461891542,0.88932772173244334,0.88798140756483424,0.88722826615200401
85.754301720688275,0.89024430513381958,0.90552833178692305,0.90606870391924255,0.90518671989624666,0.90387515998053414,0.88060281728936562,0.8910716883711185,0.89476895714939231,0.89210447617330957,0.87764801179998242,0.88834552173232995,0.88795222725143663,0.88723737299757843
85.794317727090842,0.89024853706359863,0.9105770703718461,0.90605870557533752,0.905189147989507,0.90388811923662127,0.88375039720321524,0.89063934943531609,0.89472893751044125,0.89209772902163731,0.87822754350490739,0.88733703074756232,0.88792257890520299,0.88724070045865866
85.834333733493395,0.89025276899337769,0.9064305458197961,0.90608912090102289,0.90519505238096176,0.90390021514844643,0.89687051868547041,0.89038217528506136,0.89469712997251227,0.89208918707460905,0.88468179407720982,0.88633163074745203,0.88789228028849621,0.88723831368364592
85.874349739895962,0.89025700092315674,0.90010177706290639,0.90579397184176014,0.90519227385559842,0.90391132952492492,0.89741158028269608,0.89032457528475306,0.89466985739761817,0.89207920357276482,0.88265636064126551,0.88533032988447502,0.88786548148838396,0.8872302688560072
85.914365746298515,0.89026117324829102,0.89641929677600118,0.90551175143275031,0.90518627643912719,0.90392145998178386,0.88472324136313385,0.89018456571453675,0.89463733473758023,0.89206807412142541,0.88199396187709,0.88444615580698094,0.88783821443162803,0.88721691778319767
85.954381752701082,0.89026540517807007,0.90168121213355157,0.90542984503707413,0.90518705115242659,0.90393073367721444,0.87582126690906381,0.88987407446904898,0.8945962089355517,0.89205567537148045,0.8809763758978858,0.88389025797440024,0.88781845888766298,0.88719923949871748
85.994397759103634,0.89026963710784912,0.90853013706333297,0.9052404731210737,0.90518598939172468,0.90393926603384889,0.88463257058068534,0.88951423155367171,0.89455325300872413,0.89204195857066937,0.88501869915804199,0.88333771005139239,0.88779030354256194,0.88717835434090198
86.034413765506201,0.89027386903762817,0.9109667027334134,0.90536748071879058,0.90519009804252692,0.90394725422245292,0.88165133895855663,0.88921316506393744,0.89451646647170779,0.89202710135623942,0.8768980858247023,0.88293454042095831,0.88776296728167492,0.88715511771248712
86.074429771908768,0.89027810096740723,0.9039628337991954,0.90533288776228316,0.90519283621016566,0.90395475617501386,0.90087721907850749,0.88904096506365526,0.89448606624948546,0.8920110216133107,0.88442196073857904,0.88267506544262497,0.8877322502477849,0.88713005603675443
86.114445778311321,0.8902822732925415,0.89999585523273229,0.90512866136136161,0.90519200041551873,0.90396149989490338,0.89367908492912929,0.88899769142089169,0.89445223092063963,0.89199343348562887,0.8825007235184481,0.88262878526140609,0.88770595081999293,0.88710399435162712
86.154461784713888,0.89028650522232056,0.89909485312011284,0.90492635674842725,0.90518827983326478,0.90396787264653966,0.87719021793818908,0.88873247567638503,0.89441222756240046,0.89197470125568756,0.88268886221317067,0.88238775920984258,0.88767923408024696,0.88707717491188209
86.194477791116441,0.89029073715209961,0.90198170776045861,0.90499033704624787,0.90519488939361481,0.90397439615573982,0.88722753281719335,0.88807007939462967,0.89434226508689352,0.89195402328633322,0.88278009364754384,0.88220260924627625,0.8876536646145583,0.88704958036537995
86.234493797519008,0.89029496908187866,0.90802512989361273,0.90515519967731795,0.9052042470090903,0.90398105806420426,0.88410413177866332,0.8877365341653396,0.8942917240598165,0.89193162572370854,0.87956626174328389,0.88195021470936086,0.8876204346216201,0.88702042056271291
86.274509803921575,0.89029920101165771,0.91273065266268572,0.90534873373977676,0.90521343958151279,0.90398857496016449,0.90410213583621046,0.88739524139988735,0.89424344383804755,0.89190702008512901,0.87896785044879655,0.88190633115618733,0.88759139298203904,0.88699118517326658
86.314525810324128,0.89030337333679199,0.90507149844728774,0.90543574389382975,0.90522262719920443,0.90399609661204505,0.89768519270267322,0.88733648633914841,0.89420489572469053,0.89188112836828881,0.88411415173406638,0.88201679501821095,0.88756508101166531,0.88696244009345127
86.354541816726694,0.89030760526657104,0.89969954073070058,0.9052465480612365,0.90522371447522432,0.90400334758340772,0.88893907717529586,0.88732112820322351,0.89416622210219865,0.89185432899937156,0.88208011494085314,0.88222507003746642,0.88753966054371369,0.88693440229327425
86.394557823129247,0.8903118371963501,0.91138445164486659,0.9051675861471562,0.90522448177049331,0.90401044729704461,0.88233131056497149,0.88700797357257199,0.89411609321424768,0.89182654023584862,0.89974651163735508,0.88225391697369293,0.88751545548279431,0.88690690744399714
86.434573829531814,0.89031606912612915,0.9032464677372285,0.90513178614683576,0.90522926070419341,0.90401758731465931,0.87807179869616603,0.88676700989248891,0.89406646468314421,0.89179781262647551,0.87952461910428059,0.88222893501113486,0.88749547252104377,0.88687975453064549
86.474589835934367,0.89032024145126343,0.90911852434650831,0.90517648448811472,0.90523416101198528,0.90402457578156492,0.88319967590825166,0.8864528098922313,0.89401829269537814,0.89176814111812397,0.88384690994889847,0.88220770461619435,0.88746925961816803,0.88685273426106026
86.514605842336934,0.89032447338104248,0.91720094171051392,0.90535901827225795,0.90524464672357885,0.90403169798106942,0.90026936926440637,0.88629020989194096,0.89397884971297614,0.89173754178724507,0.87836681035069908,0.8821249839295201,0.88744252349150998,0.88682599420684516
86.554621848739501,0.89032870531082153,0.90307631413360789,0.90542521104196716,0.90525231067122569,0.9040389951551463,0.89668662885675288,0.88628024768741742,0.8939422423975294,0.89170618924898881,0.88379367667579656,0.88226436517154982,0.88741919973547156,0.88679952279622687
86.594637855142054,0.89033293724060059,0.89863638368813503,0.90525986019932148,0.90525325638114162,0.90404623022312891,0.88407396744646305,0.88628528554048425,0.89390353233539221,0.89167430874152009,0.88170736253806681,0.88231139177572859,0.88739531434282115,0.88677338731698807
86.634653861544621,0.89033716917037964,0.9123880428069624,0.90525790428005659,0.90525707714563863,0.90405337864480595,0.88876674342669426,0.88603750825316441,0.89385566457336618,0.89164175735256723,0.90299469722515435,0.88239178111985872,0.88737712799716262,0.88674742332927603
86.674669867947173,0.89034134149551392,0.90427550922465216,0.90514951481644945,0.90526031727147882,0.90406053241728468,0.8792094503371235,0.88586490825287201,0.89381235440518192,0.89160864824105002,0.87973677550471241,0.88233034471682636,0.88735627078179713,0.88672184964998091
86.71468587434974,0.89034479856491089,0.9239146163399814,0.90566878407745965,0.90528578215177857,0.90406815585431677,0.90357328220054323,0.88598615523585367,0.89379056246659783,0.89157496589876617,0.9083226249416585,0.88280325222111689,0.88737098473166998,0.88669699082012288
86.754701880752307,0.89031034708023071,0.90319968761543534,0.9063625355204622,0.90532032869280288,0.90407961085822686,0.88668990841302786,0.8865207255432781,0.89379937312012336,0.89154320674027054,0.87017808710564659,0.88206866572454312,0.88729991918924023,0.88667316037944255
86.79471788715486,0.8902321457862854,0.90627208724662378,0.90654246061087029,0.90533773443507992,0.90409396513495988,0.87592663465494203,0.88624980197190684,0.89375191189677727,0.89151252778097556,0.87839393482431105,0.88146791597695229,0.8872293789377067,0.88664469150676717
86.834733893557427,0.89015400409698486,0.90745583035443333,0.90653849302889311,0.90534867995592139,0.90410920357011126,0.88105676382110143,0.88594854606656703,0.89370043093420193,0.89148110456132856,0.87927888571228507,0.88069757048307973,0.88716392545251865,0.88661244322369936
86.87474989995998,0.89007580280303955,0.91195744754081987,0.90658688918511454,0.90535656985095281,0.90412382519738788,0.88444026555516542,0.88563084073008247,0.89365436482447935,0.89144880810131932,0.87933468804346027,0.88008923375150983,0.88709774087082671,0.88657653734394526
86.914765906362547,0.88999760150909424,0.90808390802591754,0.90666688918476712,0.90536716634020287,0.90413781431838403,0.89601216861162414,0.88562784141273032,0.89362070849708797,0.89141578423583012,0.86301155024611576,0.87946244338212209,0.8870262149681839,0.88653684680611788
86.9547819127651,0.8899194598197937,0.901104822860888,0.90641859587435392,0.90536945882761122,0.90415112582326018,0.89121971403264888,0.88568290035298181,0.89358678268254588,0.89138231407947377,0.86321593972679078,0.87895426248819419,0.88694976277385507,0.88649414689025052
86.994797919167667,0.88984125852584839,0.89876757405559893,0.90615079587408398,0.90536769834924868,0.90416357391235036,0.87343152880302599,0.88555565861589636,0.893543821700303,0.89134842778641543,0.87667111253119612,0.87848860508700999,0.88687479660400681,0.88644939790918009
87.034813925570234,0.88976311683654785,0.90193020114967593,0.90613100084780918,0.90537357785158934,0.90417540484324355,0.87522769922474708,0.88540585861560683,0.89349697989240096,0.89131401251488751,0.87690824256592259,0.87818000404905516,0.88680347128280812,0.88640305848719314
87.074829931972786,0.88968491554260254,0.90763792137255295,0.90595283945457328,0.90537672706486239,0.90418660937073614,0.88262501278576555,0.88513881955017892,0.8934486132946946,0.89127913158168637,0.88242699752629583,0.87807172644268827,0.88674318561105425,0.88635526049874869
87.114845938375353,0.88960671424865723,0.91318621348605455,0.90605660258223009,0.90538454922778222,0.90419732465642066,0.90772849303855807,0.88492381954990629,0.89340684288872829,0.89124363121710481,0.8764118766479313,0.87815097978368883,0.88668924764165902,0.8863073507353928
87.154861944777906,0.88952857255935669,0.9051173090328779,0.90614424469962229,0.90539476072955627,0.90420777470153357,0.8975632316109875,0.88497133275684736,0.89337296041106151,0.891207742100942,0.87072696935030069,0.87805598220683478,0.88663292236418478,0.88625963593689139
87.194877951180473,0.88945037126541138,0.90075469909959172,0.90591895668228861,0.90539606325873812,0.90421781396570278,0.88690502928903325,0.88505193275649963,0.89334020213341581,0.89117157239000633,0.87983678953296429,0.87798776000178802,0.88658241092802337,0.88621242660631128
87.23489395758304,0.88937222957611084,0.91090428884034735,0.90575550360709389,0.90539579365480427,0.9042273242528418,0.87223680790488034,0.88487964615129489,0.89329407174105313,0.89113516419419914,0.88057823164204874,0.87825878066909646,0.88653930708059114,0.8861660189794287
87.274909963985593,0.88929402828216553,0.90365233983019533,0.90571713154920319,0.90540128491841099,0.90423650225478003,0.87826837058203655,0.88475173816683317,0.89324620333766902,0.89109835760073575,0.87852489704051673,0.87836177999187082,0.88650204701532731,0.88612025562399999
87.31492597038816,0.88921582698822021,0.90868465689568079,0.90567863516071911,0.90540584198530027,0.90424535454073895,0.88253594207594843,0.88448922017579801,0.8931987354556532,0.89106109358523744,0.87825765525534882,0.87845334385563956,0.88646094093420369,0.8860752788879932
87.354941976790712,0.88913768529891968,0.91638471341964134,0.90583362470748807,0.90541582993187575,0.90425409120621558,0.90001240945218608,0.88437392017135164,0.89316068392705628,0.89102334837117825,0.87589579470286516,0.87840457982594877,0.88642057591737522,0.88603087150182391
87.394957983193279,0.88905948400497437,0.90350606105557274,0.90588196072241389,0.90542395348291893,0.90426281451628698,0.89793527812877316,0.88444093650376288,0.89312886082314169,0.89098539625818973,0.88027287220453621,0.87850382962265305,0.88638149270406286,0.88598769082518802
87.434973989595832,0.88898134231567383,0.89893433428250924,0.90568067772649352,0.90542432238578829,0.90427125931053765,0.88265891062077251,0.88455082574054789,0.89309484677340756,0.89094742045013875,0.8807297463228414,0.87882919899563072,0.88634732253893833,0.88594580137416168
87.474989995998399,0.88890314102172852,0.91179747406733036,0.90561963929082978,0.90542581871308692,0.90427931192806432,0.8871664930094012,0.88434229259339503,0.89304828851688978,0.89090917455707419,0.90330029564481329,0.87915616605798363,0.88631627124619439,0.88590532455265758
87.515006002400966,0.88882499933242798,0.90422872910285901,0.90548309635449009,0.90542852151754349,0.90428712287652602,0.87859454835105411,0.88418820596060033,0.89300475879502939,0.89087059907061128,0.87752350210172847,0.87935934066498256,0.88628859119027115,0.88586634917000084
87.555022008803519,0.88874679803848267,0.91037528564960368,0.90558909022378153,0.90543412919094557,0.90429473124875936,0.88420031392239795,0.88402201135080105,0.89296249491467705,0.89083194707963465,0.87904510142760761,0.87951766632914141,0.8862574544184596,0.88582884891189029
87.595038015206086,0.88866859674453735,0.91578287382164991,0.90572896082768617,0.90544440862663855,0.90430236434510813,0.8754070258833675,0.88404894518236388,0.8929267516565389,0.8907933107854269,0.88204821082431395,0.87948297852793378,0.88622376061588481,0.88579257207348705
87.635054021608639,0.88859045505523682,0.90234722290897695,0.90568741810895548,0.90544927102017303,0.90430992141737554,0.89624459397682887,0.88413668983633653,0.89289474388701262,0.89075467303975953,0.88171907266323857,0.87970807859643263,0.88619332202251966,0.88575739082985139
87.675070028011206,0.8885122537612915,0.89807423447845247,0.90550561810866825,0.90544924290466333,0.90431720492979839,0.87924808912807539,0.88417522838203311,0.89285638894243913,0.89071594166375734,0.88071696077801109,0.88001720181467769,0.88616404115939862,0.88572345684809717
87.715086034413773,0.88843411207199097,0.91624352471008441,0.90553678302237794,0.90545452291231832,0.90432428159589617,0.8881383889781308,0.88409812431247881,0.89281083394735172,0.89067718645749661,0.90473167921044118,0.88033696554437246,0.8861429493687597,0.88569080944469603
87.755102040816325,0.88835591077804565,0.90604467041101544,0.90536619067537483,0.90545596202278256,0.90433122896660201,0.88003082095459861,0.88395168578842476,0.8927654953004952,0.89063861166364355,0.8808810817670244,0.8803859231642911,0.8861146354849363,0.88565933972596234
87.795118047218892,0.88827776908874512,0.91076661469952613,0.90552114817818641,0.90546276679706117,0.90433806395214333,0.88240485464406859,0.8838287866413066,0.89272393295002439,0.89060006986392826,0.87858117733598473,0.88044871316347262,0.88608639194041106,0.88562893664825237
87.835134053621445,0.8882259726524353,0.90703493045032046,0.90585568069879363,0.90548728141814416,0.90434582079709491,0.88122459366155526,0.88413363743275686,0.89270705256858318,0.89056191449822719,0.87746017183294289,0.88102648495749813,0.88610257100023593,0.88560006362050248
87.875150060024012,0.88818502426147461,0.90677115600710079,0.90639679117204475,0.90552004088173221,0.90435718467893556,0.87353861514543418,0.88461445766265623,0.89271369168880066,0.89052601696363343,0.87793586579527405,0.88029493756506083,0.8860216881029539,0.88557127691920845
87.915166066426565,0.88811647891998291,0.90904738462761558,0.90661546782508573,0.90553526003604956,0.90437047302442353,0.88024428249602327,0.88439305766237852,0.89266991850757504,0.8904910204997265,0.87770482980527975,0.87962095792583517,0.88596237917008003,0.88553862693222007
87.955182072829132,0.88804799318313599,0.91216062597135406,0.90666569556526944,0.90554489439141284,0.90438389232649252,0.88248918439794066,0.88416900709979707,0.89262574647689252,0.89045579698104671,0.87451961601304651,0.87913875415487053,0.88590474959180121,0.88550325903905092
87.995198079231699,0.88797944784164429,0.90530418713599969,0.90671985273859146,0.90555366909792723,0.90439670180977849,0.89833553333443172,0.88416953018628763,0.89259562719352059,0.89042007221594477,0.88014053584098895,0.87865673705373359,0.88584265337390233,0.88546496008965947
88.035214085634252,0.88791096210479736,0.90101544374217701,0.90646736098393255,0.90555375638945956,0.90440884280182754,0.89132087418012573,0.88424911261621086,0.89256502621328848,0.89038398006625841,0.86524842313605277,0.87803774283566882,0.88577206502540307,0.88542392080248467
88.075230092036819,0.88784247636795044,0.9087513125096347,0.90622092355395256,0.90555114617425969,0.90442020488908015,0.87000328429723095,0.88410155560694903,0.89252067664807289,0.89034763669584704,0.87162673713134908,0.87747004742260282,0.88570139393753344,0.8853796938572478
88.115246098439371,0.88777393102645874,0.90143779795059431,0.90617455493975141,0.9055558885771634,0.90443089333190063,0.87523990718630551,0.88398106185603575,0.89247543909992877,0.89031078923655249,0.87540468639209368,0.8770644906120203,0.88564149843471296,0.88533256272017424
88.155262104841938,0.88770544528961182,0.90722708040654587,0.90604488943053152,0.90555873994444691,0.9044409337955378,0.8813379025086413,0.88375566678388373,0.89242904397071499,0.89027369083591301,0.87549400596929605,0.87674358678138054,0.88557804818705854,0.88528351899845248
88.195278111244491,0.88763695955276489,0.91326747273906572,0.90616006541419303,0.9055665158574866,0.90445066330789448,0.90550261422237011,0.88369629045323617,0.89239079599851578,0.8902364552271903,0.87203981777133377,0.87650875531570693,0.88551571455146694,0.88523347019533638
88.235294117647058,0.88756841421127319,0.90377656165620046,0.90620454326767352,0.90557434019665006,0.90446009424889273,0.89893413828444002,0.88380717037466394,0.89236066815992876,0.89019935339816225,0.88020446356514037,0.87641571651460781,0.88545472196375918,0.88518240959445138
88.275310124049625,0.88749992847442627,0.89973038410115747,0.90599159160486753,0.9055745699229315,0.90446914551200297,0.88725657117235668,0.88393510913909656,0.89232793113719699,0.89016231974222082,0.86508239028986855,0.87619759818763909,0.88538499936853166,0.88513109805274137
88.315326130452178,0.88743138313293457,0.91112649441886473,0.90587517165838438,0.90557476200931475,0.90447775036025624,0.87315151609252306,0.88378399699907173,0.89228100798727572,0.89012535249126068,0.88411839366716427,0.87616697906192287,0.88532111754519072,0.88507983545982871
88.355342136854745,0.88736289739608765,0.90359010772516746,0.90582038871021175,0.90557785399416713,0.9044860896798701,0.87703584056022932,0.88374564575825287,0.89224144948588979,0.89008840158261704,0.87766366513056904,0.87634340503170072,0.88526514769215847,0.88502909824006026
88.395358143257297,0.88729441165924072,0.91039843332644954,0.90583134461573378,0.90558172204599763,0.90449421259248508,0.8840316544146537,0.88362955548611133,0.89220132525307516,0.89005179428825709,0.88588578613057556,0.87662967388478985,0.88520722066737922,0.8849796276527454
88.435374149659864,0.88722586631774902,0.91623086014343313,0.90596796924499379,0.90559019800429541,0.90450222386882706,0.88889634930984129,0.88372688072712791,0.8921665507741452,0.8900155364193677,0.87147295212016596,0.87670722907213328,0.88514705862776699,0.88493093465439387
88.475390156062431,0.8871573805809021,0.90273624931041729,0.90592774917435015,0.90559481183410107,0.90451005724020239,0.89862674655335473,0.88389868940998073,0.89213883394057714,0.88997973292474564,0.85307401539953154,0.87664756468756599,0.88507949375090755,0.88488253889778967
88.515406162464984,0.8870888352394104,0.89809241328225808,0.90572728479960529,0.90559295767128623,0.90451749190521835,0.88395573985758402,0.88404960740091076,0.89210727095558973,0.8899444187366834,0.85232008647329982,0.87647866956091458,0.88500555486422816,0.88483439591201607
88.555422168867551,0.88702034950256348,0.91254256263931022,0.90565904647966411,0.90559444324601257,0.90452438896400267,0.88771952552038813,0.88388511587041618,0.89206108236305881,0.88990918470826141,0.87885487163910447,0.87632904890211072,0.88492804788664159,0.8847863976363628
88.595438175270104,0.88695186376571655,0.90436022245038639,0.90553838276759735,0.90559630048633921,0.90453104947649432,0.87843454108790953,0.8836973612005341,0.89201548896838534,0.88987366612798591,0.88140564757828632,0.87642408302590824,0.88485471952600825,0.88473859769096652
88.635454181672671,0.88688331842422485,0.9112596238587346,0.90562851573560343,0.90560097832940245,0.9045375673821362,0.88320714291386504,0.88348982655625874,0.89197339624581817,0.88983777239030881,0.88441718109565182,0.87650121607022102,0.88479199811185294,0.88469074026272321
88.675470188075224,0.88681483268737793,0.91320923997087511,0.90577024663134531,0.90561026023449942,0.90454400843026805,0.87842719260619473,0.88351106092018183,0.89194099078926847,0.88980183121586442,0.88299643223553692,0.87642422175667956,0.88472014282137335,0.88464261234242758
88.715486194477791,0.88674628734588623,0.90284326186881969,0.90568551579709322,0.90561314418885686,0.90455031730454383,0.89332375028104982,0.88365639710883048,0.89191180732714292,0.88976586381671718,0.84922395327612255,0.87621961514304203,0.88464104415170097,0.88459403600737174
88.755502200880358,0.88667780160903931,0.89774641004982436,0.90549873056328589,0.90561117046985062,0.90455626971915037,0.87651706145594521,0.88368643073936992,0.89187485011903855,0.88973010220443305,0.86142231897281651,0.87593547139473338,0.88455673497401677,0.88454488153635569
88.79551820728291,0.88660931587219238,0.89789093154007915,0.90553622610320106,0.90561573721658073,0.90456201816909587,0.87310541029595778,0.8835865595141088,0.89182883157320547,0.88969425036351346,0.87749135900304298,0.87576102883004858,0.88447198574382713,0.88449522468758046
88.835534213685477,0.88654077053070068,0.90588687839398263,0.90538400620957726,0.90561664569326372,0.90456762968690463,0.87925045960604786,0.88337756293450409,0.89178271850002178,0.88965823429858215,0.88467259326457492,0.87581529259376989,0.88439043736127843,0.88444543126006059
88.87555022008803,0.88647228479385376,0.91046702801280943,0.9055533147922199,0.90562228983853976,0.90457321427466131,0.8826360355083378,0.88325148430049927,0.89174123060933019,0.88962205703010555,0.8797062455355148,0.87592944074195356,0.88432177630138475,0.88439558807074048
88.915566226490597,0.88640379905700684,0.90789103091753987,0.90571532326598958,0.90563173342607262,0.90457887671640924,0.89099937810510399,0.88333582122725107,0.8917101555658421,0.88958592212105947,0.88310236107191142,0.87589542518005858,0.88424817621587171,0.88434568290347548
88.955582232893164,0.88636904954910278,0.91160217311844527,0.90602467203693893,0.90565304367208832,0.90458552734167119,0.89671436344903122,0.88339420066409136,0.89168542589403432,0.8895502574103018,0.87610317146036965,0.87631342141137503,0.88423658113449621,0.88429665665438872
88.995598239295717,0.88630753755569458,0.90947058718021057,0.90640933362687504,0.90568199801563276,0.90459549763085434,0.87868142636874658,0.88385160961996578,0.89168998434134428,0.88951717291109822,0.87668736331714869,0.8757515736698549,0.88415885338151867,0.88424828480562723
89.035614245698284,0.88622593879699707,0.91264109175593666,0.90661884509438884,0.90569811569213055,0.90460665951954866,0.89692373591595331,0.8835750215189806,0.89164777819655971,0.88948422535476068,0.87293373048979628,0.87584023996720106,0.88410800566888048,0.88419928877206011
89.075630252100837,0.88614439964294434,0.90532200236372917,0.9066354172122123,0.90570675686007474,0.90461780441668604,0.9003103192713815,0.88360453879379941,0.89161796115545433,0.88945068313569287,0.8802440151103631,0.87580125391937569,0.88405634472957739,0.88415049264167878
89.115646258503403,0.88606280088424683,0.90108088743587722,0.90636404209874755,0.90570577583318812,0.90462815749026393,0.88629469047306086,0.88365659737047664,0.89158608398582162,0.88941671647664355,0.8648214217860426,0.87551172613208961,0.88399524411833319,0.88410152787780372
89.155662264905956,0.88598126173019409,0.91066178359758032,0.90613826146406984,0.90570260847886785,0.90463767820079088,0.86869193588283777,0.88343091616414171,0.89153951929654918,0.88938221637436476,0.88137499811801556,0.87537499700574761,0.88393879625838767,0.88405167857703248
89.195678271308523,0.88589966297149658,0.90241539342324806,0.90608026622818705,0.90570490535905845,0.9046465781597407,0.87578766538380348,0.88333755755365617,0.89150050211054999,0.88934723291662088,0.87435011792574013,0.87534965284160171,0.8838909223946374,0.88400131499061996
89.23569427771109,0.88581812381744385,0.90820449409116155,0.90597263458072819,0.90570610778127747,0.90465492695603089,0.88137452639331659,0.88310158221276469,0.89145709403101348,0.88931202374904883,0.8757121369233869,0.8753718588118925,0.88383943308051249,0.88395121862196502
89.275710284113643,0.88573652505874634,0.91316367176933566,0.90609163458036579,0.90571254589652817,0.90466293586674928,0.88987488261689396,0.8830208613392474,0.89142111015567338,0.88927636426226409,0.87224671656454555,0.87543171555011956,0.88378913028415163,0.88390155631848288
89.31572629051621,0.8856549859046936,0.90120468508979357,0.90609739634370923,0.9057173742802076,0.90467069285807289,0.9004590075022072,0.8831711505820703,0.89139358892962572,0.88924082343816579,0.86435761718549287,0.87568802657574785,0.88374222484253029,0.88385285294725457
89.355742296918763,0.88557338714599609,0.89872848962741692,0.90587417218133248,0.90571432492375437,0.90467801635825751,0.88474890178718635,0.883337451150219,0.89136493765034741,0.88920570207127747,0.86497108435520109,0.87573618839413936,0.88368539356075637,0.8838058730713656
89.39575830332133,0.88549184799194336,0.91197635349677764,0.90578487888142911,0.90571414431999919,0.90468481634681985,0.88482309774772594,0.88315021144599626,0.89131895002090766,0.88917069990827557,0.88587353829557458,0.87593961531558184,0.88363690309597376,0.88376035804983777
89.435774309723897,0.88541024923324585,0.90394520035950399,0.90567084967034683,0.90571555676916538,0.9046912675449178,0.87669946973592994,0.88302357202523907,0.89127420708172389,0.8891354447884936,0.876700148861979,0.87604717995355041,0.88358669374159537,0.88371590642871778
89.475790316126449,0.88532871007919312,0.91056622368557549,0.9056709562352625,0.90571831349416188,0.90469730124530112,0.88307249976502644,0.88278284924041461,0.89123024809267481,0.88909976822547587,0.88565624377899599,0.87623222094385866,0.88354013381100815,0.88367196299512718
89.515806322529016,0.88524711132049561,0.91804177198253667,0.90581138924549975,0.90572624672111057,0.90470319204687866,0.89251873596158504,0.88274545349906952,0.89119599115080905,0.88906368821541848,0.87138297534206111,0.87632376700751224,0.88348872540942613,0.88362865593424955
89.555822328931569,0.88516557216644287,0.90358622958035562,0.90578735610953232,0.90572976430047203,0.90470897523801452,0.89468298235048771,0.88283578244277305,0.8911654217137589,0.88902742639000476,0.86245024092985079,0.87625674763683781,0.88342936739885858,0.88358570670485503
89.595838335334136,0.88508397340774536,0.89908855113479358,0.905592457156985,0.90572797820728179,0.90471447622365098,0.87630401474816577,0.88289849406723409,0.8911288783271496,0.88899128948991746,0.85933009002696437,0.87609654418017202,0.88336298638521449,0.88354287117148866
89.635854341736689,0.88500243425369263,0.91442000890034225,0.90558851544412988,0.90573090111141918,0.90471961944992596,0.88884271724571318,0.88275151707773647,0.89108043036260542,0.888955062702382,0.89083385172543916,0.87595413432457181,0.8832903062669718,0.88350013339522226
89.675870348139256,0.88492083549499512,0.90545228379100284,0.90543105424067849,0.90573074099175543,0.90472460345031924,0.87927386807602648,0.88254068411934294,0.89103484849408265,0.88891844577153234,0.88518425403993339,0.8760469907845152,0.8832249918012377,0.88345745720782631
89.715886354541823,0.88483929634094238,0.90990336390280979,0.90552413074314253,0.90573405706310173,0.90472941778681348,0.88031047809340568,0.88233493664753226,0.8909918543160027,0.88888154367738426,0.88031881652217403,0.87610111695926229,0.88316521408867421,0.88341470302145586
89.755902360944376,0.88475769758224487,0.91135875893548801,0.9056875793146647,0.90574312627123033,0.90473421830549583,0.89448955134793084,0.88235332307560954,0.89095675480393499,0.88884425022523217,0.88173203744467865,0.87596956256237513,0.88309875981543362,0.88337144717033933
89.795918367346943,0.88467615842819214,0.90303747208947649,0.90564838411552306,0.90574520353870602,0.90473899519856271,0.89023655829354986,0.8824788463069686,0.89092796880098546,0.88880702955936297,0.85083325904971618,0.87583154732245572,0.88302512238288078,0.88332770275063499
89.835934373749495,0.88459455966949463,0.89808768679326867,0.90544973306261323,0.90574216328393631,0.90474370223564748,0.87544513131677559,0.8824050713874555,0.89088791506570564,0.88876953345995835,0.86134865272620076,0.87560336185922805,0.88295162243144232,0.88328390515804067
89.875950380152062,0.88451302051544189,0.90088655602319512,0.90550816147447588,0.90574610958176605,0.90474821414326145,0.87550267466955833,0.88234296470738338,0.89084626884736673,0.88873198034237311,0.87736338406366676,0.87550346681367275,0.88287229716198878,0.88323991938003721
89.915966386554615,0.88443142175674438,0.90611968827472,0.90535366911331994,0.90574558328484467,0.90475256955102457,0.8786128602933917,0.88217254089490338,0.8908035409704671,0.88869461430775376,0.88379511056867477,0.87564057686475216,0.88280126105934442,0.88319602824598842
89.955982392957182,0.88434988260269165,0.91282578840260176,0.90552660374360805,0.90575056481335114,0.90475683832108822,0.88382613397443699,0.88215191946674099,0.8907657959759433,0.8886571402561787,0.87987466820316251,0.87576693744522394,0.88274011681209452,0.88315226141342718
89.995998399359749,0.88426834344863892,0.90440657840009064,0.90568307490233602,0.90575839675736391,0.9047612354760628,0.89708433579859093,0.88239561757168739,0.8907382656009103,0.88862042761716242,0.86114617510269664,0.87567205602787701,0.88266957972451754,0.88310858802823833
90.036014405762302,0.88418674468994141,0.90062914416130746,0.90552107113680635,0.90575670367411965,0.90476550793650146,0.87655925596385598,0.88259524210527629,0.89070896251003662,0.88858484161925044,0.85412709022747035,0.87551628932689918,0.88259153138284019,0.8830646474299686
90.076030412164869,0.88415831327438354,0.92490390684308343,0.9061624044439851,0.90579109727613072,0.9047711769928628,0.88264302841835662,0.88275262427038492,0.89069204386366763,0.88855026467482046,0.87288157263635302,0.87587408706561587,0.88258546495014334,0.88302179259309743
90.116046418567421,0.88410955667495728,0.9135487594299514,0.90647838373201428,0.9058126408916346,0.90477988501067652,0.90577450804581705,0.88301104526896301,0.89069250375795872,0.88851891424832252,0.87359111062889827,0.87565892725545003,0.88252043523158208,0.88297911646733784
90.156062424969988,0.8840562105178833,0.90383788482103811,0.90665238654843294,0.90582610190951807,0.90478956164306601,0.89889028444194863,0.88301159111385452,0.89066395732407633,0.88848750522688025,0.87992921587806938,0.87576450224125724,0.88248091167191267,0.88293666153843342
90.196078431372555,0.88400280475616455,0.90016879625293644,0.90635194710138067,0.90582535125215458,0.90479896198010079,0.8863491522044793,0.88311827159222234,0.89063475330294051,0.8884557359853007,0.86486718686707076,0.87572792597140503,0.88243243991950659,0.88289511513320673
90.236094437775108,0.8839493989944458,0.91146262050123072,0.90615063557935782,0.90582153338770455,0.90480747664680938,0.867491703623406,0.88287368294528501,0.89058952593468677,0.8884236105833081,0.88146975453904763,0.87579872260435043,0.88238876381191866,0.88285413688329273
90.276110444177675,0.88389599323272705,0.9025685195473041,0.90603690503069123,0.9058221861175022,0.90481531639034252,0.87518597881243088,0.88274023932948176,0.89054686464253574,0.88839094292193055,0.87317719355140133,0.8758869405650842,0.88235115571876033,0.88281352243057465
90.316126450580228,0.88384264707565308,0.9101361131875344,0.90594384331403521,0.90582199315996814,0.90482246049685133,0.88235922294309777,0.88246651458836267,0.89050580390488099,0.88835771274336295,0.88152782720061329,0.87590624064671418,0.88230988270685196,0.88277332047467338
90.356142456982795,0.88378924131393433,0.91479764325139779,0.9060634433136725,0.90582678600095246,0.90482921959182372,0.90524998053244965,0.88251893680436266,0.89047361057950092,0.8883244545473501,0.8725092981978595,0.87606000569733955,0.88227123186748391,0.88273387756957478
90.396158463385348,0.88373583555221558,0.90363028288157787,0.90602362675541925,0.90582910996641841,0.90483567704973789,0.89672680845838693,0.88253928976082729,0.89044655138712658,0.88829117803736479,0.88082635485550775,0.8760888899399486,0.88223216346531463,0.88269521470695111
90.436174469787915,0.8836824893951416,0.89890137005160831,0.90579529644478307,0.90582552537768479,0.90484157055107473,0.87935778299625333,0.88251631350480264,0.89041141994939099,0.88825740245253815,0.87307210115253919,0.87594664669594191,0.88218053812751451,0.88265696237414526
90.476190476190482,0.88362908363342285,0.91262024672757291,0.90570640346374831,0.90582444366044101,0.90484690644060684,0.88579173430924329,0.88229605227953778,0.89036334515735938,0.88822301156288441,0.88760149870483629,0.87587189557546608,0.88212888746891505,0.88261855781489784
90.516206482593034,0.8835756778717041,0.90341807564515353,0.90555091774200569,0.90582361976544978,0.904851812655038,0.87702232883578601,0.8821186494440727,0.89032009969353387,0.88818812903017352,0.87634830739699932,0.87606971576203652,0.88208801384667446,0.88258070879008632
90.556222488995601,0.88352227210998535,0.90904399125090529,0.90555719414931657,0.90582544036819135,0.90485628090335823,0.88083719829889762,0.88186147212998511,0.8902753673459074,0.88815271376358773,0.88312464615705955,0.87624910781562626,0.88205097101910968,0.8825434747043237
90.596238495398154,0.88346892595291138,0.91359014650661552,0.9057038507972035,0.90583221775482081,0.90486059501651761,0.87772873127159434,0.88182920175248569,0.89024199847309038,0.88811681872504977,0.88217929253159277,0.87630003143441471,0.88200619657730639,0.88250668030613533
90.636254501800721,0.88341552019119263,0.90244423712528632,0.90566784914145626,0.9058337884968134,0.90486482652639944,0.89337554522474916,0.88191740249429973,0.89021193727376613,0.88808069580307525,0.85951171645819857,0.87621369381737535,0.8819521704567862,0.88247008788130987
90.676270508203288,0.88336211442947388,0.89877175518047425,0.90547202195028331,0.90583008461627579,0.90486876413135608,0.8721344625184172,0.88187319654158081,0.8901729831366666,0.88804440863883072,0.85889842852510012,0.87598831784238973,0.88188445111084135,0.88243333603082708
90.716286514605841,0.8833087682723999,0.90091382422890354,0.90551822364047385,0.90583323600419763,0.90487244818430279,0.89048836231617978,0.88176792972862383,0.89012789502409839,0.88800786592465042,0.88051089842231156,0.87577434887029715,0.88181395095194892,0.88239613743976153
90.756302521008408,0.88325536251068115,0.90466823198286628,0.90534547435070034,0.90583152653892385,0.9048760397322152,0.87723045680177247,0.88154575323260098,0.89008109497684873,0.88797105241918306,0.88298071915941378,0.87583465580966169,0.88175338390273206,0.88235861588362008
90.796318527410961,0.8832019567489624,0.9108102438286596,0.9054580615196004,0.90583444814041969,0.90487947497904064,0.88150110991704866,0.88138453025830199,0.89003974180144441,0.88793396250597822,0.88012488251040233,0.87592561339518626,0.88169949420077154,0.88232085449645115
90.836334533813528,0.88314855098724365,0.90980968246719807,0.90561791304350137,0.9058419792546466,0.9048829039946642,0.89646018894842872,0.88150559341653922,0.89001020715372292,0.88789685454943823,0.87770715988120673,0.87587654245796709,0.88163914080919137,0.88228294759099413
90.87635054021608,0.88309520483016968,0.90150984660967726,0.90551724112196752,0.90584186543810152,0.90488632089343302,0.89010191514471115,0.88166653141754958,0.88998257932119429,0.88786015401467322,0.84432386334714093,0.8756605376573261,0.8815676865796197,0.88224480634225244
90.916366546618647,0.88304179906845093,0.89883828960240286,0.90533453867121516,0.90583788048735792,0.90488949598795576,0.87045118611013694,0.88159630394726463,0.88994115800763396,0.88782368635343478,0.86057345438894295,0.87541543755257289,0.88149341223607891,0.88220625810260911
90.956382553021214,0.88298839330673218,0.90047541207712456,0.90538807381087638,0.90584139775202122,0.90489254592020996,0.87592213074679426,0.88151198145437737,0.88989732084716233,0.88778708478677892,0.87597919947194502,0.87529065607984879,0.881418707265329,0.88216732394402853
90.996398559423767,0.8829350471496582,0.90635061967906405,0.90524822459015697,0.90584017238359904,0.9048954079294117,0.87822463526344363,0.88131753778927324,0.88985411460298203,0.88775031418387629,0.88543542427575861,0.87537630030854108,0.88135417499309576,0.8821282234455653
91.036414565826334,0.88288164138793945,0.91278949139100318,0.9054178469695493,0.90584433147521237,0.90489822574998402,0.90433835396617113,0.8812428918840951,0.88981620558765484,0.88771348086319246,0.87637937507602615,0.87547722810933015,0.88129704550534449,0.88208898880907682
91.076430572228887,0.8828282356262207,0.90532715302480748,0.90557998928012695,0.90585110858875706,0.9049011422255705,0.89563354401746476,0.88135262718791108,0.8897852918965925,0.88767672491738836,0.86564740382940208,0.87536844734981711,0.88123314855268808,0.88204955521120343
91.116446578631454,0.88277482986450195,0.90013437771773108,0.9054289573471167,0.90585002166229045,0.90490409228371305,0.88374387838879087,0.88150654510627735,0.88975591345675276,0.88764017323893796,0.84598711934027548,0.87511824387746795,0.88115786617107994,0.88200981658457878
91.156462585034021,0.88272148370742798,0.9129135920249829,0.90532399720774848,0.90584849074006812,0.90490685344220123,0.88595452688400556,0.88126148673679716,0.88970286916149899,0.88760350796058884,0.86395618692514342,0.87491178100074019,0.88108538219300536,0.88196974788984683
91.196478591436573,0.88270998001098633,0.94032171392670882,0.90620512098025441,0.90590001640679174,0.90491171911638435,0.94561447944837085,0.8818656614073459,0.88974083026523421,0.88756844184582429,0.87206419395026258,0.87518507302297788,0.88108839631458735,0.88193056752421028
91.23649459783914,0.8826906681060791,0.9253248067471963,0.90630782412869015,0.90593369544081603,0.90491859303609701,0.89752613363071776,0.88224923361992258,0.88976497190505222,0.88753630518025017,0.91216163414079821,0.8749901410339288,0.88106781996627337,0.88188964118432533
91.276510604241693,0.88267135620117188,0.89996276980980605,0.90743053968976162,0.90603305059197681,0.9049299860599026,0.88374778967744549,0.88299791235908676,0.88976133313425998,0.8875081097250852,0.90588088460675364,0.87615034103331813,0.88121159773907398,0.88185309227189035
91.31652661064426,0.88265210390090942,0.90322428959658563,0.9064355396896866,0.90600862350107392,0.90494151534161904,0.89253011425585305,0.88411312363891525,0.88975356197574818,0.8874852359397275,0.89206956865873421,0.87731054103270745,0.88132053808296051,0.88182346560597114
91.356542617046813,0.8826327919960022,0.90596734989882888,0.90565877809833584,0.90600059276481326,0.9049474252637516,0.89490432573117096,0.88527332363830458,0.88977971347366813,0.8874690901778558,0.89107223641643407,0.87846834103209792,0.88137847549581816,0.88180071659835491
91.39655862344938,0.88261348009109497,0.90662584676868119,0.90648617621416827,0.90600838246986404,0.90495348298741685,0.90244985342742079,0.88643372363769379,0.88983461121326035,0.88745974762037627,0.89155181383864357,0.87959493058138638,0.88142910993300061,0.88178473974607163
91.436574629851947,0.88259416818618774,0.91052762402549481,0.90763123941020241,0.90603129403718097,0.90496564067890595,0.89543602394040522,0.88759392363708312,0.88990305497159794,0.88745717212500363,0.86940127563890079,0.88004993058095948,0.88143963505678269,0.88177466967059692
91.4765906362545,0.88257491588592529,0.91556018347503099,0.90879143940959173,0.90607678358535337,0.9049844183029726,0.8975470530988251,0.88875412363647244,0.88995567677144582,0.88746132236678399,0.87019571203894064,0.87888973058088482,0.881372167800338,0.88176133417557789
91.516606642657067,0.88255560398101807,0.92332641084484413,0.90995163940898105,0.90614495233269343,0.90500979815327132,0.90009774665919651,0.88991432363586176,0.89003859554152853,0.88747215944263314,0.87871034718609276,0.87776593058080588,0.88131195066495238,0.88174136665026015
91.556622649059619,0.88253629207611084,0.85600605863173229,0.9096006394087196,0.9061215282907793,0.90503889022031359,0.93721931318482365,0.89107452363525108,0.8902882980481025,0.88748964467450575,0.87059935288414403,0.87748013058054231,0.88125355456922849,0.88171872351107083
91.596638655462186,0.88251703977584839,0.88099658141534831,0.90844043940864527,0.90600550829084037,0.90506191709096051,0.91537606981152453,0.8922347236346404,0.89051547811322651,0.88751373960808178,0.86987864247625646,0.87631993058046764,0.88116318211596589,0.88169084735859948
91.636654661864739,0.88249772787094116,0.88451442233578714,0.90728023940857061,0.90588948829090143,0.90507809992941368,0.91018513788537014,0.89339492363402973,0.89066207226389826,0.88754440601144702,0.87179002168285014,0.87519613058039103,0.88110170149203626,0.88165648319862433
91.676670668267306,0.88247841596603394,0.89808950467364923,0.9061268394084967,0.9057734682909625,0.90508748565820552,0.89726271426602244,0.89365847193277503,0.89069767447168335,0.8875794894262975,0.88205185530204588,0.87477563465918273,0.88106987074964527,0.88161663624601383
91.716686674669873,0.88245910406112671,0.90526213350319606,0.90524137168082253,0.90565744829102357,0.90509053586634269,0.89619552508279787,0.8944667839496232,0.89073552969535252,0.88761692077616028,0.88592659233206661,0.87591063465858521,0.88108153688788537,0.88158033086990129
91.756702681072426,0.88243985176086426,0.90084389643026463,0.90509518172316816,0.90558382488505684,0.90509048346672161,0.88832263437854431,0.89466072317929135,0.89075850075831564,0.88765770760445051,0.88896925327399567,0.87707063465797463,0.88111819511165257,0.88155088863945652
91.796718687474993,0.88242053985595703,0.91243252028027344,0.90550098172274751,0.9056060566673535,0.90509194607188226,0.88102576982161085,0.89354797025978061,0.89070478983551804,0.88769511127878953,0.90465042528067852,0.87823083465736396,0.88121576383559086,0.88152833315386814
91.836734693877546,0.8824012279510498,0.89615637067695919,0.90622107469439261,0.9056301538671967,0.90509722857432739,0.88379484366519989,0.89315907415350138,0.89069144539160283,0.88772703020266452,0.87501538447567195,0.87931503465677752,0.88131797122833622,0.88151260226033901
91.876750700280112,0.88238191604614258,0.90157686579970731,0.90507207469431816,0.90560460474089566,0.90510038911703172,0.88847067072792762,0.89201047415342605,0.89067395273316996,0.88775511351794922,0.88892593775996775,0.88036283472368781,0.88135732684643597,0.8815026164350489
91.916766706682679,0.88236266374588013,0.904108143037615,0.90403472238529536,0.90557371103643303,0.90509699428319745,0.89930879232799543,0.89213888738651415,0.89069361771370792,0.887778554253422,0.87122853312997539,0.8799749056110403,0.88132917273244205,0.88149638382041595
91.956782713085232,0.8823433518409729,0.88669066753537107,0.90327470519718178,0.90552719374751012,0.90508903249121431,0.90817467625493398,0.89280508738604136,0.89072740130866279,0.88780647921956801,0.87095579475544116,0.88035190561061361,0.88134312274223392,0.88148932418952786
91.996798719487799,0.88232403993606567,0.88550498535515554,0.90211450519710745,0.90541117374757119,0.90507517879923804,0.90970339749940654,0.89396528738543068,0.89083354816064553,0.88783875145914559,0.87136511142662065,0.87919170561053894,0.88128471176132916,0.88147938587942432
92.036814725890352,0.88230472803115845,0.88190273418904597,0.90095430519703279,0.90529515374763225,0.90505469439997421,0.89041315890250194,0.89415176754254766,0.8909099837963329,0.88787552453610097,0.87081724485608847,0.87803870561046515,0.88119201824186932,0.88146283436151684
92.076830732292919,0.882285475730896,0.90036749057853183,0.89988440727785868,0.90517911374769333,0.90502762269721559,0.87910177137522216,0.89438856754215923,0.89096102173306368,0.8879132330648265,0.89003248484315478,0.87726184607650692,0.88115378941796541,0.88143992163981755
92.116846738695472,0.88226616382598877,0.9010237453959149,0.90085754931645223,0.90507017353737795,0.90500097298471627,0.88088727464606686,0.89374538144235827,0.89094508855056853,0.88794863521545742,0.8911770898331498,0.87841884607589771,0.88121025187638113,0.88141910441954929
92.156862745098039,0.88224685192108154,0.89391704502816982,0.90165544684053911,0.90508236991658053,0.90497874000138534,0.87859075558629807,0.89261757904114813,0.89089818740404603,0.8879788294481803,0.88931267061831609,0.87953147148122279,0.88131117990544705,0.88140487964886149
92.196878751500606,0.88222754001617432,0.91639222732521441,0.9027448168045813,0.9050990396694103,0.90496262214989642,0.89195207320225622,0.89188146592283002,0.89087940765222984,0.88800271619184501,0.9002112124209537,0.88069047148061275,0.88140335203811282,0.88139739677806828
92.236894757903158,0.88220828771591187,0.9031423031914223,0.90252269595298062,0.90506956990018095,0.90494839111625347,0.90573924718597598,0.8921763859409868,0.89090126631310584,0.88802492174757997,0.87117529985687359,0.8801925297905433,0.88137399835772445,0.88139315843587906
92.276910764305725,0.88218897581100464,0.90120686654625015,0.90269536911824222,0.905062019919464,0.90493562444872655,0.90771355902733131,0.89333658594037613,0.89098188942830503,0.88805229392888196,0.87277205906778321,0.87903232979046875,0.88131647424862491,0.88138285450550602
92.316926770708278,0.88216966390609741,0.89732635848988918,0.90290316911785884,0.90504923873260978,0.90492328250137544,0.90689372922053824,0.89449678593976545,0.89106544967814694,0.88808621862369208,0.87210852513841242,0.87787212979039442,0.88126267275747094,0.8813658993352772
92.356942777110845,0.88215041160583496,0.90324677071729187,0.90345680917698323,0.90503919337373506,0.90491329181046309,0.90277360145651653,0.89565698593915477,0.89115578207109558,0.88812665793089896,0.87229242190003708,0.87671192979031976,0.88121201385307102,0.88134233139736518
92.396958783513412,0.88213109970092773,0.90120632118213606,0.90250879245242355,0.9050138060787315,0.90490216811507185,0.89558032678698185,0.89677770172449001,0.8912419616239835,0.88817355883630023,0.87222234038561675,0.87556492979024614,0.88116361321568037,0.8813121977724383
92.436974789915965,0.88211178779602051,0.8952470063145892,0.90143919520659699,0.90498798859357532,0.90488538791050377,0.90543345552752208,0.89792970172388387,0.89133138028569336,0.88822665078421192,0.86774937129771845,0.87440452979017902,0.88110334353428266,0.88127558825622865
92.476990796318532,0.88209247589111328,0.89962525001914828,0.90044653786256734,0.90495131785485683,0.90486229891418668,0.88301774172386138,0.89710950172374671,0.89130548168819523,0.8882812326421855,0.88887515405386608,0.87418615135727229,0.88106700656899051,0.88123412540618007
92.517006802721085,0.88207322359085083,0.90152966150582536,0.90081662156259101,0.90492770934593003,0.90483715408373089,0.88406709306034281,0.89594930172367238,0.89126037617544029,0.88832893795803325,0.90309781802130906,0.87534635135666161,0.88118823548816116,0.88119671768960384
92.557022809123652,0.8820539116859436,0.92411221993734849,0.90184685244493945,0.90500880430712649,0.90481657556452522,0.88460329517772485,0.89478910172359771,0.89122242221828107,0.88836965649639565,0.90782584080491102,0.87650655135605093,0.88132904926731293,0.88116623718704001
92.597038815526204,0.88203459978103638,0.92570801593141883,0.90300705244432877,0.90511972170263943,0.90480275730600457,0.88494002157372009,0.89362890172352338,0.89118382719973332,0.88840342867024813,0.91076729280785618,0.87766675135544026,0.88148567780885168,0.88114264383003205
92.637054821928771,0.88201528787612915,0.92603420426770444,0.90416725244371809,0.9052321133773803,0.90479572981512313,0.88506696066914803,0.89246870172344872,0.89114554965426152,0.88843029465882506,0.91129974502994804,0.87882695135482958,0.88164615279663183,0.88112589778188977
92.677070828331338,0.8819960355758667,0.92600651188990712,0.90532745244310742,0.90534398642426828,0.90479545381267212,0.88782222647854714,0.89130850172337439,0.89111512000173776,0.88845029440894452,0.91175363187142378,0.8799871513542189,0.88180688715456845,0.88111595943634025
92.717086834733891,0.88197672367095947,0.92268221463398548,0.90648765244249674,0.90545116443877116,0.90480189024661617,0.88782062640591575,0.89022830172329759,0.89108145998456822,0.88846363584921217,0.9065471668308076,0.88114735135360822,0.88196053175227107,0.88111278941619997
92.757102841136458,0.88195741176605225,0.90614695648042842,0.90645038111356768,0.90548388857808293,0.90481286594505694,0.89734899966422177,0.89050087120748,0.89108344475259949,0.88847355710651665,0.89405521156730938,0.88230755135299754,0.88204657870564862,0.88111634857206422
92.797118847539011,0.88193809986114502,0.91030281281843195,0.90659607798024489,0.90549111003476657,0.90482191604788853,0.9089453779057467,0.8915860712069088,0.89113617433551062,0.88848837635040034,0.89548581844096176,0.88346542971456032,0.88211056658854381,0.88112659470587607
92.837134853941578,0.88191884756088257,0.8912057370365738,0.90687070055403129,0.90548195044244839,0.90483413295349857,0.87071833897763895,0.89185187120651688,0.89115684077199553,0.88850860078255656,0.87824994808112866,0.88370111414536934,0.88214641908797409,0.88114226866700585
92.877150860344145,0.88189953565597534,0.89849719464699662,0.90601090055389233,0.90542743860312858,0.90484310053699435,0.8778059495915489,0.8911480234421596,0.89110143515349671,0.88852613182295326,0.88138312351099179,0.88262131414528044,0.8820756267891513,0.88115384213430303
92.917166866746697,0.88188022375106812,0.89155125550090597,0.90515390055374811,0.90537187792068508,0.90484730802602642,0.89383992185956418,0.89060473573103027,0.8910563261791401,0.88854013875551463,0.87157218945644221,0.88167999521694718,0.88200117445482618,0.8811593035616857
92.957182873149264,0.88186097145080566,0.89682704734536134,0.90428810055360831,0.90531956369055544,0.90484675971129647,0.8859175474276344,0.89032185792779672,0.89102189424702938,0.88855125419186953,0.8450211535046851,0.88074379253940471,0.8819182393428624,0.88115938758108392
92.997198879551817,0.88184165954589844,0.8947519974869621,0.90342183411870025,0.90526568189050727,0.90484145396377402,0.88012291402383069,0.88978025158225738,0.89097519292730465,0.88855944043581347,0.85802686063732236,0.87998033325573255,0.88182985049199158,0.88115476971567985
93.037214885954384,0.88182234764099121,0.91226224548462742,0.90282243411850183,0.90522337614147153,0.90483154372418551,0.88676807492417142,0.88920603773098406,0.89092062227297941,0.88856452612581927,0.87540504486531323,0.8792328124852361,0.88173870982791414,0.88114617348939583
93.077230892356937,0.88180303573608398,0.89300931675814232,0.90197943411835879,0.90516923423487283,0.90481705826279113,0.87457463254332024,0.88867845728644623,0.89086770755812106,0.88856670491041823,0.88252324758574263,0.87869294558776878,0.8816498467964059,0.88113412906560806
93.117246898759504,0.88178378343582153,0.89610516704623999,0.90109743411822207,0.90511460697538271,0.90479783711895723,0.88204063070359229,0.88812997484751999,0.89081618681157526,0.8885662675972491,0.87897549787748008,0.87831493165240881,0.88157476205125285,0.88111881115410107
93.157262905162071,0.88176447153091431,0.89714772144449251,0.90022003411808238,0.90505730917629768,0.90477388217765597,0.89304747107335358,0.88771808565009303,0.89077300053465525,0.88856306565373377,0.87740514619374332,0.87760141642933731,0.88149265984325742,0.88110011952885647
93.197278911564624,0.88174515962600708,0.89483671071269633,0.89934703411794159,0.90500573922731298,0.90474524848789628,0.89157866365963634,0.88751786114316311,0.89073629668937626,0.88855740974165254,0.84258783729043951,0.87689920450095826,0.88140439612092647,0.88107756953322069
93.237294917967191,0.88172584772109985,0.89592513629255166,0.89846963411780278,0.90495233676157205,0.90471195449848829,0.87047601686689902,0.8871038521765654,0.89068903212175654,0.88854957644879506,0.85746262378976457,0.87621623585645558,0.88131402004072557,0.88105151052930319
93.277310924369743,0.8817065954208374,0.89116538009212531,0.89789771202200352,0.90491046585402513,0.90467425903753096,0.87623562645865882,0.88668378353268185,0.89064160065717413,0.88853963416366899,0.87527641272503454,0.8754806572230629,0.88122127627829117,0.88102183241486121
93.31732693077231,0.88168728351593018,0.89546454600012981,0.89704678433515805,0.90485345277641349,0.90463217316301459,0.87583768246902349,0.88617114887913073,0.89058763056018642,0.88852749328210334,0.88379744064460175,0.87519534255077391,0.8811357991651444,0.88098892266897
93.357342937174863,0.88166797161102295,0.89243377582965633,0.89628714732955961,0.90479627202527213,0.90458583458885711,0.87957373353954915,0.88570286808644649,0.8905415763543153,0.88851316568348337,0.87046277458749888,0.8749060754670388,0.8810613224400422,0.880954199219117
93.39735894357743,0.8816487193107605,0.89557404299505239,0.89551396851031506,0.90473451104040381,0.90453547629605646,0.89544651330543357,0.88549460950152126,0.89050222718976568,0.88849677754821965,0.86688049195908723,0.87469325220174143,0.8809868416795883,0.88091775844980058
93.437374949979997,0.88162940740585327,0.8691523635838323,0.89478812690603782,0.90466540464228884,0.90448152050551334,0.88289619546582088,0.88530365497273622,0.89046371262159263,0.88847842287335654,0.84504015258532084,0.87425558647223933,0.88089834996622052,0.88088021603758204
93.47739095638255,0.88161009550094604,0.8931300846114244,0.89404501918704959,0.90456622122189745,0.90442379428296549,0.86806950762920554,0.8849122843956565,0.8904128574222212,0.88845829782733898,0.85742970399910334,0.87381239628157403,0.88081150784436801,0.88084098226067775
93.517406962785117,0.88159078359603882,0.89007828762454899,0.89341480300089327,0.90445182284395065,0.90436220154468261,0.87440259510446516,0.88458088070025154,0.89036468854242301,0.88843667824115102,0.8749419572112026,0.87353322251100474,0.88072324761967136,0.88080007895942236
93.55742296918767,0.88157153129577637,0.89009313364765685,0.89254765347042786,0.90433580284401172,0.90429620074707684,0.87871200553459194,0.88417989641067007,0.89031521785334733,0.8884133815257671,0.88476233106053348,0.87348979734394805,0.88064559615558113,0.88075804015566761
93.597438975590237,0.88155221939086914,0.87732931072762721,0.89156223424481851,0.90421978284407278,0.90422520821894126,0.89037452011154994,0.88400393756856355,0.89027723809355119,0.88838861474597952,0.87579518321924721,0.87324713647334629,0.88056989739757752,0.88071478534437431
93.637454981992803,0.88153290748596191,0.85892757419133403,0.89051930632050225,0.90410376284413385,0.90414880748545157,0.89690779445158819,0.88392466158028959,0.89023945584225628,0.88836314119246007,0.85279189697575264,0.87309580952567512,0.88049343986745898,0.88067047084226879
93.677470988395356,0.88151359558105469,0.85871670006718881,0.88970394279616594,0.90398774284419492,0.90406753014870389,0.87063608339199283,0.88375496939218168,0.89019934059757255,0.88833661215077853,0.84889917653921831,0.8727024912624104,0.88040681802705489,0.88062539872278023
93.717486994797923,0.88149434328079224,0.87558269125798283,0.8889497427960007,0.90387172284425599,0.90398257024207562,0.88227738219109686,0.88337285069659421,0.89014528130344417,0.88830859296095044,0.866068609862363,0.87224746679463694,0.88031843870747062,0.88057880674659128
93.757503001200476,0.88147503137588501,0.8869625012482778,0.88812422635615418,0.90375570284431705,0.90389371656732043,0.87624641213343379,0.8830968207152079,0.89009603140987459,0.88827921534097443,0.87750014159692169,0.87216941605515397,0.88022898918970294,0.88053092657897714
93.797519007603043,0.88145571947097778,0.87884790740153629,0.88763422635593681,0.90363966284437813,0.90380116202895289,0.8788048690091651,0.88271079986146894,0.89004399717848559,0.88824841062354865,0.8733104858435341,0.87218739005470747,0.88015988685725777,0.88048257135654584
93.837535014005596,0.88143640756607056,0.87544744095766902,0.88680548717287655,0.9035236428444392,0.90370491527739738,0.8855056176179612,0.88251641443260664,0.89000390247169026,0.88821631264543088,0.86723083978565207,0.87195617621160715,0.88008168463542358,0.88043353518803136
93.877551020408163,0.88141715526580811,0.85419611632883174,0.88613151959043757,0.90340762284450027,0.9036049450434247,0.88542069524459599,0.88246185745469918,0.88996493708343682,0.88818320597502531,0.84469918480800055,0.87177366115060795,0.88000425412228345,0.8803835281582868
93.91756702681073,0.88140910863876343,0.88552019495433965,0.88612951324786149,0.90329160284456134,0.90350321040971948,0.88771537718393623,0.88246811640613954,0.88993806132751208,0.88814987800399259,0.87178494331223999,0.87183951597763454,0.87997253202996295,0.88033322674587999
93.957583033213282,0.88135582208633423,0.89641287359865651,0.88598461877961365,0.9031755828446224,0.90340147788995262,0.88072134118799117,0.88264682923208559,0.88993218086592307,0.88811893974420697,0.87402970261300683,0.8717360292697176,0.87991331858121169,0.88028365110066575
93.997599039615849,0.88129281997680664,0.8945537273334554,0.88606864188301637,0.90305956284468347,0.90330032702191543,0.89345904531133091,0.88245102923181973,0.88989162755499718,0.88808729012759724,0.88549899352669059,0.8721234296818946,0.87987971342505722,0.88023481920841773
94.037615046018402,0.88122981786727905,0.86426911270955309,0.88600145157929522,0.90294354284474454,0.90320007919253864,0.89976042764370823,0.8824502925861808,0.8898594116651154,0.88805463782872618,0.86483343063889728,0.87217275113418213,0.87983253208548295,0.8801876766154737
94.077631052420969,0.88116681575775146,0.87561171674805915,0.88582175663377472,0.90282752284480561,0.90310040084157395,0.87376683291223767,0.8823392032127837,0.88981834609879562,0.88802148732829178,0.85288366611995514,0.87213769473533187,0.87978042615537966,0.88014125620857708
94.117647058823536,0.88110381364822388,0.88879353096359293,0.88546326351208937,0.90271150284486668,0.90300037845175662,0.87610845031543361,0.88218657024376912,0.88977011798150329,0.88798775447279799,0.87839345686001835,0.87213681364877926,0.87973438632028067,0.88009545022912572
94.157663065226089,0.88104081153869629,0.88438498925269116,0.88520526055707405,0.90259546284492775,0.90289840518785813,0.87610163519126261,0.88195904911252176,0.88972384590235443,0.8879534621727625,0.87171253172189267,0.8721749054614053,0.87968813124114131,0.88005006649872686
94.197679071628656,0.8809778094291687,0.8762846960649433,0.88477509653121733,0.90247944284498882,0.90279437057774792,0.91636787779522322,0.8818118527006874,0.88968263701361971,0.88791890642213267,0.88467611825123382,0.8723221012714687,0.87965260469687745,0.88000486208703055
94.237695078031209,0.88091480731964111,0.87398950089245797,0.88442071487277063,0.90236342284504989,0.90268858846095945,0.89751517017009486,0.8818623925013731,0.8896509486344143,0.88788415905559281,0.86697823565694876,0.87241816742687439,0.87961351819686573,0.87996007594107606
94.277711084433776,0.88085180521011353,0.85512335651494387,0.88391325225777051,0.90224740284511096,0.90258116557415069,0.88817003485906387,0.88197965183427129,0.88962122942368782,0.88784938689022652,0.85846437720177238,0.87239176527904982,0.87956399907168392,0.87991601873103009
94.317727090836328,0.88078886270523071,0.87464884610648796,0.8834347767490327,0.90213138284517203,0.90247206243932976,0.86786167597296571,0.88187012253195818,0.88957736548325161,0.88781464062413118,0.86751128533440647,0.87218997130227383,0.87950840369191341,0.87987223571347095
94.357743097238895,0.88072586059570313,0.8876409948023164,0.88307712965102403,0.90201536284523309,0.90236148056420729,0.87985226470131916,0.88177205403907322,0.88953355159022696,0.88777979875681279,0.87782455986060648,0.87204352510558347,0.87945254895075042,0.8798281343277996
94.397759103641462,0.88066285848617554,0.88398687344934801,0.8829306647743359,0.90189934284529416,0.90224961428519379,0.87766644696286655,0.88151674703026983,0.88948791706193275,0.88774450475327871,0.87553319904129923,0.8722656678483508,0.87940965275258287,0.87978392279402229
94.437775110044015,0.88059985637664795,0.87697421809329068,0.88258355242996411,0.90178332284535523,0.90213647718014744,0.90883023193823198,0.88140093990273982,0.8894497387671596,0.88770870194634555,0.86769810962732408,0.87217508893848339,0.87935619370865881,0.87974032018257098
94.477791116446582,0.88053685426712036,0.86685941046381632,0.88210560528497206,0.9016673028454163,0.90202168163994367,0.89536615410216547,0.88152232837829447,0.88942096906616497,0.88767288502236574,0.85072834588746382,0.87139280509694161,0.87925878179419448,0.87969439891121792
94.517807122849135,0.88047385215759277,0.85555704217773343,0.8815847848666597,0.90155126284547737,0.90190566114705151,0.88222001662416205,0.88164018797323918,0.88939013121517052,0.8876371067632205,0.84583847244523902,0.87052686590316875,0.87915176271678042,0.87964413554318499
94.557823129251702,0.88041085004806519,0.87380044133287949,0.88108271153497431,0.90143524284553844,0.90178964114711258,0.86847580755369402,0.88156295223561221,0.88934844748500164,0.88760154858268203,0.87338809529556471,0.86983021001041039,0.87903763007522984,0.87958965021643543
94.597839135654269,0.8803478479385376,0.88693050655357986,0.88076245669337561,0.90131922284559951,0.90167362114717364,0.86867160903422347,0.88148163138861302,0.88930665336970793,0.88756633958602504,0.86837729688728138,0.86949644380381108,0.87893293228163805,0.87953219544839967
94.637855142056821,0.88028484582901001,0.89201275473351804,0.88070704564002988,0.90120320284566058,0.90155760114723471,0.88488757474857827,0.88129812103351146,0.88926190217318735,0.88753100027491438,0.87319428077486616,0.86917197857757011,0.87883974799762132,0.87947307865796853
94.677871148459388,0.88022184371948242,0.88466621534756407,0.88057250397550868,0.90108718284572165,0.90144158114729578,0.89066093311257866,0.88123054806621615,0.88922542477971811,0.8874952828661723,0.86016216611505603,0.86904434151451504,0.8787466702400184,0.87941268821752006
94.717887154861941,0.88015884160995483,0.86313972422512242,0.88031320169039129,0.90097116284578271,0.90132556114735685,0.89513526954764289,0.88120960864325393,0.889192583967651,0.88745905655362523,0.85147886931810979,0.86881033383138351,0.87865192580839757,0.87935155012846578
94.757903161264508,0.88009583950042725,0.8606448651908386,0.87996980393708824,0.90085514284584378,0.90120954114741791,0.87319388838628176,0.88111911270502696,0.88915244540183147,0.88742234499841144,0.84142745947878472,0.86857800732908252,0.87854992516102126,0.87929005401585847
94.797919167667061,0.88003283739089966,0.87856625713457448,0.87974057574182241,0.90073912284590485,0.90109352114747898,0.88524089449038101,0.88107431115518642,0.88910998066597668,0.88738538580815429,0.87608727914763673,0.86848241078024901,0.87844513030477389,0.87922804743006999
94.837935174069628,0.87996983528137207,0.89365466429324203,0.879552575741541,0.90062308284596593,0.90097748114754006,0.87782046876913056,0.8810798645271043,0.88907251229532325,0.88734877560696235,0.87014271774798524,0.8686106822756966,0.87835961307831578,0.87916615806378617
94.877951180472195,0.87990683317184448,0.88359106029448686,0.87970784624507781,0.900507062846027,0.90086146114760113,0.88165928005976446,0.8809239286753604,0.88903100576918725,0.88731253176496006,0.87564205540896656,0.86859362343499547,0.87826965859987038,0.87910493903615139
94.917967186874748,0.87984383106231689,0.88812667184398997,0.87948292949883911,0.90039104284608806,0.9007454411476622,0.88026123141352675,0.880879599348529,0.8889946078034815,0.88727611081596269,0.8517676194964503,0.86874862343464976,0.8781802035172761,0.87904391759422662
94.957983193277315,0.87978082895278931,0.85208258800237724,0.87936194884953855,0.90027502284614913,0.90062942114772326,0.89227813244737508,0.88092830767445207,0.8889632539167025,0.88723916538803227,0.84832508167812304,0.86859821792258873,0.87807767472127929,0.87898332112888011
94.997999199679867,0.87971782684326172,0.86103879986930643,0.87920335631666791,0.9001590028462102,0.90051340114778433,0.8682389968042401,0.88065658680242109,0.88890904489721834,0.88720171492496214,0.84138731047819604,0.86847180937353896,0.87797664659686825,0.87892314541976524
95.038015206082434,0.87970131635665894,0.87914713051217686,0.8798016812298195,0.90004298284627127,0.9003973811478454,0.9259604910065844,0.88112093818150861,0.88891867411122727,0.88716520962310697,0.86925203128849848,0.86848744657485333,0.87793511965510607,0.87886348117183721
95.078031212484987,0.87963539361953735,0.89245922615498419,0.8802085004335678,0.89992696284633233,0.90028136114790647,0.89496649151600005,0.88125473818114952,0.8888940610752627,0.88713160435003158,0.85808768159357118,0.86796775802672421,0.87785311321782766,0.87880255414291297
95.118047218887554,0.87956947088241577,0.8686240875452409,0.88033080560066157,0.8998109428463934,0.90016534114796753,0.88563617169229725,0.88127331504864936,0.88886160268695613,0.88709746698881298,0.86377981810112914,0.86782355802643374,0.8777845066673009,0.87873902187748554
95.158063225290121,0.87950354814529419,0.87717582102749503,0.88055165674080227,0.89969492284645447,0.9000493211480286,0.86949582422526561,0.88109314771466607,0.88881601838552393,0.88706276501940973,0.8616850200972036,0.86771615802613278,0.87772834169206138,0.87867601080244984
95.198079231692674,0.87943762540817261,0.88850654824751474,0.88070061978867886,0.89957888284651555,0.89993328114808968,0.87938960666303434,0.88093081677791707,0.88876946942903845,0.88702745225015445,0.86355720623179399,0.86775055802579926,0.87767959964784925,0.87861349176859582
95.238095238095241,0.87937164306640625,0.88574852073013821,0.88106861705966799,0.89946286284657662,0.89981726114815075,0.89091996709302479,0.88091007171125146,0.88872973815792433,0.88699198155095094,0.8734627772163025,0.86804635802541152,0.87763738005672276,0.87855177578770893
95.278111244497794,0.87930572032928467,0.88562690453267867,0.88154644510031388,0.89934684284663768,0.89970124114821182,0.9001061618559989,0.88102650583489961,0.88870142502201577,0.88695826685618206,0.87395203341543959,0.86828577798347062,0.8775941727206007,0.87849129839061568
95.318127250900361,0.87923979759216309,0.87079603042792408,0.88202224509991856,0.89923082284669875,0.89958522114827288,0.89665160504470898,0.88096854257094437,0.88866658377083363,0.88692416624755166,0.86580196553256095,0.86834471639971123,0.87754674081135042,0.87843167551560797
95.358143257302928,0.8791738748550415,0.87393823666572612,0.88201997216865624,0.89911480284675982,0.89946920114833395,0.88533067634358986,0.88102559975111383,0.88863634543623649,0.88688950329839866,0.86418566953118636,0.86828171639940299,0.87749970858198278,0.87837293563076646
95.39815926370548,0.87910795211791992,0.87454292427631386,0.8817900414478419,0.89899878284682089,0.89935318114839502,0.86745626497771688,0.88074579747136283,0.88858757742883976,0.88685429325989085,0.87067857546566263,0.86817174017312027,0.87744454917350434,0.87831477567268146
95.438175270108047,0.87904202938079834,0.88705321347926791,0.88161981664902833,0.89888276284688196,0.89923716114845609,0.87383563603538983,0.88058385074467116,0.88854183381388097,0.88681837851979484,0.87250798379605454,0.86826521400954138,0.87739566218227383,0.87825724433729924
95.4781912765106,0.87897610664367676,0.88308217497995478,0.88159272922153731,0.89876674284694302,0.89913328042781204,0.87780322354188045,0.88028392684374468,0.88849507541700801,0.88678167427088661,0.87349468133284169,0.86843414258428664,0.87734457432184476,0.87820019323543685
95.518207282913167,0.87891018390655518,0.8855197101862381,0.88140545292395212,0.8986507028470041,0.89903093131816814,0.89342929581277586,0.88012952718469406,0.88845477371868709,0.88674419034037566,0.87357832508406796,0.86860948909028501,0.8772922415319625,0.87814359181724577
95.55822328931572,0.87884426116943359,0.86504031816300031,0.8812860751232664,0.89853468284706517,0.89892822382302884,0.89398055046528335,0.88018646425046732,0.88842079965870069,0.88670628181823063,0.86141795754864536,0.86846161313306991,0.877226435335692,0.87808723817160472
95.598239295718287,0.87877833843231201,0.85753035133083377,0.88098263275490674,0.89841866284712624,0.89882506597789236,0.8741376349290878,0.88017343850615248,0.88838274716920862,0.88666805963438444,0.85037883449841112,0.8682650131327867,0.87715188845977365,0.87803082129454746
95.638255302120854,0.87871235609054565,0.87365246586990175,0.88068457839631908,0.8983026428471873,0.89872150892665703,0.88424452333658521,0.87994409112450356,0.88833082376757178,0.88662939948925357,0.87921854272032895,0.86814481313248415,0.87707471159754558,0.87797454097195216
95.678271308523406,0.87864643335342407,0.89676560298849828,0.88048249879517848,0.89818662284724837,0.89861709518904997,0.87410403340382747,0.87987889454753554,0.88828939163480536,0.88659060046945593,0.87305292283529368,0.8683268174351465,0.87700823088989521,0.87791879736968759
95.718287314925973,0.87858051061630249,0.87748170969953099,0.87986700303220289,0.89807060284730944,0.89851053010791015,0.88087761494832895,0.87970084300650542,0.88824651960065193,0.88655173874411664,0.87528985547076732,0.86857861743475306,0.87694501353049892,0.87786403657087897
95.758303321328526,0.87851458787918091,0.86521689494396559,0.87941728821350107,0.89795458284737051,0.89840112831630348,0.88185425187300359,0.87982548510505332,0.88821148105705483,0.88651307555855952,0.87607694316980655,0.86881921743436552,0.87688010297316754,0.87781024080411207
95.798319327731093,0.87844866514205933,0.8623230111661484,0.87898594755437776,0.89783856284743158,0.89829008965419366,0.89151679418455387,0.87991783815620983,0.88818204131251688,0.88647461070709388,0.84864125505775834,0.86872621743405209,0.87679742038496189,0.87775723161547636
95.83833533413366,0.87838274240493774,0.87981623168424916,0.87863527007683018,0.89772254284749264,0.8981778055831755,0.871771601602775,0.87986922011253632,0.88814140483182813,0.88643605508705492,0.84314353052626501,0.86859881743375278,0.8767097002094324,0.87770473861303633
95.878351340536213,0.87831681966781616,0.88075413676859393,0.8786066905684482,0.89760650284755372,0.89806475598220481,0.88534300282904699,0.87976842835195401,0.88809467952049503,0.88639725545384296,0.87631771768226507,0.86862081743342079,0.87662097822524065,0.8776527450150885
95.91836734693878,0.87825089693069458,0.87900260902192207,0.87838903932469159,0.89749048284761479,0.89795144941935445,0.87702843281656517,0.87957872106941659,0.88804976974525773,0.8863583762893632,0.87548133991553889,0.8687949198355881,0.87653124040243502,0.87760143041488703
95.958383353341333,0.878184974193573,0.88181789977128633,0.87838494167567704,0.89737446284767586,0.89783804547550083,0.87834748528436912,0.87943161026465988,0.88800658260682463,0.88631924329862732,0.8751086472582893,0.86903031983519774,0.87645811954630826,0.87755100877097414
95.9983993597439,0.87811905145645142,0.86487264899589977,0.8783276817128689,0.89725844284773693,0.897724844328465,0.8934821574715629,0.87949844180284709,0.88797342151300029,0.88628006550002147,0.85018639412505403,0.86918550712017195,0.87638369101528335,0.87750141950012395
96.038415366146452,0.87805306911468506,0.86211868141137316,0.87811636738353582,0.89714242284779799,0.89761203076561791,0.8863151951075231,0.87962740297483832,0.88794425854708303,0.88624099951489543,0.8459826981705677,0.86906290711987089,0.87629520594939003,0.87745241090996529
96.078431372549019,0.87798714637756348,0.88087672250225657,0.87802311485903539,0.89702640284785906,0.89749941657291399,0.86534713220167503,0.8795255107280493,0.88790143790980602,0.88620191572843077,0.84300300902420477,0.8689497245816411,0.87620758788340458,0.87740390153490366
96.118447378951586,0.87792122364044189,0.87235977113128382,0.87807825709792453,0.89691038284792013,0.89738737320710849,0.88387259534269824,0.87950722373404044,0.88785272562828843,0.88616272695133724,0.84775522875012577,0.86905566779526244,0.87612058239328816,0.87735601328858326
96.158463385354139,0.8779035210609436,0.87337590566800549,0.87828452436331372,0.8967943628479812,0.89727720591146864,0.88760692781669381,0.88009559953277283,0.88787665554500317,0.8861258215797071,0.85574338622884494,0.86904549408107212,0.87610171373233026,0.87730857896519876
96.198479391756706,0.87783533334732056,0.86879502889702642,0.87758907508195583,0.89667834284804226,0.89716579478717573,0.88350931959341095,0.87986486772015593,0.88782849695355692,0.88608940214691134,0.86048819750822869,0.86819954989675707,0.87602380499097454,0.87725865650881651
96.238495398159259,0.87776714563369751,0.86816895089396084,0.87749509317821306,0.89656230284810334,0.89705290769941926,0.86723545495457754,0.87961932002423771,0.88778063266853824,0.88605216040094525,0.86099227060044026,0.86807995208273325,0.87596862061141145,0.87720647083966274
96.278511404561826,0.87769901752471924,0.88179844845121436,0.87752007550639033,0.89644628284816441,0.89694066943878448,0.87390372801515026,0.87950127540698109,0.8877369502596848,0.88601441023496053,0.87207208036109241,0.86814422956421822,0.87592742266980805,0.87715469358880882
96.318527410964393,0.87763082981109619,0.88418623433108301,0.87768667550601953,0.89633026284822548,0.8968291919651552,0.89470858351259086,0.87973929045359811,0.88771291332433788,0.88597783080091819,0.87351302321257485,0.86834953869804543,0.87588891286412385,0.87710350871429688
96.358543417366946,0.87756264209747314,0.88383829202624331,0.87783447550564841,0.89621424284828655,0.89671842959307602,0.88959706259851556,0.87977287642804414,0.88768486984052797,0.88594304801496759,0.87327852198145828,0.86853176923794229,0.87585014470783751,0.87705294084762819
96.398559423769512,0.87749451398849487,0.87747565009826245,0.8777405038962699,0.89609822284834761,0.89660818135220177,0.89573517826053617,0.87980705455772057,0.8876522957582218,0.88590773949160073,0.86562541747193689,0.86850156008702895,0.87580636342302043,0.87700283833686177
96.438575430172065,0.87742632627487183,0.86767582054272696,0.87755710389597641,0.89598220284840868,0.89649832024453158,0.87663119997032168,0.87980352223263236,0.88761804789581944,0.88587200406364119,0.86010684174817353,0.86834976008674059,0.875759674315155,0.87695304803257479
96.478591436574632,0.87735813856124878,0.88084569734376161,0.87741530389567535,0.89586618284846975,0.89638894800031377,0.87092060001064342,0.87954347737585947,0.88756827883892142,0.88583573076899691,0.87823787948273746,0.86824355949735799,0.8757080281776638,0.87690355783739105
96.518607442977185,0.87728995084762573,0.88318421866531704,0.87746350389533356,0.89575016284853082,0.896280098238874,0.87289354882716452,0.87942294700964607,0.88752664713015483,0.8857990044891918,0.87209675526770425,0.86836068273066991,0.87566629340162661,0.87685450528419462
96.558623449379752,0.87722176313400269,0.88478752856496035,0.87762350389496624,0.8956341228485919,0.89617189514321416,0.87833492175111472,0.87920271730803079,0.88748274427782559,0.88576189675042072,0.87400329508583396,0.86854133447151971,0.87562126682109376,0.87680605249738208
96.598639455782319,0.87715363502502441,0.87847233331491204,0.87774333573117014,0.89551810284865296,0.89606426787901816,0.88505481196953895,0.87952462645264551,0.88746355884298178,0.88572476771800968,0.87106070791769363,0.86867295463431071,0.87556993763243118,0.87675795197923045
96.638655462184872,0.87708544731140137,0.87138932598812702,0.87755327010973783,0.89540208284871403,0.89595698937883483,0.89179188815326371,0.87998482645222054,0.88745094102556443,0.88568989273012755,0.85804119956610403,0.86851560344022904,0.87550403865827742,0.87670991134383913
96.678671468587439,0.87701725959777832,0.85912960129762717,0.87736547010944543,0.8952860628487751,0.89584993903590993,0.87137176123076165,0.87991989311734253,0.88741334008969397,0.88565629335905927,0.84745034727690594,0.86832100343994345,0.87542983431186827,0.87666187681494856
96.718687474989991,0.87694913148880005,0.89214867158997146,0.87728367010913222,0.89517004284883617,0.89574337045934938,0.88400682365789174,0.88009151469040292,0.88738333244824541,0.88562340434794173,0.88008616740269185,0.86824342889799888,0.87535481873965726,0.87661399671923446
96.758703481392558,0.876880943775177,0.88292123197026229,0.87740987010877158,0.89505402284889723,0.89563750514818574,0.87606933742888715,0.87985271798685505,0.88734103559143673,0.88559068159711296,0.87482611061575422,0.86840522889763128,0.8752869813132963,0.87656659589431418
96.798719487795111,0.87681275606155396,0.88510868743219295,0.87761167010838304,0.8949380028489583,0.89553262170333259,0.87916950778328662,0.87954962962468786,0.88729773000805112,0.88555708733569349,0.87508684013743387,0.86862102268088981,0.87522300155181998,0.87651995777744085
96.838735494197678,0.87674462795257568,0.85910669600483214,0.87780206109126369,0.89482198284901937,0.89542875170141856,0.88209912224756393,0.87953637396990447,0.88726396403127306,0.88552284181131635,0.84980270828907178,0.86881123135463123,0.8751573931561597,0.87647404745033941
96.878751500600245,0.87667644023895264,0.85653627374272967,0.87769706109095125,0.89470596284908044,0.89532585334129078,0.88834450203784066,0.87962519474959677,0.88723584806802624,0.88548836021544275,0.84605056910013421,0.86872178752694407,0.8750770400766289,0.87642882318894255
96.918767507002798,0.87660825252532959,0.85353374131416748,0.87758946109063518,0.89458992284914152,0.89522382230399611,0.86724019591052259,0.87954693965976849,0.88719770802407694,0.88545374265956112,0.8427703599047226,0.86861389217253737,0.87499564849521083,0.87638417342402664
96.958783513405365,0.87654006481170654,0.86978444059215387,0.87768366109028051,0.89447390284920258,0.89512274563530658,0.87263789277782922,0.8798338646256606,0.8871724626103249,0.88542025340852593,0.85868298612015592,0.86867169217219264,0.87491458888481022,0.87634010559369113
96.998799519807918,0.87647193670272827,0.88234593342582701,0.87783226631973632,0.89435788284926365,0.89502267321900708,0.88763122521591209,0.8796022380020494,0.88713093666758147,0.88538702341298281,0.87510840827614289,0.86884709217182265,0.87483674621540997,0.87629668322323395
97.038815526210485,0.87640374898910522,0.88572149490848051,0.87806326631934195,0.89424186284932472,0.89492367837361653,0.87793982233504642,0.87967737404166657,0.88710537949844004,0.88535520762864695,0.87565292909662595,0.8690639244702224,0.87477110454173357,0.87625398110618102
97.078831532613052,0.87633556127548218,0.85927551649617362,0.87815243900555007,0.89412584284938579,0.89482574526070424,0.89358521400141777,0.87974673850336949,0.88707621191522157,0.88532298871239334,0.85017522170971171,0.86913265876657819,0.87470175368686165,0.87621190992481734
97.118847539015604,0.87626737356185913,0.85560679150414809,0.87803938751678967,0.89400982284944686,0.89472854816768255,0.88509220625955531,0.88020517055351832,0.88706504503293571,0.88529144783943992,0.84459421190021156,0.86900476885239253,0.87462067217735018,0.87617013094121687
97.158863545418171,0.87619924545288086,0.85542300379767322,0.87792267110390365,0.89389380284950792,0.89463213651271745,0.86773722587940882,0.87997761400138641,0.88702242902894324,0.88526079678041159,0.84280507206148148,0.86889351951521188,0.87454032651348501,0.87612881375045548
97.198879551820724,0.87613105773925781,0.87881906369949803,0.87802487110354721,0.89377778284956899,0.89453666537402199,0.87475318879659958,0.8802258336332226,0.88700053264383716,0.8852310838418892,0.871500494812534,0.86899491951486152,0.87446096728985301,0.87608810551545702
97.238895558223291,0.8760678768157959,0.91383671168223246,0.87842027110311616,0.89366176284963006,0.89444241559826121,0.89865116247647159,0.88073263780658251,0.88699300429556804,0.88520351277399123,0.90129147146804101,0.86934248662577585,0.87442133365770214,0.87604825580342427
97.278911564625844,0.87604665756225586,0.87080814963046116,0.87855807584947576,0.89354572284969114,0.89435153644665211,0.86851266848616659,0.88111195254938413,0.88700576026210909,0.88517855203945783,0.86262194960201111,0.86942248662545729,0.87442368291591444,0.87601110325427201
97.318927571028411,0.8759835958480835,0.87999874687445756,0.8783265693018969,0.89342970284975221,0.89425991965143337,0.86684764475827469,0.88072215254914099,0.88695667225872665,0.88515321899579535,0.87054175818687107,0.86921302228925235,0.8743817256893377,0.87597276501424648
97.358943577430978,0.87592053413391113,0.88311259417832288,0.87843596930154133,0.89331368284981327,0.89416891228478801,0.8730607860481252,0.88047349384311535,0.88691557177565794,0.88512668769004599,0.87224576063596015,0.86934247560740074,0.87435452789615986,0.87593486834877021
97.39895958383353,0.87585747241973877,0.88417435751259665,0.87863256930116063,0.89319766284987434,0.89407874584718228,0.87628339158980495,0.88013978783719138,0.8868733978262997,0.88509901224793219,0.87310149595654152,0.86954281890710627,0.87432687415212151,0.87589754142555154
97.438975590236097,0.87579435110092163,0.88325608553636192,0.87883588446019045,0.89308164284993541,0.89398942192519604,0.89200315700256383,0.87993365875168239,0.88683905020852827,0.88507031383933044,0.87291359624396536,0.86976435572410848,0.87430073281226961,0.87586081333035226
97.47899159663865,0.87573128938674927,0.87651683938954117,0.87876396466687745,0.89296562284999648,0.89390083706324197,0.89289510860167043,0.87992218387973531,0.88680956604561978,0.88504080925915196,0.86530536063242325,0.86968356911948019,0.87426744785955979,0.87582459456940209
97.519007603041217,0.8756682276725769,0.86742319576584148,0.87859258719003097,0.89284960285005754,0.89381267244059504,0.87480853945725778,0.87988148061672444,0.88677787771684746,0.88501062169239564,0.86041106602049078,0.86954305678668731,0.87423194039557972,0.87578862148931846
97.559023609443784,0.87560516595840454,0.89178915544670889,0.87851118718971422,0.89273358285011861,0.89372500455027715,0.88373552245393783,0.87958609222891537,0.88673245296994241,0.88497959081453459,0.88052039796262938,0.86947330349362517,0.87419615619611812,0.87575291895322993
97.599039615846337,0.87554210424423218,0.88345574939816029,0.87854539421782429,0.89261754285017969,0.89363783436094846,0.8739878799831744,0.87943531148197451,0.88669427461831818,0.88494785714545598,0.87224157844839889,0.86952745660648023,0.87416314916977111,0.87571748509985814
97.639055622248904,0.87547898292541504,0.88401129364246023,0.87868839421746037,0.89250152285024076,0.89355103343725073,0.87798255020050098,0.87955950100582625,0.88667087555003266,0.88491775427246666,0.872955059646359,0.86967163979524731,0.87412636712370628,0.87568215763051194
97.679071628651457,0.87541592121124268,0.8696946373013541,0.87880491654047355,0.89238550285030183,0.89346469742707446,0.88173027587504127,0.87994287448416508,0.88665886540738259,0.88488763790511915,0.86241337793377471,0.86979932031081886,0.87408923828932927,0.87564702046371601
97.719087635054024,0.87535285949707031,0.86398976509107328,0.87858191654019568,0.89226948285036289,0.89337856634096102,0.89138286217910689,0.88037171717774898,0.88664984421384285,0.88485982271388508,0.85701614539482596,0.86957276871470579,0.87403031842463808,0.87561181976461266
97.759103641456576,0.87528979778289795,0.85710478553374414,0.87839171653989778,0.89215346285042396,0.89329246173385268,0.86973542028633721,0.88064551717736528,0.88663182185019307,0.88483417193459113,0.84731406770794371,0.86938016871441826,0.87396297951130053,0.87557635658874355
97.799119647859143,0.87522673606872559,0.89212243351647869,0.87837431653956211,0.89203744285048503,0.89320678696404832,0.88333408200929298,0.88082238738757734,0.88660708895142448,0.88481030249331138,0.88103480703267101,0.8693527687140955,0.87389488313888208,0.8755410217331987
97.83913565426171,0.87516367435455322,0.88123835950596308,0.87850065758025764,0.8919214228505461,0.89312182181071453,0.87277952883668675,0.88090606603578947,0.8865838072761244,0.88478806296096668,0.87451824186570493,0.86951416871372744,0.87383798985343131,0.87550618774593825
97.879151660664263,0.87510055303573608,0.88550322807078774,0.87873521641645058,0.89180540285060717,0.89303778760938979,0.8993488534057309,0.88094626603545589,0.88656121079262939,0.88476531896086452,0.87548958479958838,0.86976229134413596,0.87378367248964273,0.87547206919727882
97.91916766706683,0.87503749132156372,0.85862223088341227,0.87888066134334875,0.89168938285066823,0.89295475461643059,0.8932070042409036,0.88090498944255113,0.88653284673227117,0.88474385196162209,0.84994382724649786,0.86991994388338878,0.87372321190868751,0.87543875097994139
97.959183673469383,0.87497442960739136,0.85550905013568657,0.87878026134303333,0.89157334285072931,0.89287252758596791,0.88797654459455766,0.88091248241931241,0.88650864782153582,0.88472153694088196,0.84479591283174005,0.86981435614761782,0.87364806500408076,0.87540597651253682
97.99919967987195,0.87491136789321899,0.85366050817270533,0.87864260502311153,0.89145732285079038,0.89279097833298926,0.86969441101741274,0.88068226826094387,0.88647346680947547,0.88469829482448026,0.84213634027042739,0.8696817246172267,0.87357248548177346,0.87537363533483969
98.039215686274517,0.87484830617904663,0.87396132374655933,0.87872566722581713,0.89134130285085145,0.89271005459577424,0.87479656854349652,0.88045442773019578,0.88643672999633538,0.88467392600459949,0.86962789045918742,0.86974256417856566,0.87349872714021792,0.87534159506875275
98.07923169267707,0.87478518486022949,0.88274932108227377,0.87886496373067646,0.89122528285091251,0.8926298677972494,0.87239094823504282,0.88014369273446547,0.88640046107915149,0.8846486194330434,0.87344616795713037,0.86996168231495907,0.87344073109799958,0.8753101937971951
98.119247699079637,0.87472212314605713,0.88670078706948952,0.87903991612616394,0.89110926285097358,0.89255053330830814,0.89538511792594555,0.87988866527243503,0.88636815321916751,0.88462248923247466,0.87579542220139361,0.87012544284062121,0.8733864453259419,0.87527953361889943
98.159263705482189,0.87465906143188477,0.8588123205752064,0.87912636144193024,0.89099324285103465,0.89247193348788156,0.89585713935222189,0.87993179793956688,0.88634450811230692,0.88459580000318794,0.84896650975895538,0.87022026791236662,0.87332405413790404,0.87524927979028233
98.199279711884756,0.8745959997177124,0.85469245826873796,0.87900612443253012,0.89087722285109572,0.89239407848382868,0.8795905046712047,0.8799586543687189,0.88631780587240583,0.88456850339754378,0.84384488338029728,0.87009306137223263,0.87324850732686154,0.87521948352939594
98.239295718287309,0.87453293800354004,0.87650241753852198,0.87889192443221709,0.89076120285115679,0.89231688307926693,0.86740286996138616,0.88009405009061981,0.88629542684567386,0.88454183259415164,0.84310373999889587,0.86997240487187588,0.87317284455362831,0.87519003014888108
98.279311724689876,0.87446987628936768,0.87999486872964572,0.87896542730938809,0.89064516285121786,0.89224027785532101,0.87378846352373685,0.8799213634554568,0.88625768749985068,0.88451541120931432,0.87129036976034635,0.87003617520688137,0.87309564400951301,0.8751608504489099
98.319327731092443,0.87440675497055054,0.88169931337446095,0.87917652572941574,0.89052914285127893,0.892164408830045,0.89409860026831445,0.88026836388554108,0.88624669384565247,0.88449025835584971,0.87269510681665508,0.87023676943685724,0.87303368689732441,0.8751320962351089
98.359343737494996,0.87435853481292725,0.8845662319266332,0.87956181886248552,0.89041312285134,0.89208982456428543,0.87769192960107112,0.88088298884998928,0.8862519590171285,0.88446752052493816,0.90056389032344564,0.87029447443631935,0.87301720764691049,0.87510366133495987
98.399359743897563,0.87435853481292725,0.90433586285328682,0.88049619845724436,0.89029710285140107,0.89201972513489902,0.87082826989361417,0.88126114973621317,0.88631569094502438,0.88444714916669687,0.85437419776680745,0.86979398317209367,0.87295814452383136,0.87507449046979746
98.439375750300115,0.87435853481292725,0.93769136220806049,0.88154399845665976,0.89039975321499887,0.89195591548635267,0.88436452878394367,0.88203974911040461,0.88634247793858567,0.88443008186835292,0.9018710629185025,0.8702073831716638,0.87303865729235386,0.87504367976773556
98.479391756702682,0.87435853481292725,0.93492000356789318,0.88270419845604908,0.89065403183644887,0.89189905001858638,0.88402750607820191,0.88300170209365103,0.8863410066139833,0.88441924880052458,0.8984083311088078,0.87136758317105312,0.87319396160724971,0.87501906485704728
98.519407763105235,0.87435853481292725,0.93019121192994902,0.8838643984554384,0.89089781144733282,0.8918492243125431,0.88576571831349504,0.88398421504074709,0.8863516038053707,0.88441383765832893,0.8838888513155847,0.87243578317049086,0.87331653840672507,0.87500118179004893
98.559423769507802,0.87435853481292725,0.92284770234462932,0.88501899845483045,0.89108334018761348,0.89180639217849655,0.89734206601615218,0.88513717224430111,0.88638564797390651,0.8844146833814166,0.86637140024180215,0.87228878317021763,0.87334852074977565,0.87498740067658132
98.599439775910369,0.87435853481292725,0.87315654810208432,0.88462185729387477,0.89107687654777545,0.8917673599369853,0.89270902608082836,0.88629697224369064,0.88644772069434297,0.8844222213301165,0.86097870836363422,0.87112978317015766,0.873302496854923,0.87496843633776311
98.639455782312922,0.87435853481292725,0.87221961255394254,0.8834614572938001,0.89098038520139422,0.89172266134832057,0.89370154520791878,0.88744257224308765,0.8864931832945927,0.88443639784787498,0.86124385905502154,0.86996938317009742,0.87323822072339197,0.87494286854720493
98.679471788715489,0.87435853481292725,0.86819785519201176,0.8823064572937257,0.89086880927253465,0.89167152551653905,0.89909633823970914,0.88859517224248097,0.88655124827911103,0.88445710262319976,0.85895297620000699,0.86882278317003747,0.87316783861269875,0.8749107606661356
98.719487795118042,0.87435853481292725,0.87253222738338654,0.8818779779053072,0.89079587297665475,0.89161471992313857,0.94956162158234858,0.88962417224190604,0.88669634097176908,0.88448372930259977,0.86153720963967939,0.86853712878570433,0.87313763278518697,0.87487326764825679
98.759503801520609,0.87435853481292725,0.88429682205423388,0.88254112799302709,0.89075320588522156,0.89155993185352267,0.90102958155019064,0.89055557224135473,0.88690438364465873,0.8845165917891934,0.87189021494771191,0.86935824083917679,0.87312622278365137,0.87483878592536013
98.799519807923176,0.87435853481292725,0.88389773671468774,0.88330577808269006,0.89070631734878525,0.89150997782309793,0.92122670575742882,0.89170140284342203,0.88700014550056161,0.88455485830556568,0.87129042950588287,0.87025269583893772,0.87310900306601813,0.87480962163157172
98.839535814325728,0.87435853481292725,0.88150522434582967,0.88403662269958727,0.89071378055658756,0.8914642126418294,0.92447313460273217,0.8928560028428143,0.88716473271962693,0.88459952812324094,0.8703202217371947,0.87103863330577214,0.87311558713769422,0.8747853714974837
98.879551820728295,0.87435853481292725,0.89428704428162697,0.88510626407626503,0.89076287056876935,0.89142421619445167,0.90297461798858547,0.89323268734171823,0.88722544391519453,0.88464814516522727,0.88252408402325488,0.8721056482811983,0.87319221420011039,0.87476665423023869
98.919567827130848,0.87435853481292725,0.90178598263948473,0.88626646407565435,0.8908217950401045,0.89139103107771545,0.89866734098863399,0.89419429802377248,0.88730074137824089,0.88470058662809781,0.88867500650628894,0.87326584828058762,0.87328373234742895,0.87475462165653417
98.959583833533415,0.87435853481292725,0.9162947283408035,0.88742666407504367,0.89094634323195543,0.89136474875058902,0.89597625587034058,0.89514243271230565,0.88736094921395636,0.88475835174623185,0.90461631057928549,0.87442604827997694,0.87346058545273753,0.87474936952170312
98.999599839935968,0.87435853481292725,0.90398913246870083,0.88858706407443289,0.89108726954461559,0.89134532652762644,0.88631294315344922,0.89440157112903662,0.88736533601045176,0.88481702275573371,0.89207602117668594,0.87558644827936616,0.8736309849270173,0.8747508594418506
99.039615846338535,0.87435853481292725,0.90203188125896205,0.88967852553227456,0.89116265039816545,0.89133249276018056,0.89021083860754813,0.89363823074835813,0.88737416175923967,0.88487115038376474,0.88839145418963184,0.87664601232649497,0.8737430069163169,0.87475879612955232
99.079631852741102,0.87435853481292725,0.88457689682486584,0.89028495867226343,0.89118812651543433,0.89132589853909472,0.89263678576461603,0.89255563074827815,0.88737153691432091,0.88491860454268101,0.86902989738345615,0.87711421232606912,0.87381007347381068,0.87477234430704032
99.119647859143655,0.87435853481292725,0.90482741770819086,0.89019195867195067,0.89119426103675237,0.89131796521345064,0.89798695454857391,0.89367259200842297,0.88742859852950429,0.88496601640673067,0.89195706781333484,0.87701641232575045,0.87384604274626654,0.87478394137104076
99.159663865546221,0.87435853481292725,0.88195127159520692,0.88932895867180828,0.89113942004225632,0.89130969743710842,0.89917106755779252,0.89408399200801769,0.88747378369661933,0.88501651310885066,0.86928638497203792,0.87622061232559201,0.87382876729346137,0.87479543442565444
99.199679871948774,0.87435853481292725,0.86164409344002102,0.88817075867173401,0.89105727093333575,0.89129488742177276,0.88191588430028889,0.89472073213376957,0.88758107643999062,0.88507142026591612,0.85090298209091697,0.87506201232551717,0.87377153361621385,0.87480032369964422
99.239695878351341,0.87435853481292725,0.88257013867276302,0.88701655867165874,0.89098576408731178,0.89127346776799254,0.8990679517659883,0.89414904602533518,0.88759894889972513,0.88512430856013491,0.87157816401010124,0.87390701232545631,0.87374873417972843,0.87479848932906457
99.279711884753908,0.87435853481292725,0.90231880337902748,0.88753241387735304,0.89100845083115843,0.89124913723931309,0.89320635235946122,0.89340709747368319,0.88760355873388275,0.88517517307890259,0.89221684140642898,0.87427382390947384,0.87380567100695605,0.87479296821074926
99.319727891156461,0.87435853481292725,0.90811111563561331,0.88859651552568786,0.89107505422370825,0.89123082709903201,0.88112935970900963,0.8932983465629738,0.88760666728313353,0.88522358060116235,0.89436308031735867,0.87534822390888589,0.87390468124134646,0.87479318081842061
99.359743897559028,0.87435853481292725,0.91849521194546158,0.88975671552507718,0.89117436927241978,0.89121894893119358,0.89851420811160976,0.89259405592801078,0.88759192393550357,0.88526728238642594,0.90435671622280112,0.87650842390827521,0.8740828311002492,0.87479975054635173
99.399759903961581,0.87435853481292725,0.87811130227133238,0.89009700264140401,0.89121718278955564,0.8912129680410823,0.90286717607448141,0.89212944902477753,0.88758270380087645,0.88530883285297157,0.86764768439444195,0.87674382390788141,0.87416750592276182,0.87481189803683912
99.439775910364148,0.87435853481292725,0.88221953014336529,0.88894440264132946,0.89115402779655994,0.89120316629992058,0.90307536330241722,0.89313724902424707,0.88766818350987353,0.88535123629917001,0.87004963420197767,0.87559202390780677,0.87412967617464421,0.87481972773759364
99.4797919167667,0.87435853481292725,0.87373784565177548,0.88778900264125482,0.89107865502957295,0.89118676223307469,0.89548858928944575,0.89409946229663428,0.88774015817345631,0.88539920130950389,0.86176484013408805,0.87443582390773933,0.8740785986960431,0.87482085517695785
99.519807923169267,0.87435853481292725,0.87965286483404925,0.8866292026411805,0.89100620092666583,0.89116375112965562,0.89971029203458952,0.89504859342800702,0.88781542251835743,0.88545208485375004,0.86748911974033149,0.87327562390767932,0.87403136037411655,0.87481526883273752
99.559823929571834,0.87435853481292725,0.88115631250478699,0.88547020264110621,0.89094191912228549,0.89113416740928775,0.88187872705806969,0.89586804619922233,0.88789411280007979,0.88551024605884499,0.86934194832106682,0.87211862390761885,0.87399578212193152,0.87480301524601289
99.599839935974387,0.87435853481292725,0.87763435105548548,0.88431880264103158,0.89087254784920755,0.89109806643908474,0.89923785577466808,0.8956246254215614,0.88792801037871205,0.88556785179335729,0.86551381280958639,0.87102571288380937,0.87395437547432497,0.87478438770119005
99.639855942376954,0.87435853481292725,0.87620676959262989,0.88335021754974419,0.89077401390117628,0.89105581006303403,0.9036497301151567,0.89678002542095325,0.88800550110914045,0.8856293799480045,0.87816660305758532,0.87016040873960299,0.87389379477266982,0.87475964878378487
99.679871948779507,0.87435853481292725,0.93582149044861407,0.88427061754924519,0.8909043852541797,0.89101337089114341,0.8879808707168575,0.89665175045458922,0.88804753742554576,0.88569501423650132,0.91886239479707188,0.87117240873907031,0.87406473857968991,0.87473564536378157
99.719887955182074,0.87435853481292725,0.93828471836427596,0.88543081754863451,0.89117171465006684,0.89097772863510061,0.88959895898089358,0.8954959504545148,0.88804992669521354,0.88575503744226636,0.92543058010765189,0.87233260873845964,0.87434044477675288,0.8747183940987705
99.759903961584641,0.87435853481292725,0.93554802064336473,0.88659101754802383,0.89143975013605947,0.8909490033812798,0.87999810835857795,0.89436502349417857,0.88803772653880286,0.88580809512799252,0.9240576276768091,0.87349280873784896,0.8746399522161219,0.87470795345863439
99.799919967987194,0.87435853481292725,0.93864205305108184,0.88775121754741315,0.89170714645732296,0.89092715512028331,0.88235394862960892,0.89320482349410391,0.888001202335297,0.885854230952278,0.92758972405448503,0.87465300873723828,0.87493513468750572,0.87470428404928513
99.839935974389761,0.87435853481292725,0.93907046686076778,0.88891141754680247,0.89197484555369411,0.89091214407414709,0.88344466480671069,0.89204462349402958,0.88796657766776321,0.88589338907734128,0.92651293024851988,0.8758132087366276,0.87523226825189138,0.87470734670451222
99.879951980792313,0.87435853481292725,0.93892358212601834,0.8900716175461918,0.89223649148673412,0.89090393069499096,0.88243104842566489,0.89088442349395491,0.88792659236883842,0.8859256098636602,0.92317984625322591,0.87697340873601692,0.87550293906721288,0.87471710248464141
99.91996798719488,0.87435853481292725,0.92740246223414102,0.89123181754558112,0.89246758040171592,0.89090247566368486,0.87975626034343246,0.88972422349388058,0.88788492816772135,0.88595093343824993,0.91775542949512867,0.87813360873540625,0.87576172603424629,0.87473351267523414
99.959983993597433,0.87435853481292725,0.92368465447184023,0.89239201754497044,0.89265076329035109,0.89090773988852545,0.8902664263160035,0.88903301808064472,0.88785871968174024,0.88596968042873914,0.91307084171662789,0.87929380873479557,0.87598322436230147,0.87475653878578907
100,0.87435853481292725,0.86826396544185147,0.8915768175448161,0.89261301304255569,0.89091481542680129,0.89020242341074562,0.89006114931449576,0.88787967844877969,0.88599049991966783,0.85629764557179222,0.87849140873463838,0.87596421636947508,0.87478133937258518
