ProgressPercent,Reference,BaseRaw,BaseBenchmark,BaseManuscript,PrunedRaw,PrunedBenchmark,PrunedManuscript
0,1,1,1,1,1,1,1
0.040016006402561026,0.99991315603256226,1.0198271290397078,1.0001745999996283,1.0000019309545658,0.98565631200345327,0.99891094995065821,0.99989977492889826
0.080032012805122052,0.99975556135177612,1.0052081333857632,1.0011799999990987,1.0001323643917877,0.98763638831612588,0.99775074995058355,0.99978398862665296
0.12004801920768307,0.99959796667098999,0.99865828999125994,1.001157744652766,1.0001460291666133,0.98459769258460939,0.99659054995050922,0.9997032238185396
0.1600640256102441,0.99944043159484863,0.99903359094956723,1.0004648177997306,1.0001387751951298,0.9836728540887365,0.99543034995043489,0.9996111100183539
0.20008003201280511,0.9992828369140625,1.0000644878219744,1.0000140990706583,1.0001322593397266,0.9917924958809714,0.99438491574316779,0.99952011946963359
0.24009603841536614,0.99912530183792114,0.99805573758143185,0.99964705981193647,1.0001245593600725,0.97194474628373795,0.9932431157430921,0.99941291067298765
0.28011204481792717,0.99896770715713501,1.0041772365133561,0.99949192556026056,1.0001186141702569,0.97353273473835533,0.99208291574301777,0.99929689067304872
0.32012805122048821,0.99881011247634888,0.99509329419901471,0.99941283489514043,1.0001126484485723,0.98217492303592391,0.99092271574294311,0.99918087067310979
0.36014405762304924,0.99865251779556274,0.99929983785400034,0.99916389727871346,1.0001039706733941,0.9826434232349045,0.98976231574286877,0.99906483067317087
0.40016006402561022,0.99849498271942139,0.99898424111397177,0.99915619134959532,1.0000987918373534,0.98327999498810981,0.98860211574279411,0.99894881067323194
0.44017607042817125,0.99833738803863525,1.0042281606995349,0.99915710553773096,1.0000953271906077,0.97555469545529294,0.98744191574271978,0.998832790673293
0.48019207683073228,0.99817979335784912,1.0002455381390667,0.99940666208993201,1.0000923745942896,0.98324873000079016,0.98652135777858019,0.99871677067335407
0.52020808323329337,0.99802225828170776,1.0048605046665569,0.99970761168508759,1.0000931579395864,0.95217429892270455,0.98603043279819413,0.99860075067341514
0.56022408963585435,0.99786466360092163,0.99476189340120647,0.99985516492886384,1.0000915045421648,0.98980310533108962,0.98598565731629817,0.99848473067347621
0.60024009603841533,0.99770712852478027,0.99848680688155911,0.99978145784717631,1.0000888571134459,0.99579696529099926,0.98626927765249262,0.99836871067353727
0.64025610244097642,0.99754953384399414,0.99905684289664531,0.99995880763384559,1.000090056237469,0.99648621884446975,0.98654001970267169,0.99825996182491394
0.68027210884353739,0.99739193916320801,1.0011015609928242,1.0000533333533033,1.0000918954642706,0.98269877472099409,0.98649893766623542,0.99816969514244291
0.72028811524609848,0.99723434448242188,1.0026872953419932,1.0002623444094936,1.0000945378175397,0.95688356539033526,0.98642325192500524,0.99806814064813676
0.76030412164865946,0.99707680940628052,1.0071084350918871,1.0005872366223019,1.0001016850590934,0.96898121703976214,0.98620559245851747,0.99796087090720387
0.80032012805122044,0.99691921472549438,1.0143046099528263,1.0006338366222742,1.0000730225838932,1.0018889510365381,0.98629379245815585,0.99786032472371577
0.84033613445378152,0.99676167964935303,1.0126759442742868,1.0007288366222242,1.0000481238345527,0.99648977842556874,0.98642479245778714,0.99778214830780598
0.8803521408563425,0.99660408496856689,0.98910077091103921,1.0007822366221959,1.000008864199706,0.99370802512304879,0.98661142902780252,0.99775304502461637
0.92036814725890359,0.99644649028778076,0.98302595752910771,1.0005348366223261,0.99994233372034058,0.97652331679868354,0.98642657579939375,0.99768189237510563
0.96038415366146457,0.9962889552116394,0.95495831422414856,1.0002874366224563,0.99986752382450095,0.97092753665834586,0.98564581540265161,0.99759027135256217
1.0004001600640255,0.99613136053085327,1.0041567094038262,1.0000412366225861,0.99978766770387129,0.97828898767649286,0.98489295232745355,0.99749425229701272
1.0404161664665867,0.99597376585006714,1.0109589333072395,1.0001356366225151,0.99970372165788668,0.98026947927362706,0.98408516592810913,0.99739549690602569
1.0804321728691477,0.99581617116928101,1.0082223486815964,1.0002294366223983,0.99963218733965287,0.98110414171499194,0.98328680041011918,0.99729471652137813
1.1204481792717087,0.9957282543182373,0.9819011445892053,0.99929563662247389,0.99953237308399168,0.99784040214723424,0.98336217442530827,0.99722540996273279
1.1604641856742697,0.99565553665161133,0.96524057954024844,0.99815943662239359,0.99942239412493772,0.97146847433269123,0.98340974371708789,0.99716110870641173
1.2004801920768307,0.99554306268692017,0.9980349077121744,0.99784811264864914,0.99935727231103944,0.98472346445010761,0.98316928649149959,0.99706397975172456
1.2404961984793919,0.99543052911758423,0.9970904184660182,0.99728078411069598,0.99929678077435946,0.98505753113624905,0.98350248429722376,0.99698236504811888
1.2805122048819528,0.99531805515289307,0.98707282570376809,0.99626071923472037,0.99926126993520414,0.99074532644799607,0.98356265559499589,0.99691823910517374
1.3205282112845138,0.99520552158355713,0.9892233886007088,0.99516600638596697,0.99921289943121638,0.97315802950133345,0.98308506464783729,0.99682777560106584
1.3605442176870748,0.99509304761886597,0.98590132721387302,0.99411722817353243,0.99916049304594101,0.97228403368882466,0.98238804952901093,0.99672749678157124
1.4005602240896358,0.99498051404953003,0.9905897432512738,0.99324242458244583,0.99910506454556669,0.98012810457764499,0.98179863663035183,0.99662785834581336
1.440576230492197,0.99486804008483887,0.99276077270579888,0.99257447377388475,0.99905122849395045,0.97992686959284792,0.98123072218287966,0.99652762058384481
1.4805922368947579,0.99475550651550293,0.99239600778601145,0.99225740988344779,0.99899618633879539,0.98466769767955653,0.98079925712699834,0.9964254194098201
1.5206082432973189,0.99464303255081177,0.98363735052298118,0.99173109948413651,0.99893617805913559,0.98368531262258307,0.98073584013459092,0.99633604034250678
1.5606242496998799,0.99453049898147583,0.98640796534200414,0.99124183753860906,0.99887268877018931,0.9679790763076892,0.98044620694378415,0.99623706895774389
1.6006402561024409,0.99441802501678467,0.98275662247545315,0.99074593450657322,0.99880732688351015,0.97149558647539525,0.98012790929739413,0.99613492058893016
1.6406562625050021,0.99430549144744873,0.99029527914023019,0.99035069093303985,0.99874311733849352,0.98187710475064061,0.97981631890788545,0.99603400914393092
1.680672268907563,0.99419301748275757,0.99122014955603921,0.99026380153626947,0.99868184513763103,0.97886024111653136,0.97963006429809563,0.99593281084538698
1.720688275310124,0.99408048391342163,0.99038368498068341,0.99022043425103989,0.99862078447612823,0.99730397327561426,0.97966173975439697,0.9958312790695899
1.760704281712685,0.99396800994873047,0.98342832520706047,0.98990476197782484,0.99855451113165083,0.98133343806411943,0.97975378384506295,0.99574498849064164
1.8007202881152462,0.99385547637939453,0.98582957315843678,0.9895454079475825,0.998487210672373,0.96714880401634651,0.97947643202908508,0.99564444890898496
1.8407362945178072,0.99374300241470337,0.98155533242836435,0.98922820199597139,0.99841882981524421,0.96875002224738183,0.97930999910018468,0.9955442527389573
1.8807523009203682,0.99363046884536743,0.9902926148546275,0.98907256980167646,0.99835410478202657,0.97919057024251899,0.97925430212866404,0.99544219511140064
1.9207683073229291,0.99351799488067627,0.99123425815934441,0.98910318753285464,0.99829126658704026,0.97973791516284248,0.97917118770866263,0.99534151972764273
1.9607843137254901,0.99340546131134033,0.98904149055637913,0.9891663472670208,0.99822809991723005,1.0167554228438251,0.97927146474863425,0.9952454049411612
2.0008003201280511,0.99329298734664917,0.98409700034139191,0.98891345910354433,0.99815934071721724,0.97894460318857779,0.97943543675854872,0.9951566648310165
2.0408163265306123,0.99318045377731323,0.9843573131551645,0.98866325062088511,0.9980918682058918,0.96554699252179466,0.97919151669718141,0.99505563801967634
2.0808323329331735,0.99306797981262207,0.98352805426132506,0.98840601670348505,0.99802259292676254,0.96582090228736306,0.97905932683958197,0.99495618758882676
2.1208483393357342,0.99295544624328613,0.99016133823674923,0.98842389515752727,0.99795917260079514,0.97886795354224587,0.97910946232289831,0.99485782484288121
2.1608643457382954,0.99284297227859497,0.99098484469576464,0.98852170350829582,0.99789670908576411,0.98111642226978346,0.9792265291579858,0.99475951543219565
2.2008803521408562,0.99273043870925903,0.97940876595982773,0.9885406577347875,0.99783325103483211,0.9895948698367979,0.97943618358024209,0.99467390643215658
2.2408963585434174,0.99267899990081787,0.98817547663161154,0.98843926228333301,0.99777232915192748,1.0105326818192497,0.97963426091349426,0.99463567074571491
2.2809123649459786,0.99260538816452026,0.99503934241556002,0.98746626228321732,0.99766244180747954,0.97837151063163807,0.97977830508078478,0.99458967471979998
2.3209283713485394,0.99250715970993042,0.99476037960256858,0.98756566228285414,0.99755686452976222,0.97792282543410869,0.97915756605490867,0.99448006735607486
2.3609443777511006,0.99240899085998535,0.9923846240202544,0.9881642783107123,0.99751451219970888,1.0142187466999717,0.97907681515299805,0.99437807782055865
2.4009603841536613,0.99231076240539551,0.98644877735328174,0.98814099313945858,0.9974673535098757,0.97838770672563857,0.97909787284803462,0.9942896118228568
2.4409763905562225,0.99221253395080566,0.98535896343788765,0.98802138028979913,0.99741745938640058,0.96621334610352827,0.97891012619514561,0.99419333575925861
2.4809923969587837,0.99211430549621582,0.99096292489148796,0.98791481868417208,0.99736522025352881,0.96678335369018209,0.97887122195170495,0.99409830079998296
2.5210084033613445,0.99201613664627075,0.99161089126045299,0.98811150548339866,0.99731545040921832,0.97921987746023409,0.9789780619616737,0.99400368658903493
2.5610244097639057,0.99191790819168091,0.99185473394504531,0.98831210548301551,0.99726439561037628,0.98053039656818408,0.97901915561555897,0.99390855168239522
2.6010404161664664,0.99181967973709106,0.98110579478485471,0.98849007258631938,0.99721049524306948,0.9883843156313783,0.97914677923027971,0.99382655994966773
2.6410564225690276,0.991721510887146,0.98488877758095705,0.98833809977548825,0.99714969418846777,0.97328125033371071,0.97906018235281389,0.9937370667415798
2.6810724289715888,0.99162328243255615,0.98308118090341812,0.98815306185023322,0.99708885180804996,0.96595687828534504,0.97883139949745734,0.99364056845270488
2.7210884353741496,0.99152505397796631,0.98733513673174267,0.98803301180681813,0.99702881281099975,0.97310849199770566,0.978623040056261,0.99354371415342013
2.7611044417767108,0.99142682552337646,0.98941061521624374,0.98813358387832206,0.99697140660268113,0.97826674029462413,0.97869285736673683,0.99344737464401967
2.8011204481792715,0.9913286566734314,0.98931748632404037,0.98824159822614366,0.99691435068434564,0.98279090854510665,0.9788406880684295,0.99335067062811322
2.8411364545818327,0.99123042821884155,0.98106141020879167,0.98815261178004943,0.99685331678563793,0.98248086903138332,0.97901949107401998,0.99327079041370525
2.8811524609843939,0.99113219976425171,0.98421101965479829,0.98788917085070904,0.99678917018540758,0.96499175719670172,0.97881746959808558,0.99317754505115596
2.9211684673869547,0.99103397130966187,0.98482955777824255,0.98762788306042004,0.99672599514298632,0.96979410671007138,0.978709445978309,0.99308282414462545
2.9611844737895159,0.9909358024597168,0.98843488116620148,0.98748548597341257,0.99666289208277536,0.9793798806306343,0.97864965879440635,0.99298893933302601
3.0012004801920766,0.99083757400512695,0.98965494231640017,0.98758698885269758,0.99660514105601494,0.97969146262950046,0.97884558191748883,0.99289596908199396
3.0412164865946378,0.99073934555053711,0.98854254252532858,0.98768682389309892,0.99654728029859574,0.98839398582669724,0.9790913357157558,0.99280952933024635
3.081232492997199,0.99064117670059204,0.9810893852076199,0.98751957901284981,0.9964844151956852,0.9812256420831712,0.97940905190334815,0.99273946734463991
3.1212484993997598,0.9905429482460022,0.98411516592504666,0.98726598977160174,0.99642005949796164,0.96661118861769357,0.97943668694767061,0.99265413149242854
3.161264505802321,0.99044471979141235,0.98264781062936124,0.98701702201908281,0.99635614776639292,0.96905507834756643,0.97942662404435954,0.9925724932666703
3.2012805122048817,0.99034649133682251,0.98862955567103494,0.98700521424945542,0.99629675292180642,0.98016031878659093,0.97948189326115465,0.9924900034213735
3.2412965186074429,0.99024832248687744,0.98939844427519508,0.98711713204384854,0.99623885473763663,0.98055205068653639,0.97974111049733614,0.99240598192713136
3.2813125250100041,0.9901500940322876,0.98768234158733059,0.98718891592026936,0.99617905001119622,1.0033990439914389,0.98002971049693999,0.9923366630647974
3.3213285314125649,0.99005186557769775,0.98342305718780054,0.98697247087620521,0.9961146421817707,0.97795462435859315,0.98027093437995938,0.99227291052736877
3.3613445378151261,0.99001699686050415,0.98166450758612944,0.9868279465802372,0.99605816956517279,1.0366264283709055,0.98051673437956266,0.99228671222351583
3.4013605442176869,0.98990762233734131,0.99449316386700715,0.98609854658006846,0.99594357186740134,0.97822218620453494,0.98034838197867424,0.99223313123706713
3.4413765506202481,0.98977947235107422,0.99257736086283133,0.98697475872586349,0.99589523465503271,0.99045106774381164,0.97990899903075612,0.99214397438128643
3.4813925570228093,0.9896513819694519,0.98517058633538779,0.98728363583343115,0.9958547584798022,0.98100916022600015,0.97979042860446763,0.99207425357736478
3.52140856342537,0.98952329158782959,0.98623593726479364,0.98729451726444273,0.99581104447750413,0.96602528156879752,0.97960982343375225,0.99198820740388383
3.5614245698279312,0.98939520120620728,0.98513195419414867,0.98724609951711872,0.99576456592460327,0.97000904608209959,0.97951378340029627,0.99190481994979751
3.6014405762304924,0.98926711082458496,0.99156662778828086,0.98727956940607686,0.99571684109364944,0.98148406767095897,0.97964657832973123,0.99182505648474784
3.6414565826330532,0.98913902044296265,0.99165491252484295,0.98743549386968366,0.99567234464750065,0.98268726540877394,0.97995100535315482,0.99175641121662084
3.6814725890356144,0.98901093006134033,0.98898844705210731,0.98757489386931607,0.99562584326405235,1.0055720495996776,0.9802628816576473,0.99169829465480652
3.7214885954381751,0.98888283967971802,0.98449894415572614,0.98745000024435603,0.99557246810631572,0.97899562385099681,0.98055963223634668,0.99164294987087376
3.7615046018407363,0.9887547492980957,0.98487224689983122,0.98724700024406764,0.9955193552260686,0.96863297135557624,0.98054927947205184,0.99157548623815417
3.8015206082432975,0.98862665891647339,0.98688862668550892,0.98707227578417334,0.99546711338162952,0.96633033766898213,0.98049550242580696,0.99150278674915282
3.8415366146458583,0.98849856853485107,0.9899813778546761,0.98715742417481989,0.99541482318540186,0.98123436305686373,0.98065332929491356,0.99143527403843978
3.8815526210484195,0.98837047815322876,0.9900694809354017,0.98730144695481004,0.99536556024489775,0.98328124084149438,0.98092993737363887,0.99137095445386858
3.9215686274509802,0.98824238777160645,0.97880034001128446,0.98738310554399422,0.99531338985777984,1.0002758675351728,0.98118856408738386,0.99131867905919369
3.9615846338535414,0.98811429738998413,0.98376668947860302,0.98715946262610432,0.99525642161740691,0.97352288656398145,0.9812260840090663,0.99125296206393765
4.0016006402561022,0.98798620700836182,0.98492335274184661,0.98691355267347292,0.99520085296355665,0.97192724501000116,0.98111198614573603,0.99118015209385135
4.0416166466586638,0.9878581166267395,0.9758550328294483,0.98671267366059334,0.99514490187490212,0.96794039552641331,0.98099264027279953,0.99111001045771052
4.0816326530612246,0.98773002624511719,0.98934836781625346,0.98674013562794682,0.99508999499310002,0.98158474448970912,0.98107352005740922,0.99104734559158492
4.1216486594637853,0.98760193586349487,0.988845786668472,0.98685054006906947,0.99503910664579753,0.98743740773269151,0.98122159892567651,0.99098644245099343
4.161664665866347,0.98747378587722778,0.97964988380687179,0.98681131896419527,0.99498419028403973,0.98454121389783855,0.98136732725974873,0.99093750979540174
4.2016806722689077,0.98734569549560547,0.98410481154236351,0.98654068122482086,0.99492503741866267,0.97157840606229884,0.98139105766512469,0.99087716492845934
4.2416966786714685,0.98721760511398315,0.98422500715421246,0.98625949639486077,0.99486750243449118,0.97587630360758792,0.98137350347497876,0.9908186682462734
4.2817126850740292,0.98708951473236084,0.98829440065260465,0.98606996059097041,0.9948081497651502,0.98346200823497221,0.98140468148793158,0.99076422381209428
4.3217286914765909,0.98696142435073853,0.98954352673665102,0.98615554726562338,0.99475508901605636,0.98455865584522362,0.98165196087364937,0.99071303824192058
4.3617446978791516,0.98683333396911621,0.98833715032613889,0.98624942259664417,0.99470263284721683,0.98891059969686601,0.98188723128153832,0.99066399743673694
4.4017607042817124,0.9867052435874939,0.98057202938513255,0.98614257315775311,0.99464595375734532,0.98080644208241186,0.98208839174708906,0.99061728704091856
4.441776710684274,0.98657715320587158,0.9842727220872789,0.98589938619068229,0.99458910532768474,0.9666158160731223,0.98182446440350657,0.99054788396179505
4.4817927170868348,0.98654556274414063,0.95587906710766246,0.98575891576803731,0.99453169041490963,1.0096540585513121,0.98227526440306168,0.99056142804027481
4.5218087234893956,0.98653477430343628,0.99323447057556935,0.98627574841588994,0.99449991306360475,0.99232714496204177,0.98199490178130511,0.99051455455505688
4.5618247298919572,0.98652362823486328,0.99265686556729371,0.98743594841527926,0.99449066793539687,0.99215225087737735,0.98311790178070768,0.99055402428987727
4.601840736294518,0.98651254177093506,0.99269925192915476,0.98859614841466859,0.99448219922956571,0.99829223164140113,0.984278101780097,0.99059094304214124
4.6418567426970787,0.98650139570236206,0.99125375588580056,0.98974089828793499,0.99447034203834028,0.99947555505141339,0.98543830177948633,0.99065212097643984
4.6818727490996395,0.98649024963378906,0.97461910706952448,0.98944120820730075,0.99440575386022356,1.0057217893112425,0.98659850177887565,0.99069571500694231
4.7218887555022011,0.98647910356521606,0.97223463200705607,0.98828100820722609,0.99429008180340261,1.0103198188695293,0.98775870177826497,0.99079455113137249
4.7619047619047619,0.98646795749664307,0.97250844790467872,0.98712080820715176,0.99417406180346368,0.99688133234645915,0.98891890177765429,0.9908620499630113
4.8019207683073226,0.98645681142807007,0.97371985012666862,0.98596060820707709,0.99405804180352475,0.99126644912089024,0.99007747198116758,0.99088954163282905
4.8419367747098843,0.98644566535949707,0.97772633015366994,0.98480020820700276,0.99394200180358583,0.99643662201449035,0.99055904861267918,0.9908958417951067
4.881952781112445,0.98643451929092407,0.97324021816623763,0.98483200820665739,0.99388496293130357,0.98210705368963624,0.9910424234491666,0.99094785174872035
4.9219687875150058,0.98642337322235107,0.97207719694871486,0.98367180820658273,0.99376894293136464,0.98546712026804117,0.98988222344909205,0.99090666200658695
4.9619847939175674,0.98641222715377808,0.96662110334606421,0.9825116082065084,0.99365292293142571,0.98890342120831631,0.98875949528341645,0.99088104479749128
5.0020008003201282,0.98640108108520508,0.97177843364953964,0.98135140820643374,0.99353690293148678,1.007730698230817,0.98960191141270948,0.99089979165429087
5.0420168067226889,0.98638993501663208,0.97954052699327021,0.98023506265110283,0.99342088293154784,1.0132225386030638,0.9907621114120988,0.99099356881905099
5.0820328131252497,0.98637878894805908,0.98171658225927305,0.98032297990083483,0.99330486293160891,1.0053879006041557,0.99192231141148812,0.9910997816269661
5.1220488195278113,0.98636770248413086,0.98156986489528819,0.98115917990031143,0.99322600350403378,1.0059290755839077,0.99308251141087744,0.99118757831454773
5.1620648259303721,0.98635655641555786,0.98300264503008405,0.9821145912681315,0.99316603147436255,1.0074019115899724,0.99424291141026666,0.9912839143066895
5.2020808323329328,0.98634541034698486,0.9801439271303356,0.98224868413827626,0.99309874591470537,0.99918236422155871,0.99495569086040159,0.99135048300976991
5.2420968387354945,0.98633426427841187,0.98034235585579099,0.98108848413820193,0.99301862129995522,1.0014341552247887,0.99611589085979091,0.99140328334546013
5.2821128451380552,0.98632311820983887,0.97513949048928761,0.98006854919210185,0.99292600626219651,0.9900526319661298,0.99633946956855513,0.99144279750618702
5.322128851540616,0.98631197214126587,0.97231807258797687,0.97906594919199774,0.99282231575961211,1.0020369109575533,0.99677153523193485,0.99147943909953695
5.3621448579431776,0.98630082607269287,0.98200335627323609,0.97797134919191042,0.99270629575967317,1.0048928815259877,0.99793173523132417,0.99156052195308009
5.4021608643457384,0.98628968000411987,0.97486113319575129,0.97780434919161197,0.99264254976653854,0.97306648894073744,0.99734226296287087,0.99153880562023478
5.4421768707482991,0.98627853393554688,0.9808191418747827,0.97729632696626134,0.99255623436777263,0.98878037835499411,0.99619098100259185,0.99143868871519913
5.4821928771508608,0.98626738786697388,0.97814220091547277,0.97828426479137487,0.99247796088021856,0.98502068947187438,0.99539500926528512,0.99143269439596593
5.5222088835534215,0.98625624179840088,0.98492462433270245,0.97913794660313891,0.99242729512806283,0.99494871711510657,0.99542930159251342,0.99146230984435924
5.5622248899559823,0.98624509572982788,0.98533752804917496,0.9798018866518341,0.99236907558098908,0.97621826069849893,0.99427230206636674,0.99143085864607516
5.6022408963585431,0.98623394966125488,0.97630802193385235,0.9794929721008514,0.99229421284644237,0.98962382109640312,0.99311210206629208,0.99141035172135239
5.6422569027611047,0.98622280359268188,0.97662658571921124,0.97833277210077674,0.99220289295769493,0.99056177071599072,0.99195190206621775,0.9914012296834317
5.6822729091636655,0.98621171712875366,0.97569723445943402,0.97717257210070241,0.99211042929882676,0.99021601673857407,0.99108497815850938,0.99139781657539439
5.7222889155662262,0.98620057106018066,0.97631347160894877,0.97609308168561804,0.9920177457144248,0.99214335192462988,0.99157903817919268,0.99139784977033052
5.7623049219687879,0.98618942499160767,0.97586895977691701,0.97597762640020114,0.99192512073368611,0.9962021642727692,0.99230758493551152,0.99140712302350364
5.8023209283713486,0.98617827892303467,0.97721303131153214,0.97583621739285786,0.99183223844706692,0.99400495351305729,0.99339295941558636,0.9914330548843483
5.8423369347739094,0.98616713285446167,0.9857512189409392,0.97699661739224708,0.99177950919882418,1.0046844087262894,0.99392061151243527,0.99148459639508857
5.882352941176471,0.98615598678588867,0.98378049532218059,0.9781568173916364,0.99174108916649117,0.9996324139251761,0.99508081151182459,0.99154034091971877
5.9223689475790318,0.98614484071731567,0.9841559173843788,0.97931701739102572,0.9916982534641936,1.0005536335135983,0.99624101151121391,0.99159113230247475
5.9623849539815925,0.98613369464874268,0.98348530458779082,0.98047721739041505,0.99165392606914415,1.0001681308805763,0.99740121151060324,0.99164250675967658
6.0024009603841533,0.98612254858016968,0.98178700417190801,0.98158821698135701,0.9916028073119213,0.99992513014421758,0.99856141150999256,0.99169349029583731
6.0424169667867149,0.98611140251159668,0.98108993017512958,0.98177434697758115,0.99154710597369844,0.99940412612402663,0.99971961150938271,0.9917450823696341
6.0824329731892757,0.98610025644302368,0.98214958922165685,0.98179174982576312,0.99149147229984336,1.0014690391195589,1.0001972098165466,0.99179357173613636
6.1224489795918364,0.98608911037445068,0.98138251717586211,0.98180324984956802,0.99143576827291358,0.99852301114931985,1.000015985734894,0.99184266942952881
6.1624649859943981,0.98607796430587769,0.97718511686464937,0.98072999956265849,0.99136557385888446,1.0061476338633866,0.99989820297094156,0.99189151010771326
6.2024809923969588,0.98606681823730469,0.97916147181434099,0.97987228295250428,0.99127292573936499,0.99225423287586378,0.99981334132981103,0.99192830029721568
6.2424969987995196,0.98605573177337646,0.98025855196319711,0.97922959707042656,0.99117064922905207,0.985783507701391,0.99865314132973637,0.99188598172247966
6.2825130052020812,0.98604458570480347,0.97858846875392458,0.9785119089230595,0.9910557822465188,0.98128336662332671,0.99749294132966204,0.99183920419221705
6.322529011604642,0.98603343963623047,0.95283403087156171,0.97768475087294227,0.99093976224657987,0.9811787742653677,0.99633274132958738,0.99178715729504452
6.3625450180072027,0.98602229356765747,0.95402641978265978,0.97687858409185757,0.99082374224664094,0.96872510517968879,0.99565633539482556,0.99175209701138545
6.4025610244097635,0.98601114749908447,0.96418546188963494,0.97609889499763525,0.99070772224670201,0.96744086764551973,0.99481853539467668,0.99168397277820797
6.4425770308123251,0.98600000143051147,0.97338542173158471,0.97536825170930608,0.99059170224676307,0.9781076270194986,0.99396993539453404,0.99159539818548936
6.4825930372148859,0.98598885536193848,0.97618722080254827,0.97476742290666585,0.99047568224682414,0.996743695210631,0.99314853539438563,0.99149541991406676
6.5226090436174466,0.98597770929336548,0.9723047511599634,0.97429934779790139,0.99035966224688521,0.98326812971777977,0.99239953539421677,0.99138560003243115
6.5626250500200083,0.98596656322479248,0.95008127887646598,0.97358012596130217,0.99024362224694629,0.96714257474942322,0.99137753539411522,0.99130616725850451
6.602641056422569,0.98595541715621948,0.9536152720726071,0.97286079154736804,0.99012760224700735,0.96519821290044394,0.99035691880979559,0.99122025040331674
6.6426570628251298,0.98594427108764648,0.9635345284753396,0.97216741543714891,0.99001158224706842,0.98065201558906667,0.98933831880969203,0.99113379010352554
6.6826730692276914,0.98593312501907349,0.97048304587911927,0.97149387599768244,0.98989556224712949,0.97983621892752659,0.98832245106305128,0.99104690893325098
6.7226890756302522,0.98592197895050049,0.9746729983010336,0.97112241738092275,0.98977954224719056,0.98575841265464303,0.98732259065931161,0.99096858494465523
6.762705082032813,0.98591089248657227,0.95195887360302123,0.97081199922277728,0.98966352224725163,0.97929611182210441,0.98650819467695972,0.99089984254228469
6.8027210884353737,0.98589974641799927,0.94907078800969757,0.97024741454867558,0.98954750224731269,0.96782447183528908,0.98558329064460448,0.99081480209482442
6.8427370948379354,0.98588860034942627,0.95867650643854896,0.96968114177935827,0.98943148224737376,0.96132699047622205,0.98469349366191272,0.99072694575506293
6.8827531012404961,0.98587745428085327,0.96393847050387582,0.96916170011710234,0.98931544224743484,0.97931058745190702,0.98384081297397696,0.99063957182048745
6.9227691076430569,0.98586630821228027,0.96979420694693097,0.96866046179958287,0.98919942224749591,0.98060858869965883,0.98303750893728326,0.99055331792077472
6.9627851140456185,0.98585516214370728,0.97377186424786677,0.9684722617992878,0.98908340224755698,0.99405099076193781,0.9825482059609556,0.99047916825289517
7.0028011204481793,0.98584401607513428,0.95086155124638316,0.96821234130091571,0.98896738224761804,0.97554152500522662,0.98207850561884735,0.99041043748992919
7.04281712685074,0.98583287000656128,0.94989647433875157,0.96765865565431675,0.98885136224767911,0.96692810998820822,0.98144569660211556,0.99032593286503579
7.0828331332533017,0.98582172393798828,0.96059933346840454,0.96711466401005075,0.98873534224774018,0.9612781055624624,0.98080263831157721,0.99024038769788769
7.1228491396558624,0.98581057786941528,0.96213444639112222,0.96657164365352677,0.98861932224780125,0.97974610219937019,0.9803100781193802,0.99015586765989516
7.1628651460584232,0.98579943180084229,0.97141500087255361,0.96616391716605388,0.98850330224786231,0.98074747168887166,0.98011055850983553,0.99007522384093283
7.2028811524609848,0.98578828573226929,0.99292426295869163,0.96625171716569225,0.98838728224792338,1.012002670160435,0.98008834223696972,0.99000729167106016
7.2428971588635456,0.98577713966369629,0.94833411304055182,0.96592309851957936,0.98827124224798446,0.97100584744252394,0.97996668324179248,0.989935026321075
7.2829131652661063,0.98577350378036499,0.98544615823943038,0.96631463706108511,0.98815522224804553,0.9966702491872883,0.98009008324142144,0.98990913528843416
7.3229291716686671,0.98564887046813965,0.98839104155764801,0.96580352154907745,0.9880392022481066,0.97901549817879963,0.97983719169296823,0.98985295358915593
7.3629451780712287,0.98550856113433838,0.98815519172986377,0.9663393337370505,0.98792318224816766,1.0104216228889606,0.97952655163166735,0.98978440450295513
7.4029611844737895,0.98536825180053711,0.98009179190524642,0.96698033373658543,0.98780716224822873,0.9743989587987979,0.97942499594622534,0.98971335058697207
7.4429771908763502,0.98522794246673584,0.98133322789221222,0.96773613373607126,0.9876911422482898,0.96650380792120694,0.97902574764599437,0.98962987329040975
7.4829931972789119,0.98508763313293457,0.95840141895007047,0.96821233373562632,0.98757512224835087,0.9606527464897191,0.97875558477111368,0.98954658199911572
7.5230092036814726,0.9849473237991333,0.99287721409702578,0.9688246620994676,0.98745910224841194,0.9796699864902032,0.9785774692208502,0.98946256220261009
7.5630252100840334,0.98480701446533203,0.9923083285689045,0.96957706209895556,0.98734306224847301,0.98125619515427098,0.97862106752385691,0.98938639246233362
7.603041216486595,0.98466670513153076,0.97865889066655953,0.97031526209845054,0.98722704224853408,0.98829034269036453,0.97878121295024911,0.98932473525206654
7.6430572228891558,0.98452639579772949,0.98196327088530466,0.97108746209793317,0.98711102224859515,0.96987200220978786,0.97878196042981491,0.98925115265599572
7.6830732292917165,0.98438608646392822,0.98489664933387411,0.97185286209741906,0.98699500224865622,0.9675691312177872,0.978541423855534,0.98917028266899554
7.7230892356942773,0.98424577713012695,0.96767507050971302,0.97238106209695752,0.98687898224871728,0.96317524363552831,0.97834306380558567,0.98908967601506026
7.7631052420968389,0.98410546779632568,0.99452876841097049,0.97312366209644985,0.98681088485568891,0.97857790700902869,0.97838572943710533,0.989008027225451
7.8031212484993997,0.98396515846252441,0.99370944003619555,0.97328137130670767,0.98675894143660425,0.98454957891342121,0.97852358150797492,0.98893684703610951
7.8431372549019605,0.98382484912872314,0.97018961115114943,0.97332780630909999,0.98670001812491548,0.98354797211851308,0.97869470076158072,0.98887835806827429
7.8831532613045221,0.98368453979492188,0.98303782571042875,0.97345517572504292,0.98663691582412527,0.96952601092696467,0.97859292389168706,0.98880441961315058
7.9231692677070829,0.98354423046112061,0.95454329118958303,0.97339837572473653,0.98658515268367397,0.9614691364147756,0.97838242739315417,0.98872495274922501
7.9631852741096436,0.98340392112731934,0.99598062240860386,0.97381057572432284,0.98652867190167703,0.98155365748144441,0.97824059577062594,0.98864584840750824
8.0032012805122044,0.98326361179351807,0.99475910801171274,0.97390456851396334,0.98647127624210207,0.97963729767044394,0.97836145105334793,0.98857210283965247
8.043217286914766,0.9831233024597168,0.99265940874900538,0.97394956851361214,0.98641461216917303,0.98406055179676966,0.97856770495087986,0.98850644115398589
8.0832332933173277,0.98298299312591553,0.98335620783995104,0.97465096851312638,0.98639484374722886,0.97910644547587911,0.97877334321878262,0.98845119559256511
8.1232492997198875,0.98284268379211426,0.94562980260186869,0.97486836851275449,0.98635690626774641,0.96901064291018058,0.97861390133477721,0.98837802115988183
8.1632653061224492,0.98270237445831299,0.95686921252073753,0.97460896851247347,0.98628008664338018,0.95871817348876198,0.9784879131094375,0.98830160151237412
8.2032813125250108,0.98256206512451172,0.99518000458499334,0.97504116851204947,0.98622191915448421,0.97890710893433497,0.978342046191785,0.98822543674083907
8.2432973189275707,0.98242175579071045,0.99415425462795493,0.975752568511564,0.98621007980956588,0.97900559067807402,0.97849629662345095,0.98815564005213385
8.2833133253301323,0.98228144645690918,0.99228489496598982,0.97580896851121235,0.98615875719723267,0.99112086225394092,0.97869376230291993,0.98809331112353527
8.323329331732694,0.98214113712310791,0.97177946303261342,0.97628356851078346,0.98613328381942511,0.97490780091690055,0.97877831187261943,0.98803655966141768
8.3633453381352538,0.98200082778930664,0.94645815321652549,0.97599976851050974,0.98605855625326777,0.96650428253202014,0.97859841857142527,0.98796366551194204
8.4033613445378155,0.98197072744369507,0.9678947529680445,0.97520596635374213,0.98594744207384444,0.98738039510875586,0.97901101857098749,0.98797031572401972
8.4433773509403753,0.98186182975769043,0.98576242105085965,0.97472456635351512,0.98583143211963309,0.99920502688788904,0.9782644185708198,0.98787595443847054
8.483393357342937,0.98175299167633057,0.98296546613553737,0.97510397356032819,0.98577651403259958,0.97722514753870382,0.97849021857043228,0.98781650479691607
8.5234093637454986,0.9816441535949707,0.98222885171833707,0.9756769735598767,0.98573976548969333,0.9688210952166586,0.97835961857013487,0.98774691813053017
8.5634253701480585,0.98153525590896606,0.95581173334424885,0.97630477355938983,0.98571073577590373,0.959776080991386,0.97820864140665043,0.98767411791282189
8.6034413765506201,0.9814264178276062,0.99336968306990614,0.97697077355889683,0.98568355219268533,0.97921074120207996,0.97820390810448776,0.98760061707922464
8.6434573829531818,0.98131752014160156,0.99309647269173873,0.97775537355837749,0.98567322371638355,0.9808868292888977,0.97835618903459798,0.98753585716020043
8.6834733893557416,0.9812086820602417,0.99061729438648349,0.97855237355785252,0.98566419499185809,1.0097317760719737,0.9784879378596365,0.98748051562128059
8.7234893957583033,0.98109984397888184,0.98324333901350958,0.97939442887256178,0.98565214115098065,0.97173390042997365,0.97853801085501158,0.98742081480302868
8.7635054021608649,0.98099100589752197,0.98466067840219895,0.98022102887203233,0.98564108134411466,0.96824094282387263,0.97833969740694049,0.98734986691706439
8.8035214085634248,0.98088210821151733,0.96729522815549207,0.98071397763164703,0.98561780157137391,0.96147038226816028,0.97819207134563047,0.98727867608872388
8.8435374149659864,0.98077327013015747,0.99468178317728895,0.98065257763132663,0.98556806186685875,0.97861047717608463,0.97827781061790775,0.98721548146209992
8.8835534213685481,0.98066443204879761,0.99352832916715772,0.98140749839264108,0.98556254602100479,0.98337046767437608,0.97843346054495495,0.9871556565569094
8.923569427771108,0.98055553436279297,0.98138990451321506,0.98143609839229584,0.98551476064812371,0.98679069117335416,0.97861639292202351,0.98710683503920893
8.9635854341736696,0.98044669628143311,0.98339266011115167,0.98214705087880305,0.98550111903885429,0.96925975426075917,0.9786013373341047,0.98704400670659043
9.0036014405762312,0.98033779859542847,0.95019632757294603,0.98215401784570699,0.98546271623409853,0.96263211088617195,0.97841863186005962,0.98697506746015218
9.0436174469787911,0.9802289605140686,0.96029191124102065,0.98242931863286531,0.98541663803948898,0.97210296966358867,0.97822613727764862,0.98690417293293564
9.0836334533813528,0.98012012243270874,0.99476146953758782,0.98293870189546628,0.98540518231931729,0.97989311289875902,0.97831190491082443,0.98683820823621804
9.1236494597839144,0.9800112247467041,0.99298566263144472,0.98346280277968523,0.98540276855816111,0.98590708449187803,0.97847942194448012,0.98678226101387967
9.1636654661864743,0.97990238666534424,0.98259482767703488,0.98341460277935822,0.98535430569203564,0.98263636339905813,0.97865191171325949,0.98673684440975773
9.2036814725890359,0.97979354858398438,0.98190768419932106,0.98358127318867805,0.98534052383408388,0.97191834605725369,0.9785558915107716,0.98667575741791436
9.2436974789915958,0.97968471050262451,0.95387964186672936,0.983439136556577,0.98529933330893182,0.95913867866925773,0.97841867543210026,0.98661069617364905
9.2837134853941574,0.97957581281661987,0.99528512276240888,0.98328568531786043,0.98525414976970094,0.97726649800580401,0.97830205200625031,0.98654427733310945
9.3237294917967191,0.97946697473526001,0.99396188109705108,0.98357859836916894,0.98524763007715299,0.97902878728156917,0.97845981743424215,0.98648599098511891
9.3637454981992789,0.97935807704925537,0.99238353408523516,0.98393532024813801,0.98524495043285243,0.98932196861920763,0.97864653648272104,0.98643373792879263
9.4037615046018406,0.97924923896789551,0.98311599827208973,0.98381112024782413,0.9851956431650446,0.97720272217778015,0.97883947021070228,0.9863887323707502
9.4437775110044022,0.97914040088653564,0.98368482324826556,0.9836679127320922,0.98518165675200897,0.97017854146876381,0.97867033647294777,0.98632819471758848
9.4837935174069621,0.97903150320053101,0.9557278688997094,0.98365481949202049,0.98516579998341713,0.95664471749859215,0.97853446660590648,0.98626345376425684
9.5238095238095237,0.9790111780166626,0.98656976014042241,0.98380917090186903,0.98514662583381363,0.98225329314645371,0.97918112432831195,0.9862826740940096
9.5638255302120854,0.97892880439758301,0.97755521035564219,0.98444594831198906,0.98515748678413551,0.97896103658798483,0.97844241280824673,0.98619101256831065
9.6038415366146452,0.97884649038314819,0.97675653019428821,0.9840485689689914,0.98514003434612529,0.97135326255778676,0.97834237362314214,0.98613696959063446
9.6438575430172069,0.97876405715942383,0.98002143054455704,0.98364856896874653,0.98511951115358254,0.96057390176837609,0.97823437362283538,0.98607702227248584
9.6838735494197685,0.97868174314498901,0.98652973530443644,0.98342554606766419,0.98510154953103479,0.98037205453563003,0.97820238645721291,0.98601562689138056
9.7238895558223284,0.97859936952590942,0.98577380481661669,0.9833718531467992,0.98508490769289625,0.98233676532322534,0.9784146173377215,0.98596539561517493
9.76390556222489,0.97851699590682983,0.97813263370808134,0.9832968877624686,0.98506663819201912,0.98831531908440928,0.97864681733733838,0.9859211568950218
9.8039215686274517,0.97843462228775024,0.9760355381790311,0.98293414662527812,0.9850413248545361,0.97163524070717955,0.97875848320399916,0.98587681230739455
9.8439375750300115,0.97835224866867065,0.97942287456313293,0.98263301780528112,0.98501700429025441,0.9695252396843933,0.9786101256962122,0.98581833543441111
9.8839535814325732,0.97826987504959106,0.97813862835068732,0.98236707685950453,0.98499398433368557,0.96071153890420424,0.97845239652963756,0.98575665671874246
9.9239695878351348,0.97818750143051147,0.98282026257019039,0.98225950782727312,0.98497134572844958,0.98011718852894136,0.97842874599645335,0.9856959500671405
9.9639855942376947,0.97810518741607666,0.98402663898070253,0.98228899553597016,0.98495008835065012,0.98296426014462812,0.97863270938760294,0.98564761885721486
10.004001600640256,0.97802281379699707,0.97714309381446141,0.98215277657964806,0.98492620063844538,1.0104338441174006,0.97882057386828514,0.9856074636314901
10.044017607042818,0.97794044017791748,0.98250842005078376,0.98181256566337105,0.98489820776401316,0.97032217056610859,0.9788220697305885,0.98555781469392079
10.084033613445378,0.97785806655883789,0.97816599783006053,0.98136743435017004,0.98486927067804131,0.97036239383252731,0.97864633201726881,0.98550046571139605
10.124049619847939,0.9777756929397583,0.95615663722590716,0.98096343173546463,0.98483818257597844,0.96105871671406051,0.97847915153790421,0.98543980283798782
10.164065626250499,0.97769331932067871,0.98204804360902676,0.98090003173513995,0.98480463159230069,0.97987240800203323,0.97853000413058644,0.98538408920007348
10.204081632653061,0.97761094570159912,0.98392581999141859,0.98084881581370276,0.98477112206207307,0.98822193940691205,0.97870060844535067,0.98533718937773918
10.244097639055623,0.97752857208251953,0.97499337864475788,0.98071268358182639,0.98473578955456065,0.98501950294484142,0.9788740564249907,0.9853010209088493
10.284113645458183,0.97744625806808472,0.97623590456674303,0.9804060385366532,0.98469794303302183,0.96973768734965216,0.97884255418539523,0.98525005385147857
10.324129651860744,0.97736382484436035,0.97874396615000925,0.98008552174227781,0.98466219230058616,0.96045305399006498,0.97872891282529217,0.98519737369060667
10.364145658263306,0.97728151082992554,0.96050329808281643,0.97970201476362573,0.98461825610120368,0.973360035728702,0.97856815845563094,0.98513956685923865
10.404161664665866,0.97719913721084595,0.98074127207284933,0.97975793944046963,0.98457997211250281,0.9808462500643691,0.97867635845528467,0.98509016509662717
10.444177671068427,0.97711676359176636,0.98078892645397031,0.9797915117078857,0.9845430785494711,0.9889258465692401,0.97885104427289571,0.9850476037772089
10.484193677470989,0.97703438997268677,0.97698366054191821,0.9796291054498345,0.98450328429688316,0.98177921627041798,0.97903480495908635,0.98501222205780747
10.524209683873549,0.97695201635360718,0.97779263453400989,0.97938725077207889,0.98446285660061628,0.97261258302426279,0.97890795069555891,0.98496196421724391
10.56422569027611,0.97686964273452759,0.97882565072451011,0.97913141436724105,0.98442330758235275,0.95857608687656004,0.97874402680428874,0.98490727133537559
10.604241696678672,0.97679030895233154,0.967898567740612,0.97891660579584661,0.9843742479096157,0.96650481646918507,0.97856185987504496,0.98484917943267536
10.644257703081232,0.97676593065261841,0.97908039275929526,0.97871224688550174,0.98432401096917721,0.96996294950686746,0.97916878194946011,0.98487805083313917
10.684273709483794,0.97667068243026733,0.98094133570083375,0.97893399049266894,0.98430340026010232,0.97388228560227752,0.97823758194933286,0.98477956015867341
10.724289715886355,0.97657549381256104,0.97861759423971773,0.97909316539485591,0.98428500978673306,0.95980337111314507,0.97813467346138216,0.98472321853924649
10.764305722288915,0.97648030519485474,0.9872747058901179,0.97897073727316286,0.98426497437887561,0.97651423986688113,0.97803185475984455,0.98466989332627652
10.804321728691477,0.97638511657714844,0.98634765560427029,0.97903662316029738,0.98424978443412081,0.98077654160118022,0.97823568879718192,0.98462852611204754
10.844337735094038,0.97628992795944214,0.98403342079860023,0.97905866113826767,0.98423095620764212,0.98966600213242628,0.97845635536163633,0.98459331486991575
10.884353741496598,0.97619473934173584,0.97797320043553804,0.97880347841326298,0.98420220963560112,0.97854059073384081,0.97865093610299914,0.98456053979672575
10.92436974789916,0.97609955072402954,0.97612703216870556,0.97852289340655685,0.98417253052378373,0.97153035171746227,0.97850770747214444,0.98451218344218816
10.964385754301722,0.97600436210632324,0.97884902377547922,0.97825726113057476,0.9841432150045597,0.9602747783033565,0.97835926480137547,0.98445778665241213
11.004401760704281,0.97590917348861694,0.98560649979115633,0.97816422484332732,0.98410929081438991,0.98058990089888909,0.97824582442163832,0.98439907831351314
11.044417767106843,0.97581398487091064,0.98547310385518494,0.97823171041758394,0.98408359642762677,0.98273021768736857,0.9784261844426676,0.98435705828779552
11.084433773509403,0.97571879625320435,0.97785342868730774,0.97829832374240233,0.98405661405664202,0.99412544533325864,0.97859066761807556,0.9843215922295413
11.124449779911965,0.97562354803085327,0.97807710757404331,0.97813558200253803,0.98402344752380455,0.97550646313140144,0.9786802939205187,0.98428546538016615
11.164465786314526,0.97552835941314697,0.97719280696172983,0.97792784463925631,0.9839879588628847,0.97060776762295209,0.97851589926386984,0.98423711585107554
11.204481792717086,0.97543317079544067,0.95299400911161458,0.97779213169415224,0.98395239873014617,0.96019219602185957,0.97835495945132012,0.98418281089858484
11.244497799119648,0.97533798217773438,0.9824917682657669,0.97785278642549511,0.98391206893619221,0.98149083087504707,0.97830402739633948,0.98413060522066953
11.284513805522209,0.97524279356002808,0.98432855098104455,0.97801655039427482,0.98388036612621577,0.98526861429542001,0.97846909904004886,0.98408847705085645
11.324529811924769,0.97514760494232178,0.97373238437939047,0.97810288774288667,0.98384730627624517,0.98964784826882146,0.97862901528785939,0.9840569365144296
11.364545818327331,0.97505241632461548,0.97606720684653592,0.97798934952251126,0.98380927708699228,0.97121562542195861,0.97864396218137928,0.98401533613386549
11.404561824729893,0.97495722770690918,0.9771387946263298,0.97780720610627248,0.98377107659010654,0.96016472792104557,0.97847580391191236,0.98396663243709948
11.444577831132452,0.97486203908920288,0.95544266923632981,0.97775213945908146,0.98372808596698935,0.95852975299592136,0.97829935872311813,0.98391235630205087
11.484593837535014,0.97476685047149658,0.98060763392909589,0.97788380572155975,0.98368596402488429,0.98019176175296552,0.97830885474549301,0.98386493304627975
11.524609843937576,0.97467166185379028,0.98272846582078832,0.97807563205894099,0.98365004962658176,0.98993261475674177,0.97848761382379945,0.98382936390797993
11.564625850340136,0.97457647323608398,0.97819766649756534,0.97815780166082389,0.98361157373093655,0.98342712434020196,0.97865873734017872,0.98379926378299254
11.604641856742697,0.97448128461837769,0.97677881331023808,0.97801133545407626,0.98357136191931993,0.97375200493405401,0.97860233310816391,0.98375669068665661
11.644657863145259,0.97438609600067139,0.97840408807982882,0.97789535884219769,0.98353142288996109,0.95718037512764065,0.97843895369346612,0.98370817316570547
11.684673869547819,0.97429084777832031,0.9817450416736655,0.97780291582510159,0.98348235173380727,0.97350627518551935,0.97827784369939674,0.98365603246506683
11.72468987595038,0.97421097755432129,0.9825918000797591,0.97770519559384961,0.98343328763221094,0.99462989730133911,0.97807724369911231,0.98360173691338726
11.764705882352942,0.97421270608901978,0.98794822518009062,0.97809730692389385,0.98339690051397832,0.98048536786728169,0.97923744369850163,0.983686085261402
11.804721888755502,0.97421717643737793,0.98735590604905465,0.9785687031439525,0.98337124314272883,1.0155332999998339,0.97942030426364712,0.98374336319320066
11.844737895158064,0.97422164678573608,0.98859298229594328,0.97972890314334182,0.98340031455683119,1.0142189840053781,0.98058050426303645,0.98391358302416787
11.884753901560623,0.97422611713409424,0.98916731749916109,0.98088910314273114,0.98343111556962204,1.0083040280931632,0.98174070426242577,0.98404712779003178
11.924769907963185,0.97423058748245239,0.9848813902436041,0.98204927634760941,0.98345298276828363,1.0005134102471795,0.98290090426181509,0.9841435650626319
11.964785914365747,0.97423505783081055,0.96408070702389248,0.98143240190446335,0.9834075565710777,0.99565137842405005,0.98405950426120525,0.98422778705954395
12.004801920768307,0.9742395281791687,0.9664447760807221,0.98027220190438902,0.98330381482843221,1.003927641784641,0.98521970426059458,0.98432780437877054
12.044817927170868,0.97424399852752686,0.96900261136320232,0.97911180190431435,0.98321115791535463,1.0107256111148157,0.98638010425998379,0.98445429985583721
12.08483393357343,0.97424846887588501,0.97462891648469807,0.97806789902062252,0.98316046038759608,1.0127869645292489,0.98754030425937311,0.98462272552796593
12.12484993997599,0.97425293922424316,0.97711154625084762,0.97826795540105693,0.98313292192624779,1.0039321505873664,0.98870050425876244,0.98477016325803324
12.164865946378551,0.97425734996795654,0.96740537214438538,0.97742860462146508,0.98306065326601133,0.98570472230639972,0.98835478859145898,0.98479726844459148
12.204881952781113,0.9742618203163147,0.9885919529128695,0.97750844901344425,0.98302535483095022,0.98413079419712335,0.98720178859138441,0.9847958528594164
12.244897959183673,0.97426629066467285,0.98214014311815634,0.97865952469377215,0.98305902921238408,1.0091599886947704,0.98728598859102656,0.98484020788014648
12.284913965586234,0.97427076101303101,0.9960505599056747,0.97981972469316148,0.98312028943340057,1.0002787152000521,0.98844618859041589,0.9849356183148863
12.324929971988796,0.97427523136138916,0.97847687151833884,0.98089710519079154,0.98318452983247517,1.0012714823685642,0.98960638858980521,0.98504367675412274
12.364945978391356,0.97427970170974731,0.98326550102556831,0.98125619413798804,0.98316986771958803,0.99503907114866963,0.99076658858919453,0.98513209923040934
12.404961984793918,0.97428417205810547,0.9860944879200686,0.98222459413747831,0.98317334615539287,1.0045098705997348,0.99192698858858375,0.98520156788068802
12.444977991196479,0.97428864240646362,0.97710373504987613,0.98299858768735704,0.98317518164381945,0.98373532473702407,0.9918525280131294,0.98523934388856016
12.484993997599039,0.97429311275482178,1.006317505579559,0.98387323633647128,0.98325057873246113,0.99194223559253614,0.99182702146083523,0.9852727852475085
12.525010004001601,0.97429758310317993,1.0000605519455159,0.98497503633587424,0.98335678116209657,0.99023577241367355,0.99180414011940388,0.98531693026789191
12.565026010404162,0.97430205345153809,1.0005063959203491,0.98613523633526357,0.9834545646316516,1.0079550704927576,0.99095674011926094,0.98533905721562054
12.605042016806722,0.97430652379989624,0.98658532199042004,0.98595000911869846,0.98347188944452657,0.99881406623051505,0.99211414011865151,0.98541354683236548
12.645058023209284,0.97431099414825439,0.97976475084751535,0.98522314648173825,0.98346257255105884,0.97928489914164252,0.99236257787028426,0.9854583141383777
12.685074029611846,0.97431546449661255,0.97788309914061056,0.98406334648166349,0.98343196677291789,0.97983165079844958,0.99120357787020963,0.9854458867837651
12.725090036014405,0.9743199348449707,0.99363544555877525,0.98499035765258403,0.98348345647845836,0.99780706073760683,0.99147797786980552,0.98547190016069564
12.765106042416967,0.97432440519332886,0.99838011435356022,0.98612957138444424,0.9835528679860549,0.9933395491529502,0.99222822549594669,0.98552540825209001
12.805122048819527,0.97432887554168701,0.97963753120998653,0.98572177138419581,0.98356706572754771,0.97659492370512524,0.99132329475298753,0.98552831768070637
12.845138055222089,0.97433334589004517,0.98945560531176202,0.9857194101554354,0.98357668104615059,0.98785951472468181,0.99022971823446215,0.98549899971248645
12.88515406162465,0.97433781623840332,0.99600121007007925,0.98687961015482473,0.98362975520381957,0.98775569360929416,0.98906951823438749,0.98551176707245103
12.92517006802721,0.97434228658676147,1.003770145783653,0.98803981015421405,0.98372075204272302,0.98913728568652093,0.98863186020952842,0.98551904900301457
12.965186074429772,0.97434675693511963,0.97863297443387876,0.98790681015390236,0.98376108951938401,0.98851145200296442,0.98884052526419142,0.9855275915829903
13.005202080832333,0.97435116767883301,0.97382708762217718,0.9867466101538277,0.98371568190118519,0.99197195809471284,0.98997845081520164,0.98556053190460402
13.045218087234893,0.97435563802719116,0.97506779698579682,0.98558641015375337,0.98365954843721293,0.99043493097616286,0.99074280391608593,0.98559427809451716
13.085234093637455,0.97436010837554932,0.99644354203207253,0.98553306130058838,0.98366897459749958,0.98053621055064577,0.98978203693023581,0.9855967518341382
13.125250100040017,0.97436457872390747,1.0034768927115199,0.9866932612999777,0.98377082361861845,0.99612859959672317,0.9905644852961879,0.9856325209817185
13.165266106442576,0.97436904907226563,1.0032681701553268,0.98785346129936702,0.98388446633065563,0.99636910862631256,0.99172468529557722,0.98569453080407476
13.205282112845138,0.97437351942062378,1.0032718638240032,0.98901366129875634,0.98399706017641009,0.99733719603253834,0.99288488529496655,0.98575892852648606
13.2452981192477,0.97437798976898193,1.0034879131656036,0.99017386129814566,0.98410958839768525,0.99948374208794111,0.99404508529435587,0.985832161681931
13.28531412565026,0.97438246011734009,1.0035574873510014,0.99133406129753499,0.98422157468936378,1.0000967019531897,0.99520528529374519,0.98591195698459688
13.325330132052821,0.97438693046569824,1.0030102794193747,0.99249426129692431,0.98433026741974461,0.9996035813182742,0.99636548529313451,0.98599252802083692
13.365346138455383,0.9743914008140564,1.0003435111869114,0.99365446129631363,0.98443569655604124,1.0004053176344732,0.99752568529252383,0.9860769822312182
13.405362144857943,0.97439587116241455,0.98790583881822958,0.994107068416483,0.98450059433453307,0.99276971954535131,0.99803848529206352,0.98615091415285128
13.445378151260504,0.97440034151077271,0.98868332579865292,0.99294686841640867,0.9844821949153878,0.99709217820022356,0.99739844946649292,0.98618373133614856
13.485394157663066,0.97440481185913086,0.98617490090371362,0.99258424470788997,0.9845201712007674,0.98568211896642099,0.99624184946641858,0.98617380061141791
13.525410164065626,0.97440928220748901,0.98620626681149082,0.99192487577793198,0.98453951786199445,0.98386050333900565,0.99508164946634425,0.98614855847035232
13.565426170468188,0.97441375255584717,0.99316168713705921,0.99148305760514344,0.98456301825874881,0.9753464006346495,0.99392144946626992,0.98609926687365368
13.605442176870747,0.97441822290420532,0.99011768028403224,0.99122011247176778,0.98458753045986436,0.97770349591205841,0.99276124946619526,0.98603593786159893
13.645458183273309,0.97442269325256348,0.98739665750838679,0.99069809652107443,0.98460441400005427,0.98828363881262815,0.99167506153150853,0.98598466292616904
13.685474189675871,0.97442716360092163,0.98511754283111597,0.99018641832034526,0.98462101318069661,0.9568008644561351,0.99079886153136942,0.98593093154773703
13.725490196078431,0.97443163394927979,0.98624762379027819,0.98971661832016944,0.98463858211152477,0.9495380731607822,0.98963866153129476,0.98581559712867561
13.765506202480992,0.97443610429763794,0.9869399141833608,0.98933993462739755,0.98465797410979394,0.97016887127344487,0.98848386153122059,0.98570254192242146
13.805522208883554,0.97444057464599609,0.99308218243259694,0.9891688104948746,0.98467900318782919,0.96884292731406585,0.98758326153108777,0.98559935315259839
13.845538215286114,0.97444498538970947,0.98739369046305647,0.989053392425985,0.98470109183427423,0.99625615125277078,0.98672786153094694,0.98549084641095541
13.885554221688675,0.97444945573806763,0.98546941018650847,0.98867057866418484,0.98471656371306571,0.97556834051617247,0.98599167879724769,0.98542148117187855
13.925570228091237,0.97445392608642578,0.98524906165677639,0.98827439000766515,0.98473213487371325,0.97173508695700661,0.985191078797096,0.98535954420797389
13.965586234493797,0.97445839643478394,0.98557628437034395,0.98790204778208868,0.98474790335633966,0.9588403264468095,0.98443615808566243,0.9852915521197827
14.005602240896359,0.97446286678314209,0.99250996654747226,0.98774369554626906,0.98476613753570019,0.97849140918832289,0.98367686405555776,0.98522462143252554
14.04561824729892,0.97446733713150024,0.99322302625786685,0.98775465264328211,0.984787462754659,0.9868638405649387,0.98312819588764677,0.98516827002434848
14.08563425370148,0.9744718074798584,0.9843543461098343,0.98766820579219605,0.98480672954983151,1.0000579025192105,0.98284212829001438,0.98512506468422822
14.125650260104042,0.97447627782821655,0.98520340548985741,0.98739620593076372,0.98481975264457022,0.97264722961362637,0.98228221241592739,0.98507328138345296
14.165666266506603,0.97448074817657471,0.98521666636592542,0.98708330062175353,0.98483395915959304,0.95909412457916843,0.98178007294306302,0.9850161552630331
14.205682272909163,0.97448521852493286,0.98360404695294745,0.98682135744942212,0.98484845185590353,0.95690403298165461,0.9813122858980674,0.98495327612119821
14.245698279311725,0.97448968887329102,0.99086634453839018,0.98680639924331381,0.98486621594059764,0.98334822029250735,0.98091205070155651,0.98489099676066694
14.285714285714286,0.97449415922164917,0.99270579153927052,0.98685896733877376,0.98488643382024643,0.99385912934070142,0.98085164501025202,0.9848462303221347
14.325730292116846,0.97449862957000732,0.9802668475797327,0.98680032981226384,0.98490157114666088,0.98083064723388502,0.98081749491454517,0.9848091978477761
14.365746298519408,0.97450309991836548,0.98452516314813443,0.98658161842652847,0.98490606771972988,0.9750584898500918,0.98062964326502366,0.98475988659909597
14.40576230492197,0.97450757026672363,0.9851335890966777,0.98629390995747612,0.98491297578052639,0.95703668670394415,0.9803260692094925,0.98470412120199546
14.445778311324529,0.97451204061508179,0.97099525478623772,0.98603674665721897,0.98491248178541957,0.96237534643623046,0.98005251121082693,0.98464471536518017
14.485794317727091,0.97451651096343994,0.99234036054808239,0.98606804920960056,0.98491940070809225,0.98293768193908893,0.97991631121052891,0.98458755633744399
14.525810324129651,0.97451955080032349,0.992935101756939,0.98592075096073573,0.9849124229231907,1.0013987967192053,0.9797685506298468,0.9845398188581671
14.565826330532213,0.9744526743888855,0.97990395977025624,0.98526335096054807,0.98488589303196639,0.97203978709908134,0.98019331818598232,0.98456591469623211
14.605842336934774,0.97432750463485718,0.98211204701543708,0.98453692625122358,0.98487100160937513,0.96369173885299375,0.97993946810876031,0.98452314172201105
14.645858343337334,0.97420227527618408,0.98691278691176965,0.9842158181146996,0.98484719796706222,0.98161974703718258,0.97967689374347167,0.98446010079030921
14.685874349739896,0.97407704591751099,0.98588219279909006,0.98390080070375396,0.98481247592647492,0.99199734977321907,0.97966547523693137,0.98440408672355961
14.725890356142457,0.97395181655883789,0.98284078967972022,0.98310791969090483,0.98475331144627454,0.98045321298468735,0.97964495973556698,0.98435460714642198
14.765906362545017,0.97382664680480957,0.96321802345612828,0.98203996644622016,0.9846473021111376,0.9727514066871239,0.97941855210416451,0.98429706770052017
14.805922368947579,0.97370141744613647,0.96098922744558113,0.98087956644614582,0.98453126211119868,0.95768601362275407,0.97909240832176203,0.9842301675055094
14.845938375350141,0.97357618808746338,0.96778333738829536,0.97971936644607149,0.98441524211125975,0.96128736047331986,0.97878071329440075,0.98416157573192264
14.8859543817527,0.97345095872879028,0.9660915765825282,0.97855916644599683,0.98429922211132082,0.98093334114859132,0.97857174580998274,0.9840915612119947
14.925970388155262,0.97332572937011719,0.96624780060195903,0.9773989664459225,0.98418320211138188,0.99385177287309689,0.97856754193168172,0.98404131781866844
14.965986394557824,0.97320050001144409,0.96355196743564819,0.97623876644584784,0.98406718211144295,0.98053193905332703,0.97858334193134033,0.98399355077860917
15.006002400960384,0.97307533025741577,0.96382003089844681,0.97507856644577351,0.98395116211150402,0.97256595251186584,0.97830634193106547,0.98393796067243167
15.046018407362945,0.97295010089874268,0.95857011667027758,0.97391876644569886,0.98383514211156509,0.95906986010134365,0.97800109537509106,0.98387755847205938
15.086034413765507,0.97282487154006958,0.96834774207244856,0.97275896644562443,0.98372017906943576,0.96579527330345016,0.97771438371887154,0.98381663502302885
15.126050420168067,0.97269964218139648,0.96525565697468196,0.97160112738378912,0.98360751681779568,0.98424369224431341,0.97766998371854519,0.98376380151475562
15.166066426570628,0.97257441282272339,0.96735880769828375,0.97053471915309342,0.9835009042733015,0.99217254048964165,0.97774677763373874,0.9837295817388414
15.20608243297319,0.97244924306869507,0.9651650107122447,0.96957212831397033,0.9833903878207565,0.97473397470656586,0.97777385413426376,0.98368606158446492
15.24609843937575,0.97232401371002197,0.96361833236793348,0.96877848320759319,0.98328087623503657,0.97350728373349749,0.97747954288609806,0.98363496635803838
15.286114445778312,0.97219878435134888,0.9549632189317353,0.96813069779199001,0.98317300467342739,0.95746448902569281,0.97720734288582278,0.98357684633015252
15.326130452180873,0.97207355499267578,0.96207068519249406,0.96768171926092261,0.98306355959236658,0.9742966801685532,0.97692568494182641,0.98351734933970036
15.366146458583433,0.97194838523864746,0.97304542255751314,0.96733116540898201,0.9829582797113523,0.99274165818102078,0.97694628494148428,0.98346877255512555
15.406162464985995,0.97182315587997437,0.95817537853745982,0.96706046851521243,0.98285526597259232,0.98163796022713923,0.97702008494112902,0.98343686003799846
15.446178471388555,0.97169792652130127,0.96538251330053759,0.96665729751733209,0.98274984547612332,0.97428795919486066,0.97696708494080442,0.98339236494986848
15.486194477791116,0.97157269716262817,0.95925701794020934,0.96620689600869025,0.98264464182039313,0.9580280300400168,0.9766897132108604,0.98334160308421337
15.526210484193678,0.97144746780395508,0.96851298833176125,0.965860723127828,0.98253947504596273,0.95451822375004713,0.97639271321059196,0.98328335164054081
15.566226490596238,0.97132223844528198,0.96881399205292051,0.9657973365072311,0.9824367816879489,0.98015497941494245,0.97612219534273437,0.98322409829289226
15.606242496998799,0.97119706869125366,0.97071738190826551,0.96576422385426164,0.98233786730936024,0.99595489203909171,0.9761644618707952,0.98318148283350815
15.646258503401361,0.97112733125686646,0.97225031496094461,0.96571897916533844,0.98224743512422541,1.0032671021853692,0.9761218618704629,0.98315295953384652
15.686274509803921,0.97106695175170898,0.96011425183287713,0.96500297632870258,0.98213707343553802,0.9811233634529265,0.97661732092709452,0.98317528413223576
15.726290516206483,0.97097653150558472,0.9614061881424032,0.96439263191428526,0.98202105343559909,0.98067094069524308,0.97670472092673244,0.9831345548767465
15.766306522609044,0.97088611125946045,0.96389051336302722,0.963949881437139,0.98190503343566016,0.99238617468193357,0.97669452092639308,0.98308650120089291
15.806322529011604,0.97079569101333618,0.95423659558554519,0.96356436407255852,0.98178901343572123,0.98294800472427601,0.97674984830422229,0.98304934173977321
15.846338535414166,0.97070521116256714,0.9632201427742213,0.96320255061267102,0.9816729734357823,0.97434870937895035,0.97653202009670548,0.98299719684037035
15.886354541816727,0.97061479091644287,0.96114363490664656,0.96305036962505042,0.98155695343584337,0.95537697269018185,0.97623863104151898,0.98294339930567542
15.926370548219287,0.9705243706703186,0.96425685263339811,0.96289144218382949,0.98144093343590444,0.95940374880843016,0.97602613515866532,0.98288885000817383
15.966386554621849,0.97043395042419434,0.964896583937773,0.96301238779350684,0.98132657186247341,0.98184750090116724,0.97572207819203927,0.98282531110006521
16.006402561024409,0.97034347057342529,0.96532571557564373,0.96315636043232322,0.98121762422781145,0.99490232390811628,0.97574246680304988,0.98278322541809982
16.046418567426972,0.97025305032730103,0.96014925085738534,0.9632797336953246,0.98110987654136206,0.98230336458724632,0.9757425005925211,0.9827436985628305
16.086434573829532,0.97016263008117676,0.96347415818566029,0.96330895058812216,0.98100161497181793,0.97415465288270298,0.97554346009596205,0.98269776836401945
16.126450580232092,0.97007220983505249,0.95846318193449664,0.96321863049203338,0.98089537432193907,0.95951000230423544,0.97528382815951908,0.98264609926497148
16.166466586634655,0.96998172998428345,0.96631900968988571,0.96326774295442874,0.98078873259410748,0.96101386599221306,0.97500034191880058,0.98258829120238578
16.206482593037215,0.96989130973815918,0.96844662339947585,0.96341656992208957,0.98068773042554713,0.98575431913637912,0.97489907110307672,0.98253344781096441
16.246498599439775,0.96980088949203491,0.96470826738721871,0.96358361292812256,0.98058948812550317,0.99638714383721416,0.97504628911698954,0.98250578063696947
16.286514605842338,0.96971040964126587,0.96303891080129245,0.96351463463165021,0.98048740153911251,0.97834623760583517,0.97509603400275568,0.98246556808559071
16.326530612244898,0.9696199893951416,0.96265410318753919,0.96356250052433989,0.98038712258271155,0.9738281799695726,0.97501949756903472,0.98242108323402066
16.366546618647458,0.96952956914901733,0.95504508516207276,0.96346518320541907,0.98028760549392024,0.95697783496310729,0.9747942397015571,0.98236799812484354
16.406562625050022,0.96943914890289307,0.96066351853065135,0.96356086204963565,0.98018897670660821,0.96291290250853168,0.97451900257048951,0.98230871971543565
16.446578631452581,0.9693487286567688,0.96960243893548226,0.96360819042315615,0.98009313947158616,0.99251924368868472,0.97448537955679071,0.98225625461959476
16.486594637855141,0.96925824880599976,0.95681616901646571,0.96373592491462545,0.97999959966730765,0.98214769224051657,0.97484274572499885,0.98224044676937261
16.526610644257705,0.96916782855987549,0.96394246693227981,0.96361484886699689,0.97990049829958581,0.97622555783975185,0.97482277824326924,0.9821957474560441
16.566626650660265,0.96907740831375122,0.95919525495578317,0.96357404280324865,0.97980302986298784,0.95691026224857789,0.97524727846206605,0.98216513787086568
16.606642657062824,0.96898692846298218,0.96816396691780793,0.96340111937238437,0.97970407863375664,0.94682935059714346,0.97496102689809827,0.98210595649191779
16.646658663465388,0.96889650821685791,0.96890845308792517,0.9635505646277428,0.97961191106233836,0.96633134621696026,0.97470114504415228,0.98205028838773156
16.686674669867948,0.96880608797073364,0.96815421805457991,0.96371542463015358,0.97952463627954189,0.99373798493063203,0.97470601902853926,0.98200600378825809
16.726690676270508,0.96871566772460938,0.95732419983934358,0.96379911876116897,0.97943605477932527,0.98147451612834324,0.97482383102489223,0.98197779527910278
16.766706682673068,0.9686773419380188,0.96454296057596045,0.96391788722574856,0.97935775209146558,1.0002301862444023,0.97476024264883865,0.98196210070327739
16.806722689075631,0.9686090350151062,0.96114599643252163,0.96330163078067566,0.97924584991411134,0.98071941032454124,0.9752808224794316,0.98196309391358183
16.846738695478191,0.96852385997772217,0.96548539105596909,0.96304432502793058,0.97914613745733314,0.99132203791238627,0.97530078015597632,0.98191791297048703
16.886754701880751,0.96843862533569336,0.9523585769953713,0.96263884101713704,0.97904259329261689,0.9814964075521021,0.97523058015565245,0.98187365212981581
16.926770708283314,0.96835345029830933,0.96285913207505591,0.96234650657807774,0.97893643805894071,0.97342487943105549,0.97520974994918241,0.98183324667495686
16.966786714685874,0.96826827526092529,0.96045752081200653,0.9622370113417591,0.97883331704598442,0.95195176577766516,0.97486285168039821,0.98176807921176878
17.006802721088434,0.96818310022354126,0.96256999653521769,0.96199355319783886,0.97872846334405839,0.96326316528867373,0.9746190516801132,0.98170370658998918
17.046818727490997,0.96809786558151245,0.96180322724915057,0.96190313779784842,0.97862549159660628,0.96327817485564116,0.97425178379564459,0.98163449098542832
17.086834733893557,0.96801269054412842,0.96744697133095481,0.9620989385696519,0.97852943897998601,0.99644896189563348,0.97355903492294038,0.98152911310227875
17.126850740296117,0.96792751550674438,0.95845204037652176,0.96204564373982904,0.97842915510199691,0.98105323970527614,0.97375631145188635,0.9814853522545558
17.16686674669868,0.96784234046936035,0.96421876545966867,0.96215348269573986,0.97833010775660456,0.97219373898161332,0.97355964411740281,0.98142454821895819
17.20688275310124,0.96775710582733154,0.95952380981215213,0.96217049951986588,0.97823303518344995,0.94713458467638301,0.97249555212167083,0.9813105926459772
17.2468987595038,0.96767193078994751,0.96470069839402928,0.96213757924626575,0.97813440082481218,0.96494275363023874,0.97233004828087133,0.98123698439937068
17.286914765906364,0.96758675575256348,0.96416905231240013,0.9622670826095101,0.97804164168953156,0.96638473993344531,0.97232274703517507,0.98117856501373957
17.326930772308923,0.96750152111053467,0.96276412607254147,0.96245712809229422,0.97795159629625839,0.96858313722019018,0.97141224306395357,0.98106907177393499
17.366946778711483,0.96741634607315063,0.96205706100475297,0.9623646799166331,0.97785502778736888,0.97614677244476056,0.97108783521611319,0.98098687912899873
17.406962785114047,0.9673311710357666,0.96144330648500442,0.96244573091176078,0.97776382515560423,0.95546157206763482,0.97116803521576567,0.98092285683638258
17.446978791516607,0.96724599599838257,0.95397059088889413,0.96240887588621638,0.97767051181426812,0.94685242854793528,0.97019232524366361,0.98081239171084589
17.486994797919166,0.96716076135635376,0.96236920628388722,0.96242037005848269,0.97757826234093759,0.96193330579008574,0.96940293839959957,0.9807024888664635
17.52701080432173,0.96707558631896973,0.96726997799421199,0.96259083092891307,0.97749202678730063,0.96455956472493098,0.9688286113366007,0.98059393596313993
17.56702681072429,0.96699041128158569,0.96177943033456281,0.96275421159198749,0.97740789502466963,0.96344654304162403,0.96861674242685469,0.98049670646409104
17.60704281712685,0.96690517663955688,0.963488085133129,0.9626728334598551,0.9773165677351473,0.9707461760013516,0.96819317015750062,0.98038962894707971
17.647058823529413,0.96682000160217285,0.95958775266661689,0.96269540378615548,0.9772287875166098,0.94714016135343815,0.96781131896261141,0.98030419928581991
17.687074829931973,0.96673482656478882,0.96112934464750477,0.96262921823595882,0.97713963787531422,0.94419265022440779,0.96734439945344752,0.9801999302231742
17.727090836334533,0.96664965152740479,0.96564040403648965,0.96266559045585975,0.9770534756053757,0.95660158724094257,0.96694275584146883,0.98008757280629
17.767106842737096,0.96656441688537598,0.97083097735805324,0.96282960780387428,0.97697249778035422,0.97954629104701274,0.96674851772317805,0.97997488716094383
17.807122849139656,0.96647924184799194,0.95997625394904651,0.96292716335982309,0.97689100241691806,0.97060527591618273,0.9665784191439839,0.97986962323447691
17.847138855542216,0.96639406681060791,0.96090185098820169,0.96279786816048729,0.97680493064302121,0.95849759811332702,0.96676152062307219,0.97976862744724424
17.887154861944779,0.9663698673248291,0.95681186982833411,0.96287871849680262,0.97673703540810064,0.97713639531663532,0.96688512062270338,0.9797014934516417
17.927170868347339,0.96629393100738525,0.96867944562998431,0.96252676146845384,0.9766395418093422,0.99413950567859966,0.96710172062231181,0.97968506327717153
17.967186874749899,0.96621334552764893,0.95120276145936489,0.96234805812541635,0.97654900114477883,0.94256906595880041,0.96632232062214929,0.97959749859552958
18.007202881152462,0.9661327600479126,0.96057850359914709,0.96200565971063057,0.97645429857803168,0.94896587049911729,0.96516292062207498,0.97948147859559065
18.047218887555022,0.96605217456817627,0.9614667400879191,0.96184806849864468,0.9763639018354181,0.9463393742588655,0.96400272062200065,0.97936545859565172
18.087234893957582,0.96597164869308472,0.96292337768924818,0.96156142561767011,0.97626933274032524,0.93560735589807154,0.96284372062192602,0.97924943859571278
18.127250900360146,0.96589106321334839,0.95626714452647354,0.96157425877347502,0.97617973383236611,0.95756000445184941,0.96169392062185177,0.97913341859577385
18.167266906762706,0.96581047773361206,0.967137914201042,0.96166275911201615,0.97609323453254293,0.94941710672976776,0.96056546230047979,0.97901739859583492
18.207282913165265,0.96572989225387573,0.95791536848341485,0.96166716077454406,0.97600430099668256,0.94605733678312109,0.9595200367643888,0.97890137859589599
18.247298919567829,0.9656493067741394,0.96111711315451054,0.96169109991668011,0.97591643185803756,0.94541020493932215,0.95835963676431446,0.97878533859595707
18.287314925970389,0.96556872129440308,0.95677681025188044,0.961739566021939,0.97583084631878214,0.93351705122403306,0.95772906472098196,0.97866931859601813
18.327330932372949,0.96548813581466675,0.9662451968683019,0.96168529777955403,0.9757427369016366,0.94742795348529263,0.95656886472090763,0.9785532985960792
18.367346938775512,0.96540755033493042,0.96922647190577449,0.96177088729052707,0.97566018822079426,0.94823479186773352,0.95592426472071546,0.97843727859614027
18.407362945178072,0.96532696485519409,0.96312428904446978,0.9620130874094821,0.97558142007357207,0.95879962856957757,0.95520344530392243,0.97832125859620134
18.447378951580632,0.96524643898010254,0.96143634301127012,0.96197996398252494,0.97549679867563599,0.9442737493471135,0.95413284530382736,0.97820523859626241
18.487394957983192,0.96516585350036621,0.95990449989361026,0.96210802641728721,0.9754163613527399,0.93303977072500832,0.95347384530364099,0.97808921859632347
18.527410964385755,0.96508526802062988,0.95300817826686535,0.96198795438532625,0.97533343678957063,0.93716034180521546,0.95231364530356633,0.97797319859638454
18.567426970788315,0.96500468254089355,0.96509331720875402,0.96194771961844094,0.97525177814958119,0.9357144399627999,0.95161844530338802,0.97785715859644562
18.607442977190875,0.96492409706115723,0.96572566117577596,0.96204081285478837,0.97517458775746169,0.96008428138820812,0.95061784530327742,0.97774113859650669
18.647458983593438,0.9648435115814209,0.96179783812599973,0.96223554083236573,0.9751007646165607,0.95051500019340385,0.94989781958510688,0.97762511859656775
18.687474989995998,0.96476292610168457,0.96235891245314953,0.96216192473106898,0.97502092422034525,0.94809359515080638,0.94927441958490955,0.97750909859662882
18.727490996398558,0.96468234062194824,0.96110482110957085,0.96218942304009802,0.97494481898799956,0.9461123323111007,0.94839233240805698,0.97739307859668989
18.767507002801121,0.96460175514221191,0.94073078689796386,0.96202072155910534,0.97486468853732922,0.93523443045159926,0.94784455514204424,0.97727705859675096
18.807523009203681,0.96452122926712036,0.95773734576359826,0.9620905555539756,0.97479109982351775,0.94732650542397101,0.94728600105074756,0.97716103859681203
18.847539015606241,0.96444064378738403,0.96640917153675876,0.96214828512335071,0.97471834133053048,0.94839046421446327,0.94720768071845574,0.97704501859687309
18.887555022008804,0.96436005830764771,0.95521196632391447,0.96222122744289273,0.97464524609418568,0.94608005877580303,0.94713136903772221,0.97692899859693416
18.927571028411364,0.96427947282791138,0.96118856445021927,0.96214030925242566,0.97457070657029654,0.94491026177396698,0.94679493161734185,0.97681295859699524
18.967587034813924,0.96419888734817505,0.95836914476311053,0.96196710973009869,0.97449744722242604,0.93638061556547858,0.94655079662106034,0.97669693859705631
19.007603041216488,0.96418780088424683,0.94073169517714661,0.96206085566716415,0.97443622057465451,0.95254520727322078,0.94608595664848116,0.97658091859711738
19.047619047619047,0.9641951322555542,0.97166247667387684,0.96208501388995371,0.97435203556549921,0.93811003804242965,0.9458431715206419,0.97646489859717844
19.087635054021607,0.96420246362686157,0.96881829124105212,0.96324521388934303,0.97433754412358409,0.93752211389757756,0.94468297152056724,0.97634887859723951
19.127651060424171,0.96420973539352417,0.96148484511962828,0.96331276221087159,0.97427615253130451,0.93661424273827654,0.94352277152049291,0.97623285859730058
19.167667066826731,0.96421706676483154,0.96209345272400804,0.96298101499090072,0.97421643125497825,0.93686382869966833,0.94236257152041825,0.97611683859736165
19.20768307322929,0.96422439813613892,0.97072840236234947,0.96408211934954835,0.97418431893711643,0.94354136553599333,0.94161877438796648,0.97600081859742271
19.247699079631854,0.96423166990280151,0.97459912492750422,0.96524251934893757,0.97417869544543123,0.94383716672532059,0.9427791743873557,0.97588477859748379
19.287715086034414,0.96423900127410889,0.97368291343990399,0.96640271934832689,0.97418071043473253,0.94450963092127416,0.94393937438674502,0.97576875859754486
19.327731092436974,0.96424633264541626,0.96883821283112681,0.96751722667310003,0.9741653583587615,0.94699107423174145,0.94498260302449322,0.97565273859760593
19.367747098839537,0.96425360441207886,0.98977277640237404,0.96723026138021062,0.97413549543454236,0.97917324694783714,0.94614280302388254,0.975536718597667
19.407763105242097,0.96426093578338623,0.98608843272551694,0.96839046137959994,0.97420546966047861,0.95315988760266712,0.94706588296885807,0.97542069859772806
19.447779111644657,0.96426820755004883,0.97918181726803433,0.96955066137898926,0.97424816687851346,0.95179668669445194,0.9482260829682474,0.97530467859778913
19.48779511804722,0.9642755389213562,0.97482613417124309,0.97063582540875748,0.97425879182420161,0.95102829178788029,0.94938628296763672,0.9751886585978502
19.52781112444978,0.96428287029266357,0.97331990452653649,0.97159203257757853,0.97425460848013812,0.94211593128489723,0.94983861981620943,0.97507263859791127
19.56782713085234,0.96429014205932617,0.95658976529218198,0.97109893118372748,0.9742173642273888,0.94308223890057352,0.94867841981613477,0.97495661859797234
19.607843137254903,0.96429747343063354,0.95854710693098155,0.9699565311836531,0.97413637556663768,0.94228370620736357,0.94751801981606043,0.97484057859803341
19.647859143657463,0.96430480480194092,0.94968127272438829,0.96879633118357877,0.97403225888108524,0.93838181205933868,0.94635781981598577,0.97472455859809448
19.687875150060023,0.96431207656860352,0.96969538617184914,0.96765176771680728,0.97394159914483491,0.93827805027030264,0.94519761981591144,0.97460853859815555
19.727891156462587,0.96431940793991089,0.95467795871641026,0.96719963190789027,0.97389306100041972,0.94316885537398254,0.94438389658072786,0.97449251859821662
19.767907162865146,0.96432673931121826,0.95694684011488884,0.96714188332066375,0.9738532759644497,0.94312987796094849,0.94381929658052199,0.97437649859827768
19.807923169267706,0.96433401107788086,0.96172644738223645,0.96715879989078757,0.97380872343043556,0.94317247428143325,0.9431680776542074,0.97426047859833875
19.84793917567027,0.96434134244918823,0.97093815430161634,0.96785474775394542,0.97379495609544486,0.94332660414302016,0.94335635518947758,0.97414445859839982
19.88795518207283,0.96434861421585083,0.9701417145622464,0.96878387553250489,0.97379354433517051,0.9508513212809081,0.94392963070185831,0.97402843859846089
19.927971188475389,0.9643559455871582,0.97001413161304451,0.96854155119623564,0.9737599172881678,0.94309950286890365,0.94347883511356656,0.97391241859852196
19.967987194877953,0.96436327695846558,0.97629639596031337,0.96953947536091079,0.9737741406563486,0.94298096881830684,0.94292200476136345,0.97379637859858303
20.008003201280513,0.96437054872512817,0.97010774492081198,0.97027548211830761,0.97378681356454977,0.93596005105863123,0.94248863842213171,0.9736803585986441
20.048019207683073,0.96437788009643555,0.96697745154542492,0.96918097706855622,0.97374750377888208,0.93589763973669537,0.94132843842205705,0.97356433859870517
20.088035214085636,0.96438521146774292,0.97394461894842344,0.96917477706821775,0.97375375688500954,0.94437608730370981,0.94080230321248659,0.97344831859876624
20.128051220488196,0.96439248323440552,0.9739441950848049,0.97033497706760707,0.97375830737839542,0.94323417368714935,0.94196170321187633,0.97333229859882731
20.168067226890756,0.96439981460571289,0.975555421803036,0.9714951770669964,0.97376235669076894,0.94388694153435504,0.94312190321126566,0.97321627859888837
20.208083233293316,0.96440714597702026,0.97667847873651825,0.97265537706638572,0.97377535249079261,0.94370848786859163,0.9436807860792702,0.97310025859894944
20.248099239695879,0.96441441774368286,0.97764537220251535,0.97381557706577504,0.97379579671082894,0.94392390185143304,0.94390115269378405,0.97298423859901051
20.288115246098439,0.96442174911499023,0.97560471108668589,0.97497597706516426,0.97382056315630461,0.94329557646110718,0.94377489844207074,0.97286819859907159
20.328131252500999,0.96442902088165283,0.95522952638811409,0.97412183920939555,0.973803453520798,0.94417609817229742,0.94346531824925561,0.97275217859913266
20.368147258903562,0.96443635225296021,0.95865991520547766,0.9729637877592725,0.9737047752574427,0.94085133077312433,0.9430009379149118,0.97263615859919372
20.408163265306122,0.96444368362426758,0.95291910635501154,0.97181363743975491,0.9735949066415881,0.94121310286548643,0.94184073791483747,0.97252013859925479
20.448179271708682,0.96445095539093018,0.95033735305405242,0.97065743743968069,0.97347950240486136,0.94077723215991338,0.94133261781681943,0.97240411859931586
20.488195278111245,0.96445828676223755,0.95336840179073901,0.96950243743960618,0.97337481944934712,0.94127551418742239,0.94110596805674995,0.97228809859937693
20.528211284513805,0.96446561813354492,0.9662840106653775,0.96861462905334872,0.97330637487866745,0.94129716830577459,0.94111619720563455,0.97217207859943799
20.568227290916365,0.96447288990020752,0.96824123120028616,0.96851583534611063,0.97327795618463053,0.94063455228419501,0.94149530681349025,0.97205605859949906
20.608243297318928,0.96448022127151489,0.97094620771036988,0.96903756369945615,0.97325570760644897,0.94323108871686356,0.9422307585970644,0.97194003859956013
20.648259303721488,0.96448755264282227,0.97543026093165475,0.97018863977968717,0.97325538270673784,0.94316713490978477,0.94330462682347638,0.97182399859962121
20.688275310124048,0.96449482440948486,0.95836714654890853,0.96950603977950234,0.97321111059853782,0.94292692251195365,0.9435290260932484,0.97170797859968228
20.728291316526612,0.96450215578079224,0.96502277419222804,0.96986670927995333,0.97322192785650796,0.94223013451182358,0.94302192896655013,0.97159195859974334
20.768307322929171,0.96450942754745483,0.96153377109160509,0.96996458145334252,0.97322060496125595,0.93769398233830781,0.94254876661852904,0.97147593859980441
20.808323329331731,0.96451675891876221,0.98468108440783775,0.97015718145302055,0.97321975654561022,0.94107855069994406,0.94214041145850713,0.97135991859986548
20.848339335734295,0.96452409029006958,0.9784495625909112,0.97042197613753856,0.9732232887145309,0.94174241257490832,0.94178327198436884,0.97124389859992655
20.888355342136855,0.96453136205673218,0.97796672137736784,0.97067857613718145,0.97322075958042109,0.94732282719016869,0.94185101699334672,0.97112787859998762
20.928371348539414,0.96453869342803955,0.96150858148227047,0.97063477613689186,0.97320462748422609,0.94727803579467285,0.94181147026299517,0.97101185860004868
20.968387354941978,0.96454602479934692,0.96277678142915435,0.97054346712564454,0.97318540931835895,0.93604684551109529,0.94177224047535135,0.97089581860010976
21.008403361344538,0.96455329656600952,0.96831831382692779,0.97059206712537494,0.97316871072397815,0.93856133359943172,0.94158606830646152,0.97077979860017083
21.048419367747098,0.96456062793731689,0.98244260008600803,0.97081786712502649,0.97315902400589516,0.94116487054159492,0.94139361589248927,0.9706637786002319
21.088435374149661,0.96456795930862427,0.97486718839030284,0.97109726712466737,0.97315123309617413,0.94172728435523756,0.94141631006606419,0.97054775860029296
21.128451380552221,0.96457523107528687,0.96309401307171183,0.97130186712431488,0.97313797457587325,0.93864278868024731,0.94152773121467093,0.97043173860035403
21.168467386954781,0.96458256244659424,0.9582095903866763,0.97121806712403602,0.97311153557863939,0.93694113093586839,0.94141979578979018,0.9703157186004151
21.208483393357344,0.96458983421325684,0.96604083405218588,0.97113346712375836,0.97308571612995154,0.93655343322783524,0.94135916228392136,0.97019969860047617
21.248499399759904,0.96459716558456421,0.97541609177640398,0.97118115232141733,0.97306000835973472,0.93933726295266295,0.94127650057023582,0.97008367860053724
21.288515406162464,0.96460449695587158,0.98074302807926927,0.97143095232105825,0.97304775957304779,0.94113645321915462,0.94086897876049247,0.9699676586005983
21.328531412565027,0.96461176872253418,0.97470696794246792,0.97167567741190597,0.97303112578929574,0.94190906029669341,0.94079812900896487,0.96985161860065938
21.368547418967587,0.96461910009384155,0.95704457095495143,0.97179330041912848,0.97300731962492371,0.94656920454515792,0.94099386804059804,0.96973559860072045
21.408563425370147,0.96462643146514893,0.95553713027133458,0.97166256244777871,0.97297251346499725,0.94486730949537234,0.94128303551411985,0.96961957860078152
21.448579431772711,0.96463370323181152,0.97154712521766917,0.97154191228732312,0.97293971280993896,0.93722488887581068,0.94131866281546639,0.96950355860084259
21.48859543817527,0.9646410346031189,0.97935051498824144,0.97155159362926824,0.97290709279132714,0.9401511018445986,0.94122021050447047,0.96938753860090365
21.52861144457783,0.96464836597442627,0.97838035171718662,0.97170899203869654,0.97288696475275616,0.94119014356739794,0.94113829254383774,0.96927151860096472
21.568627450980394,0.96465563774108887,0.9746301880755539,0.97184883566705715,0.97285971221560807,0.94327083737246908,0.94122813739790567,0.96915549860102579
21.608643457382954,0.96466296911239624,0.95783319949334977,0.97176469829075751,0.9728232671896252,0.94751154431476758,0.94126202836786388,0.96903947860108686
21.648659463785513,0.96467024087905884,0.95862836764186388,0.97152857509887958,0.97277646136276186,0.94187209997961541,0.94142385051748056,0.96892345860114792
21.688675470188077,0.96467757225036621,0.97019633241710168,0.97127738010788189,0.97273132373882443,0.93798106255394242,0.9412314407067357,0.968807418601209
21.728691476590637,0.96468490362167358,0.97990044775741636,0.97113864243440129,0.97268771101427298,0.94003108463521057,0.94060658985849732,0.96869139860127007
21.768707482993197,0.9646906852722168,0.97595887941600801,0.97071791918838168,0.97263991197905542,0.93306421318188815,0.94008833714110684,0.96857537860133114
21.80872348939576,0.96464574337005615,0.97542747554216103,0.97149461866493847,0.97264686385902965,0.94370724201520695,0.94096303138700632,0.96845935860139221
21.84873949579832,0.96454322338104248,0.97167404209547037,0.97179795713800599,0.97266496090134946,0.93762237543186611,0.94089068181730962,0.96834333860145327
21.88875550220088,0.96444076299667358,0.98126825565467379,0.97198455713764709,0.97267994373729039,0.93999970099518759,0.9407738363870688,0.96822731860151434
21.928771508603443,0.96433824300765991,0.98233130561014992,0.97219355713728173,0.97269502377390649,0.94108626312565857,0.94070744690989616,0.96811129860157541
21.968787515006003,0.96423572301864624,0.97707800047303184,0.97239055713691713,0.97270299286685225,0.94521828419173415,0.94053251530649895,0.96799527860163648
22.008803521408563,0.96413326263427734,0.96201412967538225,0.97231695713662514,0.9726938011645464,0.93379819880450277,0.94016644054393272,0.96787923860169756
22.048819527811123,0.96403074264526367,0.96248776699320726,0.97216715713634205,0.97267871225260583,0.93604554033135901,0.93979020804423596,0.96776321860175862
22.088835534213686,0.96392822265625,0.97771113161534551,0.97208135713605837,0.97266858012817548,0.93813335329862813,0.93941042980294154,0.96764719860181969
22.128851540616246,0.9638257622718811,0.9834213011813806,0.97227915713571567,0.97266646530108214,0.94006199366442023,0.93970067358019804,0.96753117860188076
22.168867547018806,0.96372324228286743,0.97888692929337218,0.97248815713535031,0.97266597127539578,0.94110631543251633,0.9400512513817092,0.96741515860194183
22.208883553421369,0.96362078189849854,0.96234504605762639,0.97268475713499403,0.97265928470835039,0.9298356137987398,0.94011951234035251,0.96729913860200289
22.248899559823929,0.96351826190948486,0.95739437954419648,0.97255895713471474,0.97263596910901273,0.94808700992577322,0.94079166377059242,0.96718311860206396
22.288915566226489,0.96341580152511597,0.9620948454187549,0.9724343571344346,0.97261316283260391,0.93948723996963435,0.94064881100130315,0.96706709860212503
22.328931572629052,0.96331328153610229,0.97557619112034788,0.97245806980102711,0.97259341649649023,0.95867563649462895,0.94088461927689027,0.9669510786021861
22.368947579031612,0.96321076154708862,0.97996705489748381,0.97266954380243664,0.97258454025585228,0.96310334009732834,0.94140420080766818,0.96683503860224718
22.408963585434172,0.96310830116271973,0.97528299860016021,0.97282865277740405,0.97257305635091729,0.94641762571669197,0.94243409530515776,0.96671901860230824
22.448979591836736,0.96300578117370605,0.95988700038135621,0.97272850678022693,0.97255289819927426,0.94100783368877727,0.94316305363057207,0.96660299860236931
22.488995598239296,0.96290332078933716,0.95608718414440041,0.97239316374945917,0.97251163158905296,0.94640854878488945,0.94380585767557457,0.96648697860243038
22.529011604641855,0.96280080080032349,0.95195433220710757,0.97195490476960766,0.97246750854033137,0.96501430121032872,0.94456894071634689,0.96637095860249145
22.569027611044419,0.96269828081130981,0.97266285536574404,0.9715065525521891,0.97241722200134995,0.96097257485146459,0.94527052453211224,0.96625493860255252
22.609043617446979,0.96259582042694092,0.97032427867797666,0.97119834070157374,0.97236945615825954,0.9638658616950867,0.94587130786499474,0.96613891860261358
22.649059623849539,0.96249330043792725,0.96706113433412788,0.97035372330365766,0.97230714831146747,0.95166492286743709,0.9464406649800492,0.96602289860267465
22.689075630252102,0.96239078044891357,0.9498129732058852,0.96932611528236978,0.97222733161878905,0.94130143980309344,0.94661712838219814,0.96590685860273573
22.729091636654662,0.96228832006454468,0.95046093957485034,0.96838031528224744,0.97213999711546084,0.94530027320971455,0.94663919536174745,0.9657908386027968
22.769107643057222,0.96218580007553101,0.97381758096673121,0.96821751791211597,0.97209619692734839,0.96370983339024707,0.94668314081574811,0.96567481860285787
22.809123649459785,0.96208333969116211,0.9827583784818732,0.96834451791179754,0.97207516342695233,0.96174144436884945,0.94687589082296542,0.96555879860291893
22.849139655862345,0.96198081970214844,0.97462485950434852,0.96856889824530534,0.97205263877687687,0.96445598091494988,0.94709978998838906,0.96544277860298
22.889155662264905,0.96191447973251343,0.97684063684660971,0.96829474393325876,0.97201132417610769,0.95298920568896994,0.94693835355242539,0.96532675860304107
22.929171668667468,0.96185177564620972,0.97323858326370871,0.96912724358557334,0.97200418605246319,0.96272127839270194,0.94643328840427121,0.96521073860310214
22.969187675070028,0.96174395084381104,0.98029203718906732,0.9697951939705205,0.97202471297317661,0.95915113720310419,0.94655877999930893,0.9650947186031632
23.009203681472588,0.96163618564605713,0.98332302537380845,0.97006641484887113,0.97204432639071192,0.96285909350758503,0.94666001711131909,0.96497869860322427
23.049219687875151,0.96152836084365845,0.97668695600889055,0.97032601484848469,0.97205860280591116,0.94729310468799199,0.94646646764679687,0.96486265860328535
23.089235694277711,0.96142053604125977,0.96326985592148984,0.97027212649055627,0.97205601232334116,0.94284849307507224,0.94627064593263599,0.96474663860334642
23.129251700680271,0.96131271123886108,0.96267456974512355,0.97014912649026452,0.97204505416579601,0.94354006035625704,0.94603707050424712,0.96463061860340749
23.169267707082835,0.96120494604110718,0.9760449842825315,0.97006652648998004,0.97203381947015799,0.96075615232064515,0.94603049747255175,0.96451459860346855
23.209283713485394,0.9610971212387085,0.9787959802712074,0.97023752648963879,0.97203138748256956,0.95987764770541095,0.94614540406836789,0.96439857860352962
23.249299719887954,0.96098929643630981,0.97905659584470761,0.97046132648927674,0.97202945607678959,0.94559251481794282,0.94618844804132407,0.96428255860359069
23.289315726290518,0.96088153123855591,0.96168618033846842,0.97065072648891937,0.97202049247872924,0.93912991735364604,0.94608768589453585,0.96416653860365176
23.329331732693078,0.96077370643615723,0.9557177567248083,0.97052132648863654,0.97199546373547197,0.9450928089579943,0.9458757723875616,0.96405051860371282
23.369347739095637,0.96066588163375854,0.95378645242258042,0.97042212648835979,0.97196493866371725,0.94420676989610053,0.94571937627415759,0.9639344786037739
23.409363745498201,0.96055805683135986,0.97331039787109053,0.9703801791815867,0.97193312877369231,0.95472456080108603,0.94584057370180252,0.96381845860383497
23.449379751900761,0.96045029163360596,0.97472016826659036,0.97047108249870484,0.9719029284134425,0.96068187572837926,0.94597245672562646,0.96370243860389604
23.489395758303321,0.96034246683120728,0.96964391701816066,0.97022163613779333,0.97185323187268602,0.94567545305754963,0.94590496459876361,0.96358641860395711
23.529411764705884,0.96023464202880859,0.94766834439960512,0.96907897252396835,0.97177872194577875,0.94025871984649179,0.94582799289549879,0.96347039860401817
23.569427771108444,0.96012681722640991,0.94604064755219375,0.96791877252389402,0.97168699883675747,0.94360674317551174,0.94547818555459218,0.96335437860407924
23.609443777511004,0.96001905202865601,0.96858244141326788,0.96766079483253653,0.97163635856177044,0.96330030358480656,0.94521567921613459,0.96323835860414031
23.649459783913567,0.95991122722625732,0.98474084917806193,0.96775779483223823,0.97161623289358068,0.95682388308057531,0.94533225360882356,0.96312233860420138
23.689475790316127,0.95980340242385864,0.97735756880547853,0.96800319483187636,0.97160623595046636,0.96111519540083135,0.94548226186720519,0.96300631860426245
23.729491796718687,0.95969557762145996,0.97082480105961066,0.96822919483151226,0.97157981907993562,0.94579197001219029,0.94538162044239982,0.96289027860432352
23.769507803121247,0.95958781242370605,0.95510848304902785,0.9680554073258596,0.9715263542417949,0.94171352064165481,0.94528105624449221,0.96277425860438459
23.80952380952381,0.95947998762130737,0.94490075717785793,0.96724924292046288,0.97144339894372222,0.94362353253302866,0.94509818974176973,0.96265823860444566
23.84953981592637,0.95937216281890869,0.94478358916328475,0.96619323016355152,0.97134882921596422,0.96240833188774788,0.94504291080114911,0.96254221860450673
23.88955582232893,0.95926439762115479,0.98470851443915641,0.96626520047821884,0.97131781828356822,0.95762229712108193,0.94520737899600771,0.9624261986045678
23.929571828731493,0.9591565728187561,0.97647774903713325,0.96651246937965651,0.97131044951807721,0.94422397453807905,0.94531332131891754,0.96231017860462886
23.969587835134053,0.95904874801635742,0.97025518890814311,0.96673466937929531,0.97128606781987548,0.94623062905629096,0.9452563109641563,0.96219415860468993
24.009603841536613,0.95899444818496704,0.96984186132805195,0.96652213747465887,0.97123936356284435,0.95530388262494892,0.94527642671781353,0.962078138604751
24.049619847939177,0.95895606279373169,0.97807226341840203,0.96723722193428285,0.97122066936528606,0.94857882538095228,0.94607774228753416,0.96196211860481207
24.089635854341736,0.95890325307846069,0.97864787021247557,0.96829527444510988,0.97124282859363575,0.93904591123970949,0.9463061422871436,0.96184607860487314
24.129651860744296,0.9588504433631897,0.9763698454702241,0.96888514623565603,0.97126227100959583,0.95259397353427722,0.94656388211894127,0.96173005860493421
24.16966786714686,0.9587976336479187,0.96515750227100072,0.96891010248915221,0.97126809692249483,0.96000306361279919,0.94683368211853935,0.96161403860499528
24.20968387354942,0.95874482393264771,0.96279518922059115,0.96884710248883255,0.97126541334361771,0.95772967781756857,0.94725823965072986,0.96149801860505635
24.249699879951979,0.95869201421737671,0.9753074010342031,0.96888188323909974,0.9712614097682728,0.96945731101175392,0.94774092292584022,0.96138199860511742
24.289715886354543,0.95863920450210571,0.98262625413675764,0.96909848323873038,0.97126371032651426,0.94985001111775824,0.94820753428100568,0.96126597860517848
24.329731892757103,0.95858639478683472,0.97660484757077104,0.96931318076515427,0.97126456658987415,0.94196975115443138,0.94831993851445817,0.96114995860523955
24.369747899159663,0.9585336446762085,0.96150519057332162,0.96949008694715966,0.97125859710103146,0.93846522490975859,0.94849626814815724,0.96103393860530062
24.409763905562226,0.95848077535629272,0.95526900625659039,0.96933568694687311,0.97123332788473937,0.96087421176042875,0.94859207786920008,0.9609178986053617
24.449779911964786,0.9584280252456665,0.95982947603311619,0.96919148694658663,0.97120065132779787,0.95464886037638053,0.94886525579440306,0.96080187860542277
24.489795918367346,0.95837521553039551,0.97194949289562194,0.96907180721367481,0.9711629383546776,0.95389719550097418,0.94917588490976157,0.96068585860548383
24.529811924769909,0.95832240581512451,0.96997592333542404,0.96913066796196135,0.97111961250674861,0.93650526023029534,0.9492554600536719,0.9605698386055449
24.569827931172469,0.95826959609985352,0.96415651805967839,0.96831332547415716,0.9710523114917895,0.94370575885641572,0.94915574227138455,0.96045381860560597
24.609843937575029,0.95821678638458252,0.95749083879340324,0.96802750946876315,0.97099552375995468,0.92855707159432921,0.94918783279101826,0.96033779860566704
24.649859943977592,0.95816397666931152,0.94966098782264052,0.96790810946848582,0.97095770148183069,0.96088637366251706,0.94916211562132902,0.9602217786057281
24.689875950380152,0.95811116695404053,0.94742577330586863,0.96758487588715025,0.97089924659715254,0.97164040209977309,0.94932982036216229,0.96010575860578917
24.729891956782712,0.95805835723876953,0.98383808022236618,0.96655472688639477,0.97081078824331812,0.94859300437899663,0.94947133921137827,0.95998973860585024
24.769907963185275,0.95800554752349854,0.97704560518218087,0.96679192688603677,0.97079132806741153,0.94136159672366659,0.94928841152874832,0.95987369860591132
24.809923969587835,0.95795273780822754,0.96499092386888663,0.96665523969277745,0.9707435403568323,0.94971717941641376,0.94907392584067862,0.95975767860597239
24.849939975990395,0.95789992809295654,0.94445315719660483,0.96551901860164702,0.97064967289876936,0.92572904373752218,0.94902347616465754,0.95964165860603345
24.889955982392959,0.95784711837768555,0.96154146118868555,0.96520961860140286,0.97058208220536479,0.95822113731463776,0.94905267945510552,0.95952563860609452
24.929971988795518,0.95779430866241455,0.97067420837111273,0.9651983059091781,0.97055844939431235,0.97130188593725786,0.94918254790436674,0.95940961860615559
24.969987995198078,0.95774149894714355,0.97437641487189697,0.96521065707576215,0.97052023548781907,0.94830740732215324,0.94916379963823161,0.95929359860621666
25.010004001600642,0.95768868923187256,0.9612734582778325,0.96465888440756009,0.97044425510534771,0.93679103526619378,0.94892588347055573,0.95917757860627773
25.050020008003202,0.95763587951660156,0.95491114425859169,0.96389980420950749,0.97035162844075951,0.99026353714624582,0.94977528347001883,0.95906155860633879
25.090036014405761,0.95758306980133057,0.95681362583475404,0.9631758042093429,0.97026479955891576,0.95705306077699959,0.95091630443750108,0.95894551860639987
25.130052020808325,0.95756423473358154,0.95182674925790567,0.96246014996477958,0.97017679908425658,0.98968065574128394,0.95182631586065081,0.95885875621851102
25.170068027210885,0.95748400688171387,0.9826855344914176,0.96184114996458381,0.97010099079195122,0.98600918514306779,0.9521872402098972,0.95891390277799526
25.210084033613445,0.95739221572875977,0.97149359729783313,0.96190534996423915,0.97006442483654831,0.97609824348911078,0.9525862209273841,0.95897250034817771
25.250100040016008,0.95730036497116089,0.95191521565030435,0.96160994996399229,0.96999748938523733,0.96505054961118686,0.95328981318185413,0.95898921892282518
25.290116046418568,0.95720857381820679,0.9443395617468171,0.96144374996374227,0.96993224133177047,0.93810285955388006,0.95348598785214222,0.95900079903385471
25.330132052821128,0.95711678266525269,0.943464101718549,0.96114772475309451,0.96986490355695454,0.94065335873766809,0.9523257878520679,0.95890498732231955
25.370148059223691,0.95702499151229858,0.98354131513739307,0.96090672475283312,0.96979524794250815,0.94521970802417377,0.95116558785199323,0.95881228700320886
25.410164065626251,0.95693320035934448,0.973509189908219,0.96095732475250584,0.96975381028650709,0.9456658421885823,0.9500053878519189,0.95872355099536322
25.450180072028811,0.95684134960174561,0.95590395395726946,0.96095932475218981,0.9697041804368709,0.94219584388056987,0.94893336918904037,0.95863658329722989
25.490196078431371,0.9567495584487915,0.96308493027988451,0.96069632475193267,0.96963692657533229,0.94245759174404997,0.94788623328881549,0.95854638931361758
25.530212084833934,0.9566577672958374,0.94314281309564196,0.96051772475167951,0.96957171624966931,0.93923717939742934,0.94686963525770262,0.9584541638755214
25.570228091236494,0.9565659761428833,0.95255730848055431,0.96020312475144065,0.96950300823452795,0.94253768231877755,0.94590554157694606,0.9583623821242826
25.610244097639054,0.9564741849899292,0.98376317746576303,0.96003092475116159,0.96944240751533028,0.94508657969107102,0.94507598300488638,0.95827385790993569
25.650260104041617,0.9563823938369751,0.9735022264344847,0.96005752475083761,0.96939826153597963,0.94589312144175375,0.94490635957395686,0.95818703339886113
25.690276110444177,0.956290602684021,0.94291683323497688,0.95993852475054986,0.96933961461320239,0.94267626867623211,0.9447161595736584,0.9581015566638742
25.730292116846737,0.95619875192642212,0.94837674161019492,0.95942952475034982,0.96924858345203468,0.93494847743664589,0.94431263523290299,0.95801377264737875
25.770308123249301,0.95610696077346802,0.94334572266506556,0.95917732475006934,0.96915752628732643,0.94016172126154396,0.94391283523265701,0.95792213699920603
25.81032412965186,0.95601516962051392,0.97235216333330232,0.95900972474977286,0.96905768182982044,0.9421126683355564,0.94351083523240731,0.9578334474536162
25.85034013605442,0.95592337846755981,0.96672706925071694,0.95910432474941221,0.96895964072009277,0.94551877216284175,0.94338004701225087,0.95774794306781053
25.890356142456984,0.95583158731460571,0.96257689945700653,0.95919652474905281,0.96887220026377519,0.94727957827981579,0.94332384701192518,0.95766434024389058
25.930372148859544,0.95573979616165161,0.94149689011263027,0.9590959247487334,0.96877616017325419,0.94255494628710768,0.94309188046259451,0.95758028872304446
25.970388155262103,0.95564794540405273,0.93998345478640732,0.95884412474845304,0.96867502676373529,0.93756239649034789,0.94288240497678677,0.9574937695879947
26.010404161664667,0.95555615425109863,0.94230386589051995,0.95858952474817505,0.96857312548563268,0.96392684918458293,0.9440254049761807,0.9575628421524911
26.050420168067227,0.95546436309814453,0.9694130930018543,0.95848012474785893,0.96847035371238421,0.97522104405361298,0.94518560497557003,0.95763749193642822
26.090436174469787,0.95537257194519043,0.96392478576418916,0.95856192474749946,0.96836796083690757,0.98582444288402948,0.94634580497495935,0.95775092762386149
26.13045218087235,0.95528078079223633,0.96076827339639381,0.95864816390687424,0.9682766270780695,0.99157316635892101,0.94750620497434856,0.95789035584267301
26.17046818727491,0.95518893003463745,0.94048155509022058,0.95845876390657703,0.96817629652792048,0.97543283912900369,0.94866640497373789,0.95802273959675455
26.21048419367747,0.95509713888168335,0.9411844420737685,0.95819799450502208,0.96807369408963839,0.97608892925190183,0.94982660497312721,0.95814817818428044
26.250500200080033,0.95507770776748657,0.94927369757912117,0.95830856191677083,0.96798562038734393,0.99258622313969758,0.95098680497251653,0.95828222202885294
26.290516206482593,0.95508772134780884,0.94951245390029015,0.95735676191664887,0.96788111614133066,0.99963039682922006,0.95214700497190585,0.95848051706283888
26.330532212885153,0.95509779453277588,0.95814831181781424,0.95776400802212958,0.96779150533049862,0.99038788517930432,0.95330720497129517,0.95869528244029201
26.370548219287716,0.95510786771774292,0.95747551915118767,0.9577074409442935,0.96773708963965699,0.98672305913247305,0.9544674049706845,0.95886707073574595
26.410564225690276,0.95511788129806519,0.95759601752276424,0.95712718438791999,0.96767811178579599,0.94813435235438992,0.9551716049701795,0.95898416800738295
26.450580232092836,0.95512795448303223,0.95638207211906257,0.95675556792274907,0.96761572066231649,0.9606572552924445,0.95545655551124353,0.95897219078957185
26.490596238495399,0.95513796806335449,0.95578339503374743,0.95597962178359419,0.9675477340306935,0.97429009494352004,0.95622631144674708,0.9589996636613306
26.530612244897959,0.95514804124832153,0.95848134751815139,0.95510076691593226,0.96746041143554706,0.97823767038231557,0.9573865114461364,0.95907975161603642
26.570628251300519,0.9551580548286438,0.95808824428786254,0.95508445328399616,0.96738931674731721,0.97105479168263531,0.95854671144552572,0.9591644533738336
26.610644257703083,0.95516812801361084,0.96005854404300262,0.95563548069335846,0.96733605464906092,0.95699035282330547,0.95966171144492629,0.95923138284067178
26.650660264105642,0.95517820119857788,0.95401267449102767,0.95505424038679487,0.96724459728262646,0.97336507846859222,0.96003631144449741,0.95927650242699625
26.690676270508202,0.95518821477890015,0.96625385579651069,0.95617097202834933,0.96724325954626045,0.95247526150462536,0.96022526095257688,0.95931135973263915
26.730692276910766,0.95519828796386719,0.96745060444768571,0.95733117202773865,0.96723574043518556,0.97136821279840257,0.95957906095238887,0.95929250033240177
26.770708283313326,0.95520830154418945,0.96521623765815112,0.95849137202712797,0.96722382204408019,0.974935031712308,0.9607392609517782,0.95937375264906088
26.810724289715886,0.95521837472915649,0.98836427759772993,0.95965177202651719,0.96729143435836784,0.94897696452687585,0.96056246095147835,0.95937273313675386
26.850740296118449,0.95522838830947876,0.96299149862795352,0.96000841967843953,0.96734649748304669,0.96376156596888585,0.95956172192714206,0.95931367803768974
26.890756302521009,0.9552384614944458,0.9564120453320929,0.96096286872436354,0.96732214359685709,0.96609866826578861,0.95909704979743249,0.95928657162281472
26.930772308923569,0.95524853467941284,0.94752931713270072,0.96064054962337442,0.96727752720150673,0.96164545433187965,0.96012724979685693,0.95933470767482221
26.970788315326132,0.95525854825973511,0.95257317309027945,0.95999907878052093,0.96722165634234514,0.95337547956456348,0.95935930507443667,0.95928835134437662
27.010804321728692,0.95526862144470215,0.95431852236782821,0.958876542654165,0.96714114058683953,0.95385910798321483,0.95846910507430572,0.95925839139634317
27.050820328131252,0.95527863502502441,0.96762644729746383,0.95784410289458588,0.96707748669243343,0.99722447596440322,0.95852382095607247,0.95932212662007155
27.090836334533815,0.95528870820999146,0.95888777217645371,0.95770763962547334,0.9670215454902783,0.98987400032131145,0.95968402095546179,0.95949510224810219
27.130852340936375,0.95529872179031372,0.97892955786301528,0.95857854050801694,0.96699401126953255,0.96575795702826228,0.96084422095485111,0.95965021683222818
27.170868347338935,0.95530879497528076,0.9730342204475928,0.95973894050740616,0.96702221452929116,0.95193640025258786,0.96059936881148589,0.95964057715072482
27.210884353741495,0.9553188681602478,0.979375462389794,0.96089914050679548,0.9670747371361218,0.9549474499042353,0.95990438698810077,0.95960055613928952
27.250900360144058,0.95532888174057007,0.96821240847422063,0.96205534050618691,0.96711194945111068,0.96381798532930507,0.95937447919593111,0.95957465934897956
27.290916366546618,0.95533895492553711,0.96837377940902036,0.96321114050557854,0.96711884802402925,0.96367785648670767,0.96052507919532548,0.95959918934258248
27.330932372949178,0.95534896850585938,0.97465162346426648,0.96418070534965072,0.96714037148077858,0.97449322837156993,0.96055727919498102,0.95960817176984292
27.370948379351741,0.95535904169082642,0.9755866060549766,0.96534090534904005,0.96718758223635182,0.96511634253516687,0.96171747919437034,0.95968026310454468
27.410964385754301,0.95536905527114868,0.9753852102841909,0.96650110534842937,0.96723640519324927,0.97641207988933965,0.96287767919375966,0.95981664521716792
27.450980392156861,0.95537912845611572,0.97390065823597893,0.96766130534781869,0.96728500692049801,0.960562214477101,0.9636150791932474,0.9598567824232741
27.490996398559425,0.95538920164108276,0.97460487736232826,0.96882150534720801,0.96732545039371176,0.96427414564714242,0.96382811460147744,0.9598787524958291
27.531012404961984,0.95539921522140503,0.97392669557255074,0.96998190534659723,0.96736627127118435,0.96237166820242814,0.96363469374991484,0.95990066286493414
27.571028411364544,0.95540928840637207,0.98291623740383294,0.9711401053459876,0.96742810022531212,0.95160577449484196,0.96247609374984056,0.95988161618816004
27.611044417767108,0.95541930198669434,0.9725781431939674,0.97134510534560214,0.9674522075362324,0.97577533015707951,0.96177949374969463,0.95984323856901232
27.651060424169668,0.95542937517166138,0.97247272225682435,0.97246378064494887,0.96748195715040797,0.94703456044750101,0.96206496733831737,0.95987810668317686
27.691076430572227,0.95543938875198364,0.97275440990736406,0.97251738959675182,0.96751148241484874,0.95718986734390465,0.96095419415058803,0.95983363072589589
27.731092436974791,0.95544946193695068,0.97247932241888557,0.97267962025943722,0.96754140833586388,0.94690558495901378,0.95995035517831229,0.95978932051618215
27.771108443377351,0.95545953512191772,0.97326782985339289,0.97286644347459239,0.96757189766056162,0.95965309746441541,0.95900106883368863,0.95974887405351439
27.811124449779911,0.95546954870223999,0.97245449612122403,0.97224042594082172,0.96759776001010289,0.96813534191793549,0.95849444145813179,0.95973418650610776
27.851140456182474,0.95547962188720703,0.97014565043870493,0.97194979240849688,0.96762389849132124,0.9693964421749609,0.95879649181767812,0.95974866369710266
27.891156462585034,0.9554896354675293,0.97534470103264082,0.97136420127342527,0.96764437764857614,0.96589933172424447,0.95994389181707418,0.95978163988021348
27.931172468987594,0.95549970865249634,0.95812693698104712,0.97233160127285889,0.96768417605108781,0.957262186166566,0.96104891108261159,0.95981050980086546
27.971188475390157,0.9555097222328186,0.96031928072039385,0.97204115775749922,0.96768432932850301,0.96339125088188615,0.96151447611570662,0.95988823177206406
28.011204481792717,0.95551979541778564,0.97266170487877934,0.97145600952881694,0.9676530255846294,0.95620896544572243,0.96192323887104303,0.95994745765055156
28.051220488195277,0.95552986860275269,0.9710186883891524,0.97118633580715075,0.96763287023512168,0.9815464196665431,0.96253270135951063,0.9600229170648612
28.09123649459784,0.95553988218307495,0.969591600137235,0.97064599233831972,0.96761071872865301,0.98095155433854786,0.96359727375329918,0.96011250454738017
28.1312525010004,0.95554995536804199,0.95901553678149221,0.96983222560535398,0.96757772364880901,0.97270222514160598,0.96470200083573965,0.96019971528852355
28.17126850740296,0.95555996894836426,0.95822067139270573,0.96905284679449355,0.9675365928114944,0.96803644488973484,0.96581847329984738,0.96027848552726691
28.211284513805523,0.9555700421333313,0.95365269317493595,0.96823605449518557,0.96749055880625345,0.96865059128201636,0.96696206472282253,0.96036061477949475
28.251300520208083,0.95558005571365356,0.96909574025540568,0.96763612349725836,0.9674341177128466,0.9827830774666888,0.96810193433755276,0.96045485297146893
28.291316526610643,0.95559012889862061,0.96739459389808358,0.96715859682746053,0.96739095602205027,0.97648736502958366,0.96867646076698932,0.96054107193632399
28.331332533013207,0.95560020208358765,0.96416281546201199,0.96666162883058537,0.96734639303575032,0.97564570207872414,0.9687258607666358,0.96058864190622795
28.371348539415767,0.95561021566390991,0.95624994777394701,0.96608960250578024,0.96729275401588866,0.96388549871748286,0.96860543102295282,0.96062956085047757
28.411364545818326,0.95562028884887695,0.9547384501099806,0.96544365197092974,0.96723521282335123,0.96374228490459957,0.96831563653069908,0.96066394990823056
28.45138055222089,0.95563030242919922,0.92909143137896277,0.96486078606309889,0.96717427107093701,0.95269785397601647,0.96801343653042859,0.96069424636055778
28.49139655862345,0.95564037561416626,0.96668056535656077,0.96453490360998906,0.96710888376790849,0.97348396847729901,0.96779803653013952,0.96072232223473053
28.53141256502601,0.95565038919448853,0.96634292770836439,0.96436529478598687,0.96705720186825805,0.97525100386119623,0.96782738316853112,0.96076214317829012
28.571428571428573,0.95566046237945557,0.96033799127155817,0.96405125430491601,0.96699826531488442,0.97435505729857685,0.96785038316818595,0.96080178693582685
28.611444577831133,0.95567053556442261,0.95475691845336286,0.96363447153741766,0.96693329513876058,0.96247145512590349,0.96762634021438332,0.96083223594037537
28.651460584233693,0.95568054914474487,0.95350930616795448,0.96319917103803065,0.96687175318039909,0.96241076426816552,0.9673453402141079,0.96086063270554567
28.691476590636256,0.95569062232971191,0.92779725464745266,0.96276110810568893,0.9668045073073166,0.94894807259362224,0.96704634021383673,0.96088377242561407
28.731492597038816,0.95570063591003418,0.96555666069584123,0.96264098231506812,0.96673057725792544,0.97366004908899639,0.96692214021352396,0.96091135463888744
28.771508603441376,0.95571070909500122,0.96546583277756748,0.96258847970111172,0.96667205741133133,0.9748224302968761,0.96695324273011396,0.9609467420908574
28.811524609843939,0.95572072267532349,0.95423871490363832,0.96233574573156921,0.96661123406020277,0.96555013681843216,0.9669690427297708,0.96098038647504547
28.851540616246499,0.95573079586029053,0.9545328762549542,0.96195269717951226,0.96654405042369917,0.96177051428115801,0.96662710809845576,0.96100188333987546
28.891556622649059,0.95574086904525757,0.95326225423024979,0.96158818195409035,0.9664761990411106,0.96117452175248141,0.96631843497084502,0.9610234188341884
28.931572629051622,0.95575088262557983,0.96571815273453199,0.96122494921417068,0.96640278967689119,0.95431776000782154,0.96599503497058092,0.96103755451672979
28.971588635454182,0.95576095581054688,0.96495313945488481,0.96120699242483099,0.96633132234606922,0.97350040187670606,0.96592323497026378,0.9610641526896363
29.011604641856742,0.9557681679725647,0.96812200441956542,0.9608059786926213,0.96624982938998594,0.97134157526651177,0.9656558349699832,0.96107452476589406
29.051620648259302,0.95572519302368164,0.95088177559618536,0.96020137869242039,0.96616590887009335,0.94154426256039714,0.96528043496972726,0.96104436638081236
29.091636654661865,0.95564180612564087,0.96720688286698453,0.95993855494036695,0.96607190791943498,0.93444414412126875,0.96412583496965276,0.96099730676612094
29.131652661064425,0.95555835962295532,0.96440629483493123,0.95974675494006889,0.96597100601035557,0.94023202298824926,0.96296563496957843,0.96090453094907324
29.171668667466985,0.95547497272491455,0.97252285926771143,0.95933375493982487,0.96591695233540731,0.95466499714402941,0.96180543496950377,0.96079401523193619
29.211684673869549,0.955391526222229,0.94253850467939382,0.95917895493954219,0.96586540978274082,0.94617848119319048,0.96064503496942943,0.96067797523199727
29.251700680272108,0.95530807971954346,0.96517445681574521,0.95896683429047613,0.96580551617940569,0.94889663664674162,0.95948483496935477,0.96056195523205834
29.291716686674668,0.95522469282150269,0.93467722724890834,0.95848062050547667,0.96573409867969229,0.92337633861013546,0.95833703496928113,0.96045161664835965
29.331732693077232,0.95514124631881714,0.97277693523109598,0.9575472205053579,0.96561807867975336,0.93853006861211219,0.95724643496919415,0.96033559664842072
29.371748699479792,0.95505785942077637,0.95050423421589414,0.95699022050514471,0.96550205867981442,0.95106780313807915,0.95615263496910829,0.96021957664848179
29.411764705882351,0.9549744725227356,0.95056557333670166,0.95618322050499105,0.96538603867987549,0.94178993298258007,0.95507230143140087,0.96010355664854286
29.451780712284915,0.95489102602005005,0.92756479572861739,0.95539060695977818,0.96527001867993656,0.92384531341992915,0.95391210143132621,0.95998753664860392
29.491796718687475,0.95480763912200928,0.95050490028729484,0.95502223513778617,0.96515399867999763,0.91710400075558041,0.95275190143125188,0.95987151664866499
29.531812725090035,0.95472419261932373,0.95151611777740941,0.95470704927101468,0.96504910659990417,0.90906112726238075,0.95159170143117722,0.95975549664872606
29.571828731492598,0.95464074611663818,0.97377131928035709,0.95468984927068101,0.96497776627489229,0.90142529186785214,0.95043130143110288,0.95963945664878714
29.611844737895158,0.95455735921859741,0.96431086496879825,0.95480684927031412,0.96493480216449135,0.90957554605753843,0.94927110143102844,0.9595234366488482
29.651860744297718,0.95447391271591187,0.95844356310414947,0.95492304926994764,0.96488349268194207,0.90223924941249112,0.94811090143095389,0.95940741664890927
29.691876750700281,0.95439052581787109,0.93629923221344125,0.95473724926965076,0.96482069166415296,0.91231766935715619,0.94695070143087956,0.95929139664897034
29.731892757102841,0.95430713891983032,0.95340994042536298,0.95451104926936359,0.96476218141072856,0.89398689457161506,0.9457905014308049,0.95917537664903141
29.771908763505401,0.95422369241714478,0.9340460337688512,0.95431699467575704,0.96471561990712129,0.90533703419025102,0.94463030143073057,0.95905935664909248
29.811924769907964,0.954140305519104,0.97567828170048765,0.95471387701383725,0.96470152724260894,0.90152312102172316,0.94347010143065591,0.95894333664915354
29.851940776310524,0.95405685901641846,0.9669242263853165,0.95483007701347078,0.96467529690098253,0.91100649765933805,0.94230990143058158,0.95882731664921461
29.891956782713084,0.95397347211837769,0.94235000647300304,0.95490787701311308,0.96462721090186132,0.90991596066330649,0.94114970143050725,0.95871129664927568
29.931972789115648,0.95389002561569214,0.92863123659304236,0.95448348576307851,0.96453799487183955,0.90709517062140077,0.93998930143043258,0.95859525664933676
29.971988795518207,0.95380663871765137,0.95033214558673806,0.95425688576278822,0.96445003068046198,0.90800915239492175,0.93882910143035825,0.95847923664939783
30.012004801920767,0.95372319221496582,0.97054432444798122,0.95405348576249804,0.96437792047769555,0.89845683853668934,0.93766890143028359,0.95836321664945889
30.052020808323331,0.95363980531692505,0.9743196171470031,0.95417048576213115,0.96431980982482834,0.90316907132190261,0.93650870143020926,0.95824719664951996
30.092036814725891,0.9535563588142395,0.96106637062416833,0.95428708576176446,0.96427975809958555,0.91165956213830202,0.93534850143013459,0.95813117664958103
30.13205282112845,0.95350855588912964,0.96228128485899822,0.95420328576144775,0.96419475419636169,0.96512897904806827,0.93481350142991726,0.9580151566496421
30.172068827531014,0.95344048738479614,0.97404876829471077,0.95362731058634886,0.96409889401305893,0.95012653124279922,0.93592387125096188,0.95789913664970316
30.212084833933574,0.95333731174468994,0.97757531360155347,0.953765797158864,0.96407679695221005,0.96485097576423606,0.93697992236346983,0.95778311664976423
30.252100840336134,0.95323419570922852,0.97008110206478504,0.95388419715849637,0.96405480920276443,0.96228766208849159,0.9378019223629428,0.95766707664982531
30.292116846738697,0.95313107967376709,0.93705504159737008,0.95389304973232658,0.96402264191927123,0.9563381782396162,0.9385197223624373,0.95755105664988638
30.332132853141257,0.95302796363830566,0.94628418747705845,0.95366764973203844,0.96397502674158109,0.95699901447064639,0.93921272236194486,0.95743503664994745
30.372148859543817,0.95292478799819946,0.94993322936967972,0.95348024216858607,0.96392877032799684,0.93865726431004992,0.93989675677166484,0.95731901665000851
30.41216486594638,0.95282167196273804,0.97753795305117019,0.953454312277626,0.96389400349930099,0.92733115186383219,0.94023910518712239,0.95720299665006958
30.45218087234894,0.95271855592727661,0.97725111848526169,0.95357131227725911,0.96387025592387432,0.95621483875453572,0.94077669074904202,0.95708697665013065
30.4921968787515,0.95261543989181519,0.96379260086712815,0.95376759762837082,0.96384816073385826,0.96069154592369821,0.94139326828632997,0.95697095665019172
30.532212885154063,0.95251226425170898,0.93793038052174704,0.95365659762805655,0.9638053909287182,0.9548068464508247,0.94194545542816366,0.95685493665025279
30.572228891556623,0.95240914821624756,0.95106555075082599,0.95368558677171933,0.96376493584807466,0.95459445811191745,0.9424803091343823,0.95673891665031385
30.612244897959183,0.95230603218078613,0.95297275537873849,0.95365645097327856,0.96372866555873504,0.92990965308559914,0.94267628296158901,0.95662287665037493
30.652260904361746,0.95220291614532471,0.97757277041984181,0.95371996443220008,0.96370687263998267,0.94218344467307502,0.94271803016166222,0.956506856650436
30.692276910764306,0.95209974050521851,0.97431253256937778,0.95386915689031038,0.96369377557503888,0.95694063734062262,0.94293571550078314,0.95639083665049707
30.732292917166866,0.95199662446975708,0.96248110627920047,0.95399875901516418,0.96367066798974788,0.96101843412129007,0.94333146232555487,0.95627481665055813
30.772308923569426,0.95189350843429565,0.93788890243906875,0.95382147025052666,0.96362905941134491,0.95440295264879105,0.94372801298032916,0.9561587966506192
30.812324929971989,0.95179039239883423,0.95281289824257676,0.95359967025023751,0.96358338994642057,0.94209314996586357,0.94409101297990405,0.95604277665068027
30.852340936374549,0.9516872763633728,0.95137654554299533,0.95337547024994906,0.96354029568378297,0.92394996510423988,0.94415477504353307,0.95592675665074134
30.892356942777109,0.9515841007232666,0.97574567601584672,0.95344247024959561,0.96351153891114838,0.94196542033076103,0.94413737504319706,0.95581073665080241
30.932372949179673,0.95148098468780518,0.96071880245690733,0.95355967024922861,0.96347793503694501,0.95810990040529387,0.94446217504278374,0.95569469665086348
30.972388955582232,0.95137786865234375,0.94120515083913492,0.95363307024887178,0.96342728561451441,0.95452374110075056,0.94482717504235847,0.95557867665092455
31.012404961984792,0.95127469301223755,0.93784572890191598,0.9534068702485845,0.96335862085644342,0.95416244361920166,0.94519977504193475,0.95546265665098562
31.052420968387356,0.95117157697677612,0.94837686271408594,0.9531814702482968,0.96329648958689307,0.94049009261792704,0.9455557017022832,0.95534663665104669
31.092436974789916,0.9510684609413147,0.96872479903717568,0.95298327024800544,0.96322746291467265,0.92648687855350009,0.94557713508849439,0.95523061665110776
31.132452981192476,0.95096534490585327,0.97261968182859126,0.95309987024763876,0.96319325718602489,0.9428302798851157,0.94563413508814032,0.95511459665116882
31.172468987595039,0.95086222887039185,0.96060617583824792,0.95321767024727144,0.96314592246721942,0.95845660360433682,0.94599233508771619,0.95499857665122989
31.212484993997599,0.95075905323028564,0.92985262988604245,0.9532154702469321,0.96309608975768957,0.95265757138324603,0.94638413508728325,0.95488255665129096
31.252501000400159,0.9507148265838623,0.9477994393616469,0.95263418599374405,0.96299860332019771,0.96226707584446902,0.94678285973741261,0.95476653665135203
31.292517006802722,0.95065081119537354,0.9769408503164384,0.95209858599352915,0.9629304428816704,0.96315169107392318,0.94727205973696083,0.95465049665141311
31.332533013205282,0.95057147741317749,0.9647703331313725,0.95222078599315951,0.96290302684390905,0.95906499534050826,0.94787465973648266,0.95453447665147417
31.372549019607842,0.95049208402633667,0.93647053366730559,0.95219138599282593,0.9628640171240358,0.95172875802181256,0.9482464597360547,0.95441845665153524
31.412565026010405,0.95041269063949585,0.94079067277207906,0.95196798599253685,0.96281491144634213,0.9538715665170614,0.94860065973563423,0.95430243665159631
31.452581032412965,0.95033329725265503,0.9500867285515624,0.95174475634203237,0.96276641154990072,0.93805106764888957,0.94879365973524954,0.95418641665165738
31.492597038815525,0.95025396347045898,0.97816684555729771,0.95165938671318484,0.96272655240973937,0.92654703547407324,0.94885345973489321,0.95407039665171844
31.532613045218088,0.95017457008361816,0.97496170997725307,0.95178038671281584,0.96270695788056271,0.95570350492966383,0.94895565973453144,0.95395437665177951
31.572629051620648,0.95009517669677734,0.96252573306304567,0.9519002042168232,0.96267786362920782,0.95915173046662072,0.94935505973409917,0.95383835665184058
31.612645058023208,0.95001578330993652,0.93686702780654341,0.95179240421650824,0.96263368512640901,0.95283857608213041,0.94972364392861475,0.95372233665190165
31.652661064425772,0.94993644952774048,0.94846236206115431,0.95156861498098055,0.96258439284639863,0.9536215059448564,0.95006284392819751,0.95366109608128169
31.692677070828331,0.94985705614089966,0.94836868820144138,0.95136772144259019,0.96253579726837213,0.92761336731863153,0.95025504392781379,0.95362148940577285
31.732693077230891,0.94977766275405884,0.97748109477433087,0.95136512144225227,0.96250293295524292,0.94052604438702703,0.95031284392745774,0.9535724899783522
31.772709083633455,0.94969826936721802,0.96827029613413373,0.95148555457009376,0.96248171706898067,0.95638884294392534,0.9504848764744076,0.95352996157937708
31.812725090036015,0.94961893558502197,0.96071268671041021,0.95162255646950777,0.96245009320345487,0.96076250024027166,0.9508606764739822,0.95350193329551813
31.852741096438574,0.94953954219818115,0.93698534630808128,0.95143715646920979,0.96240131443829091,0.95349911568140222,0.95127686163903524,0.95347212867832842
31.892757102841138,0.94946014881134033,0.94978402937592865,0.95121295646892123,0.96235092631058294,0.95338793809841005,0.9516370616386125,0.95343928474170181
31.932773109243698,0.94938075542449951,0.93460747140767408,0.95099741616772593,0.96230120849073164,0.92024556838085803,0.9517223392848605,0.95339481197153975
31.972789115646258,0.94930136203765869,0.97686727970263676,0.95106461616737059,0.96227275363065912,0.94104829426060255,0.95176583418905758,0.95334803828547776
32.012805122048817,0.94922202825546265,0.96399871968966411,0.95118481616700201,0.96224685785668274,0.95706735842774726,0.95194377807323516,0.95330853000803661
32.052821128451377,0.94914263486862183,0.94427313626258624,0.95126061616664415,0.96221013125371802,0.95349715791179779,0.95228981213264752,0.95328136894787519
32.092837134853944,0.94906324148178101,0.93800946136259078,0.9510364161663557,0.96215798678096265,0.9536737724606601,0.95251957701338519,0.95325048504810683
32.132853141256504,0.94898390769958496,0.94870335880430745,0.95081421616606621,0.96210536351176967,0.93984812216672176,0.95275969772836777,0.95322020460905643
32.172869147659064,0.94890451431274414,0.9770098795343265,0.95062961616577324,0.96205269558453532,0.92690637518601771,0.95260488474677862,0.95317158272151747
32.212885154061624,0.94882512092590332,0.97762393681380266,0.95077604071135058,0.9620131595831457,0.94268231996410035,0.95252546343876321,0.95312386350542533
32.252901160464184,0.9487457275390625,0.94895386220290645,0.95087269221283155,0.96197243270732835,0.95771615140939237,0.95270544972033888,0.9530938730539098
32.292917166866744,0.94866639375686646,0.93174191113808236,0.95069695199716997,0.96192413018181444,0.95155576238040096,0.95294522616296173,0.95307044857033374
32.332933173269311,0.94858700037002563,0.92729019265570301,0.95048778635894249,0.96187254591274507,0.95182362085810102,0.95297727071033178,0.95303850174070603
32.37294917967187,0.94856446981430054,0.92444110251529155,0.95013218802574584,0.96177250686878302,0.94798111238807781,0.95284856341175672,0.95301506598226982
32.41296518607443,0.94850242137908936,0.96067054255633122,0.94981545079379814,0.96170301437202232,0.96259847284478628,0.95257249515684683,0.95300546032642652
32.45298119247699,0.94843721389770508,0.93704771481196258,0.94947516691395162,0.96163018745479045,0.9516572697680743,0.95282250718769412,0.95298921731974995
32.49299719887955,0.9483720064163208,0.93218024667167154,0.94925960339074011,0.96156709534842633,0.95351187084700706,0.95294769953142766,0.95295754680800926
32.53301320528211,0.9483068585395813,0.9499048910591783,0.94917873542384645,0.96151461911916736,0.93597808626953283,0.95301397287110778,0.95292214313779355
32.573029211684677,0.94824165105819702,0.96074550586487983,0.94938076748170208,0.96147798909621984,0.94130814368082982,0.95284575834994545,0.95287499645463969
32.613045218087237,0.94817650318145752,0.96547085858904524,0.94937877796168668,0.96143153126967351,0.95545581741152474,0.95275881012985209,0.9528335878849119
32.653061224489797,0.94811129570007324,0.95270560019512263,0.94962316480066422,0.9613732081566716,0.95805087068540207,0.95293632175852605,0.95280773765746762
32.693077230892357,0.94804608821868896,0.93513675596342816,0.94952256480034902,0.96131019327545741,0.95281093000226147,0.95291812209898452,0.95278008375026468
32.733093237294916,0.94798094034194946,0.94028427685172999,0.94930014696870102,0.96123704444960856,0.9533282557886501,0.95308889166404098,0.95275232858339753
32.773109243697476,0.94791573286056519,0.94032121353849463,0.94907794696841152,0.96116557071662845,0.92509045488836084,0.95298129533218867,0.95271457174118224
32.813125250100043,0.94785058498382568,0.96406078543381779,0.94907334696807322,0.96110184927276754,0.94026109290055782,0.9528198885208301,0.95266921806628946
32.853141256502603,0.94778537750244141,0.9620430735053388,0.94919394696770443,0.96104455265677036,0.95624752757429499,0.95275188795756116,0.95263093104175556
32.893157262905163,0.94772017002105713,0.95988227732960596,0.94931534696733522,0.96098437031087747,0.95931131835255934,0.95290842232119344,0.95260687301571401
32.933173269307723,0.94765502214431763,0.93612502426619226,0.9491322970185625,0.96091521952897607,0.95326127633763713,0.95282252099662923,0.95257803890048631
32.973189275710283,0.94758981466293335,0.94598366817146329,0.948910097018273,0.96084524057463483,0.953134495924161,0.95299242646928106,0.95254988557737486
33.013205282112843,0.94752460718154907,0.94735692574381714,0.94855857344066241,0.96076957010370467,0.91994929258071756,0.95283732573129765,0.95250659856436481
33.05322128851541,0.94745945930480957,0.96424244127036529,0.94863262155317685,0.96071521287667783,0.94127189527997168,0.95265057096574246,0.9524635875991373
33.093237294917969,0.94739425182342529,0.96221994573819059,0.94875282155280827,0.96066533057305792,0.95643743122592684,0.95273374823287216,0.95243168141755852
33.133253301320529,0.94732910394668579,0.93674434956492825,0.94864028160474045,0.96060542658093362,0.95332772185148518,0.95282997696214045,0.95240525454818503
33.173269307723089,0.94726389646530151,0.93727623785433944,0.94844501963587413,0.96054167752377073,0.95334771483199132,0.95278334819933952,0.9523763681840075
33.213285314125649,0.94719868898391724,0.94013519796186995,0.94823158511416683,0.96047483794317723,0.93949566431156861,0.95288428497317379,0.95234903611543131
33.253301320528209,0.94713354110717773,0.96026242244355442,0.94804023896444467,0.96040635785978068,0.9259237528236377,0.95271453360619374,0.95230549802484821
33.293317326930776,0.94706833362579346,0.95837943859384822,0.94827280366382638,0.96036403736736375,0.94443873593105232,0.95248788658850347,0.9522571920351558
33.333333333333336,0.94700318574905396,0.96189108812209412,0.94828693293624511,0.96030175604455548,0.95711659929961679,0.95266153900451989,0.95223402577996274
33.373349339735896,0.94693797826766968,0.93528716699608949,0.94829831358995853,0.96024602488572541,0.95037220166498215,0.95271798982408085,0.95220916590879834
33.413365346138455,0.9468727707862854,0.93792886672310916,0.94808838241635784,0.96017900628092301,0.95310441746387431,0.95273036751085904,0.9521826008326314
33.453381352541015,0.9468076229095459,0.95031361669141023,0.94818840671704574,0.96012344546350747,0.92807878254732634,0.95238291807388364,0.95214682997132682
33.493397358943575,0.94679933786392212,0.9358895377500811,0.94805595053589808,0.96003678137006643,0.96217974745484014,0.95254604290870537,0.95213740912598444
33.533413365346135,0.9468083381652832,0.94866914695509097,0.94785695053560515,0.95994567081736148,0.94487757295420782,0.95183870773446322,0.95211000981656291
33.573429371748702,0.94681733846664429,0.9490083589538707,0.94832963480397026,0.9598805872829157,0.94582015002922415,0.95068410773438861,0.95207144418078526
33.613445378151262,0.94682633876800537,0.94333234068510652,0.94798426139563374,0.95980750378054491,0.94580923398052053,0.94953270773431431,0.95203564577819899
33.653461384553822,0.94683539867401123,0.94537560553459321,0.94783382670340122,0.95973201219771553,0.94902573078793218,0.94869494155874956,0.95200619534931297
33.693477390956382,0.94684439897537231,0.95236675150801597,0.94857143381756526,0.95968144229474561,0.94989966727408937,0.94984487177148447,0.95199920495592838
33.733493397358941,0.9468533992767334,0.95167579325773466,0.94973163381695458,0.95963853658048126,0.95284830560380096,0.94962735437357426,0.95198838459103929
33.773509403761501,0.94686239957809448,0.93528571374939706,0.94909383381676371,0.95953856642729352,0.95694935831431527,0.95078595437296443,0.95200569602930674
33.813525410164068,0.94687139987945557,0.92679263731939932,0.94793363381668905,0.95942254642735458,0.95677025205868371,0.95194615437235375,0.95203775482731035
33.853541416566628,0.94688040018081665,0.93472597156504866,0.94677343381661472,0.95930652642741565,0.97131167478528013,0.95310635437174307,0.95213079962625846
33.893557422969188,0.94688940048217773,0.91968535271447716,0.94561323381654006,0.95919050642747672,0.9560818290741363,0.95426375437113387,0.95221825657911341
33.933573429371748,0.94689846038818359,0.91537956442079105,0.94445303381646573,0.95907448642753779,0.95310257834697321,0.95391790344672744,0.95222923406713766
33.973589435774308,0.94690746068954468,0.91257286064224064,0.94329283381639106,0.95895846642759885,0.94864301649343763,0.95278490344665134,0.95221741302241147
34.013605442176868,0.94691646099090576,0.91335385963550397,0.94213263381631673,0.95884244642765992,0.95056406308621844,0.95164310344657732,0.95220032373465713
34.053621448579435,0.94692546129226685,0.91441460861705048,0.9409722338162424,0.958726406427721,0.95288182499248331,0.95183893656008123,0.95219492804320405
34.093637454981994,0.94693446159362793,0.91209274426624554,0.93981203381616774,0.95861038642778207,0.95372586099740886,0.95281833655956527,0.95219965885644364
34.133653461384554,0.94694346189498901,0.91187851148301047,0.93865183381609341,0.95849436642784314,0.96295152396345585,0.95389333655899944,0.95222926683722486
34.173669467787114,0.9469524621963501,0.9209278786364623,0.93749163381601874,0.9583783464279042,0.97599531226899794,0.95451113655851949,0.95227816722562875
34.213685474189674,0.94696146249771118,0.91149812416127995,0.93633143381594441,0.95826232642796527,0.96397508150847444,0.95567133655790881,0.95234278983346166
34.253701480592234,0.94697052240371704,0.91181553745967392,0.93517123381586975,0.95814630642802634,0.96312493488932904,0.95683153655729813,0.95242408278899393
34.293717486994801,0.94697952270507813,0.917181650871288,0.93401103381579542,0.95803028642808741,0.96186460587487499,0.95799173655668746,0.95250052442180766
34.333733493397361,0.94698852300643921,0.91446856040050517,0.93285083381572109,0.95791426642814848,0.95879832338984128,0.95908706126024901,0.95254982910224228
34.373749499799921,0.94699752330780029,0.91602347380940652,0.93183569924032283,0.95779822642820955,0.96045346927452646,0.95944586688101663,0.95261802366842507
34.413765506202481,0.94700652360916138,0.91400424808228964,0.93067789924024791,0.95768220642827062,0.93599659609124763,0.95954379008867186,0.95265046918480711
34.45378151260504,0.94701552391052246,0.91212762218686261,0.92951769924017325,0.95756618642833169,0.95197241134803945,0.95838359008859719,0.95262551901919579
34.4937975190076,0.94702452421188354,0.91374472244380878,0.92835749924009892,0.95745016642839276,0.94064404450045902,0.95722339008852286,0.95256984965777025
34.533813525410167,0.9470335841178894,0.92647734333909837,0.92723525532200568,0.95733414642845382,0.91966731443132488,0.9560631900884482,0.95249351189729536
34.573829531812727,0.94704258441925049,0.91285830251340228,0.92608065532193151,0.95721812642851489,0.96254822342493873,0.9570737900878723,0.95255289298951296
34.613845538215287,0.94705158472061157,0.91312315672308864,0.92492045532185718,0.95710210642857596,0.96235915034222996,0.95823399008726162,0.95261067749964723
34.653861544617847,0.94706058502197266,0.91335688723277975,0.92376025532178252,0.95698608642863703,0.96157111841326215,0.95939419008665094,0.95266448889035393
34.693877551020407,0.94706958532333374,0.91405129694395548,0.92260005532170819,0.9568700664286981,0.96106340349584085,0.96038890402100929,0.95271380572095288
34.733893557422967,0.94707858562469482,0.91509884560137955,0.92143965532163352,0.95675402642875917,0.9608320900507572,0.96033197098431899,0.95275872173067777
34.773909563825534,0.94708758592605591,0.91255075918212736,0.92029865532155863,0.95663800642882024,0.95897446332789027,0.96000818425189571,0.95280008798053362
34.813925570228093,0.94709664583206177,0.91324553220497617,0.91913845532148397,0.95652198642888131,0.96089995939704487,0.9607673895966693,0.95285132163550634
34.853941576630653,0.94710564613342285,0.91207821179932169,0.91797825532140964,0.95640596642894238,0.96882299365991142,0.96187521160963274,0.9529252206904596
34.893957583033213,0.94711464643478394,0.91202407836003052,0.91681805532133498,0.95628994642900345,0.96870167127078699,0.96303541160902206,0.95301716259245028
34.933973589435773,0.94712364673614502,0.91064107192444865,0.91565785532126065,0.95617392642906451,0.96878704189081144,0.96419561160841138,0.95310809589528045
34.973989595838333,0.9471326470375061,0.91069605309097701,0.91449765532118632,0.95605790642912558,0.96896347846061881,0.96535581160780071,0.95319896827253714
35.0140056022409,0.94714164733886719,0.91152979282878466,0.91333745532111166,0.95594188642918665,0.96897445383567404,0.96651601160719003,0.95329152383100513
35.05402160864346,0.94715064764022827,0.91092173019191458,0.91220880539607818,0.95582584642924773,0.96928597650818848,0.96753415560204759,0.95337843217583595
35.09403761504602,0.94715964794158936,0.91116448294148766,0.91121195977186753,0.9557098264293088,0.96675149543934602,0.96794330731785683,0.95346667857647815
35.134053621448579,0.94716870784759521,0.91276281209532384,0.91199952253569117,0.95559380642936986,0.9660643776345349,0.96709612840857329,0.95354203881101784
35.174069627851139,0.9471777081489563,0.92303647903516051,0.91232254347205699,0.95547778642943093,0.96304870052745872,0.96637952840840047,0.95360986485100097
35.214085634253699,0.94718670845031738,0.92055948059994386,0.9124792972305471,0.955361766429492,0.96424252470171301,0.96659751100473268,0.95368587606194055
35.254101640656259,0.94719570875167847,0.91489103132436922,0.91259619075980325,0.95524574642955307,0.97432569075451014,0.96611983854195871,0.95372074162158849
35.294117647058826,0.94720470905303955,0.91014109451032432,0.91248987852803842,0.95512972642961413,0.97511668900106052,0.96581745806858166,0.95374064460670605
35.334133653461386,0.94721370935440063,0.90648042664416395,0.91226347034220223,0.9550137064296752,0.96505333794971448,0.9651052580684113,0.95374659687571484
35.374149659863946,0.94722270965576172,0.90489214911328342,0.91200556566184432,0.95489768642973627,0.92652283032260008,0.96398122034685829,0.9536835925975482
35.414165666266506,0.94723176956176758,0.91987033890802805,0.91195302230166675,0.95478164642979735,0.91370780442902055,0.96282082034678362,0.95356755259760928
35.454181672669066,0.94724076986312866,0.9186867300290299,0.91206329241441875,0.95466562642985842,0.90898079938224652,0.96166062034670929,0.95345153259767035
35.494197679071625,0.94724977016448975,0.91362470848779631,0.91216453288288291,0.95454960642991948,0.91635874312615218,0.96050042034663474,0.95333551259773142
35.534213685474192,0.94725877046585083,0.91181269151823474,0.912005962937813,0.95443358642998055,0.92934516284964874,0.9593402203465603,0.95321949259779248
35.574229691876752,0.94726777076721191,0.90453676974505093,0.91177255901675591,0.95431756643004162,0.91569749161066061,0.95818002034648597,0.95310347259785355
35.614245698279312,0.947276771068573,0.90602253283217316,0.9115288554517369,0.95420154643010269,0.92636988698804612,0.95701982034641131,0.95298745259791462
35.654261704681872,0.94728577136993408,0.92037794586728738,0.91153615774032448,0.95408552643016376,0.90681746396932683,0.95585962034633698,0.95287143259797569
35.694277711084432,0.94729483127593994,0.91648360804338136,0.91166148193549046,0.95396950643022482,0.90883058505986858,0.95469942034626232,0.95275541259803675
35.734293717486992,0.94730383157730103,0.91138810127627767,0.91178268514819405,0.95385348643028589,0.91722977262107852,0.95353922034618799,0.95263939259809782
35.774309723889559,0.94731283187866211,0.9083968351677949,0.91158499446696073,0.95373744643034697,0.92968486553919705,0.95237882034611343,0.9525233525981589
35.814325730292119,0.94732183218002319,0.90316169561433157,0.91134892434891224,0.95362142643040804,0.91619476509019149,0.95121862034603899,0.95240733259821997
35.854341736694678,0.94733083248138428,0.90672384546513773,0.91111458499904263,0.9535054064304691,0.92327726360287976,0.95005842034596466,0.95229131259828104
35.894357743097238,0.94733983278274536,0.9197353686214732,0.91118470279174779,0.95338938643053017,0.90872800979786561,0.94889822034589,0.9521752925983421
35.934373749499798,0.94734883308410645,0.9152663322826764,0.91128841709761854,0.95327336643059124,0.90982863227367761,0.94773802034581567,0.95205927259840317
35.974389755902358,0.94735783338546753,0.90934701629682957,0.9112889293231542,0.95315734643065231,0.91790027904742755,0.94657782034574101,0.95194325259846424
36.014405762304925,0.94736689329147339,0.90673444205560294,0.91110872385707731,0.95304132643071338,0.93069412543346797,0.94541762034566668,0.95182723259852531
36.054421768707485,0.94737589359283447,0.90190833089409916,0.91086505879894597,0.95292530643077444,0.91473474357608331,0.94425742034559224,0.95171121259858638
36.094437775110045,0.94738489389419556,0.92052532930267295,0.91070945879864951,0.95280926643083552,0.91311643935577269,0.94309702034551768,0.95159517259864745
36.134453781512605,0.94739389419555664,0.91960191213355635,0.91083970309979922,0.95269324643089659,0.90801449176657023,0.94193682034544335,0.95147915259870852
36.174469787915164,0.94740289449691772,0.91384475425780087,0.9109599030860136,0.95257722643095766,0.91275870145532279,0.94077662034536869,0.95136313259876959
36.214485794317724,0.94741189479827881,0.91061303637367486,0.91095111541008378,0.95246120643101873,0.91148745639216522,0.93961642034529436,0.95124711259883066
36.254501800720291,0.94741648435592651,0.9098463276395532,0.9108865154097685,0.95234518643107979,0.94929762345754443,0.93930400759653843,0.95113109259889173
36.294517807122851,0.94734382629394531,0.92278930599356479,0.91149442856670237,0.95222916643114086,0.90918553462179086,0.93870551402475011,0.95101507259895279
36.334533813525411,0.94724369049072266,0.91766461318872239,0.91239273497467832,0.95211314643120193,0.91497999871380464,0.93754531402467545,0.95089905259901386
36.374549819927971,0.9471435546875,0.91193203940284639,0.91292176852694074,0.951997126431263,0.91356482792154392,0.93638511402460112,0.95078303259907493
36.414565826330531,0.94704341888427734,0.9098730310475257,0.91294505165660478,0.95188110643132406,0.93108295034218247,0.93522491402452679,0.950667012599136
36.454581832733091,0.94694328308105469,0.90854815447963899,0.91275220114634603,0.95176506643138514,0.92686775373109354,0.93406451402445212,0.95055097259919707
36.494597839135658,0.94684314727783203,0.92284543764705806,0.91269654116018706,0.95164904643144621,0.91210830666218312,0.93290431402437779,0.95043495259925814
36.534613845538217,0.94674301147460938,0.91840813052771142,0.91280161114974034,0.95153302643150728,0.91003063850104615,0.93174771402430334,0.95031893259931921
36.574629851940777,0.94664287567138672,0.91323790265984117,0.91287137545531727,0.95141700643156835,0.91578499797934443,0.93078137388807836,0.95020291259938028
36.614645858343337,0.94654273986816406,0.911248347386027,0.91266157405825876,0.95130098643162941,0.93188071179282095,0.92992305137115294,0.95008689259944135
36.654661864745897,0.94644254446029663,0.90573945248688659,0.91239531035282651,0.95118496643169048,0.91643266376030819,0.92932447057648915,0.94997087259950241
36.694677871148457,0.94634240865707397,0.9064694061900801,0.91211634982602108,0.95106894643175155,0.92777621815391098,0.92847587057635417,0.94985485259956348
36.734693877551024,0.94624227285385132,0.9199880518901109,0.91212574982568939,0.95095292643181262,0.90801591559900985,0.92772495825032708,0.94973883259962455
36.774709883953584,0.94614213705062866,0.91628802525936526,0.9122020871859946,0.9508368864318737,0.91045001648086044,0.92693926938815796,0.94962279259968563
36.814725890356144,0.94604200124740601,0.91033280196982747,0.91221389455764534,0.95072086643193476,0.91838491601405703,0.9262577375662272,0.9495067725997467
36.854741896758703,0.94594186544418335,0.90833973468317353,0.91200017260669097,0.95060484643199583,0.93153056766538223,0.92562297328303211,0.94939075259980776
36.894757903161263,0.94584172964096069,0.90336714836546683,0.91174092569195386,0.9504888264320569,0.91563947043874683,0.92510406120763622,0.94927473259986883
36.934773909563823,0.94574159383773804,0.90599419452167174,0.91148356769961814,0.95037280643211797,0.91697235558126888,0.92461095132682991,0.9491587125999299
36.974789915966383,0.94564145803451538,0.91973282543976154,0.91156296769926626,0.95025678643217903,0.90944028197577631,0.92400591633358187,0.94904269259999097
37.01480592236895,0.94554132223129272,0.91564835450693582,0.91167524917132514,0.9501407664322401,0.9112350820922458,0.92334285986864673,0.94892667260005203
37.05482192877151,0.94544118642807007,0.90991547796133232,0.91162156777473891,0.95002474643230117,0.91140920493433875,0.9227002598684575,0.9488106526001131
37.09483793517407,0.94534105062484741,0.90644143119125176,0.911424059332687,0.94990872643236224,0.93170563972910159,0.92224285986823507,0.94869463260017417
37.13485394157663,0.94524085521697998,0.90183936222815664,0.91119536084953978,0.94979268643242332,0.92526718808992636,0.92173925986802274,0.94857859260023525
37.17486994797919,0.94514071941375732,0.92160097406281638,0.91103745930380087,0.94967666643248438,0.91334176083933971,0.92138358884816063,0.94846257260029632
37.214885954381749,0.94504058361053467,0.91873305226734947,0.91114627344310506,0.94956064643254545,0.9088595363194738,0.92077698884796244,0.94834655260035738
37.254901960784316,0.94494044780731201,0.9134163492432763,0.91126262040500317,0.94944462643260652,0.91360024575347898,0.92016818502524211,0.94823053260041845
37.294917967186876,0.94484031200408936,0.90989034890394327,0.91118344857593325,0.94932860643266759,0.9123897508744111,0.91956187303181447,0.94811451260047952
37.334933973589436,0.9447401762008667,0.90604136448722861,0.91100829818182349,0.94921258643272866,0.91526648566592284,0.91917076675372655,0.94799849260054059
37.374949979991996,0.94470381736755371,0.91123351215937565,0.91090270331849721,0.94909656643278972,0.93495316421842634,0.91952978994432533,0.94788247260060166
37.414965986394556,0.94463962316513062,0.91877071557746037,0.91184198947604966,0.94898054643285079,0.91638923687090035,0.91989785685709291,0.94776645260066272
37.454981992797116,0.94456619024276733,0.91296402621027295,0.91269575760074195,0.94886452643291186,0.91659474335301616,0.91967146878398687,0.94765043260072379
37.494997999199683,0.94449275732040405,0.91082999399445808,0.91295273999708726,0.94874848643297294,0.93249029005602535,0.91963134936508739,0.94753439260078487
37.535014005602243,0.94441938400268555,0.90913968643538334,0.9128028404980757,0.94863246643303401,0.92968913703651579,0.91950028917900029,0.94741837260084594
37.575030012004802,0.94434595108032227,0.92359289086250562,0.9127721192283631,0.94851644643309507,0.913229989992831,0.91925071597982344,0.947302352600907
37.615046018407362,0.94427251815795898,0.91825008994991508,0.91289185401560924,0.94840042643315614,0.91189479112259453,0.91890438674847164,0.94718633260096807
37.655062024809922,0.9441990852355957,0.91296523724918333,0.91297668118125552,0.94828440643321721,0.91740057318747903,0.91856317996940895,0.94707031260102914
37.695078031212482,0.9441257119178772,0.91094038019113344,0.91275952780942893,0.94816838643327828,0.93374474576166611,0.91842880949014805,0.94695429260109021
37.735094037615049,0.94405227899551392,0.90481888125920928,0.91249120635470149,0.94805236643333934,0.91927036181243427,0.91845208717866922,0.94683827260115128
37.775110044017609,0.94397884607315063,0.90515385462180287,0.9122255590581706,0.94793634643340041,0.93115248082631641,0.91844976009149626,0.94672225260121234
37.815126050420169,0.94390541315078735,0.92061240300032476,0.9122226543396359,0.94782030643346149,0.91102346499591003,0.91823399715369525,0.94660621260127342
37.855142056822729,0.94383198022842407,0.91606543630764903,0.91230374511305423,0.94770428643352256,0.91187100125558285,0.91797304521835388,0.94649019260133449
37.895158063225288,0.94375860691070557,0.91149231117451035,0.91231571977899306,0.94758826643358363,0.91959191063837764,0.91781678528748056,0.94637417260139556
37.935174069627848,0.94368517398834229,0.90814493907444904,0.91208715946999874,0.94747224643364469,0.93332370664400555,0.91775227437415818,0.94625815260145663
37.975190076030415,0.943611741065979,0.90198947050109035,0.91184506777315311,0.94735622643370576,0.91867893741283468,0.91794485172058327,0.94614213260151769
38.015206082432975,0.94353830814361572,0.91210648955787754,0.91162894655128601,0.94724020643376683,0.91727794561861842,0.91805064191178287,0.94602611260157876
38.055222088835535,0.94346493482589722,0.91899772482119924,0.91172848226263237,0.9471241864338279,0.91103805927841586,0.91780106519675908,0.94591009260163983
38.095238095238095,0.94339150190353394,0.91453964838454072,0.9118187053439939,0.94700816643388896,0.91267760233261719,0.91759371054483974,0.9457940726017009
38.135254101640655,0.94331806898117065,0.90982979695842736,0.91177252358742866,0.94689214643395003,0.9161791029333558,0.91753350924000288,0.94567805260176196
38.175270108043215,0.94324463605880737,0.90671167452408896,0.91158972110144709,0.94677610643401111,0.93282471270027678,0.91759307129233503,0.94556201260182304
38.215286114445782,0.94317126274108887,0.90141991890156836,0.91135352110117063,0.94666008643407218,0.92870426027277297,0.91769026136542453,0.94544599260188411
38.255302120848341,0.94309782981872559,0.91839977435923026,0.91122014763026149,0.94654406643413325,0.91800504938444161,0.91774524934703328,0.94532997260194518
38.295318127250901,0.9430243968963623,0.91898888423715397,0.91134905773512997,0.94642804643419431,0.91044752477409119,0.91757288330434994,0.94521395260200625
38.335334133653461,0.94295096397399902,0.91295240023673396,0.91150012647890555,0.94631202643425538,0.9153614078285629,0.91741583545918937,0.94509793260206731
38.375350140056021,0.94287759065628052,0.90990476026697598,0.91141970698718888,0.94619600643431645,0.914854998090878,0.91735072293455222,0.94498191260212838
38.415366146458581,0.94280415773391724,0.90546672652428328,0.91125489395804637,0.94607998643437752,0.93180121448160991,0.91739208462853972,0.94486589260218945
38.455382152861148,0.94273072481155396,0.90529324520038035,0.9110321639892982,0.94596396643443859,0.92356784407326187,0.91746925409426283,0.94474987260225052
38.495398159263708,0.94271296262741089,0.92770539734610513,0.91115943931943311,0.94584792643449966,0.94717350276306544,0.9182152540937536,0.9446338326023116
38.535414165666268,0.94262999296188354,0.91389289305448607,0.91224618476464991,0.94573190643456073,0.96153890420431609,0.91937545409314292,0.94451781260237266
38.575430172068828,0.9425470232963562,0.9117329446059903,0.91283504139812521,0.9456158864346218,0.9211284631461143,0.92053245409253392,0.94440179260243373
38.615446178471387,0.94246399402618408,0.91078621493785017,0.91278849349300906,0.94549986643468287,0.92257786524327712,0.92164187369436412,0.9442857726024948
38.655462184873947,0.94238102436065674,0.92462421159853148,0.91280639325242641,0.94538384643474394,0.92312859176564477,0.92248185857355036,0.94416975260255587
38.695478191276507,0.94229805469512939,0.91822338654194258,0.91297659325204894,0.945267826434805,0.9394798241756781,0.92323081283240049,0.94405373260261694
38.735494197679074,0.94221502542495728,0.91273459488871345,0.91309950592353295,0.94515180643486607,0.94433871170217032,0.92383068148070491,0.943937712602678
38.775510204081634,0.94213205575942993,0.90389631181732988,0.9128451549088179,0.94503578643492714,0.93888537413214446,0.92439947867078076,0.94382169260273907
38.815526210484194,0.94204902648925781,0.90223010393257042,0.91276322334969429,0.94491976643498821,0.92424529168275393,0.92482156108872271,0.94370567260280014
38.855542216886754,0.94196605682373047,0.90956282343064798,0.9125533338622952,0.94480372643504928,0.92220737217722248,0.92499303130168908,0.94358963260286122
38.895558223289314,0.94188308715820313,0.92629883620371767,0.91250370596389829,0.94468770643511035,0.94011337028494912,0.92517869522508933,0.94347361260292228
38.935574229691873,0.94180005788803101,0.91905979056535292,0.91264024196523108,0.94457168643517142,0.93881590297436224,0.92562932636473172,0.94335759260298335
38.97559023609444,0.94171708822250366,0.91454406867656335,0.91280203541545735,0.94445566643523249,0.93795644211800766,0.92608632636428578,0.94324157260304442
39.015606242497,0.94163405895233154,0.89489932209674916,0.91271248704684205,0.94433964643529356,0.9381363789425623,0.92653172636384129,0.94312555260310549
39.05562224889956,0.9415510892868042,0.90215641221487763,0.91253849776013174,0.94422362643535462,0.92249961378545076,0.92681152636343822,0.94300953260316656
39.09563825530212,0.94146811962127686,0.90906968838636704,0.91234918994249237,0.94410760643541569,0.92176645873175922,0.92691372636307445,0.94289351260322762
39.13565426170468,0.94138509035110474,0.92532667471846075,0.9124641863782943,0.94399158643547676,0.94044013982983776,0.92714992636267779,0.94277749260328869
39.17567026810724,0.94130212068557739,0.9169011137077131,0.9126338498365103,0.94387554643553784,0.93797785893095331,0.92759312636223301,0.94266145260334977
39.215686274509807,0.94121909141540527,0.91252351080664518,0.91280746664560619,0.94375952643559891,0.9471841221800108,0.92802892636179224,0.94254543260341084
39.255702280912367,0.94113612174987793,0.89625411132572075,0.91264279522628022,0.94364350643565997,0.92353432468457952,0.92835016573250007,0.94242941260347191
39.295718287314926,0.94105315208435059,0.90367438893701424,0.91247124747002695,0.94352748643572104,0.92865626525428813,0.92790796923880781,0.94231339260353297
39.335734293717486,0.94097012281417847,0.9229357811497676,0.91236197052842216,0.94341146643578211,0.91865247785999882,0.92748608010302958,0.94219737260359404
39.375750300120046,0.94088715314865112,0.92228842030025782,0.91253388088496012,0.94329544643584318,0.91202127490431251,0.92685562433228841,0.94208135260365511
39.415766306522606,0.94080418348312378,0.91746884874886969,0.91271508043589611,0.94317942643590424,0.91663662775728116,0.92626798539728594,0.94196533260371618
39.455782312925173,0.94072115421295166,0.91155855500290472,0.91279291540383256,0.94306340643596531,0.91608216367475959,0.9256833853970895,0.94184931260377724
39.495798319327733,0.94063818454742432,0.89745873172981294,0.91262428277161023,0.94294738643602638,0.93274485943095586,0.92537624000265306,0.94173329260383831
39.535814325730293,0.9405551552772522,0.90423394946552615,0.91245182621889354,0.94283134643608746,0.92562700241268403,0.92493885151216015,0.94161725260389939
39.575830332132853,0.94047218561172485,0.92207642793900679,0.91253109832551615,0.94271532643614853,0.90119813126738402,0.92413823466697698,0.94150123260396046
39.615846338535412,0.94045603275299072,0.89354271630941229,0.91266849904074721,0.94259930643620959,0.95447544945050744,0.92504163466644229,0.94138521260402153
39.655862344937972,0.9403948187828064,0.90197766287171477,0.91256416536367679,0.94248328643627066,0.95685081724422449,0.92554646493602988,0.94126919260408259
39.695878351340539,0.94033366441726685,0.9081144814458546,0.91247346441066168,0.94236726643633173,0.92490523801850932,0.92629716156425412,0.94115317260414366
39.735894357743099,0.94027245044708252,0.92211330407382597,0.91256309521203427,0.9422512464363928,0.92388061259916099,0.92662655507937985,0.94103715260420473
39.775910364145659,0.94021129608154297,0.92049450836240543,0.91281797611558391,0.94213522643645387,0.94366933247650253,0.92737399538592447,0.9409211326042658
39.815926370548219,0.94015008211135864,0.91552997545345238,0.91305516365139039,0.94201920643651493,0.95639542816895851,0.92799661830763802,0.94080511260432687
39.855942376950779,0.94008892774581909,0.89488872550628396,0.91310887864096857,0.941903186436576,0.95078149416501601,0.92861782015966821,0.94068909260438793
39.895958383353339,0.94002771377563477,0.90137813805916245,0.91297344572050654,0.94178714643663708,0.95622421231809651,0.92925282605061033,0.94057305260444901
39.935974389755906,0.93996655941009521,0.90947417538241282,0.91284110701719234,0.94167112643669815,0.92251936946055013,0.92966813281578042,0.94045703260451008
39.975990396158466,0.93990534543991089,0.9362243294568382,0.91294075634054317,0.94155510643675921,0.94125255488933379,0.92994852172631126,0.94034101260457115
40.016006402561025,0.93984419107437134,0.92074319520263892,0.91313504536962498,0.94143908643682028,0.94387673740187117,0.93056392172582658,0.94022499260463221
40.056022408963585,0.93978297710418701,0.91397500149260547,0.91333164782711196,0.94132306643688135,0.95592858910782419,0.93115332172534959,0.94010897260469328
40.096038415366145,0.93972182273864746,0.89647197722568672,0.91321918808644387,0.94120704643694242,0.94984129014406571,0.93173952172487451,0.93999295260475435
40.136054421768705,0.93966060876846313,0.90221557146564657,0.91304647207450418,0.94109102643700349,0.94388498376475061,0.93234732172439361,0.94001407098415657
40.176070428171272,0.93959945440292358,0.9195416023958225,0.91289049778619535,0.94097500643706455,0.92080727027828091,0.93262912172398993,0.94001223469257389
40.216086434573832,0.93953824043273926,0.92602683686446041,0.91306789496672669,0.94085896643712563,0.9398848451783931,0.93302192172356113,0.94001201801556877
40.256102440976392,0.93947708606719971,0.91808732632036849,0.91324626065400683,0.9407429464371867,0.9518884052341029,0.93363372172307812,0.94002350142804969
40.296118447378952,0.93941587209701538,0.91284806923461015,0.91337489368738634,0.94062692643724777,0.95594745488764887,0.93424512172259533,0.94004202728501596
40.336134453781511,0.93935471773147583,0.89590212286643711,0.91319260024605708,0.94051090643730884,0.94908244678010967,0.9348577217221119,0.94005734151135145
40.376150460184071,0.9392935037612915,0.90460658613823064,0.91302023849603531,0.9403948864373699,0.92548064430316335,0.93540752172164388,0.94006724048655632
40.416166466586631,0.93923234939575195,0.92162259110736555,0.91296273407583595,0.94027886643743097,0.92054042034855887,0.93567292172124161,0.94005618436221772
40.456182472989198,0.93917113542556763,0.92362982754927025,0.91314359815223489,0.94016284643749204,0.94018426527517096,0.93613632172079497,0.94005360185571385
40.496198479391758,0.93910998106002808,0.91667961469101622,0.91333153674563383,0.94004682643755311,0.95237458468587521,0.93675172172031029,0.94006435977650626
40.536214485794318,0.93904876708984375,0.91167632853693303,0.91336686403637823,0.93993080643761417,0.95570350492966383,0.9373623217198277,0.94007899681842522
40.576230492196878,0.9389876127243042,0.8984082467874468,0.91320280486582306,0.93981476643767525,0.9497173573954687,0.9379775217193429,0.94008889032586795
40.616246498599438,0.93892639875411987,0.90561029518710134,0.91305842889925248,0.93969874643773632,0.9210973761378497,0.93845423293751207,0.94009044342811932
40.656262505001997,0.93886524438858032,0.9213404795932072,0.91309331296898977,0.93958272643779739,0.92001194120806007,0.93870603293711519,0.94007541488834823
40.696278511404564,0.93880844116210938,0.93364796527903005,0.91336672627486881,0.93946670643785846,0.94651219192122216,0.93907975818515932,0.94006467040171093
40.736294517807124,0.93880981206893921,0.89411826255154037,0.91332881734098037,0.93935068643791952,0.94324497108314964,0.94023995818454864,0.94014023226453003
40.776310524209684,0.93881422281265259,0.9306699600466154,0.91368943142910641,0.93923466643798059,0.92629501713226381,0.93913775818446077,0.9400370045211579
40.816326530612244,0.93881857395172119,0.92778435708305784,0.91484963142849574,0.93911864643804166,0.92774080032197592,0.93797755818438644,0.93995949938056078
40.856342537014804,0.93882292509078979,0.91775877146399953,0.91600983142788506,0.93900262643810273,0.92878067261369834,0.93681735818431178,0.93989291923763796
40.896358543417364,0.93882733583450317,0.91244987964089797,0.91503916177221567,0.93888658643816381,0.92975878617335295,0.93565695818423744,0.93983563246598534
40.936374549819931,0.93883168697357178,0.91344608024852458,0.91410074023287602,0.93877056643822487,0.93048903423581364,0.93449675818416278,0.93978212512267467
40.976390556222491,0.93883609771728516,0.9152656662112757,0.91457916166977271,0.93865454643828594,0.93962742813858346,0.93481256320950479,0.93975812998283237
41.01640656262505,0.93884044885635376,0.92077056468201213,0.91573936166916203,0.93853852643834701,0.94190882299128686,0.93597276320889411,0.93976626034113198
41.05642256902761,0.93884485960006714,0.93100148194831456,0.91689956166855135,0.93842250643840808,0.94529214549953855,0.93713296320828343,0.93978549518126764
41.09643857543017,0.93884921073913574,0.93116757593486454,0.91781376166800355,0.93830648643846915,0.94765226642088152,0.93809716320772041,0.93981839143210855
41.13645458183273,0.93885362148284912,0.91821975342521167,0.91874867654915726,0.93819046643853021,0.94523003080936085,0.93925736320710973,0.93985649816700567
41.176470588235297,0.93885797262191772,0.91408629596846358,0.91758894233617805,0.93807444643859128,0.93798313897625019,0.94027843450010362,0.93988012990402015
41.216486594637857,0.9388623833656311,0.91272581485661364,0.91642874233610372,0.93795842643865235,0.938493642232199,0.94041956854946573,0.93988029957657016
41.256502601040417,0.93886673450469971,0.91095055291798011,0.91526834233602905,0.93784238643871343,0.92914932656285187,0.9392591685493914,0.93983879769577128
41.296518607442977,0.93887114524841309,0.91057555471940055,0.91410814233595472,0.93772636643877449,0.92825676160227655,0.93809896854931674,0.93976991681564626
41.336534613845537,0.93887549638748169,0.9091812250700072,0.91294794233588006,0.93761034643883556,0.92240653073971179,0.93694916854924248,0.93968433963796427
41.376550620248096,0.93887984752655029,0.91869448067805592,0.91217174233574594,0.93749432643889663,0.92191489326358766,0.93578896854916782,0.93958272966479217
41.416566626650663,0.93888425827026367,0.9096907091395775,0.91266754233529235,0.9373783064389577,0.9652227740100271,0.93661076854864778,0.93965643844629843
41.456582633053223,0.93888860940933228,0.90880029278076702,0.91151534233521814,0.93726228643901877,0.95399947413121888,0.93774460514074653,0.93976245422472571
41.496598639455783,0.93889302015304565,0.91085833230495949,0.91088095223901955,0.93714626643907983,0.93693211333041759,0.93885680514014713,0.93984101048809277
41.536614645858343,0.93889737129211426,0.9138827203276394,0.911418992039422,0.9370302464391409,0.93862522808015891,0.93978872083026899,0.93993329947410353
41.576630652260903,0.93890178203582764,0.91232980513294004,0.91251028421788738,0.93691422643920197,0.95666352395206522,0.94078443855922433,0.94002787503619811
41.616646658663463,0.93890613317489624,0.91498736946968484,0.9133874831436648,0.93679818643926305,0.94976861536329438,0.94194483855861355,0.94009694996375071
41.65666266506603,0.93891054391860962,0.91124065728894654,0.9135138481680789,0.93668216643932412,0.94188746550469282,0.94273291627866951,0.94014536815061944
41.69667867146859,0.93891489505767822,0.90876886632104426,0.91239244816800102,0.93656614643938518,0.94108009318508701,0.9416337410588802,0.94015193702033584
41.736694677871149,0.9389193058013916,0.90952867213337707,0.91158942032090873,0.93645012643944625,0.9429753921412517,0.94238287702004375,0.9401627226340783
41.776710684273709,0.93892365694046021,0.9175536214725919,0.9113381395502349,0.93633410643950732,0.93869802151363346,0.94244907701968927,0.94014766797980043
41.816726690676269,0.93892806768417358,0.91191841521510542,0.91189876366533784,0.93621808643956839,0.95436688222698784,0.94333434485437051,0.94022150760308842
41.856742697078829,0.93893241882324219,0.91249166048330388,0.91223711993428025,0.93610206643962945,0.9410228432557447,0.94382374233572652,0.9402711801660234
41.896758703481396,0.93893676996231079,0.91267791826771061,0.91266379146263432,0.93598604643969052,0.94359843748628069,0.94351320976955511,0.94028321780149016
41.936774709883956,0.93894118070602417,0.91337535557616212,0.91334759247255193,0.9358700064397516,0.94871758971746178,0.9446225616170556,0.94031947029894347
41.976790716286516,0.93894553184509277,0.91472899431816879,0.9140547153821974,0.93575398643981267,0.94887646568718065,0.94578276161644492,0.94036996970664044
42.016806722689076,0.93894994258880615,0.90955156076878207,0.91314489468653781,0.93563796643987374,0.94186604869174706,0.94515306297084201,0.94039474374796128
42.056822729091635,0.93895429372787476,0.90901071079143458,0.91198509468646316,0.9355219464399348,0.93500827839910916,0.94464090918944643,0.94040116817387975
42.096838735494195,0.93895870447158813,0.90833101520301918,0.91082489468638883,0.93540592643999587,0.92781228857571429,0.94495390918903488,0.94041653276802484
42.136854741896755,0.93896305561065674,0.90765156182238593,0.90967509468631458,0.93528990644005694,0.92648011534941199,0.94379370918896055,0.94033853207607931
42.176870748299322,0.93896746635437012,0.90818030141063033,0.90861110433194059,0.93517388644011801,0.92069004140742039,0.94319913556009138,0.94027544022870302
42.216886754701882,0.93897181749343872,0.90814978323009032,0.90813794378702295,0.93505786644017908,0.95196825850342393,0.94235773555994751,0.94019992792766005
42.256902761104442,0.9389762282371521,0.90744405030510311,0.90838230576224177,0.93494184644024014,0.95055237579494345,0.94351793555933683,0.94027226760619975
42.296918767507002,0.9389805793762207,0.90935585688087484,0.90854663418997927,0.93482580644030122,0.95650031715867589,0.94467833555872605,0.94034715477410047
42.336934773909562,0.93898499011993408,0.91075012597832272,0.90956852476237393,0.93470978644036229,0.95925454303403024,0.94583853555811537,0.94044463835759018
42.376950780312121,0.93898934125900269,0.91249910837260229,0.91072672476176431,0.93459376644042336,0.96176031014867414,0.94699873555750469,0.94056506305274823
42.416966786714688,0.93899375200271606,0.91166173551806373,0.9112945210952148,0.93447774644048442,0.94240224025796038,0.94674293555722189,0.94056534106586465
42.456982793117248,0.93899810314178467,0.91066329448845296,0.91129847041973377,0.93436172644054549,0.9209104388038003,0.94558273555714756,0.94048498473404862
42.496998799519808,0.93900245428085327,0.90330683862773309,0.9111342288832327,0.93424570644060656,0.91935330005204108,0.9444225355570729,0.94037684387658504
42.537014805922368,0.93900686502456665,0.90158353025835214,0.9110311069526994,0.93412968644066763,0.91486715999296619,0.94326233555699857,0.94026328393130221
42.577030812324928,0.93901121616363525,0.91594197089074214,0.91128129059127794,0.9340136664407287,0.92138451567983604,0.94210293555692426,0.94015306456171932
42.617046818727488,0.93901562690734863,0.91548104948147557,0.91146710142667375,0.93389762644078977,0.9265301867902046,0.94094373555684963,0.94004406808311303
42.657062825130055,0.93901997804641724,0.91239199198098475,0.91172473961204292,0.93378160644085084,0.93054978441990333,0.93978473555677533,0.93993929656728459
42.697078831532615,0.93902438879013062,0.90759518796111072,0.91174197822709824,0.93366558644091191,0.91892668425732538,0.93862653555670106,0.93983621854331101
42.737094837935174,0.93902873992919922,0.9016008481147697,0.91162378564772961,0.93354956644097298,0.91726293605165088,0.93746833555662679,0.93972823511785597
42.777110844337734,0.9390331506729126,0.91659992833071735,0.91147466607304972,0.93343354644103405,0.91520632874534968,0.93631013555655218,0.93962000504454279
42.817126850740294,0.9390375018119812,0.91604932949014173,0.91165983838497255,0.93331752644109511,0.92215670747291334,0.93515473555647666,0.93951198992731033
42.857142857142854,0.93904191255569458,0.91417730554257393,0.91191554503488792,0.93320150644115618,0.92774768217876735,0.93399453555640233,0.9394051058547731
42.897158863545421,0.93904626369476318,0.91201148355536321,0.91194213240202071,0.93308548644121725,0.93069626118212734,0.93283673555632807,0.93930408472702032
42.937174869947981,0.93905067443847656,0.90569924599506413,0.91180102907323224,0.93296946644127832,0.91834196373546229,0.93167893555625358,0.9392003864713202
42.977190876350541,0.93905502557754517,0.89937023554585704,0.9115968771749452,0.9328534264413394,0.91671363336172296,0.93051900887311889,0.93909258491915693
43.017206882753101,0.93905937671661377,0.91869974869731574,0.91147902154261362,0.93273740644140046,0.91355954787624705,0.92988520887292647,0.93898369983285324
43.057222889155661,0.93906378746032715,0.91790221902292657,0.91159679746922384,0.93262138644146153,0.92137389626289068,0.92895701446913914,0.93887328018628424
43.09723889555822,0.93906813859939575,0.91325836921742554,0.91172182676122127,0.9325053664415226,0.93051074768051756,0.92812888092741663,0.93876473755836376
43.137254901960787,0.93907254934310913,0.9112949723840742,0.9117273814388368,0.93238934644158367,0.93034688829726009,0.92782604526579138,0.93866421397698008
43.177270908363347,0.93907690048217773,0.90436855644040792,0.91166698805628565,0.93227332644164473,0.91794026500843973,0.92709104554157351,0.93855890204570547
43.217286914765907,0.93908131122589111,0.90049486682992286,0.91151425099980543,0.9321573064417058,0.91549251906570961,0.92639764859910345,0.93845329375613784
43.257302921168467,0.93908566236495972,0.91902249056691521,0.9115578082838991,0.93204128644176687,0.91300217680249474,0.92572267054482182,0.93834832158485681
43.297318927571027,0.9390900731086731,0.91574699362618117,0.91173456007236642,0.93192526644182794,0.92189816323242235,0.92503864648808776,0.93824269999235965
43.337334933973587,0.9390944242477417,0.91223383029929739,0.91192274464582868,0.93180922644188902,0.9347674134114099,0.92449104648787617,0.93813717108236949
43.377350940376154,0.93909883499145508,0.91158743828091582,0.91200072690747092,0.93169320644195008,0.91881752377028925,0.92424516046806993,0.93804078966670934
43.417366946778714,0.93910318613052368,0.90378489623758074,0.91180706800376232,0.93157718644201115,0.91588864111567714,0.9236139549749558,0.9379360302488321
43.457382953181273,0.93910759687423706,0.90392029038775412,0.91171922295836927,0.93146116644207222,0.91387842701636623,0.92301199896861919,0.93783163881098441
43.497398959583833,0.93910336494445801,0.92381384491169294,0.91251143161510595,0.93134514644213329,0.92006088544817144,0.92305567784955189,0.9377452590561437
43.537414965986393,0.9390292763710022,0.91562655580655017,0.9132394030519928,0.93122912644219435,0.93208099755599161,0.92233907784937874,0.93763845724196804
43.577430972388953,0.93895512819290161,0.90907441143811718,0.91330054533869443,0.93111310644225542,0.90426281194092328,0.92176287784917021,0.93752509140197526
43.61744697879152,0.9388810396194458,0.90646365375525606,0.91315938392204521,0.93099708644231649,0.90891874401842054,0.92112947784897525,0.93740907140203633
43.65746298519408,0.93880689144134521,0.91870737824245075,0.9132401962232104,0.93088104644237757,0.91285498812405086,0.92048987784878034,0.93729303140209741
43.69747899159664,0.93873274326324463,0.91581408518181273,0.9133402057616502,0.93076502644243864,0.91220429669915293,0.91985367784858518,0.93717701140215848
43.7374949979992,0.93865865468978882,0.91265333417783112,0.91330690471044729,0.9306490064424997,0.93583077893838573,0.91946147784833432,0.93706099140221955
43.777511004401759,0.93858450651168823,0.90815335579487577,0.91308877232750518,0.93053298644256077,0.91318146103718123,0.91914847784806764,0.93694497140228061
43.817527010804319,0.93851041793823242,0.90161205022469015,0.91283434379921791,0.93041696644262184,0.90160178776401112,0.91854507784786599,0.93682895140234168
43.857543017206886,0.93843626976013184,0.91779195393014223,0.91263156050113348,0.93030094644268291,0.90866530184417149,0.91793127784766726,0.93671293140240275
43.897559023609446,0.93836218118667603,0.91720211742887237,0.91273228224540071,0.93018492644274398,0.91223123086280211,0.91729267784747792,0.93659691140246382
43.937575030012006,0.93828803300857544,0.914032344185009,0.91283752572260601,0.93006890644280504,0.91252151470142584,0.91666287784728129,0.93648089140252488
43.977591036414566,0.93821394443511963,0.91268070365720433,0.91276444103058518,0.92995288644286611,0.93675365966465418,0.91634267784701717,0.93636487140258595
44.017607042817126,0.93813979625701904,0.90036752608850301,0.91282170835772247,0.92983684644292719,0.91373200958049383,0.91595707784677116,0.93624883140264703
44.057623049219686,0.93806570768356323,0.90532055412780799,0.91284030835737806,0.92972082644298826,0.90588906589235485,0.91533927784657287,0.9361328114027081
44.097639055622246,0.93799155950546265,0.91886463164495535,0.91299050835700535,0.92960480644304933,0.90814400119222227,0.91475712879028392,0.93601679140276917
44.137655062024812,0.93791747093200684,0.91740272602436634,0.91334190835658169,0.92948878644311039,0.9119901878960478,0.91428411816606725,0.93590077140283023
44.177671068427372,0.93784332275390625,0.92379785919807667,0.91370843644399602,0.92937276644317146,0.91381352398766102,0.91379663917308562,0.9357847514028913
44.217687074829932,0.93776923418045044,0.92527684046730119,0.91406703644357412,0.92925674644323253,0.93783778941470752,0.91381477272009715,0.93566873140295237
44.257703081232492,0.93769508600234985,0.89962788407402694,0.9141156364432218,0.9291407264432936,0.91542020024304815,0.91395426776623911,0.93555271140301344
44.297719087635052,0.93762093782424927,0.9064922948254851,0.91412152327631913,0.92902470644335466,0.90814435715033226,0.91391485124092486,0.93543669140307451
44.337735094037612,0.93754684925079346,0.92010873191752396,0.9143181683629229,0.92890866644341574,0.90551459796073963,0.91393594790066335,0.93532065140313558
44.377751100440179,0.93747270107269287,0.91851143214676145,0.91466087078337011,0.92879264644347681,0.91578511663204776,0.91410214790028843,0.93520633535828368
44.417767106842739,0.93739861249923706,0.9239905960406537,0.91497931481861672,0.92867662644353788,0.92037863738760917,0.91412874789994136,0.93510070048845551
44.457783113245299,0.93732446432113647,0.90219020020047547,0.91524511481821769,0.92856060644359895,0.9356076525298298,0.9140961478996088,0.93498468048851657
44.497799119647858,0.93725037574768066,0.90080882866742251,0.91521013330054513,0.92844458644366001,0.91809985289437845,0.91405674789927982,0.93486866048857764
44.537815126050418,0.93717622756958008,0.90779985353695425,0.91516494990477448,0.92832856644372108,0.90852285927385967,0.91367779298888008,0.93475264048863871
44.577831132452978,0.93710213899612427,0.91546863633264486,0.91536800595877954,0.92821254644378215,0.89895897677705561,0.9126606686378812,0.93463662048869978
44.617847138855545,0.93708276748657227,0.91069690081821431,0.91601200977316644,0.92809652644384322,0.92685618509252177,0.91371551404544538,0.93452060048876084
44.657863145258105,0.93700128793716431,0.90769388763230152,0.91563742862707609,0.92798050644390428,0.91332425956560293,0.91331369610653224,0.93440458048882191
44.697879151660665,0.93691980838775635,0.91055914514216574,0.91521222432251614,0.92786446644396536,0.91498432953747511,0.91308340198659388,0.93428854048888299
44.737895158063225,0.93683838844299316,0.91788132860172367,0.91503006053644453,0.92774844644402643,0.90651472159685653,0.91286928990276528,0.93417252048894406
44.777911164465785,0.93675690889358521,0.92143500118015742,0.91491032737636901,0.9276324264440875,0.90565466747698553,0.91252431464583061,0.93405650048900513
44.817927170868344,0.93667542934417725,0.9268197040390449,0.91530010673095608,0.92751640644414857,0.91473456559702837,0.9124263001484243,0.93394048048906619
44.857943177270911,0.93659400939941406,0.90091188807869049,0.91548546604623304,0.92740038644420963,0.92673865958990298,0.91250836755385123,0.93382446048912726
44.897959183673471,0.9365125298500061,0.90300813588050344,0.91548015204199551,0.9272843664442707,0.90948625989830512,0.91249249310706082,0.93370844048918833
44.937975190076031,0.93643105030059814,0.9170658755514618,0.91546822786731807,0.92716834644433177,0.91448088611737266,0.91235516885601808,0.9335924204892494
44.977991196478591,0.93634963035583496,0.91666998693167911,0.91569177586661921,0.92705232644439284,0.90544649130904542,0.91214710044236214,0.93347640048931046
45.018007202881151,0.936268150806427,0.92206304595904776,0.9159199289884532,0.92693628644445392,0.90830602145857864,0.91180272393737383,0.93336036048937154
45.058023209283711,0.93618667125701904,0.92769213647003723,0.91614456704802372,0.92682026644451498,0.91148235432592328,0.91172742523377859,0.93324434048943261
45.098039215686278,0.93610519170761108,0.89924398473945655,0.91612255168374446,0.92670424644457605,0.92683464962687279,0.91166957105439905,0.93312832048949368
45.138055222088838,0.9360237717628479,0.90466350496701553,0.91598754444273456,0.92658822644463712,0.90636124432513776,0.91157197159315562,0.93301230048955475
45.178071228491397,0.93594229221343994,0.91847758360921816,0.91591147754607949,0.92647220644469819,0.91358387168042365,0.91156065856333934,0.93289628048961581
45.218087234893957,0.93586081266403198,0.91684243887250827,0.91596758540562129,0.92635618644475926,0.90502758794004423,0.9113729963468945,0.93278026048967688
45.258103241296517,0.9357793927192688,0.92311549932405867,0.91613842461052619,0.92624016644482032,0.91073602882216542,0.91114829115806528,0.93266424048973795
45.298119247699077,0.93569791316986084,0.92541707877311585,0.91631129336207295,0.92612414644488139,0.90731028797248392,0.91114238532518133,0.93254822048979902
45.338135254101644,0.93561643362045288,0.89875902420782017,0.91618110849396772,0.92600812644494246,0.91776187066902792,0.91129888109706425,0.93243220048986009
45.378151260504204,0.93553495407104492,0.90615944078098454,0.91601517984887049,0.92589208644500354,0.90513455335206938,0.91109271846407625,0.93231616048992116
45.418167266906764,0.93545353412628174,0.91916521150249608,0.91600710955622411,0.9257760664450646,0.91119218914000277,0.91107102080810387,0.93220014048998223
45.458183273309324,0.93537205457687378,0.91744499128233648,0.91603487197246181,0.92566004644512567,0.90480048666592783,0.91086274008489976,0.9320841204900433
45.498199279711883,0.93529057502746582,0.92590567242148325,0.91619614473958033,0.92554402644518674,0.91126765225930162,0.91068148827288731,0.93196810049010437
45.538215286114443,0.93520915508270264,0.90263162388328588,0.91632181320777673,0.92542800644524781,0.91579318501587215,0.91071086814619373,0.93185208049016544
45.57823129251701,0.93512767553329468,0.90068433386744196,0.91614762911982295,0.92531198644530888,0.91022617815608475,0.91079902614292174,0.9317360604902265
45.61824729891957,0.93504619598388672,0.90623519126482488,0.91598782017269054,0.92519596644536994,0.91474032025313834,0.91067752113701195,0.93162004049028757
45.65826330532213,0.93496477603912354,0.91613319393468118,0.91601226452518647,0.92507994644543101,0.90613283787128507,0.91076278591171278,0.93150402049034864
45.69827931172469,0.93489217758178711,0.91702367084543723,0.91595068490440057,0.92496392644549208,0.92414170787277294,0.91050362884113811,0.93138800049040971
45.73829531812725,0.93486940860748291,0.90772906831264621,0.91642512784485386,0.92484788644555316,0.89114973045665391,0.91133482884061845,0.93127196049047078
45.77831132452981,0.93480455875396729,0.90983524663352378,0.91587079685629269,0.92473186644561423,0.91537564615295897,0.91085927797535304,0.93115594049053185
45.81832733093237,0.93473964929580688,0.91913178682857133,0.91555271581062114,0.92461584644567529,0.90641078182876555,0.9108459324931123,0.93103992049059292
45.858343337334937,0.93467479944229126,0.92190809353047276,0.91537321650552927,0.92449982644573636,0.90545200865974884,0.91067142572102699,0.93092390049065399
45.898359343737496,0.93460994958877563,0.92702751831605523,0.91570021650511291,0.92438380644579743,0.91389308062522379,0.91069601608128248,0.93080788049071506
45.938375350140056,0.93454509973526001,0.90035202479045096,0.91588279146490159,0.9242677864458585,0.92675930516027716,0.91072913361966634,0.93069186049077612
45.978391356542616,0.93448024988174438,0.90327359560964493,0.91583670174165155,0.92415176644591956,0.90643445304307402,0.91079998735644585,0.93057584049083719
46.018407362945176,0.93441540002822876,0.91581584118823267,0.91573526522665227,0.92403574644598063,0.91439788855141424,0.91072999999030824,0.93045982049089826
46.058423369347736,0.93435049057006836,0.91578399086489137,0.91584616024792553,0.92391970644604171,0.90549128270454116,0.9107011583269865,0.93034378049095934
46.098439375750303,0.93428564071655273,0.92055960170383488,0.91603860620578437,0.92380368644610278,0.9077282421198587,0.91050386386431559,0.93022776049102041
46.138455382152863,0.93422079086303711,0.92505134502220021,0.91620897587760464,0.92368766644616385,0.91128028877220313,0.91055579186252378,0.93011174049108147
46.178471388555423,0.93415594100952148,0.89918331169004961,0.9161646517087243,0.92357164644622491,0.92632343445470422,0.91059172648483488,0.92999572049114254
46.218487394957982,0.93409109115600586,0.90354014527380566,0.91599200248369006,0.92345562644628598,0.90707333852399352,0.91052992200714877,0.92987970049120361
46.258503401360542,0.93402618169784546,0.91759031595157448,0.91588050596806059,0.92333960644634705,0.91444422243205292,0.91052849642536882,0.92976368049126468
46.298519407763102,0.93396133184432983,0.91567051651899467,0.91589565449568144,0.92322358644640812,0.90519933772807126,0.91043173377819664,0.92964766049132574
46.338535414165669,0.93389648199081421,0.9238074264054682,0.91606391647065166,0.92310756644646919,0.91024931543322829,0.91024151843984413,0.92953164049138681
46.378551420568229,0.93383163213729858,0.92547417925773734,0.91623069689224712,0.92299154644653025,0.9069957396560353,0.9103406608798108,0.92941562049144788
46.418567426970789,0.93376678228378296,0.89876853086326614,0.9160973276042943,0.92287550644659133,0.92643354416336665,0.91040754299274917,0.92930031822164838
46.458583433373349,0.93370187282562256,0.90542609616884207,0.91592057638571522,0.9227594864466524,0.9087329338850525,0.91027073263820912,0.92919577512805418
46.498599439775909,0.93363702297210693,0.91937805159098429,0.91587920953921298,0.92264346644671347,0.90957139321292291,0.91038256673764029,0.92909098309428673
46.538615446178468,0.93357217311859131,0.91804191236123167,0.91589642045578823,0.92252744644677454,0.90476856908874004,0.91019289247791202,0.92898590676188131
46.578631452581035,0.93350732326507568,0.92418696599996153,0.91603859448968405,0.9224114264468356,0.91172921127513917,0.91004318528101957,0.9288782350214656
46.618647458983595,0.93344247341156006,0.90269423459494935,0.91616072533971848,0.92229540644689667,0.91404442214828308,0.91010153012492578,0.92877320973230582
46.658663465386155,0.93337762355804443,0.89971731929755383,0.91597777643918277,0.92217938644695774,0.91043109137468403,0.91018933012458925,0.92867900895374411
46.698679471788715,0.93331271409988403,0.906440522912069,0.91579905395425909,0.92206336644701881,0.91133065684475401,0.91005913862212884,0.9285743686732848
46.738695478191275,0.93324786424636841,0.91457537403239508,0.91582842656356445,0.92194732644707988,0.90322721114651972,0.91014250560048338,0.92847105446115674
46.778711484593835,0.93318301439285278,0.9204163963526899,0.91586332286425964,0.92183130644714095,0.90501601930147246,0.9099618875998009,0.92836777171001106
46.818727490996402,0.93313431739807129,0.91641681924747742,0.91592994329853994,0.92171528644720202,0.95415888403810267,0.91005296611691078,0.92828678296825307
46.858743497398962,0.93309319019317627,0.90657809693228109,0.91606199937366561,0.92159926644726309,0.87961389935735323,0.9105802327789807,0.92824736211747516
46.898759503801521,0.9330095648765564,0.91911664884219235,0.91568945290651715,0.92148324644732416,0.90569625524949215,0.91008104723407102,0.92813134211753623
46.938775510204081,0.9329259991645813,0.92278458294181454,0.91599677438286842,0.92136722644738522,0.90483382807555512,0.90985384894771881,0.9280153221175973
46.978791516606641,0.93284237384796143,0.92552189419080377,0.91629705499146819,0.92125120644744629,0.91396006007623665,0.90985817807542535,0.92789930211765836
47.018807523009201,0.93275880813598633,0.90078830155789258,0.91643654032196786,0.92113518644750736,0.92612670827263255,0.90985914441702653,0.92778328211771943
47.058823529411768,0.93267518281936646,0.90366409510627654,0.91631330866355587,0.92101916644756843,0.9035844151098047,0.90988369873210695,0.9276682391239478
47.098839535814328,0.93259155750274658,0.91458379075282181,0.91617736169018715,0.92090312644762951,0.91428196486029001,0.90988863102555362,0.9275699511727824
47.138855542216888,0.93250799179077148,0.91564641684467929,0.91618654859046345,0.92078710644769057,0.90536859580932882,0.90990463233629448,0.92747270880792876
47.178871548619448,0.93242436647415161,0.92166291870307915,0.91630078136040383,0.92067108644775164,0.90667662321050957,0.90958820160081244,0.92737073140484738
47.218887555022008,0.93234080076217651,0.92631094659282076,0.91645389163474067,0.92055506644781271,0.91549536673058873,0.90967012539500325,0.92727092324747917
47.258903561424567,0.93225717544555664,0.89958622433551205,0.91637633360528337,0.92043904644787378,0.9256994398880487,0.90966753846309056,0.9271785288763047
47.298919567827134,0.93217355012893677,0.90447767104622745,0.91617828188719008,0.92032302644793484,0.90331898901252228,0.90958315879524521,0.92708248322960363
47.338935574229694,0.93208998441696167,0.91830355731780555,0.91601359433726914,0.92020700644799591,0.91170310768041318,0.90956607692928215,0.92698196314967563
47.378951580632254,0.9320063591003418,0.91643256275331153,0.91598965083352279,0.92009098644805698,0.90494233597272311,0.90937807308735075,0.92688177960051565
47.418967587034814,0.9319227933883667,0.92238705941950305,0.91611991409875837,0.91997496644811805,0.90969746171017929,0.90918671128865292,0.92678186468754797
47.458983593437374,0.93183916807174683,0.92562065441394015,0.91626698117531968,0.91985892644817913,0.9064871348433392,0.90922952044481142,0.92668403625758389
47.498999599839934,0.93175554275512695,0.89873843654634478,0.91610908282477166,0.91974290644824019,0.91110575064564869,0.90930763296015105,0.92659611394891406
47.539015606242494,0.93167197704315186,0.90489481339888611,0.91591047827017402,0.91962688644830126,0.90598843753136882,0.90916800026991551,0.92649692487950175
47.579031612645061,0.93158835172653198,0.9190870389408351,0.91584008370657255,0.91951086644836233,0.90828407070846817,0.90924808127491064,0.92639973653357977
47.61904761904762,0.93150478601455688,0.91761211465196013,0.91580947697382431,0.9193948464484234,0.9046098117717245,0.9090343973578161,0.92630068394809995
47.65906362545018,0.93142116069793701,0.92589483362323588,0.91594835436591615,0.91927882644848447,0.91078028628049634,0.90893966822680672,0.92620136158546496
47.69907963185274,0.93133753538131714,0.90331713245847078,0.9160660427484637,0.91920166572950723,0.91269172200430992,0.90896014244388401,0.92610666180999035
47.7390956382553,0.93125396966934204,0.89980057822263815,0.91587711863622467,0.91915331014922153,0.90856883719638848,0.90891824771276564,0.9260166049205526
47.77911164465786,0.93117034435272217,0.90648739011789836,0.91567971675918391,0.91910756657861903,0.90652979049017568,0.90854407039945928,0.92591322390891917
47.819127651060427,0.93108677864074707,0.91416931268576584,0.91567380312755342,0.91907113770887849,0.90442073868901574,0.90821510717480802,0.92580916791031387
47.859143657462987,0.9310031533241272,0.91788568834180073,0.91570594503169378,0.91903727411926361,0.90429698391947366,0.90805831064943776,0.92570908636243754
47.899159663865547,0.93091952800750732,0.92644222321069913,0.9158513275983402,0.9190086337857617,0.91109697034560444,0.90803717543875484,0.92561120366988436
47.939175670268106,0.93086886405944824,0.92204475927150198,0.91577076562233972,0.91897509843684633,0.9066056095675844,0.90779921541453001,0.92550143530917772
47.979191676670666,0.93087255954742432,0.91265999489183791,0.9156365656220361,0.91896036651054802,0.89505049740399745,0.90801027016531577,0.92544337074471561
48.019207683073226,0.9308784008026123,0.91898131524396443,0.91527042456513175,0.91893033352354236,0.92332490266325484,0.90878327016479998,0.92538378664618282
48.059223689475793,0.93088430166244507,0.90875917800976169,0.91427622456505564,0.91887717412093872,0.91965592377180805,0.90994347016418931,0.92535238972093414
48.099239695878353,0.93089014291763306,0.90945885574019736,0.91329562456498026,0.91882736134917142,0.9430821795742218,0.91110367016357863,0.92534113524532691
48.139255702280913,0.93089598417282104,0.91064361510616032,0.91233289504956949,0.9187828616859165,0.92404720099459436,0.91224167016297408,0.92535415996970327
48.179271708683473,0.93090188503265381,0.91223673679268213,0.91180496364130703,0.91874640606155999,0.92215765669453975,0.91340187016236341,0.92534126301937658
48.219287715086033,0.9309077262878418,0.91516775371537662,0.91293112359459228,0.91872245962007937,0.91829355343251584,0.91456207016175273,0.92530898168973286
48.259303721488592,0.93091356754302979,0.93585962508899623,0.9140913235939816,0.91872367425966539,0.9233891531020918,0.91572227016114205,0.92526177235480966
48.299319727891159,0.93091946840286255,0.93480323584752689,0.91525152359337092,0.91877494844168672,0.94303697289426447,0.91688247016053137,0.92533718660350261
48.339335734293719,0.93092530965805054,0.91971841407672883,0.91616583880869884,0.91882305241126572,0.94673715744667919,0.91804267015992069,0.92541600195774976
48.379351740696279,0.93093115091323853,0.91438857128047868,0.91649980965862665,0.91881591235238502,0.93981691650575383,0.91920287015931001,0.92553700828117869
48.419367747098839,0.93093699216842651,0.91192089784487151,0.91533960965855232,0.91878292494420111,0.93634596897611488,0.92021187015874006,0.92559230502468304
48.459383753501399,0.93094289302825928,0.90982846481562607,0.91417920965847765,0.91873500691806564,0.90259022410885292,0.92023908978944158,0.9255666730340586
48.499399759903959,0.93094873428344727,0.90843528565319753,0.91301900965840332,0.91867780212657213,0.89878681170456709,0.91907888978936692,0.92545065303411966
48.539415766306526,0.93095457553863525,0.90687631526394663,0.91186160965832819,0.91861548747100419,0.89195900121951244,0.91791868978929259,0.92533463303418073
48.579431772709086,0.93096047639846802,0.90669447777156253,0.91090482960780117,0.91855221726425162,0.89087303235255799,0.91675848978921826,0.9252186130342418
48.619447779111646,0.93096631765365601,0.91610764101367348,0.91158582960731072,0.91853034452154558,0.89031809365922321,0.91559828978914359,0.92510259303430287
48.659463785514205,0.93097215890884399,0.90701582694641514,0.91098242960710907,0.91848104411226761,0.94185679378088971,0.91473408978900106,0.92498657303436393
48.699479791916765,0.93097805976867676,0.90974157277381085,0.91023123308396015,0.91843343880951478,0.91949449676896822,0.9158493856555614,0.924870553034425
48.739495798319325,0.93098390102386475,0.92883523609748531,0.91022664351190419,0.91839689495523336,0.93579251344157144,0.91698678565495717,0.92475453303448607
48.779511804721892,0.93098974227905273,0.91338891921195764,0.91137884351129772,0.9183720900502601,0.94459974764943055,0.91814698565434649,0.92484983518863417
48.819527811124452,0.93099558353424072,0.914858030514063,0.91212307611816734,0.91836512585091945,0.9427704195963007,0.91911218565378294,0.92491882235378853
48.859543817527012,0.93100148439407349,0.9146216357187692,0.91328327611755666,0.91834416419743181,0.94520707151127237,0.92027238565317226,0.92503263833465799
48.899559823929572,0.93100732564926147,0.91049683719022989,0.91219653017194813,0.91829779698148783,0.90411532663072114,0.92010790544181997,0.9249708666212505
48.939575830332132,0.93101316690444946,0.90803110141687926,0.91112212514942659,0.91824676043370479,0.90410559710905058,0.91895010544174571,0.92485484662131157
48.979591836734691,0.93101906776428223,0.91650292411400092,0.91005848316975313,0.91818961303376512,0.91731502458839964,0.91903061931388319,0.92479721567621098
49.019607843137258,0.93102490901947021,0.91164617366806611,0.9108731004863555,0.91818489771979073,0.94121215364386002,0.91960561931340923,0.92484309648217544
49.059623849539818,0.9310307502746582,0.91158441068363993,0.91150915771719054,0.91814630280768383,0.94419757431159479,0.92076581931279855,0.92494561244326945
49.099639855942378,0.93103659152984619,0.91202910417150829,0.9119489697120251,0.918109732241432,0.94163989663925707,0.92192601931218787,0.92504778509503482
49.139655862344938,0.93104249238967896,0.91266526291109784,0.91258042964149833,0.91807645426910245,0.94304195630780308,0.92308621931157719,0.92514968024193989
49.179671868747498,0.93104833364486694,0.91331238155282557,0.91330970932305244,0.91804766122377257,0.94296234034388871,0.92424661931096641,0.92525330772054093
49.219687875150058,0.93105417490005493,0.91147238958443566,0.91340505650588988,0.91802279188392832,0.94087802763136685,0.92540681931035573,0.92535405753566136
49.259703881552618,0.9310600757598877,0.90672929514023415,0.91224485650581555,0.91796845230389257,0.91991209495823301,0.92570421930994784,0.92538351559444676
49.299719887955185,0.93106591701507568,0.90817037089156571,0.91108465650574089,0.91790333604177121,0.92330235864962773,0.92524099624208089,0.92538558521462944
49.339735894357744,0.93107175827026367,0.90621127324634609,0.90992485650566646,0.91783949008836041,0.92289508324555003,0.92408199624200615,0.92537122405659722
49.379751900760304,0.93107765913009644,0.90632941009204748,0.90912165096781072,0.91777997535076794,0.9226800252208186,0.92313478664950466,0.92535712844966844
49.419767907162864,0.93108350038528442,0.90742261491639054,0.90826426689091644,0.91771844384469459,0.92337568602026721,0.92299414107169975,0.92534351940664739
49.459783913565424,0.93108934164047241,0.90696744594194789,0.90750901925805783,0.9176575885407724,0.92309750475738006,0.92309780302557487,0.92533036309055672
49.499799919967984,0.9310951828956604,0.9071560652522298,0.90735657663512082,0.91759981996005124,0.9236008888511309,0.92293569420114541,0.9253163729249384
49.539815926370551,0.93110108375549316,0.90775050370135879,0.90753477381112146,0.91754077344320428,0.93698040498066071,0.92368131581166613,0.92534041503119602
49.579831932773111,0.93110692501068115,0.91698782409369184,0.90867980184501018,0.91749758857627561,0.93559632119666469,0.92484151581105545,0.92537275597941993
49.619847939175671,0.93111276626586914,0.90237433866678907,0.90947240184448452,0.91745423320704178,0.9142779306683777,0.92575666481541408,0.92542970266208235
49.65986394557823,0.9311186671257019,0.91857204464422282,0.90949591137674179,0.91742062101366517,0.91081374634282697,0.92525608754558653,0.92539481970785287
49.69987995198079,0.93112450838088989,0.91700592912540102,0.90980171137633103,0.91739607600039541,0.91009020215810277,0.92428268754547283,0.92532640287217982
49.73989595838335,0.93113034963607788,0.92261861005915569,0.91012928162660578,0.91737465180415589,0.91234134057146454,0.92330288754535816,0.92525847394478178
49.779911964785917,0.93113625049591064,0.92380415660041038,0.91043513320227731,0.91735661707127625,0.91129363720132439,0.92215392744004732,0.92518574660841024
49.819927971188477,0.93114209175109863,0.89958991800418853,0.91040574568146837,0.91731961613415469,0.91577028504413516,0.92110892273073375,0.92511630433325343
49.859943977591037,0.93114793300628662,0.9056876805734706,0.91035565769223881,0.91728279788558043,0.9083188952768867,0.92004958449277996,0.92504164628807184
49.899959983993597,0.93115377426147461,0.91994536276852223,0.91047185769187111,0.91725481201623427,0.90633359824526882,0.91898898449268507,0.92496866484394036
49.939975990396157,0.93115967512130737,0.9180310735629843,0.91075565769146638,0.91722996319430161,0.90928899977906863,0.9179531396141466,0.92489031900951379
49.979991996798717,0.93116551637649536,0.9222011649467694,0.9109822576910751,0.91720787159104411,0.90984304857712861,0.9169673908833651,0.9248043076900051
50.020008003201283,0.93117135763168335,0.90319687629467638,0.91121565769067858,0.9171854356814082,0.91611443721005725,0.91605925502914187,0.92472760533956833
50.060024009603843,0.93117725849151611,0.90018102609631423,0.91118465769034385,0.91714695813324709,0.91663401739780859,0.91541592463161048,0.92465745748559025
50.100040016006403,0.9311830997467041,0.90533199844551049,0.91114205769001555,0.91711090144773422,0.91511799180774267,0.9146231555776263,0.92458085177928162
50.140056022408963,0.93118894100189209,0.91370645361424274,0.91132665768963372,0.91708434534176109,0.91008747314592686,0.91394168783486951,0.92450474222859946
50.180072028811523,0.93119478225708008,0.9188912745009824,0.91163305768922265,0.91706002706649292,0.90883592443151706,0.91322930214185305,0.92442686571410282
50.220088035214083,0.93120068311691284,0.92299227611493395,0.91192445768881392,0.91703924575599327,0.90981308876954536,0.91250192398940966,0.92434879929554259
50.26010404161665,0.93120652437210083,0.90117323027553686,0.91205985768844111,0.91701313736879886,0.92157886880784168,0.91191285918922027,0.92426975385301335
50.30012004801921,0.93121236562728882,0.90191547602367006,0.91200365768811453,0.91697526880982905,0.90878454781098805,0.91159480248493896,0.92419434750353591
50.34013605442177,0.93121826648712158,0.90779149736847309,0.91195269479843843,0.9169416498955455,0.90914003131007526,0.91108329368464092,0.92411424258539154
50.380152060824329,0.93122410774230957,0.91547620532583429,0.91216249479804867,0.91691652411047175,0.90969093581149785,0.91054748613288461,0.9240324491487375
50.420168067226889,0.93122994899749756,0.91899021637995526,0.91244349479764542,0.9168939540079295,0.90879902344079067,0.91003866836691261,0.92395092701556958
50.460184073629449,0.93123584985733032,0.92306197140422264,0.9127132947972425,0.91687478047247195,0.90952612720661397,0.90960542594143046,0.9238697499444456
50.500200080032016,0.93124169111251831,0.90022395742568495,0.91278155502950264,0.91684589552073337,0.90894111005299261,0.9095605555225611,0.92379474527094974
50.540216086434576,0.9312475323677063,0.90329987515399879,0.91272227547911589,0.91680878444032254,0.8790596725802382,0.90874659977577654,0.92368409685326425
50.580232092837136,0.93125337362289429,0.91750675426676265,0.91269327547878398,0.91677721540622736,0.8776517396028789,0.90773479977567395,0.92356807685332531
50.620248099239696,0.93125927448272705,0.916493659666337,0.91298387547837567,0.91675434309279702,0.88678218377452755,0.90673379977556656,0.92345205685338638
50.660264105642256,0.93126511573791504,0.92017140318113289,0.91326567547797199,0.9167329389321619,0.89049263178577776,0.90574599977545778,0.92333603685344745
50.700280112044815,0.93126899003982544,0.91853014269792588,0.91344782488175436,0.916711043975035,0.91484259888338304,0.90534732729284562,0.92322001685350852
50.740296118447382,0.93121874332427979,0.90918261776475406,0.91339849785849225,0.91668884362003022,0.87784561812007122,0.90589352729237693,0.92310399685356959
50.780312124849942,0.93113201856613159,0.91745086482105154,0.91362400094325025,0.91666112901081354,0.8867895995684838,0.90501252729223935,0.92298797685363065
50.820328131252502,0.93104535341262817,0.92350490888567105,0.91391600801905204,0.91664496569934317,0.89338170645843273,0.90414695466751405,0.92287195685369172
50.860344137655062,0.93095862865447998,0.90556221694236172,0.91420754426249107,0.91663209426651104,0.89763819421027014,0.90325007330349849,0.9227559168537528
50.900360144057622,0.93087190389633179,0.89890973800020901,0.91411956723482146,0.91659763473750178,0.88288444247111808,0.90250587330333243,0.92263989685381387
50.940376150460182,0.93078523874282837,0.90532612490679543,0.91402068757074706,0.91656439145639657,0.8782473168470939,0.90155247330321131,0.92252387685387494
50.980392156862742,0.93069851398468018,0.91899990469123782,0.91408889705989682,0.91653992426706832,0.88671045821538264,0.9006134733030885,0.922407856853936
51.020408163265309,0.93061184883117676,0.91807400489235502,0.91425996701398815,0.91651826271657155,0.88602992563560468,0.8996720733029645,0.92229183685399707
51.060424169667868,0.93052512407302856,0.92388590172685681,0.91447837312446301,0.91650122231159159,0.89260791285386087,0.89876287804771682,0.92217581685405814
51.100440176070428,0.93043845891952515,0.90153418042275679,0.91460392058242956,0.91648322476516519,0.92866842715637643,0.89811475186239642,0.92205979685411921
51.140456182472988,0.93035173416137695,0.90092139473413646,0.91447089029332174,0.91644787135762529,0.88038543856056228,0.89749208877708309,0.92194377685418027
51.180472188875548,0.93026506900787354,0.90573618268182876,0.91432189316203261,0.91641607233145517,0.87800401947897699,0.89673924372158387,0.92182775685424134
51.220488195278108,0.93017834424972534,0.91353739258236255,0.91437265054424532,0.91639387679185913,0.8836003928828311,0.8959942496102824,0.92171171685430242
51.260504201680675,0.93009167909622192,0.91938846652561301,0.91449391930243573,0.91637282416662935,0.887823064614228,0.8952760626606352,0.92159569685436349
51.300520208083235,0.93000495433807373,0.92513206076557286,0.91468269601743457,0.91635753964379196,0.8967640204187064,0.89462498291780412,0.92147967685442456
51.340536214485795,0.92991828918457031,0.89972307173237787,0.91470750615799667,0.91633529146621673,0.93066505552115941,0.89430675029363504,0.92136365685448562
51.380552220888354,0.92983156442642212,0.90157638512878135,0.91454541998962513,0.91630074559070862,0.87988561404791055,0.89375599891620627,0.92124763685454669
51.420568227290914,0.9297448992729187,0.91540124201728568,0.914397588166449,0.91627095122287538,0.87780670003338879,0.89311177072122727,0.92113161685460776
51.460584233693474,0.92965817451477051,0.91438427209234707,0.91444762443640448,0.91625053245734156,0.88341784569880388,0.89245948552538146,0.92101559685466883
51.500600240096041,0.92957150936126709,0.92186364840246415,0.91462154850903343,0.91623132140110575,0.88757519911703397,0.89178087931489458,0.9208995768547299
51.540616246498601,0.9294847846031189,0.92422850463458539,0.91479394555316262,0.91621719606469387,0.89900489537323269,0.89128842686713416,0.92078355685479096
51.580632252901161,0.9293980598449707,0.89929636217232778,0.91472227133241846,0.91619074168715897,0.88840179317457435,0.89102279442750354,0.92066751685485204
51.620648259303721,0.92931139469146729,0.90411351164589515,0.91455651054162945,0.91615715637036355,0.87787278958912696,0.89041699442730371,0.92055149685491311
51.660664265706281,0.92922466993331909,0.91767890344786418,0.91445348405142157,0.9161298528797962,0.87639271576816113,0.88984559442709932,0.92043547685497418
51.700680272108841,0.92913800477981567,0.91580403355885709,0.91450579708513202,0.9161100141168087,0.8831638102610383,0.88928739650209621,0.92031945685503525
51.740696278511408,0.92905128002166748,0.92161066237409894,0.9146902116842679,0.91609269651367309,0.88887355632289577,0.88871561045401815,0.92020343685509631
51.780712284913967,0.92896461486816406,0.92449190559757932,0.91485645872162658,0.91608025907027413,0.8959657250309031,0.88852819200753919,0.92008741685515738
51.820728291316527,0.92891967296600342,0.92445042751490092,0.91485210984152054,0.91605931964197618,0.90965344155725503,0.88895559200709817,0.91997139685521845
51.860744297719087,0.92886954545974731,0.91502170242279235,0.91467366929067395,0.9160361547132031,0.88123914476080678,0.88907786405277334,0.91985537685527952
51.900760304121647,0.92880040407180786,0.9210547955142635,0.91482263260378649,0.91602284109449117,0.88804530112750912,0.88832917050410987,0.91973933685534059
51.940776310524207,0.92873132228851318,0.90739857579402072,0.91503355050115964,0.91601337426777529,0.88935914251115156,0.8880313122714828,0.91962331685540166
51.980792316926774,0.92866224050521851,0.90048021325910799,0.91487969391191171,0.91598250373622148,0.87936514396488441,0.88738026702207273,0.91950729685546273
52.020808323329334,0.92859315872192383,0.90584747715768688,0.91472037164727393,0.91595187664967881,0.8759442678760383,0.88658214656298007,0.9193912768555238
52.060824329731894,0.92852407693862915,0.92027621859882081,0.91470220809949576,0.91592875981300226,0.89751159177584883,0.88582565316767781,0.91927525685558487
52.100840336134453,0.92845499515533447,0.91780503315037365,0.91473713759238828,0.91590867049189495,0.88141664920494378,0.88512944619456424,0.91915923685564593
52.140856342537013,0.92838585376739502,0.92209053654231199,0.91490019314417115,0.91589192473620895,0.88706291607053567,0.88455442763811432,0.919043216855707
52.180872348939573,0.92831677198410034,0.90285566608169454,0.9149625959608938,0.91587390861266704,0.88989355428681538,0.88423371208127011,0.91892719685576807
52.22088835534214,0.92824769020080566,0.90094270901895801,0.91478398474100608,0.91584102777889875,0.87895246986280662,0.88367237914632502,0.91881117685582914
52.2609043617447,0.92817860841751099,0.90504086469147027,0.91461171397781127,0.91581037905555773,0.87561536258249029,0.88313730205728036,0.91869513685589022
52.30092036814726,0.92810952663421631,0.91240174084421288,0.91460681245450748,0.91578890143725589,0.87970757566660862,0.8826482677382721,0.91857911685595128
52.34093637454982,0.92804038524627686,0.91813655505207292,0.91468715062611095,0.91576927197373892,0.88182914532796675,0.88215792524425207,0.91846309685601235
52.38095238095238,0.92797130346298218,0.92303581296375981,0.91484511154025983,0.91575384965372264,0.89174246003598967,0.88194149979997838,0.91834707685607342
52.420968387354939,0.9279022216796875,0.90092430122752121,0.91484302287875219,0.91573278394986113,0.87815114883106915,0.88178488287569279,0.91823105685613449
52.460984393757506,0.92783313989639282,0.90132570007434576,0.91466131524653804,0.91570012369938791,0.87725775330157074,0.8813489955758651,0.91811503685619555
52.501000400160066,0.92776405811309814,0.90659735245095507,0.91447727262984591,0.91567092855279664,0.87473727325171768,0.8810011431418886,0.91799901685625662
52.541016406562626,0.92769491672515869,0.91390342909300581,0.91448359725217099,0.91565093143874809,0.88019666210961178,0.88062403138419176,0.91788299685631769
52.581032412965186,0.92762583494186401,0.92001772234341361,0.91463426857076557,0.91563280881792131,0.88208235019680914,0.880393175618712,0.91776695685637877
52.621048419367746,0.92755675315856934,0.92289133602175899,0.91478572989328244,0.91561900751454628,0.89042310130164382,0.8803948190845976,0.91765093685643984
52.661064425770306,0.92748767137527466,0.89996879152728115,0.91470545065035391,0.91559428012723376,0.88007901795428967,0.8803918016318929,0.9175349168565009
52.701080432172866,0.92741858959197998,0.90437449053106844,0.91450904766618224,0.91556241369110503,0.8762267799625959,0.88023893624025717,0.91741889685656197
52.741096438575433,0.92734944820404053,0.91802217242699347,0.91435586448371542,0.91553537554820308,0.87472184840028866,0.88000276058853211,0.91730287685662304
52.781112444977992,0.92728036642074585,0.91569721992696718,0.91438456884023389,0.91551665475261845,0.87966901353803606,0.87990801790652484,0.91718685685668411
52.821128451380552,0.92721128463745117,0.9208749562360814,0.91453784725095333,0.91549987211241002,0.88331438054152611,0.87998601474652749,0.91707083685674518
52.861144457783112,0.92714220285415649,0.92276781005290665,0.9146925192598041,0.915487074206767,0.88924915145519234,0.88012602275154483,0.91695481685680624
52.901160464185672,0.92707312107086182,0.90071424652852672,0.91453735156622384,0.91545927267521132,0.87662432584500294,0.88019371372447686,0.91683879685686731
52.941176470588232,0.92704731225967407,0.92034016145328545,0.9147387308938848,0.9154546930047861,0.87653379383238494,0.88005091746184128,0.91672275685692839
52.981192476990799,0.92698043584823608,0.9215604648112663,0.91450379952728511,0.91542206457345132,0.8744854922153148,0.88051271746139548,0.91660673685698946
53.021208483393359,0.92690378427505493,0.90829910432773231,0.91466620790686648,0.91540952879587134,0.88866727859820849,0.88014731746114605,0.91649071685705052
53.061224489795919,0.926827073097229,0.90004508697863117,0.9144716310273121,0.91537899430179426,0.88962706031520322,0.87993671746086277,0.91637469685711159
53.101240496198479,0.92675042152404785,0.90466949960962162,0.91429277635425577,0.91534926727086363,0.86795271167701593,0.87957891746061556,0.91625867685717266
53.141256502601038,0.9266737699508667,0.91890822904572678,0.91426053032319321,0.91532736278134985,0.86516312729607803,0.87905413627901541,0.91614265685723373
53.181272509003598,0.92659711837768555,0.91736833251931338,0.91429204692630361,0.91530852270109375,0.86643538090721373,0.87850070818568693,0.9160266368572948
53.221288515406165,0.92652046680450439,0.92273862401516804,0.91445505374598479,0.91529467742721493,0.87304421782832797,0.87792010818548971,0.91591061685735586
53.261304521808725,0.92644381523132324,0.90192316612075052,0.91452113837325233,0.91527929380999407,0.89941371326245334,0.87761938249261351,0.91579459685741693
53.301320528211285,0.92636710405349731,0.90033040774590178,0.91432312231326307,0.91524794296346335,0.88756926648186896,0.87742058249232402,0.91567855685747801
53.341336534613845,0.92629045248031616,0.90524032279999955,0.91412048282766456,0.91521888714109689,0.86864564346428874,0.87693198249210813,0.91556253685753908
53.381352541016405,0.92621380090713501,0.91335046872655512,0.91410090030826152,0.91519896440737181,0.86577543457145845,0.87636624221488246,0.91544651685760015
53.421368547418965,0.92613714933395386,0.91931108113924376,0.91418577440407689,0.91518130306503154,0.86762985767133627,0.87579838310492064,0.91533049685766121
53.461384553821532,0.92606049776077271,0.92382214052822853,0.91434461526061694,0.91516883196445631,0.874361678119421,0.87528824255938609,0.91521447685772228
53.501400560224091,0.92598384618759155,0.90008922934691216,0.91427332896985392,0.9151490767790198,0.90162006028031938,0.87584504505991068,0.91509845685778335
53.541416566626651,0.92590713500976563,0.90173000541455506,0.91409447193828453,0.91511820178996373,0.88143213338272441,0.87575044505959965,0.91498243685784442
53.581432573029211,0.92583048343658447,0.9061931682146368,0.91392421165470017,0.91509117691082009,0.86875658374187437,0.87519584505939063,0.91486641685790548
53.621448579431771,0.92575383186340332,0.91464428214639215,0.91393827524759641,0.91507329723577813,0.86548343026863683,0.87462584505919561,0.91475037685796656
53.661464585834331,0.92567718029022217,0.91957757025145892,0.91409158324955642,0.91505708815191933,0.86869429107264173,0.87407404505899966,0.91463435685802763
53.701480592236898,0.92560052871704102,0.92341831960358345,0.9142453347773658,0.91504533586859849,0.87494361030275658,0.87355543923480428,0.9145183368580887
53.741496598639458,0.92552381753921509,0.90083238337422811,0.9141670716373933,0.91502253718163895,0.88361825011467776,0.87336993615167102,0.91440231685814977
53.781512605042018,0.92544716596603394,0.90230845815006788,0.91399146943452469,0.91499305314266166,0.86936034802261708,0.87318519561832697,0.91428629685821083
53.821528611444577,0.92537051439285278,0.91703523626703076,0.91385285113890413,0.91496815592215675,0.86632538985125451,0.87273826321616332,0.9141702768582719
53.861544617847137,0.92529386281967163,0.91419831706766796,0.91388213070077917,0.91495102732069233,0.86598544985629966,0.87231160866309676,0.91405425685833297
53.901560624249697,0.92521721124649048,0.92034524781670879,0.91404168028287525,0.91493634278511338,0.8705128810561229,0.87190089470954235,0.91393823685839404
53.941576630652264,0.92514055967330933,0.92312173617444682,0.91419940711975545,0.91492543595203646,0.8722888153927677,0.8717450783804952,0.91382221685845511
53.981592637054824,0.9250638484954834,0.90000917967494021,0.91404417426652407,0.91489841816027961,0.89003024220101712,0.87173239977757155,0.91370617685851618
54.021608643457384,0.92498719692230225,0.9053701461711855,0.9138629932091602,0.91487175263302511,0.8650850538173066,0.87157423337723916,0.91359015685857725
54.061624649859944,0.92496794462203979,0.92611669595160595,0.91433856678991487,0.91487684640679556,0.91566533672806627,0.87244403337669796,0.91347413685863832
54.101640656262504,0.9248729944229126,0.90846961860630493,0.91427455653984591,0.91485590564253283,0.88887225114315938,0.87304663337622535,0.91335811685869939
54.141656662665063,0.9247780442237854,0.89945585599681643,0.91408962679225025,0.91482705574567236,0.88874469948711177,0.87311697204945571,0.91324209685876045
54.18167266906763,0.9246830940246582,0.90394287626343151,0.91391734629572996,0.91479928020092338,0.87160774887582493,0.87308382989475763,0.91312607685882152
54.22168867547019,0.92458814382553101,0.91852590406173973,0.91387824458297939,0.91477869978307336,0.86415546921330166,0.87322820063011242,0.91301005685888259
54.26170468187275,0.92449319362640381,0.91668015965852578,0.91388879988297456,0.91476129809900597,0.86697032662004248,0.8730323548176574,0.91289403685894366
54.30172068827531,0.92439818382263184,0.92215018020864514,0.91403083918024852,0.91474842040538551,0.87303211525259139,0.87274742052830467,0.91277799685900474
54.34173669467787,0.92430323362350464,0.90281418799901625,0.9140868504750248,0.91473427965325049,0.8874360788224146,0.87278711978942203,0.9126619768590658
54.38175270108043,0.92420828342437744,0.89896920001070557,0.91389905047473952,0.91470510662610049,0.88816383517810593,0.87288061396358574,0.91254595685912687
54.42176870748299,0.92411333322525024,0.90556760606551268,0.91370468918010173,0.914677973865341,0.87134344997922386,0.87284791629379566,0.91242993685918794
54.461784713885557,0.92401838302612305,0.91426764904528357,0.91368204564814393,0.91465966797325338,0.86531126519614832,0.87267155972896582,0.91231391685924901
54.501800720288117,0.92392343282699585,0.91919252042992372,0.91376503810113507,0.91464312819267068,0.86900670364043098,0.8724390255671417,0.91219789685931008
54.541816726690676,0.92382848262786865,0.92138886059767444,0.91389922954800062,0.91463142308453127,0.87398566770266295,0.87235555101334505,0.91208187685937114
54.581832733093236,0.92373353242874146,0.90044206553343298,0.91388377624793971,0.91461369073818455,0.88318036231314867,0.8724831112298902,0.91196585685943221
54.621848739495796,0.92363858222961426,0.90150547880058229,0.91370800719598066,0.91458486978149134,0.90068228863978672,0.87259244998737151,0.91184983685949328
54.661864745898356,0.92354363203048706,0.9052457119231504,0.91352396309673556,0.91455889544173519,0.87141778589784136,0.87259380307412215,0.91173379685955436
54.701880752300923,0.92344868183135986,0.91413806788187968,0.91352931248508984,0.91454243881231279,0.86666105834889062,0.87277326327148952,0.91161777685961543
54.741896758703483,0.92335373163223267,0.91947893113221368,0.91368775999414376,0.9145280269864916,0.87055891830500343,0.87257554502831891,0.91150175685967649
54.781912765106043,0.92325878143310547,0.92336672934600394,0.91384566744540296,0.91451816643513895,0.87451361290599683,0.87247147612851894,0.91138573685973756
54.821928771508603,0.9231637716293335,0.89955964203143057,0.91375147268129286,0.91449665363553567,0.88498245957087107,0.87252399984067075,0.91126971685979863
54.861944777911162,0.9230688214302063,0.90259626154710471,0.91356561206995679,0.91446836872935966,0.88903848358048287,0.87309326543124277,0.9111536968598597
54.901960784313722,0.9229738712310791,0.91714138382751997,0.91342021206965662,0.91444415917477051,0.86848380117698731,0.8733748065490331,0.91103767685992076
54.941976790716289,0.9228789210319519,0.91439153832580899,0.91345947092914193,0.9144284728854204,0.86613079941784232,0.87305978148539409,0.91092165685998183
54.981992797118849,0.92278397083282471,0.92211657387888379,0.91361753522556577,0.91441507473323935,0.87356486589040905,0.87316318009423488,0.9108056368600429
55.022008803521409,0.92268902063369751,0.92305210143710359,0.91378468894372156,0.91440602892765133,0.86581269152029472,0.87312346304890454,0.91068959686010398
55.062024809923969,0.92259407043457031,0.89987475435589503,0.91362847066603581,0.91438103809495308,0.88892623812316096,0.87318254505595261,0.91057357686016505
55.102040816326529,0.92249912023544312,0.90274073848910552,0.91344697300979694,0.9143538058270394,0.87327120044974116,0.87328221257314065,0.91045755686022611
55.142056822729089,0.92240417003631592,0.92012053954689954,0.91336767861946644,0.91433710925065792,0.88671645017689926,0.87296057840872898,0.91034153686028718
55.182072829131656,0.92239832878112793,0.92532964176379107,0.91384031073494998,0.91434768592635096,0.91131683380481954,0.8741207784081183,0.91022551686034825
55.222088835534215,0.92240959405899048,0.91664818823129346,0.91388019406616539,0.91435661773290444,0.91551802939691906,0.87519577840753027,0.91010949686040932
55.262104841936775,0.9224209189414978,0.9095720878783119,0.91304319406605861,0.91433311002181761,0.89092844316499908,0.87635597840691959,0.90999347686047038
55.302120848339335,0.92243218421936035,0.90758453081869994,0.9120637940659867,0.91429944460053392,0.90574638601663648,0.87751617840630891,0.90987745686053145
55.342136854741895,0.9224434494972229,0.90967308852343243,0.91110499406591716,0.91427453557841287,0.9139846211858198,0.87867657840569813,0.90976141686059253
55.382152861144455,0.92245477437973022,0.91135025631033018,0.91088998955258438,0.91425884444319538,0.91543609970529038,0.87983677840508745,0.9096453968606536
55.422168867547022,0.92246603965759277,0.91415387193965936,0.91203659861039044,0.91425368271846064,0.91851774771540151,0.88099697840447677,0.90952937686071467
55.462184873949582,0.92247730493545532,0.93283148284569439,0.91319679860977976,0.91426716691618504,0.9252660015628934,0.88215717840386609,0.90941335686077573
55.502200880352142,0.92248862981796265,0.923090067506942,0.91435699860916908,0.91431307150560748,0.91690585074106912,0.88331737840325542,0.9092973368608368
55.542216886754701,0.9224998950958252,0.92789546990307936,0.91539279860859613,0.91441000899369618,0.90305611394836083,0.88447757840264474,0.90918131686089787
55.582232893157261,0.92251116037368774,0.91562897788437081,0.91651879081089793,0.91444107833524646,0.90836392397778909,0.88563777840203406,0.90906529686095894
55.622248899559821,0.92252248525619507,0.91254633889010472,0.91543233565826598,0.91443981558423726,0.90374726594508414,0.88679797840142338,0.90894927686102001
55.662264905962388,0.92253375053405762,0.91015326545137298,0.91427213565819132,0.91441967267123836,0.90183517763140253,0.8879581784008127,0.90883325686108107
55.702280912364948,0.92254501581192017,0.90810430871900794,0.91311173565811699,0.91438712022465729,0.90104554389094005,0.88911857840020192,0.90871721686114215
55.742296918767508,0.92255634069442749,0.90607097438858586,0.91200033565803795,0.91434666106143914,0.90061240219754291,0.89027837839959134,0.90860119686120322
55.782312925170068,0.92256760597229004,0.91880868164729879,0.91177591585294349,0.91433764660536754,0.89972292220725347,0.89143137839898445,0.90848517686126429
55.822328931572628,0.92257887125015259,0.91691461679156316,0.91293611585233281,0.91436093872465085,0.91252026884804116,0.89258157839837904,0.90836915686132536
55.862344937975188,0.92259019613265991,0.91008950425274482,0.91311791585194846,0.91435351710143919,0.90939964342489599,0.89328585300720498,0.90825313686138642
55.902360944377754,0.92260146141052246,0.9063895987258902,0.91230771585179571,0.91433685331818515,0.89004032768079766,0.89410125300667431,0.90813711686144749
55.942376950780314,0.92261272668838501,0.91000594256793299,0.91115871585172059,0.91431150273344897,0.90586996280712362,0.89522705300607774,0.90802109686150856
55.982392957182874,0.92262405157089233,0.91469702289093646,0.91179931585123253,0.91431676738687362,0.90555873676636733,0.8961264949702139,0.90790507686156963
56.022408963585434,0.92263531684875488,0.91995281065782064,0.91261891585070165,0.91433030361162171,0.89947440412019131,0.89719240358625196,0.9077890368616307
56.062424969987994,0.92264658212661743,0.91451530650244339,0.91362158045690478,0.91433151342891106,0.90130752905982681,0.89834980358564276,0.90767301686169177
56.102440976390554,0.92265790700912476,0.91011893249826559,0.91326243647482552,0.91431330758549478,0.89569228987614791,0.89814160358534934,0.90755699686175284
56.142456982793114,0.9226691722869873,0.9074278223837049,0.9121126364747516,0.91428351960704912,0.91530647162693501,0.89702060358527103,0.90744097686181391
56.182472989195681,0.92268043756484985,0.91078651769757768,0.91100892373100151,0.91426083788742152,0.89489162143427858,0.89660443265443834,0.90732495686187498
56.222488995598241,0.92269176244735718,0.90597415182770602,0.91150295904482759,0.91427674033435913,0.87521704545751178,0.89601532912277138,0.90720893686193604
56.2625050020008,0.92270302772521973,0.91201420839291147,0.9116011626691698,0.91425903773501715,0.91307847049071666,0.89705455782269317,0.90709291686199711
56.30252100840336,0.92271429300308228,0.91197097430381313,0.91202565577827388,0.91424533025773447,0.91443051804482167,0.89821475782208249,0.90697689686205818
56.34253701480592,0.9227256178855896,0.9129070468295426,0.91261673263096288,0.91423457934232033,0.91511894102936908,0.89937495782147181,0.90686087686211925
56.38255302120848,0.92273688316345215,0.91422756365735214,0.91346363195962321,0.9142288134950316,0.91570087321270466,0.90053535782086103,0.90674483686218033
56.422569027611047,0.92274820804595947,0.91416646674432656,0.91434247774332222,0.91423128363568251,0.91811978654853288,0.90169555782025035,0.90662881686224139
56.462585034013607,0.92275947332382202,0.90714746687596648,0.91318227774324756,0.91420909482261781,0.9089978260451701,0.90285575781963967,0.90651279686230246
56.502601040416167,0.92277073860168457,0.91805499158146309,0.91289647774297134,0.91418529146391381,0.89230778084086315,0.90219238337556329,0.90639677686236353
56.542617046818727,0.92278206348419189,0.91897526004941288,0.91405667774236066,0.91421289583051857,0.89674177303683755,0.90103218337548863,0.9062807568624246
56.582633053221286,0.92279332876205444,0.91918555695618942,0.91521687774174998,0.91424276497307144,0.89577226179817215,0.89987238337541431,0.90616473686248566
56.622649059623846,0.92280459403991699,0.92024600317800831,0.9163770777411393,0.91427262766957629,0.89673833210844189,0.8987244097940742,0.90604871686254673
56.662665066026413,0.92281591892242432,0.92013591974106057,0.91753727774052862,0.91430289298027179,0.89602048325347605,0.89775438852577627,0.9059326968626078
56.702681072428973,0.92282718420028687,0.91889811687082568,0.91869367773991994,0.91433555608874939,0.89436539669514248,0.89696508046434109,0.90581665686266888
56.742697078831533,0.92283844947814941,0.90974950507867336,0.91845669577066447,0.91433250757322293,0.89859376375629774,0.89679657028002491,0.90570063686272995
56.782713085234093,0.92284977436065674,0.90957402554056843,0.91729649577059014,0.91430462631475162,0.91078948186500208,0.89757450848592879,0.90558461686279101
56.822729091636653,0.92286103963851929,0.91286756696106619,0.91627269577048698,0.91429459209678099,0.91216555659152543,0.89873470848531811,0.90546859686285208
56.862745098039213,0.92287230491638184,0.90219407552498843,0.91596172718575675,0.91428102458913185,0.88230393412022223,0.8986309084850036,0.90535257686291315
56.90276110444178,0.92288362979888916,0.90123523546774509,0.915609047873572,0.91425513830326444,0.89882472124327151,0.89771392577895548,0.90523655686297422
56.942777110844339,0.92289489507675171,0.90471600350377779,0.91527869849854349,0.91423080361396936,0.90141075691169792,0.89694059933967041,0.90512053686303529
56.982793117246899,0.92290616035461426,0.91428708621979415,0.91510137108164968,0.9142154249574771,0.8648088896503755,0.8961765369826945,0.90500451686309635
57.022809123649459,0.92291748523712158,0.91797046106552294,0.91493368504657258,0.91420092415371312,0.86946482172787287,0.89506464670676633,0.90488849686315742
57.062825130052019,0.92292875051498413,0.92057492134605046,0.91490825816471144,0.9141901223101252,0.87550964302384982,0.893953336026304,0.9047724568632185
57.102841136454579,0.92294001579284668,0.90205904468648812,0.9146802414808024,0.9141696372085576,0.88900110797894338,0.89285371791775647,0.90465643686327957
57.142857142857146,0.922951340675354,0.90155198269473846,0.91434031041589348,0.91414158201903806,0.88438231419757907,0.89202911791761696,0.90454041686334063
57.182873149259706,0.92296260595321655,0.90879248157979542,0.91401652244972009,0.9141162745877226,0.90374518952277638,0.89134024076999085,0.9044243968634017
57.222889155662266,0.9229738712310791,0.91438590699487599,0.91384958540087413,0.91409939525896089,0.86528409372709258,0.89056364076983707,0.90430837686346277
57.262905162064826,0.92298519611358643,0.91962352917810553,0.91387775983135167,0.91408484152587599,0.86978850630247562,0.88972944076969696,0.90419235686352384
57.302921168467385,0.92299646139144897,0.9225406191533313,0.91392643052993972,0.9140741524336522,0.86661430918379034,0.88893043169144947,0.90407633686358491
57.342937174869945,0.92300772666931152,0.90058242494313878,0.91365914995260977,0.91404908508490357,0.88889479515678649,0.88795184345088685,0.90396031686364597
57.382953181272512,0.92301905155181885,0.90262284385118607,0.913372345948257,0.91402082618519975,0.88706653497798627,0.88740588212277649,0.90384429686370704
57.422969187675072,0.9230303168296814,0.91830900699290208,0.91316133315983072,0.91399855421985998,0.86463019867920554,0.88673204268835526,0.90372825686376812
57.462985194077632,0.92304158210754395,0.91492300275160154,0.91304707354080339,0.91398076357364633,0.86566212123980679,0.88615704268815465,0.90361223686382919
57.503001200480192,0.92305290699005127,0.92027531031963805,0.91312109798241314,0.91396719057139209,0.87057968252808093,0.88558603674664538,0.90349621686389026
57.543017206882752,0.92306417226791382,0.90540278366981852,0.91316116473496922,0.91395481960070901,0.88292715744430617,0.88511669834511542,0.90338019686395132
57.583033213285312,0.92307543754577637,0.89905251948773546,0.9129039440155664,0.91392693080312204,0.887627584285541,0.88481879057924173,0.90326417686401239
57.623049219687879,0.92308676242828369,0.90281394579123408,0.91268964193840307,0.91390013088245659,0.89563765030627818,0.88462731401936145,0.90314815686407346
57.663065226090438,0.92309802770614624,0.91129194478679842,0.91260253281308146,0.91388047071880485,0.86434780524535115,0.88445925384586233,0.90303213686413453
57.703081232492998,0.92310929298400879,0.91657510203305581,0.91262236148064368,0.91386401127190087,0.866527574057678,0.88408619629131502,0.90291611686419559
57.743097238895558,0.92312061786651611,0.92219722907031088,0.91272916148029326,0.91385163803826852,0.87171418035068515,0.88373166260954672,0.90280007686425667
57.783113245298118,0.92313188314437866,0.90172292083692962,0.91273552242992118,0.91383635447899059,0.88208335874478727,0.88341322416852086,0.90268405686431774
57.823129251700678,0.92314314842224121,0.89954305079835928,0.91251370230768858,0.91380793809215644,0.88551076073231494,0.88341175947820039,0.90256803686437881
57.863145258103245,0.92315447330474854,0.90298918312155696,0.9122874010052956,0.91378219935020077,0.89959904878500818,0.88351328029397025,0.90245201686443988
57.903161264505805,0.92316573858261108,0.91271140349358082,0.91233220016775551,0.91376861836618584,0.88630899679376662,0.88341143645889941,0.90233599686450094
57.943177270908365,0.92314738035202026,0.90566345979526419,0.91280542941509668,0.91377449110088405,0.89965155260621843,0.88457163645828873,0.90221997686456201
57.983193277310924,0.9230726957321167,0.90130941160100198,0.91257201711701297,0.91374392916625302,0.89447396391866207,0.88451463645796902,0.90210395686462308
58.023209283713484,0.92299801111221313,0.9055634279812721,0.91238302691369511,0.91371914422500067,0.90133149690589343,0.8844663767862937,0.90198793686468415
58.063225290116044,0.92292326688766479,0.91394000246809737,0.91232740379063237,0.91370250232786687,0.86450519805627879,0.88422737678601693,0.90187191686474522
58.103241296518604,0.92284858226776123,0.91952343681216775,0.91239980379028895,0.91368849606574654,0.870747160818789,0.88384848772567193,0.90175587686480629
58.143257302921171,0.92277389764785767,0.92280535225912652,0.91251831494029356,0.91367977043963833,0.87654447257568202,0.88352040428448753,0.90163985686486736
58.183273309323731,0.9226992130279541,0.89959476215982981,0.91236950377492043,0.91365773962557129,0.89640598588649822,0.88341607759783369,0.90152383686492843
58.223289315726291,0.92262452840805054,0.90308848831220301,0.91221115847403089,0.91363226063481184,0.88603461241738501,0.88346063265466146,0.9014078168649895
58.263305322128851,0.92254984378814697,0.91628081957784879,0.91206684953121431,0.9136106858977362,0.87680693235538187,0.88348392413560983,0.90129179686505057
58.30332132853141,0.92247509956359863,0.91462072743958645,0.91212543385656075,0.91359584090993795,0.86570667532989598,0.88321612413533424,0.90117577686511163
58.34333733493397,0.92240041494369507,0.9197386989784766,0.91229584583912482,0.91358464863603461,0.87079456257375742,0.88292122625973524,0.9010597568651727
58.383353341336537,0.9223257303237915,0.90811932560149577,0.9124064116454137,0.91357548943317057,0.87762083057366913,0.8826350539859007,0.90094373686523377
58.423369347739097,0.92225104570388794,0.8996160158927059,0.91220849750531319,0.91355053069430003,0.89707079698308889,0.8825196001943556,0.90082769686529485
58.463385354141657,0.92217636108398438,0.90246250229946012,0.91200657009691777,0.91352448535854747,0.88748247202940489,0.88260405377773221,0.90071167686535591
58.503401360544217,0.92210167646408081,0.91124889235353668,0.91196697190101428,0.91350568337570293,0.86472429027292252,0.88273538014052033,0.90059565686541698
58.543417366946777,0.92202693223953247,0.91547426766357776,0.91201043286819528,0.913490521999198,0.86627460649424215,0.88250442176995736,0.90047963686547805
58.583433373349337,0.92195224761962891,0.92215151235144643,0.9121746013721197,0.9134799145795931,0.87153815906533938,0.88229434976901711,0.90036361686553912
58.623449379751904,0.92187756299972534,0.9026563290770564,0.91218035519415419,0.91346763779222961,0.88234753898868501,0.88209904226434577,0.90024759686560019
58.663465386154463,0.92180287837982178,0.90022807495798007,0.91195459642008891,0.91344151121725414,0.89833338039890565,0.88215802066183491,0.90013157686566125
58.703481392557023,0.92172819375991821,0.90297059367428367,0.91172654748327031,0.91341649607788178,0.89813914592360322,0.88226807507229199,0.90001555686572232
58.743497398959583,0.92165350914001465,0.91010076691461073,0.9116337485678615,0.913398994835941,0.86481956839367258,0.88231627507196364,0.89989953686578339
58.783513405362143,0.92157876491546631,0.91442254092191311,0.91176275659305617,0.91338652064617998,0.86783394032101246,0.8821186180105608,0.89978349686584447
58.823529411764703,0.92150408029556274,0.92283471995270172,0.91189387923084819,0.91337770986479738,0.87222853981949122,0.88193252092344776,0.89966747686590554
58.86354541816727,0.92142939567565918,0.90155210379862949,0.91186997569961348,0.91336224852956127,0.88256876695398812,0.88182011580989694,0.8995514568659666
58.90356142456983,0.92135471105575562,0.90169070720191524,0.9117117437633584,0.91333636039911847,0.88835195903918829,0.88200200385304606,0.89943543686602767
58.94357743097239,0.92128002643585205,0.90339827206546197,0.91153516975929416,0.91331178676947544,0.90004061482033959,0.88218641704052225,0.89931941686608874
58.98359343737495,0.92120534181594849,0.91249862395703818,0.911571799406937,0.91329822372624825,0.86527709321759783,0.88217092313146761,0.89920339686614981
59.023609443777509,0.9211421012878418,0.91433716267873577,0.91183925899928275,0.91328906493284157,0.89863019013621093,0.88237418126536826,0.89908737686621087
59.063625450180069,0.92111045122146606,0.89952894219505408,0.91216792261040169,0.91328959006822885,0.87967156457115703,0.88331118126481534,0.89897135686627194
59.103641456582636,0.921031653881073,0.90737520274305161,0.91193332236173719,0.9132597845681365,0.90056250873580523,0.88333142022537703,0.89885533686633301
59.143657462985196,0.92095285654067993,0.91376149533271667,0.91194371041725319,0.91324543932691449,0.86508546910176809,0.88310736047980187,0.89873929686639409
59.183673469387756,0.92087405920028687,0.91850035114073214,0.91206751041688827,0.91323309021371557,0.86985530777443354,0.88278236047953862,0.89862327686645516
59.223689475790316,0.92079532146453857,0.92257664756091318,0.91216797530193272,0.913225778566784,0.87401147466563067,0.88245936047927442,0.89850725686651622
59.263705482192876,0.92071652412414551,0.90068839084779151,0.91202833721984145,0.9132047171727401,0.88839414007521156,0.88233991131562917,0.89839123686657729
59.303721488595436,0.92063772678375244,0.90331640583512463,0.91178324254408405,0.91317871793374095,0.89520231353786994,0.88253331131524981,0.89827521686663836
59.343737494998003,0.92055892944335938,0.91702893886469705,0.91169630739076002,0.91315873125155467,0.88207481575014968,0.88268431131488301,0.89815919686669943
59.383753501400562,0.92048013210296631,0.91532131344920475,0.91173490739043439,0.91314422007946039,0.86734550646787745,0.88254990460781479,0.8980431768667605
59.423769507803122,0.92040133476257324,0.92125171044108101,0.91188399802984632,0.91313441046833344,0.87158271315542857,0.88238439286263726,0.89792715686682156
59.463785514205682,0.92032253742218018,0.9044485455604343,0.91200439802949307,0.91312643413581862,0.88358591725302849,0.88224199286233906,0.89781111686688264
59.503801520608242,0.92024374008178711,0.89939372970071718,0.91183313882321437,0.91310180975008415,0.88364957442834902,0.88240241000470321,0.89769509686694371
59.543817527010802,0.92016500234603882,0.90065224133631849,0.9116604203035712,0.91307870809979919,0.8906243956127925,0.88246774535624883,0.89757907686700478
59.583833533413369,0.92008620500564575,0.90930172344158366,0.91159181731187833,0.91306089341572372,0.86434869514062596,0.88259447059055696,0.89746305686706584
59.623849539815929,0.92000740766525269,0.91591702348918969,0.91166456888821723,0.91304734292725653,0.86717595175486162,0.88242547059026233,0.89734703686712691
59.663865546218489,0.91992861032485962,0.92197663833279664,0.91183580668232267,0.91303967541422082,0.87184321516552399,0.88226304368736053,0.89723101686718798
59.703881552621048,0.91984981298446655,0.90169234210444416,0.91188679723026511,0.91302903178587813,0.8974389169950775,0.88221364368704291,0.89711499686724905
59.743897559023608,0.91977101564407349,0.8988623258268702,0.9117108184405851,0.91300404102974941,0.88919344401099287,0.88240006505153268,0.89699897686731012
59.783913565426168,0.91969221830368042,0.90128204212162877,0.91153864729817369,0.91298044766104325,0.89861173964084773,0.88257986505116048,0.89688295686737118
59.823929571828728,0.91961342096328735,0.91045881056844591,0.91156807478118784,0.91296653946338557,0.8662550287981976,0.882585065050842,0.89676691686743226
59.863945578231295,0.91953462362289429,0.91529800095018121,0.91159055447979287,0.91295371702183836,0.86874240474382991,0.88236567888994744,0.89665089686749333
59.903961584633855,0.919455885887146,0.92303320923010268,0.91177337461984731,0.91294677140213942,0.87252434100881848,0.88220095464582859,0.8965348768675544
59.943977591036415,0.91937708854675293,0.90091122200728979,0.9117468238892128,0.91293126955036308,0.90439297395644347,0.88216742446484897,0.89641885686761547
59.983993597438975,0.91929829120635986,0.89999616100665436,0.91149000585181961,0.91290584140050268,0.89227532932651055,0.88236282446446856,0.89630283686767653
60.024009603841534,0.9192194938659668,0.91463792419211298,0.91133218849087294,0.91288300100338438,0.89730448348223846,0.88255051206451918,0.8961868168677376
60.064025610244094,0.91914069652557373,0.91041939125191518,0.91135376630995402,0.91286938158286401,0.86425899369693104,0.88250621264346496,0.89607079686779867
60.104041616646661,0.91906189918518066,0.91866741395841034,0.91146627111020817,0.91285841229390063,0.86927023129446057,0.88227367406169011,0.89595477686785974
60.144057623049221,0.91900742053985596,0.91461128133608594,0.91155808097866586,0.91284761119585456,0.89588379533927431,0.88276410165244656,0.89583873686792082
60.184073629451781,0.91896772384643555,0.90356279170142861,0.91154444001369217,0.91283566148329198,0.89736796267850405,0.88320250262936195,0.89572271686798188
60.224089635854341,0.91889649629592896,0.91155025938636902,0.9115361315720627,0.91282072093926137,0.86539871223848053,0.88294678489833889,0.89560669686804295
60.264105642256901,0.91882526874542236,0.9190704477077638,0.91160475730213331,0.91280940516188824,0.86989096291177526,0.88263698489807529,0.89549067686810402
60.304121648659461,0.91875410079956055,0.92221715066038557,0.91169507079524537,0.91280223455614939,0.86355395933392165,0.88229598489781469,0.89537465686816509
60.344137655062028,0.91868287324905396,0.90063970708359675,0.91144917643446455,0.91277998066598276,0.90588135346664034,0.88212643430760274,0.89525863686822615
60.384153661464588,0.91861164569854736,0.90205759143979569,0.9112288846685791,0.91275579077576252,0.89525600388611326,0.88216830361286447,0.89514261686828722
60.424169667867147,0.91854041814804077,0.91797657681202005,0.91107979759130409,0.91273578058086779,0.88784501536433846,0.8821977020420777,0.89502659686834829
60.464185674269707,0.91846919059753418,0.91502430615644959,0.9110964834725308,0.91272142319074823,0.86483374739171692,0.88194929556175461,0.89491057686840936
60.504201680672267,0.91839796304702759,0.9194949773977753,0.91124216879890563,0.91271232255446499,0.87031366316728198,0.88166329363478946,0.89479453686847044
60.544217687074827,0.91832679510116577,0.9046896028555329,0.9112875483088706,0.91270394615272876,0.8818212549231973,0.88142128426495425,0.8946785168685315
60.584233693477394,0.91825556755065918,0.90079901925224892,0.91107061184889004,0.91268055962267858,0.89690420858765552,0.88145200362370257,0.89456249686859257
60.624249699879954,0.91818434000015259,0.90292499805931015,0.91084720253173634,0.91265656241211957,0.89708906949939704,0.88156509231736213,0.89444647686865364
60.664265706282514,0.918113112449646,0.91012323168639719,0.91076300253142795,0.91263904160515019,0.86311939380808489,0.88162561009857732,0.89433045686871471
60.704281712685074,0.9180418848991394,0.91690002377269386,0.91083440969222584,0.91262489125954349,0.86701778770136251,0.88141959033696426,0.89421443686877577
60.744297719087633,0.91797071695327759,0.92230222614383539,0.91097690431773604,0.91261623616450982,0.8714782987765245,0.88122604400980331,0.89409841686883684
60.784313725490193,0.917899489402771,0.9022634680545496,0.91099539521635109,0.9126044763344483,0.88205660256019303,0.88111594418308825,0.89398239686889791
60.82432973189276,0.9178282618522644,0.89889653767608657,0.91080525419856817,0.91258081479218001,0.88641471635240698,0.88127727185816274,0.89386637686895898
60.86434573829532,0.91775703430175781,0.90211893056060333,0.91063220400801725,0.91255746344258382,0.88677192031569207,0.88145184152709488,0.89375033686902006
60.90436174469788,0.91768580675125122,0.91101933992808615,0.91062005654412226,0.9125424182013252,0.86438654535297865,0.88149967966880272,0.89363431686908112
60.94437775110044,0.9176146388053894,0.91779964402722269,0.91080317640954345,0.91253071767003058,0.8679953673238523,0.88133690053897551,0.89351829686914219
60.984393757503,0.91754341125488281,0.92151165994318052,0.91094574707677101,0.91252276197255155,0.87226461024129442,0.88115805782403211,0.89340227686920326
61.02440976390556,0.91747218370437622,0.90107465170823708,0.91086436341200938,0.91250645957313159,0.9075336516864464,0.88115801019123174,0.89328625686926433
61.064425770308127,0.91740095615386963,0.90016970288250275,0.91066538035780198,0.9124818255187146,0.89337132434689392,0.8813246101908554,0.8931702368693254
61.104441776710686,0.91732972860336304,0.90983754760745339,0.91048173782715836,0.91245888728792346,0.88669930486127235,0.88149321019047799,0.89305421686938646
61.144457783113246,0.91725856065750122,0.91138810127627767,0.91047987744687564,0.91244390641253315,0.86479684640099053,0.88145005914478469,0.89293819686944753
61.184473789515806,0.91718733310699463,0.91794781463789998,0.91059787744651932,0.91243089521099319,0.86922698238410767,0.88127085914448922,0.89282215686950861
61.224489795918366,0.91711610555648804,0.92196277193727361,0.91071084926741741,0.91242205610274996,0.87208307160524523,0.88110425914418733,0.89270613686956968
61.264505802320926,0.91707783937454224,0.91772044208248804,0.9107943274756245,0.91240458872916219,0.8821303452152941,0.88179312960209977,0.89272892863365216
61.304521808723493,0.91702944040298462,0.91273471599260447,0.91076613981884913,0.91239280233471154,0.86497174048565495,0.88240772960161951,0.89269155770211295
61.344537815126053,0.91696161031723022,0.91974862949754121,0.91089160067382635,0.91238243868654811,0.86998985993997591,0.88213029363170281,0.89261532324351867
61.384553821528613,0.91689372062683105,0.90939103756121953,0.91100986961276731,0.91237595414421224,0.8737863311611187,0.88191719792715806,0.8925277502767579
61.424569827931172,0.91682589054107666,0.89938228538301468,0.91081835176589598,0.91235405248204904,0.88741632314731511,0.88198354919368982,0.89245736263455211
61.464585834333732,0.91675806045532227,0.90158201645971425,0.91064362774216212,0.91233041520726532,0.89523607023195884,0.8821672017477542,0.89239654872550156
61.504601840736292,0.9166901707649231,0.91746890930081526,0.91061454194114244,0.91231344003334935,0.88251489862668986,0.88234300174737301,0.89233698955798368
61.544617847138852,0.91662228107452393,0.91388156984067459,0.91064237537138637,0.91229960484003192,0.86626428370905495,0.88216420174707411,0.89226101905790012
61.584633853541419,0.91655445098876953,0.92058339861842264,0.91078844467366227,0.91229120335468727,0.87096435459217991,0.88198116152982386,0.89218480346338769
61.624649859943979,0.91648656129837036,0.90396915580778536,0.91082483362075484,0.91228267037765509,0.88195640035225609,0.88179544047070801,0.89210849222681676
61.664665866346539,0.91641873121261597,0.90073198824856282,0.91063259187825241,0.91226074557506187,0.88817498853221621,0.88192772455899715,0.89204135297667198
61.704681872749099,0.9163508415222168,0.90231069857205193,0.91042648772887558,0.91223804125611596,0.89625903451346101,0.88205152455862668,0.89198428519201123
61.744697879151659,0.9162830114364624,0.90969228349016085,0.91032923744193184,0.91222202051781542,0.8628252537566039,0.88209732455827727,0.89192225441776518
61.784713885554218,0.91621518135070801,0.91596806877925951,0.91039864088609734,0.91220948308623095,0.86695027431318472,0.88187832138775546,0.89184567502463741
61.824729891956785,0.91614729166030884,0.92104692376134645,0.91052603704544133,0.91220170335879791,0.87160324007309953,0.88166697531319038,0.89177038054313595
61.864745898359345,0.91607940196990967,0.90260631317006035,0.91050598248486059,0.91219029827498566,0.89672931450299109,0.88154897531288112,0.89169621840579982
61.904761904761905,0.91601157188415527,0.8992769249978172,0.91031994640623859,0.9121684528216768,0.89127876527149275,0.88167222694943403,0.89162588606354543
61.944777911164465,0.9159436821937561,0.90169343203946339,0.91011544365325681,0.91214549732451278,0.89705970295533033,0.88183013396875487,0.8915719841861276
61.984793917567025,0.91587585210800171,0.91139179494495404,0.91011975456593708,0.91213220813712093,0.86454091251997223,0.88182073396841698,0.89150404625850177
62.024809923969585,0.91580796241760254,0.91721477278548524,0.91030012080278366,0.91212116499932816,0.86923617796861352,0.88165093396811667,0.89142982975034202
62.064825930372152,0.91574013233184814,0.92177118558166138,0.91045834724086872,0.91211468342525748,0.87276301092150665,0.88148433396781456,0.89135568487284833
62.104841936774712,0.91567230224609375,0.90042389994977823,0.91043892779020863,0.91209913170343471,0.88831310027885757,0.88147685823089716,0.89128167505468359
62.144857943177271,0.91560441255569458,0.90004811457590694,0.91021334455631997,0.91207458484278303,0.89370871330872792,0.8816227401807728,0.89122377838374622
62.184873949579831,0.91553658246994019,0.90922203708128491,0.90998516175811894,0.91205156808623566,0.88636986563055953,0.88175894018040135,0.89116903284327476
62.224889955982391,0.91546869277954102,0.91123581313330526,0.90992446772973001,0.91203580230674863,0.86399623728547292,0.88168414018008112,0.89110064148326018
62.264905962384951,0.91540080308914185,0.91723542099890609,0.91000935108647352,0.91202233498498542,0.86835031688577469,0.88147474017979044,0.89102590243269164
62.304921968787518,0.91533297300338745,0.92230737305920418,0.91009483140624603,0.91201294543976108,0.87580805457264965,0.88127214017949596,0.89095211606034197
62.344937975190078,0.91526508331298828,0.90203906254446786,0.909862493856466,0.91199024219981717,0.8919687307411831,0.8813171401791462,0.89088541096691443
62.384953981592638,0.91523867845535278,0.92193830895128515,0.91027907035736433,0.91198619330292185,0.89875791977131347,0.88236248623455782,0.89090860128697413
62.424969987995198,0.9152342677116394,0.91732745995609022,0.91017715229879426,0.91199093600019676,0.93067520032729156,0.88346388623396144,0.89096969376528123
62.464985994397757,0.91522908210754395,0.90614048802203806,0.91101335229826486,0.91201472535592321,0.88676598768052706,0.88462408623335076,0.89102370004438614
62.505002000800317,0.91522395610809326,0.90697023133144161,0.91003595229819789,0.91198977770119505,0.89109746394085021,0.88578388623274029,0.89101527017933613
62.545018007202884,0.9152187705039978,0.90888246177083198,0.9091216322960981,0.91197144248999062,0.8907248944524877,0.88694428623212951,0.89101475930353669
62.585034013605444,0.91521364450454712,0.91038626933771793,0.91000318193683793,0.91196532053558677,0.89296185386780513,0.88810448623151883,0.89102325100890678
62.625050020008004,0.91520845890045166,0.91308149698457375,0.91115528733811324,0.91197031076162827,0.89499823088819375,0.88926348623090878,0.89103974223324489
62.665066026410564,0.91520333290100098,0.91681494828924415,0.91231548733750256,0.91199260706859475,0.89532683954998349,0.89041968623030021,0.89106264710045979
62.705082032813124,0.91519814729690552,0.92274673797586715,0.91347568733689188,0.91204339416625202,0.89631503858941863,0.89157388622969269,0.89108966368155018
62.745098039215684,0.91519302129745483,0.93341883671719816,0.91452285073922135,0.91213690574229678,0.90735691848488087,0.89273288622908265,0.8911484753761757
62.785114045618251,0.91518789529800415,0.91857561720900827,0.91568305073861067,0.91220204854142917,0.90007799042187908,0.89389308622847197,0.89121352387573372
62.82513005202081,0.91518270969390869,0.91336360849873199,0.91548954048305831,0.91222238965525071,0.89558218016748536,0.89501810580250507,0.89124831978637553
62.86514605842337,0.91517758369445801,0.90992183591561149,0.91432934048298364,0.91221933897083152,0.89522242517107931,0.89534792492450588,0.8912707234776025
62.90516206482593,0.91517239809036255,0.90766918243853101,0.91317094048290925,0.91220218055487723,0.89207824718632911,0.89503506198692251,0.89128929905792553
62.94517807122849,0.91516727209091187,0.90614400003487794,0.91205288948368346,0.91217540616586368,0.89080617155424835,0.89435854171983886,0.89129561417380587
62.98519407763105,0.91516208648681641,0.90503935089283238,0.91116628948357326,0.91214721814330557,0.88810041530819206,0.89319954171976423,0.89128176051167596
63.025210084033617,0.91515696048736572,0.91586585709522872,0.91227528948297465,0.912173148073403,0.88961228805364234,0.89218014171968396,0.89127495962153758
63.065226090436177,0.91515177488327026,0.90637318914865539,0.91287028948249704,0.9121772844058057,0.89708723038249594,0.89261113974588779,0.89130667871150293
63.105242096838737,0.91514664888381958,0.90722945421019496,0.9117368894824186,0.91214922147723765,0.89197869756826031,0.89229619042492536,0.8913074369762769
63.145258103241297,0.91514146327972412,0.91049950147583258,0.91091628948226977,0.91214403091980523,0.89569258650790617,0.89300354493753376,0.89131744011512681
63.185274109643856,0.91513633728027344,0.91411626918149391,0.91113964060652508,0.91215717976372002,0.89549147017581243,0.89414158696330048,0.89134532163540059
63.225290116046416,0.91513115167617798,0.90519981354844936,0.91214278106545699,0.91217849021555386,0.91065777736433895,0.89513220422172335,0.89137732698777905
63.265306122448976,0.91512602567672729,0.91453226104718777,0.91314158106488774,0.91220410533285801,0.89502902126470019,0.89525464513157393,0.89141503338969319
63.305322128851543,0.91512089967727661,0.91002477422298844,0.913196485840164,0.91220494460986834,0.89259165743350877,0.89459371361671847,0.89142466889924754
63.345338135254103,0.91511571407318115,0.90289908182662937,0.91204548584008915,0.91218997507800736,0.88299562005411036,0.89344247648735942,0.89142877942664744
63.385354141656663,0.91511058807373047,0.90817672884584488,0.91113488583995839,0.91216847191540762,0.89282237761507588,0.89322205395577536,0.8914255325933611
63.425370148059223,0.91510540246963501,0.91855345519694953,0.91121880559045998,0.91217396978218934,0.90658615052424318,0.89364542523654644,0.8914972542275803
63.465386154461783,0.91510027647018433,0.91181553745967392,0.91160532334814282,0.91217789772090829,0.89591571291646199,0.89340322415300633,0.8915074641669174
63.505402160864342,0.91509509086608887,0.91278993936691488,0.91202324371693266,0.91217624954632193,0.89378785466182908,0.89355935952806631,0.89151982772021099
63.545418167266909,0.91508996486663818,0.9126188801208327,0.91261418169568931,0.91217890017361802,0.89341777688023594,0.8936759672162109,0.89153293519424126
63.585434173669469,0.91508477926254272,0.91447485780283877,0.91343204291680835,0.91218743077994258,0.89355802437553666,0.89396366191388277,0.89154722330933744
63.625450180072029,0.91507965326309204,0.91595595839015631,0.91439746772164132,0.91220517805915058,0.89382825590730275,0.89416048095693101,0.89156266448118204
63.665466186474589,0.91507446765899658,0.90821693533766734,0.91363763436487955,0.91220484599459339,0.89275516085865636,0.89367617383906839,0.89157507266919622
63.705482192877149,0.9150693416595459,0.9161799400366194,0.91290183436470729,0.91217584659531969,0.89032218717748712,0.89251688992144607,0.89155311078885402
63.745498199279709,0.91506415605545044,0.91731425963196778,0.91406203436409661,0.91220200286195086,0.89816435962305452,0.89364268992084472,0.89157958077825972
63.785514205682276,0.91505903005599976,0.91692491062230086,0.91522063436348633,0.91222974206884588,0.89226393866699383,0.89388610451443951,0.89159654858812531
63.825530212084836,0.91505390405654907,0.91732745995609022,0.91636633082777985,0.91225700232351981,0.89074304831609263,0.89281159669251398,0.8915876671196048
63.865546218487395,0.91504871845245361,0.91628875188271142,0.91617562430635457,0.91228073980147528,0.89375202154543243,0.89202820587038401,0.89158222985498858
63.905562224889955,0.91504359245300293,0.90563942067289449,0.91521001917339462,0.91226128394297235,0.89001102046308245,0.89154326058269773,0.89157667933823603
63.945578231292515,0.91503840684890747,0.90662423751476418,0.91404961917331995,0.91222526362638978,0.8903743943669391,0.89108990510102593,0.8915696975777635
63.985594237695075,0.91503328084945679,0.91010343120021353,0.91288941917324562,0.91220272914079215,0.89458164124690698,0.89143355098149279,0.89157464199167535
64.025610244097635,0.91502809524536133,0.91501467839711259,0.91311769801698717,0.91220707053588868,0.89425445641755685,0.89253434921796249,0.89158568989240949
64.065626250500202,0.91502296924591064,0.91733448398176998,0.91274600742257883,0.91218945037189914,0.86917002908652363,0.89205803694845187,0.89154543005637765
64.105642256902755,0.91501778364181519,0.90326953862929538,0.91247307337904116,0.91217560873770975,0.89340098752271901,0.89135182198069074,0.89146460671834438
64.145658263305322,0.9150126576423645,0.90114186436775967,0.91194139347096148,0.91214781377495724,0.88676723353391174,0.89066402198051542,0.89139284034376831
64.185674269707889,0.91500747203826904,0.90189749209585179,0.91143426544499295,0.91211979327757176,0.8960481886596966,0.88998966844038496,0.89132876413403073
64.225690276110441,0.91500234603881836,0.90797854232817143,0.91102456632862283,0.91209603376979165,0.86259399963787187,0.88934910580674309,0.89126058965542498
64.265706282513008,0.91499722003936768,0.91400436918618067,0.91070134554797821,0.91207504454958077,0.86717197688930103,0.88879928400131747,0.89118042190632241
64.305722288915561,0.91499203443527222,0.91885040193775913,0.91061929793685081,0.91205843923419105,0.8708484902274074,0.88816531018049605,0.89110371021372581
64.345738295318128,0.91498690843582153,0.90222574419249324,0.91038553487283325,0.91203994205958594,0.90612298969691107,0.88759361498217038,0.89102258354336439
64.385754301720695,0.91498172283172607,0.90063649783048438,0.91003033881548645,0.91201147556427553,0.89079175525079735,0.88745903482884891,0.89095880181116616
64.425770308123248,0.91497659683227539,0.9014110783175231,0.90963069497685989,0.91198079661670239,0.88680668555775899,0.88726262293710345,0.89089721450759951
64.465786314525815,0.91497141122817993,0.90836770968200187,0.90943299183435766,0.91195869717475808,0.86424196703400746,0.88708403225503463,0.89083337453987677
64.505802320928368,0.91496628522872925,0.91315010233884319,0.90940751691481392,0.91193838109692127,0.87108846531983186,0.88682087761861628,0.89076350343458921
64.545818327330934,0.91496109962463379,0.91950599785185927,0.90943337885540299,0.91192293152300208,0.8795457333793073,0.88678450876275716,0.89071241044260985
64.585834333733487,0.91495597362518311,0.90004684298505111,0.90920844459363903,0.91189795836276888,0.88655508250041104,0.88693797809506625,0.89066524836306382
64.625850340136054,0.91495078802108765,0.90050497900482396,0.90889340850848543,0.91186629575870837,0.89331093012091423,0.88712007774170076,0.89062400583760692
64.665866346538621,0.91494566202163696,0.91273289943423896,0.90863986698473598,0.91183693665626253,0.89030735558957452,0.88737698798003395,0.89058884056634624
64.705882352941174,0.9149404764175415,0.90818030141063033,0.9084748550484818,0.9118137823706538,0.86532538486784105,0.88728473140882635,0.89053334099456616
64.745898359343741,0.91493535041809082,0.91650504343209405,0.90849751992982597,0.91179310117600043,0.86957872832304095,0.88699522756633464,0.89047619496846897
64.785914365746294,0.91493022441864014,0.92144959419902683,0.90853884400832396,0.91177777093987877,0.87748865146219279,0.8865492420236647,0.89040231970018024
64.825930372148861,0.91492503881454468,0.9000165064603477,0.90825255407408811,0.91174814729481846,0.88780888561618365,0.88646949517035201,0.89033906996259737
64.865946378551428,0.91491991281509399,0.89948685859292055,0.90798651007594411,0.9117165005369694,0.89440520467709972,0.88675914076479989,0.89029571345186631
64.90596238495398,0.91491472721099854,0.9153784744857717,0.90784340108209438,0.91168934990082195,0.88412181218748354,0.88687970806370631,0.89024726733004111
64.945978391356547,0.91490960121154785,0.91058772566044921,0.90777472653106517,0.91166516295887767,0.86540304306215099,0.88683912124295949,0.89019624186252055
64.9859943977591,0.91490441560745239,0.91663117313460352,0.90787173352498063,0.91164556401193897,0.87495772997444932,0.88678352615492984,0.89014733868172935
65.026010404161667,0.91489928960800171,0.90266135488853416,0.90789699896674292,0.91162798174184101,0.88949713560508958,0.88657578106011914,0.89009390617860296
65.06602641056422,0.91489410400390625,0.89919723863751833,0.90765882998360015,0.91159669464651871,0.88694224627127938,0.88662595385235476,0.89005459644969431
65.106042416966787,0.91488897800445557,0.903568120272634,0.90742673291152676,0.91156807023745345,0.88778574833904011,0.8868070635193146,0.8900157341831314
65.146058423369354,0.9148821234703064,0.91747399566423848,0.90828677765289112,0.91157815815816101,0.90010925540919873,0.88776404940314113,0.89005847629485402
65.186074429771907,0.91478824615478516,0.90326184853221481,0.90836487839724722,0.91156547305284241,0.88814858830573196,0.88748923607934371,0.89000651373578488
65.226090436174474,0.91469436883926392,0.89709402736197097,0.90827531546768503,0.91154380149774406,0.88702109099262239,0.88703953135304581,0.88996224805213098
65.266106442577026,0.9146004319190979,0.8983618034452362,0.90822431546736815,0.91152190211968021,0.88643832824036373,0.88660698813737937,0.88990558635832528
65.306122448979593,0.91450649499893188,0.90965171368666531,0.90833361743814711,0.91150728336532127,0.86381428336496213,0.88629679051410593,0.88983789949647207
65.346138455382146,0.91441261768341064,0.91587433436760102,0.90856661026125973,0.91149552031252645,0.8672556270451276,0.88602332111548732,0.88976503463180301
65.386154461784713,0.9143187403678894,0.92104432002768921,0.90879693560324193,0.91148929754549501,0.8726712923818557,0.88572318722921062,0.88969200136173532
65.42617046818728,0.91422480344772339,0.9023769424004463,0.90881847496156831,0.91147594666185416,0.88763244904637628,0.88555236657506176,0.88962156192569641
65.466186474589833,0.91413092613220215,0.90079901925224892,0.90871297774382842,0.91145460417153323,0.8845721585228592,0.88555705154141529,0.88955989969107918
65.5062024809924,0.91403698921203613,0.91413794677798865,0.90859520532693061,0.91143199312925771,0.89063649818852908,0.88545673875411657,0.88949460970329319
65.546218487394952,0.91394311189651489,0.91322688220575721,0.90873629439115666,0.91142092299876831,0.86684129180520353,0.88520639287464431,0.88942162493344312
65.586234493797519,0.91384917497634888,0.91676462962252048,0.9089122270242187,0.91141050587963846,0.86688448138920482,0.8849340144899015,0.88934400908937572
65.626250500200086,0.91375529766082764,0.9218410019748412,0.90916993680381841,0.91140616460417956,0.9005488636749257,0.88496941448955813,0.88929002232923748
65.666266506602639,0.91366136074066162,0.90119315186561155,0.90910153833085083,0.9113885978481181,0.8865521755091802,0.88498419366303738,0.88923744496045076
65.706282513005206,0.91356748342514038,0.89988099120628318,0.90895957344073031,0.91136651204645203,0.88604920669989096,0.8853097730861812,0.88918803282933379
65.746298519407759,0.91347354650497437,0.91450289335361268,0.90890171523988683,0.91134595507213789,0.88595013169263537,0.8853884200114146,0.88913001890707921
65.786314525810326,0.91337966918945313,0.91084264935107084,0.90893212878762264,0.91133127215392618,0.86334839352545412,0.8851602118307208,0.88906060652429464
65.826330532212879,0.91328573226928711,0.91629335383057064,0.90906756222836815,0.91131812362631881,0.8679899686258522,0.8848999611648567,0.88898373842000689
65.866346538615446,0.91319185495376587,0.90985389663274263,0.90915499918790199,0.91130931623457423,0.87141060740929177,0.88459828666398832,0.88890905507513418
65.906362545018013,0.91309797763824463,0.90156239762936718,0.90893802571934768,0.91128873350619999,0.89384688438172089,0.88446433461717078,0.88884083363456379
65.946378551420565,0.91300404071807861,0.90068179068573029,0.90871769485826248,0.91126414774008491,0.88540284609866349,0.88443389319108534,0.88878058819743377
65.986394557823132,0.9129101037979126,0.90705003879563151,0.90863126400356664,0.91124578086275176,0.86111819731422479,0.88434520944291628,0.88871582017318485
66.026410564225685,0.91281622648239136,0.91431051982270883,0.90858001462777649,0.91122795777372889,0.86331339097798065,0.88412017292753786,0.88864701886868069
66.066426570628252,0.91272234916687012,0.91902539706029995,0.90863925500025067,0.9112135571368466,0.89971366729639601,0.8842897116201085,0.88859607251447748
66.106442577030819,0.9126284122467041,0.90177148349723335,0.90857678283517673,0.91119721556557365,0.89039082776634615,0.88483163393217801,0.88857836288679581
66.146458583433372,0.91253453493118286,0.89888660715702207,0.90827883033685275,0.91116853464052905,0.88707021321178858,0.8852300439210834,0.88854493183604766
66.186474589835939,0.91244059801101685,0.89985119964908944,0.90798122345162324,0.91113900214786092,0.88745352076979966,0.88564964595201101,0.88851402282329606
66.226490596238492,0.91234672069549561,0.91188650433981855,0.9080092515302971,0.91112334986825949,0.90375248666402941,0.88605246059932008,0.88849253213506074
66.266506602641059,0.91232758760452271,0.90369340224790629,0.90873572854588147,0.91113672439969329,0.88846651822422462,0.8872126605987094,0.8885533867289146
66.306522609043611,0.91225355863571167,0.8993247004828292,0.90861392854557088,0.91111486150017262,0.88676747083931828,0.8871628406502613,0.88853676697737705
66.346538615446178,0.91217958927154541,0.89812922342250989,0.90849682261648579,0.91109129746652118,0.89195858593505084,0.88716143745249065,0.8885130516346853
66.386554621848745,0.91210556030273438,0.9089071669646025,0.90865485418730385,0.91107921662993152,0.86440730957605627,0.88724293963620782,0.88849212076632667
66.426570628251298,0.91203153133392334,0.92063613936296695,0.90889170708740308,0.91106921974643529,0.8875694444609239,0.88717487815269858,0.88846183942849677
66.466586634653865,0.91195756196975708,0.92040240885327573,0.90910119307802884,0.91106445357873933,0.89984982127343294,0.88734137136613245,0.8884532462815542
66.506602641056418,0.91188353300094604,0.90112363823215935,0.90909221410270058,0.91105118530205265,0.88497172150122239,0.8872851471496358,0.88843957271289187
66.546618647458985,0.91180950403213501,0.89852535425007451,0.90894925867180143,0.9110299557921957,0.8869220159853668,0.88711972767866576,0.8884195886373154
66.586634653861552,0.91173553466796875,0.91421424222933856,0.90885336487251589,0.91100965400637535,0.88973028816707433,0.88705095064782391,0.88840392220364106
66.626650660264104,0.91166150569915771,0.91017312648950222,0.90897218766975074,0.91099833044217171,0.86499291999319405,0.88695474371117589,0.88837606818859538
66.666666666666671,0.91158747673034668,0.91910211637526851,0.90916144476304783,0.91099002866093182,0.89829434365951988,0.88693646462785969,0.8883469373376659
66.706682673069224,0.91151350736618042,0.92126388138212967,0.90936173351201721,0.91098682539110087,0.90095008779113517,0.88716279375731533,0.88833930402427763
66.746698679471791,0.91143947839736938,0.90016952122666616,0.90922261648394664,0.91096892568453325,0.8860719286925729,0.88720936422402807,0.88832738311656889
66.786714685874344,0.91136544942855835,0.89845771772693328,0.90907823257128162,0.91094700656554461,0.88769853860211445,0.88727636459714132,0.8883149029509787
66.826730692276911,0.91129148006439209,0.91479590421796375,0.90903489269688809,0.91092926431409893,0.88817718360722719,0.88742763529392121,0.88830509212977227
66.866746698679478,0.91121745109558105,0.91295912150268621,0.90905914771599794,0.91091595294658867,0.86758417638056573,0.88724743029863473,0.8882774264290082
66.906762705082031,0.91114342212677002,0.91844319010416509,0.90917954479261742,0.91090595133261953,0.89933908071207758,0.88729172955086733,0.88825998195336775
66.946778711484598,0.91106945276260376,0.90433658501317549,0.90921798535499487,0.91089648399199152,0.89277628103984374,0.88743364291114712,0.8882552722088306
66.98679471788715,0.91099542379379272,0.89920947013051244,0.90894039385016678,0.91087161280528306,0.88683213656261695,0.88732117067172178,0.88824181300542338
67.026810724289717,0.91092139482498169,0.89739842199207909,0.90866180672050023,0.91084313379640103,0.89230060235231357,0.88744547787815908,0.8882315406635084
67.06682673069227,0.91084742546081543,0.90618148168915225,0.9085118785085784,0.91082097107331195,0.86340629604466468,0.88754497793853115,0.88822031286877579
67.106842737094837,0.91077339649200439,0.91157647837877742,0.90835901627963267,0.91080042042145104,0.87325102949018019,0.88736292010927775,0.88819265177837969
67.146858743497404,0.91069936752319336,0.91597684881135932,0.9083911427428335,0.91078464791024993,0.89867759189117924,0.88745699546122414,0.8881836459291681
67.186874749899957,0.9106253981590271,0.90126799407026914,0.90828336515971375,0.91076708762221459,0.88694450067264208,0.88755633279541446,0.88817830638322937
67.226890756302524,0.91055136919021606,0.89869816950257675,0.90795962460155122,0.91073807296612652,0.8872319961727384,0.88728927106553435,0.88816339695741586
67.266906762705077,0.91047734022140503,0.89763614893017429,0.90765456235425312,0.91070687234548853,0.89202829439823972,0.88741403556432319,0.88815249266514518
67.306922769107643,0.91040337085723877,0.90630107178154606,0.90750269651512816,0.91068342288678539,0.8633154080739367,0.88754563286154076,0.88813684749870048
67.34693877551021,0.91033834218978882,0.91336500119347885,0.90776605750912043,0.91067181809720643,0.908800506599582,0.88776892181565903,0.88814737980720515
67.386954781912763,0.91031396389007568,0.90193763803572879,0.90812518849029367,0.91067833196737569,0.88664080907854548,0.88851892447053904,0.88819053617042043
67.42697078831533,0.91024863719940186,0.8996594921895863,0.90800764451271543,0.91065501671818772,0.89126761191738257,0.88798243199106541,0.88815991237299463
67.466986794717883,0.9101833701133728,0.90957457050807811,0.90818498655844326,0.91064432778144822,0.86366780660273812,0.88764991857518372,0.88812325532080749
67.50700280112045,0.91011810302734375,0.91609389572204147,0.90842477205518501,0.91063536416890056,0.87959455896671523,0.88734022805857871,0.88808786924095318
67.547018807523003,0.91005277633666992,0.92090710931915032,0.90865638667693449,0.91063166884910762,0.90000145942825049,0.88736141623730069,0.88807637838017606
67.58703481392557,0.90998750925064087,0.90158425688169841,0.9086465866765997,0.91061881910872666,0.88398945509695226,0.88733564992686431,0.88806389872842051
67.627050820328137,0.90992218255996704,0.8985185724321767,0.90853896879262031,0.91059919566842218,0.88689300539940985,0.88717160433197029,0.8880489409961384
67.667066826730689,0.90985691547393799,0.91414503135561398,0.90842773166530311,0.91058124626963921,0.8875838607643749,0.88710309056175474,0.88803426416922004
67.707082833133256,0.90979158878326416,0.91481945892476946,0.90853771292703978,0.91057140266997028,0.86658345948093229,0.88677439707000205,0.88799553658241248
67.747098839535809,0.90972632169723511,0.91658351875348254,0.9087386687982999,0.91056444512347068,0.87527091378481003,0.88616458810331,0.88793207366543525
67.787114845938376,0.90966105461120605,0.92209005212674788,0.90892295093827546,0.91056142657348693,0.89563165834476155,0.88609301697839182,0.88788982031679275
67.827130852340943,0.90959572792053223,0.90188762212873275,0.90876440883590381,0.91054505226143534,0.88604416396000074,0.88615018372544996,0.8878643816490932
67.867146858743496,0.90953046083450317,0.89798153722739671,0.90857421038977237,0.91052420802611267,0.88592966410131613,0.88617255331731204,0.88783088225249562
67.907162865146063,0.90946513414382935,0.91430391966064761,0.90849655830032217,0.91050585146118979,0.88387216689974013,0.88636699792543783,0.88781173361663923
67.947178871548616,0.90939986705780029,0.9104935068332265,0.90839184482112356,0.91048988144435428,0.86519557881043063,0.88618063086461829,0.88777286942819478
67.987194877951183,0.90933459997177124,0.91623001649556102,0.90842633394330941,0.91047631815003272,0.89733367204725034,0.88616790944482027,0.88774087239496213
68.027210884353735,0.90926927328109741,0.90334262482753291,0.90838363766786301,0.91046369323310838,0.89225130215409232,0.88631173206875835,0.88772832435876903
68.067226890756302,0.90920400619506836,0.89934341103399351,0.90805961748608144,0.91043775522509929,0.886953162319983,0.88627845428258156,0.8877055680990168
68.107242897158869,0.90913867950439453,0.89929309236726984,0.90773436905040805,0.91040998412067309,0.88713446365062565,0.88622684707534072,0.88768051061587938
68.147258903561422,0.90907341241836548,0.90524092831945469,0.90753029958228815,0.9103864689584924,0.86241673249914153,0.88631773014611781,0.88765322759006804
68.187274909963989,0.90900808572769165,0.91083925844212199,0.90738064091797832,0.91036519486908518,0.8663347634148153,0.88610493650607813,0.88760955067323766
68.227290916366542,0.9089428186416626,0.91643916291537275,0.90740354893485098,0.91034972099580669,0.88365651561149205,0.88565452673845402,0.88755865947929868
68.267306922769109,0.90887755155563354,0.90169088885775173,0.90728934335056333,0.91033206143727929,0.88496828057282673,0.88565346576783666,0.88752298101392357
68.307322929171676,0.90881222486495972,0.90048324085638376,0.90697610640320159,0.91030507048186737,0.88550097188429266,0.8854100263772422,0.88747732884991959
68.347338935574228,0.90874695777893066,0.89923072386338854,0.90671109381848469,0.91027810253999564,0.88900834579384469,0.88527789319020256,0.88741575029073327
68.387354941976795,0.90868163108825684,0.90569319080051247,0.90663005765296878,0.91025839697137423,0.86150340331548869,0.88514215506273675,0.88734735401917986
68.427370948379348,0.90861636400222778,0.91145876539669457,0.90658547778883691,0.91023789081529782,0.86403824034244114,0.88476442034206504,0.88727132418063037
68.467386954781915,0.90856921672821045,0.90546539438148188,0.90688462859872465,0.91023284389536385,0.89206958553898819,0.88519982034162759,0.88726228351892644
68.507402961184468,0.90853375196456909,0.89863368168060231,0.90698843124250461,0.91022895276629534,0.88791211346805476,0.88617743333938215,0.88729667934050926
68.547418967587035,0.90846699476242065,0.90884116534399018,0.90728200103934098,0.91021923765454293,0.86249249225019864,0.88563996994707272,0.88722358022164527
68.587434973989602,0.90840029716491699,0.91450634481450699,0.90760009171385803,0.91021204728611294,0.86674957326555258,0.88530815969341636,0.88714826414907921
68.627450980392155,0.90833353996276855,0.9206174893637481,0.90789071689978051,0.91020921184858172,0.86473846927096687,0.8850016119961609,0.88707410866313219
68.667466986794722,0.90826678276062012,0.90306123993672083,0.90789410259715109,0.9101977050893465,0.88566583981552827,0.88476485647688485,0.88700629707334755
68.707482993197274,0.90820008516311646,0.90029577203306677,0.90776097806757916,0.91018111137244928,0.88563332897482394,0.88463652248771041,0.88695011206544683
68.747498999599841,0.90813332796096802,0.91302203497407719,0.90771045864424171,0.91016456119332378,0.88691578671844351,0.88475620326633675,0.88690661674384041
68.787515006002394,0.90806657075881958,0.91032747339862208,0.90787741246677522,0.91015485507853633,0.86239306128483317,0.88450196885213161,0.8868375125523682
68.827531012404961,0.90799981355667114,0.91462974967946831,0.90802965662402291,0.91014795013207217,0.86793871065802652,0.88421748798208222,0.88676306814816885
68.867547018807528,0.90793305635452271,0.90620576301930411,0.90809759283021652,0.91014264481731011,0.89252847486900144,0.88454272738821282,0.88673213672596396
68.907563025210081,0.90786635875701904,0.90043498095580765,0.90780710934692599,0.91011976527933536,0.88673252761819643,0.88447111457355043,0.88668654254130685
68.947579031612648,0.90779960155487061,0.89997781376716302,0.90749617836835839,0.91009368480530306,0.8860210266828572,0.88447329812061026,0.88663451109211444
68.987595038015201,0.90773284435272217,0.90434100530519823,0.90729718548617078,0.91007098449974788,0.86135081593904472,0.88443927394240274,0.88658153224255842
69.027611044417768,0.90766608715057373,0.90885515284340435,0.90703876390346916,0.91004983368297654,0.86385610844287541,0.8840964050801372,0.88651534399605714
69.067627050820334,0.90759938955307007,0.9142473641435358,0.90702794575977164,0.91003113876580033,0.8694429303041139,0.88376397436664667,0.88645002757290503
69.107643057222887,0.90753263235092163,0.90314213733592996,0.90693980950956077,0.91001491984426985,0.88976944355916343,0.88352704568528595,0.88637936525622296
69.147659063625454,0.90746587514877319,0.90127750072571511,0.90669251187417554,0.90999237382655529,0.88603289195318724,0.8835216681934952,0.88631951493785532
69.187675070028007,0.90739911794662476,0.89804759939995449,0.90647769679850643,0.90996855079891337,0.88953314670054118,0.88354466819315003,0.88625953588798034
69.227691076430574,0.90733242034912109,0.90421166634957639,0.90628289978159193,0.90994536526279446,0.8613227545747143,0.88353646819281795,0.88620309847130552
69.267707082833127,0.90726566314697266,0.90798138826961072,0.90609646965661628,0.90992110392762759,0.86475727572443994,0.88325004590631673,0.88613663412609989
69.307723089235694,0.90719890594482422,0.91799988931104359,0.90610950557875802,0.90990282108453679,0.86230780931751194,0.8830071579075347,0.88607032209022885
69.347739095638261,0.90713214874267578,0.90175301515385098,0.90611030012107163,0.90988671216486139,0.88354652455553284,0.88278243722150451,0.88600636059317228
69.387755102040813,0.90706545114517212,0.89904755422820315,0.90576607338056436,0.90985657257341745,0.88612188148066229,0.8835863129058894,0.88600084831231996
69.42777110844338,0.90699869394302368,0.90149082522976742,0.90553984112149566,0.90983075164009963,0.88989260506518897,0.8836335129055426,0.88594481989893092
69.467787114845933,0.90693193674087524,0.90532812312099753,0.9055540753454302,0.9098131127181458,0.86355639171433929,0.88349491290523496,0.88588232514335641
69.5078031212485,0.90686517953872681,0.91128928050119573,0.90563218272296164,0.90979009535180311,0.89808895583010728,0.8838764367460914,0.88587367943046746
69.547819127651067,0.90679842233657837,0.91772231919279901,0.90575138483164053,0.90977269172229813,0.90057686571290452,0.88448370193923909,0.88588687369733055
69.58783513405362,0.90676075220108032,0.91106566216640572,0.90607992829953776,0.90975904743653369,0.89288971302419873,0.88549711612438631,0.88593315676765338
69.627851140456187,0.90676629543304443,0.91446365569291832,0.90612720133951474,0.90976579682989978,0.88469543868158806,0.88635000936091535,0.88599428444536521
69.66786714685874,0.90677428245544434,0.90507786193018047,0.90700260133897515,0.90977975786007037,0.8923404103342707,0.88734764965898916,0.88604302817192693
69.707883153261307,0.90678226947784424,0.90558801207115147,0.90605961543974711,0.90975343186238689,0.89070674058888277,0.88818932749562185,0.88606563500916447
69.747899159663859,0.90679025650024414,0.9087004426226114,0.90662128880597193,0.90974019760691038,0.88858214528359059,0.88911917169401766,0.8860930524408992
69.787915166066426,0.90679830312728882,0.9100223521451678,0.90778168880536114,0.90974172248825347,0.88710978388833917,0.88845663710674716,0.88610604077862998
69.827931172468993,0.90680629014968872,0.92399101990427224,0.90894188880475046,0.90975896489171593,0.89269441067456667,0.88916150217489753,0.88613060186517234
69.867947178871546,0.90681427717208862,0.91640131794942536,0.91004568880415326,0.90979343768349852,0.89422342873564387,0.89031490217429043,0.88616961497757563
69.907963185274113,0.90682226419448853,0.92340887350008294,0.91120588880354259,0.90985628651908945,0.89641559675546556,0.89146910217368291,0.88622077560140655
69.947979191676666,0.90683025121688843,0.92989047485198995,0.91236328880293294,0.90995844994140196,0.89191765075241236,0.89256460744439758,0.88628827584030723
69.987995198079233,0.90683823823928833,0.9190035983599143,0.91352348880232226,0.9100411105311329,0.90131280910512368,0.89372080744378946,0.88638887226009622
70.0280112044818,0.90684622526168823,0.91397227665505731,0.91430066442892854,0.91007614132028603,0.89536492706774284,0.8947681090333357,0.88645696034421251
70.068027210884352,0.90685427188873291,0.90998880636735202,0.91315006442885416,0.91008537307022841,0.89209064639382396,0.89372016240987651,0.88649312550475512
70.108043217286919,0.90686225891113281,0.90827288533532402,0.9119924644287799,0.91007952093348521,0.88774404191383005,0.89323806049890153,0.88652277145625835
70.148059223689472,0.90687024593353271,0.90548210671844431,0.91087360832168673,0.91006300496156523,0.88198790264498228,0.89208346049882725,0.88651246656105887
70.188075230092039,0.90687823295593262,0.91537865614160829,0.91052300832144195,0.91005794404598117,0.8828497958817545,0.89103957434284042,0.8864953908617228
70.228091236494592,0.90688621997833252,0.91294125867875897,0.91168320832083127,0.91008089540969195,0.88236966771785053,0.89042988635484299,0.88649519450804593
70.268107242897159,0.90689420700073242,0.90503172134769738,0.9121372296011846,0.91008727510138376,0.89506485438109673,0.8908404863544237,0.88655972584646825
70.308123249299726,0.9069022536277771,0.90458030659387678,0.9109834296011099,0.91005775790244703,0.89202781978742651,0.89199386403860581,0.88660945814975878
70.348139255702279,0.906910240650177,0.90986134452204115,0.91015642960096299,0.91005741644927418,0.89474846694774701,0.89267526919555507,0.88664802902863815
70.388155262104846,0.9069182276725769,0.91677068481707202,0.9108109949788632,0.91007789082949531,0.8935662707384161,0.89326613917945041,0.88669019747979516
70.428171268507398,0.90692621469497681,0.90163076077585458,0.91192239497826488,0.91012165702585812,0.91482284320828366,0.89307922295291586,0.88673146928035118
70.468187274909965,0.90693420171737671,0.91360224371600995,0.91213697848686248,0.91009557966586785,0.89238377789732692,0.89283685620630115,0.8867787960972433
70.508203281312518,0.90694218873977661,0.90864085950822382,0.91221180769878374,0.91008870580574508,0.8878402099298548,0.89198278295377065,0.88679551219373798
70.548219287715085,0.90695023536682129,0.89885954043737648,0.91108470876194625,0.91008268050153895,0.87917618953487897,0.89086598680242668,0.88680853633803047
70.588235294117652,0.90695822238922119,0.91635384522414098,0.91058210876172252,0.91006358089012984,0.89527142873754229,0.89157426235404658,0.88684351343776913
70.628251300520205,0.90696620941162109,0.90021330028327418,0.91150502864987748,0.91008832601272693,0.89496993221845667,0.89245806235350367,0.88689720807360528
70.668267306922772,0.906974196434021,0.91090410957576951,0.91152595924674118,0.9100809227803176,0.88975057777933864,0.89158306235336793,0.88691453839300971
70.708283313325325,0.9069821834564209,0.91299272783244745,0.91218635256161318,0.91009338789845118,0.8911582734512915,0.89072342166828844,0.88693526551156487
70.748299319727892,0.9069901704788208,0.91328628366430831,0.91295721358382786,0.91010913413861705,0.89215062533534217,0.89105439242959328,0.88695876086183456
70.788315326130459,0.90699821710586548,0.91493608197183296,0.91353082514990713,0.91012972575904616,0.89235791160800748,0.89132408769793303,0.88698472175331111
70.828331332533011,0.90700620412826538,0.91528661718442417,0.91419079420653948,0.91015445053121102,0.89318189530607528,0.89196110608773638,0.88701494741612352
70.868347338935578,0.90701419115066528,0.90799604184042559,0.91348099678285199,0.91016513728644399,0.88796437998385847,0.89150172040597175,0.88703882264317946
70.908363345338131,0.90702217817306519,0.91283583774161592,0.91270039678269166,0.91014439080951581,0.89235013985594136,0.89085991555305699,0.88703734865515926
70.948379351740698,0.90703016519546509,0.91428514855753762,0.91383549383649765,0.91017082874814037,0.89341593776333483,0.89202011555244631,0.887081626778217
70.988395358143251,0.90703815221786499,0.91449750423046172,0.91375064513863047,0.91019149862617843,0.8953769109907761,0.89301981658394736,0.88712085266464669
71.028411364545818,0.90704613924026489,0.91424554758517029,0.91383307562177718,0.91021184901442675,0.89464529842222751,0.89373696085400767,0.88716045012803613
71.068427370948385,0.90705418586730957,0.91398275214163149,0.91398982959621633,0.91023316739615534,0.894119488967553,0.89380521715465888,0.88719914651593479
71.108443377350937,0.90706217288970947,0.90370932740957688,0.91355778533964616,0.91023098718506668,0.89301744265930127,0.89366090561936595,0.88723641397449404
71.148459383753504,0.90707015991210938,0.90472018158801837,0.91239738533957171,0.91019446849053087,0.89331152338443065,0.89333497632406156,0.88727098323929143
71.188475390156057,0.90707814693450928,0.90738301394402321,0.91123718533949716,0.91016921481438495,0.89273926139641413,0.89310942633669288,0.88730355308956932
71.228491396558624,0.90708613395690918,0.91136055014106787,0.91127671510558206,0.91016986620457929,0.89064729558452949,0.89256847317632471,0.88732980072849388
71.268507402961191,0.90709412097930908,0.90049292916766632,0.91099437615502854,0.91013751547243282,0.8993675573608696,0.89173039291311706,0.88732389546397838
71.308523409363744,0.90710216760635376,0.90036976651048706,0.90989928567305312,0.91007786430084492,0.90127311977586977,0.89171112833910937,0.88733433005100193
71.348539415766311,0.90711015462875366,0.89960917352286263,0.9088582856729559,0.91002110769172839,0.88664929274683135,0.89140333032801078,0.88733256160339713
71.388555422168864,0.90711814165115356,0.89638974768367619,0.90783288567285003,0.90996241031684355,0.89170864401554917,0.89135417735276201,0.88733760415767982
71.428571428571431,0.90712612867355347,0.91235329928780018,0.90695388567271418,0.90990718877564369,0.89478109644115456,0.89126539347892031,0.88735449969374969
71.468587434973983,0.90713411569595337,0.89881006949789,0.90596648567259974,0.9098494284898696,0.87718264614038177,0.8909952587374188,0.88734027673861793
71.50860344137655,0.90714210271835327,0.89908969838228214,0.90496608567249182,0.90979142961388471,0.89826752814857402,0.89098509291267924,0.88734705658067781
71.548619447779117,0.90715014934539795,0.90175004810852077,0.90397708567237933,0.90973352333966395,0.88994089671543208,0.8910635431731817,0.88735878373234267
71.58863545418167,0.90715813636779785,0.89893868183016568,0.90298844375508436,0.90967667300094091,0.89163341820165687,0.89084490440575403,0.88736040122387749
71.628651460584237,0.90716612339019775,0.8956006952816592,0.9020456850428582,0.90961727865329178,0.8907437602323125,0.8909309008322166,0.88736691586428151
71.66866746698679,0.90717411041259766,0.90005289817960266,0.9013493021550788,0.90956351806893621,0.89178612423080417,0.89096310032779269,0.88738134557661452
71.708683473389357,0.90718209743499756,0.89976878845124231,0.90054909323762644,0.90950663300099632,0.89460216816457794,0.89122403013719631,0.88740672852959657
71.748699479791924,0.90719008445739746,0.8987080394696958,0.90000637830435504,0.90945082710163483,0.89049660665133823,0.89135275009887771,0.88742915190006078
71.788715486194477,0.90719813108444214,0.90098006956934129,0.89971058504520673,0.90939534128900656,0.88168806726374283,0.89139704532375297,0.88745096963850467
71.828731492597043,0.90720611810684204,0.89780975135796826,0.89943152142621241,0.90933950768199268,0.89338579997669654,0.89126179732349686,0.88746007759793899
71.868747498999596,0.90721410512924194,0.89719878222771343,0.89916833157025233,0.90928149141131021,0.88955491947159671,0.89145445270169998,0.88748220758116658
71.908763505402163,0.90722209215164185,0.89851566593879195,0.8991723327125476,0.90923086487726301,0.89692663394857919,0.89140449026332758,0.88749776840580996
71.948779511804716,0.90723007917404175,0.89953850940244562,0.89898845382368675,0.9091751891396932,0.89457339488402765,0.89161452078042802,0.88752147475859444
71.988795518207283,0.90723806619644165,0.89724056307011935,0.89892538816808243,0.90911996544847662,0.894482625566003,0.89177701023540812,0.88754022086502138
72.02881152460985,0.90724605321884155,0.90021893161420707,0.89904008756776155,0.90906671259129013,0.88242288345528053,0.89163580582279856,0.88755524660040819
72.068827531012403,0.90725409984588623,0.89721313303880068,0.89901128657746665,0.9090121577431266,0.89271458163412765,0.8917097727504506,0.88757511456784266
72.10884353741497,0.90726208686828613,0.909324067109479,0.89886806169902278,0.90895714778869052,0.88780781774185391,0.89161504810984371,0.88759112088560743
72.148859543817522,0.90727007389068604,0.89796482489043428,0.89894559326689649,0.90890707157455053,0.89708883219399049,0.89170037390017476,0.88761118551674334
72.188875550220089,0.90727806091308594,0.89990212383526824,0.89886767343957041,0.90885344580980587,0.89483520207385936,0.89176462537011925,0.88763028388110887
72.228891556622642,0.90728604793548584,0.894762898563502,0.89879916786268588,0.90879999152841529,0.90065790550925851,0.89183983348850226,0.88764908106630214
72.268907563025209,0.90729403495788574,0.89958356004990936,0.89909681450722401,0.90874907104529612,0.8831021108553222,0.89170780973492569,0.8876636338881938
72.308923569427776,0.90730208158493042,0.89771274714125182,0.89904906268302964,0.90869658532938868,0.88775477998347874,0.89145756968995471,0.88767907665502643
72.348939575830329,0.90730291604995728,0.8998990356860469,0.89940245533548557,0.90866899425005532,0.89783818334168253,0.89228039624894206,0.88773771679529023
72.388955582232896,0.90722173452377319,0.89316444830577479,0.89871810817072728,0.90860117911920391,0.88923746416391725,0.8921502491715958,0.88775800977212738
72.428971588635449,0.90714061260223389,0.8925204178132683,0.89794070817060412,0.90852852471473544,0.88838322402650793,0.89201201151834109,0.88776921551071175
72.468987595038016,0.9070594310760498,0.89542049269180413,0.89722311371599239,0.90845910336546121,0.89060517387485794,0.89204733925246182,0.8877889119968011
72.509003601440583,0.9069783091545105,0.89515285309262405,0.89675822097265911,0.90839977255158566,0.87480087110068649,0.89185528394842584,0.88780323380664983
72.549019607843135,0.90689712762832642,0.89434733056142679,0.8962505252288604,0.90833079140831574,0.89211882641085771,0.8915934238894091,0.88781666893429112
72.589035614245702,0.90681600570678711,0.89863168346640032,0.8958574557737482,0.90826322769697643,0.89273012513826,0.89161973628396818,0.88783278804483323
72.629051620648255,0.90673482418060303,0.8937769312346675,0.89553551793055597,0.90819575033365596,0.8841396694193302,0.89172807775816809,0.88785258783522825
72.669067627050822,0.90665370225906372,0.89419546628207303,0.89535053364812167,0.90813006414872766,0.89301245924576267,0.8916427358726684,0.88786518123462199
72.709083633453375,0.90657252073287964,0.89620040175004811,0.8956640672163686,0.9080681437060254,0.88796971935550695,0.89166926212633191,0.88788350259417193
72.749099639855942,0.90649139881134033,0.89795586320249798,0.89626758772753656,0.90801656165811828,0.89777784844205433,0.89157976319228149,0.88789739434623616
72.789115646258509,0.90641021728515625,0.89736336241562542,0.8966353230826748,0.90795855895494737,0.89370064492490342,0.89173263365246092,0.88791873760404105
72.829131652661061,0.90632909536361694,0.89275735757607178,0.89709242382478649,0.90790284525591969,0.89301239991941106,0.89197412959582589,0.88793885798710448
72.869147659063628,0.90624791383743286,0.89847473282362322,0.89745320518115546,0.90784934456095512,0.88123261886212523,0.89189687389516459,0.88795506692601989
72.909163665466181,0.90616673231124878,0.89667700611320333,0.89778372720539956,0.90779682212204815,0.89229294925295066,0.89187943281947757,0.88796832620478905
72.949179671868748,0.90608561038970947,0.9074500449477092,0.89795146873661502,0.90774533715429562,0.88760450633474908,0.89174228351082219,0.88798535588741678
72.989195678271315,0.90600442886352539,0.89775252976945574,0.8981891685654203,0.90770058728161285,0.89756973160046594,0.89174368221494804,0.88800082000881764
73.029211684673868,0.90592330694198608,0.89821720539934435,0.89826320724263209,0.90765176203365661,0.89405500122330928,0.8918904275803905,0.88802084363359157
73.069227691076435,0.905842125415802,0.8969634168154933,0.89825632374238695,0.90760345333660319,0.89925637977787731,0.89203458033652794,0.88803940220073851
73.109243697478988,0.9057610034942627,0.89999089298739443,0.89842647923582741,0.90755890601599454,0.88343380448739772,0.89192128228918632,0.88805369464512862
73.149259703881555,0.90567982196807861,0.8975314546163774,0.89860486433522013,0.90751378876937294,0.89081352802185299,0.89184803039876681,0.88806970907660421
73.189275710284107,0.90559870004653931,0.91096320827459298,0.89869281807991785,0.90747113787990297,0.88522077352544937,0.89168126783546975,0.88808421409739802
73.229291716686674,0.90551751852035522,0.89807448446376348,0.89867790754462173,0.90742877589829751,0.89925839687383347,0.89163274264160353,0.88810199926744393
73.269307723089241,0.90543639659881592,0.8989769506597316,0.8986301112984777,0.90738346017309346,0.89436076923971375,0.89156349909818222,0.88811677519789978
73.309323729491794,0.90535521507263184,0.90337623115729426,0.89850255433076198,0.9073383215917511,0.89151879969026893,0.89179187999733545,0.88813655638019862
73.349339735894361,0.90527409315109253,0.89975455874404608,0.89866009349686338,0.9072957360147953,0.88511167236476496,0.89168978229798634,0.88814723881118485
73.389355742296914,0.90519291162490845,0.89619434655549657,0.89853348237608455,0.90725056154866923,0.89063887124259511,0.8916828701009667,0.88816336075886593
73.429371748699481,0.90511178970336914,0.91175456165053947,0.89869367993023674,0.90721593670603173,0.89991502093389641,0.89140463819282956,0.88817413404348411
73.469387755102048,0.90509122610092163,0.8958226787139203,0.89868088057107831,0.9071855375678981,0.88803592756394845,0.89244603819225077,0.88823574511499204
73.509403761504601,0.9050104022026062,0.8942500841369283,0.89791018269248324,0.90711718111234219,0.89206264435584515,0.89212691350859097,0.88824506270045267
73.549419767907168,0.90492957830429077,0.89457179662345399,0.89713427806105051,0.90705365734887866,0.8894570903177258,0.89203011861376902,0.88825991237747837
73.58943577430972,0.90484875440597534,0.89570660063436647,0.89665930045847686,0.90700069434642205,0.89591915384485776,0.89178946077157684,0.88827225365418305
73.629451780712287,0.90476787090301514,0.89411705151262999,0.89599554495197908,0.90693732083058831,0.89242833198741611,0.89193165447345102,0.88829153493669533
73.66946778711484,0.90468704700469971,0.89429773851804928,0.89554977750985909,0.90687627318574526,0.89267993504476406,0.89203553531908208,0.88830765465680506
73.709483793517407,0.90460622310638428,0.89453764532618307,0.89527904106126999,0.90681570929340383,0.88270325979317876,0.89207160582847012,0.88832546421524228
73.749499799919974,0.90452539920806885,0.89502290861754707,0.89543646233882213,0.90675924068770164,0.8924773948802307,0.89199388190701745,0.88833610106449012
73.789515806322527,0.90444457530975342,0.89683619717796448,0.89587517982050091,0.90670621481178781,0.8864724408925625,0.89188109585005171,0.88835050046444053
73.829531812725094,0.90436369180679321,0.89847703379755284,0.89648197383012862,0.90666251083978711,0.89705276177218729,0.89179833741334358,0.88836206035571408
73.869547819127646,0.90428286790847778,0.89707882882364653,0.89691679922254242,0.90661391194286733,0.89342287894647787,0.89187316544700668,0.88837922765667454
73.909563825530213,0.90420204401016235,0.89395210801304492,0.89741764529816126,0.90656845174483591,0.89347627266296292,0.89208008821779683,0.88839700834659763
73.949579831932766,0.90412122011184692,0.89965700955982009,0.89784177595873738,0.90652645747215688,0.88096268396211752,0.89207207532731969,0.88841026292894565
73.989595838335333,0.90404033660888672,0.89752037361034798,0.89816091336942705,0.90648519760273716,0.89267584152650026,0.89205481220337601,0.88842165293872377
74.0296118447379,0.90395951271057129,0.90962307261643627,0.89824825329726443,0.90644464462744534,0.8854745123314568,0.89191438447026483,0.88843342652338864
74.069627851140453,0.90387868881225586,0.89735960819500349,0.89846004772547139,0.90640901967866827,0.89737116630149316,0.89192458558236742,0.88844749833814796
74.10964385754302,0.90379786491394043,0.89888830261149644,0.89848918540167599,0.90636939998540655,0.89507482120817394,0.89201297182075123,0.8884636821140518
74.149659863945573,0.903717041015625,0.90141065445390445,0.89852291885544811,0.90632993957428787,0.89999267912820635,0.89216612312386845,0.88848010125213228
74.18967587034814,0.90363621711730957,0.90008141814594067,0.89871742025636947,0.90629356648289905,0.88233193615820105,0.89206103080985732,0.88849030557485831
74.229691876750707,0.90355533361434937,0.89678963273186285,0.89872271761502531,0.90625513400802171,0.89107480127451988,0.89203708010794469,0.88850207304323237
74.269707883153259,0.90347450971603394,0.91101467742828146,0.89864402331537785,0.90621963061095967,0.88313124009398236,0.89190491900801294,0.88851312002940797
74.309723889555826,0.90339368581771851,0.89710086973181424,0.89848725019101583,0.90618274163268586,0.89129264763777893,0.89186618229181891,0.88852880183668892
74.349739895958379,0.90331286191940308,0.89764287019612654,0.89839795269007938,0.90614395111235024,0.89327990243900124,0.89198191866981724,0.88854370160550211
74.389755902360946,0.90323197841644287,0.90315352110168701,0.89825214889981053,0.90610568920059609,0.89116954545810501,0.89206215837661362,0.8885601313899113
74.429771908763499,0.90315115451812744,0.89986427886932085,0.8983568737824652,0.90607010440873403,0.89126962901333862,0.89188547336107515,0.88856882685227911
74.469787915166066,0.90307033061981201,0.89606997285940704,0.89829515359445822,0.90603178783677774,0.88928611177227035,0.8918508664958944,0.88858262226720086
74.509803921568633,0.90298950672149658,0.89968946540261663,0.89834443539835918,0.90599950702922938,0.89704854960122005,0.89166245323259097,0.88859151930368274
74.549819927971186,0.90291434526443481,0.91232247834753255,0.89865847293169854,0.90597881429161031,0.90584035895765025,0.89168879008071555,0.88861372289630758
74.589835934373752,0.90287607908248901,0.8912418029317557,0.89829316810040605,0.90593589269725472,0.89165263993959154,0.89235633487475208,0.88865895040347676
74.629851940776305,0.90275865793228149,0.89437427617718135,0.89751646969428978,0.90587495862292133,0.88842095558615741,0.89212382375213606,0.88867034234538067
74.669867947178872,0.90264123678207397,0.89281046163228917,0.89698506969410929,0.90582781240952948,0.8970852726128915,0.8919294045282653,0.88867895849095691
74.709883953581439,0.90252381563186646,0.894130312388698,0.89624286655311869,0.9057691037801987,0.89378921916791698,0.89200812573007349,0.88869333346723656
74.749899959983992,0.90240639448165894,0.89754840916112189,0.89568870137960988,0.90571347367000932,0.89356223654650391,0.89216982259651334,0.88870826878765696
74.789915966386559,0.90228897333145142,0.89514195374243122,0.89535476373668665,0.90565927864225027,0.88211124213006276,0.89212750756268155,0.88872106838096177
74.829931972789112,0.9021715521812439,0.89538894512819034,0.89560282359609689,0.9056100818964784,0.89225598893587266,0.89196421582582097,0.88872929602861361
74.869947979191679,0.90205413103103638,0.90205486660224754,0.89603011752607187,0.90556454678615694,0.88603834997753905,0.89173729534376833,0.88873968538844439
74.909963985594231,0.90193670988082886,0.89695342574448322,0.8966550668053539,0.90552998513940208,0.89739531212661472,0.89164242361763546,0.88874981644467532
74.949979991996798,0.90181922912597656,0.89714694976235188,0.89695910700996218,0.90549108781453735,0.89384480795941312,0.89161399594068969,0.88876276072706584
74.989995998399365,0.90170180797576904,0.89503417127941298,0.89724585375214094,0.90545413633444971,0.89508324555010832,0.89174521904866944,0.88877612106920278
75.030012004801918,0.90158438682556152,0.90083855967267079,0.89755442564300103,0.90542129074765854,0.88319276152064352,0.89166520867353238,0.88878812724412504
75.070028011204485,0.901466965675354,0.89768695201246207,0.89782033797807903,0.9053874318674574,0.89205979669096591,0.89164143086166114,0.88879957007326704
75.110044017607038,0.90134954452514648,0.91084077224075988,0.89787424005008587,0.90535487025931671,0.88493013372871576,0.89149125872655044,0.88880869942553509
75.150060024009605,0.90123212337493896,0.89659447381146529,0.89798108267868681,0.90532421308146971,0.89629403706093458,0.89153859121021339,0.88882141548626747
75.190076030412172,0.90111470222473145,0.89924979772622604,0.89793888343099515,0.90528988265390542,0.89614228025341369,0.89161034364626723,0.88883561682413481
75.230092036814725,0.90099728107452393,0.890520629260662,0.8981389224461801,0.90526189345344288,0.89850447759706442,0.89170897548612937,0.88884993290427095
75.270108043217292,0.90087985992431641,0.90015983291538371,0.89828122005745836,0.90523302523051519,0.88617456328092759,0.89167714334317827,0.88886168845698887
75.310124049619844,0.90076243877410889,0.89685932802115154,0.89827298883495621,0.90520011220958396,0.88965654551197337,0.89165620929459388,0.88887336460931532
75.350140056022411,0.90064501762390137,0.91235505529422012,0.89824517657188441,0.90517139983975758,0.88028310060396597,0.89149208699540017,0.88888063660641603
75.390156062424964,0.90052759647369385,0.89680828273108171,0.89814487243150076,0.90513915913000853,0.8913186325798016,0.89150903252825386,0.88889404276322759
75.430172068827531,0.90041011571884155,0.89848623769327129,0.8979476332832711,0.90510561871837547,0.8936680747578476,0.89166819807427111,0.88890683480008348
75.470188075230098,0.90029269456863403,0.90314334837484034,0.89792983670552085,0.90507353417586123,0.8906843152279591,0.89176829903813137,0.88892132189632045
75.510204081632651,0.90017527341842651,0.89951804284486125,0.89805047675749683,0.90504371392969774,0.89269079176711608,0.89170196388192657,0.88892960848265656
75.550220088035218,0.90005785226821899,0.89662965449180998,0.89802793551647619,0.90501127852320129,0.88823211980885519,0.8915962347502544,0.88894098781473296
75.59023609443777,0.89994043111801147,0.89821363283455891,0.89811856741049612,0.9049853984665559,0.89713225908339833,0.89144321064893173,0.88894839426873462
75.630252100840337,0.89982300996780396,0.8957150173547932,0.89800707267708235,0.90495309153293968,0.89072097891327884,0.89143291090707422,0.88896188283046496
75.67026810724289,0.89973217248916626,0.90116554017845629,0.89855632248098871,0.90495176163543611,0.89099251562478121,0.89162599131440756,0.8890014111187452
75.710284113645457,0.89970308542251587,0.89718152492324132,0.89783734707332585,0.90489416168491144,0.88682151714567159,0.8919918590572411,0.88902910953668168
75.750300120048024,0.8996427059173584,0.89218053974308786,0.89729071073532629,0.90484819003423067,0.89728051563617184,0.89187240353848707,0.88903441008451811
75.790316126450577,0.8995823860168457,0.8936795637062781,0.89651375407462197,0.9047930142628664,0.89288324645186889,0.89188777705128319,0.88904671161991977
75.830332132853144,0.89952200651168823,0.89600875484249054,0.89591132469020107,0.9047411303995736,0.89373576612508032,0.89200092430771405,0.88905814616336476
75.870348139255697,0.89946162700653076,0.89338485738745244,0.89527402970891945,0.90468673933721477,0.88229687428437586,0.89196282763759338,0.88906877724683231
75.910364145658264,0.89940130710601807,0.89509448101714673,0.89502466789445634,0.90463802554051465,0.89107836085561887,0.89191074445294172,0.88907730639854254
75.950380152060831,0.8993409276008606,0.90916699536281098,0.89559705575015447,0.90459907844429244,0.88441257063692058,0.89148748808636158,0.88908466669972386
75.990396158463383,0.89928054809570313,0.89679750448477991,0.89649806821716838,0.90457195567691207,0.89530868568637856,0.89144918632864867,0.88909314292485753
76.03041216486595,0.89922016859054565,0.89674452153245354,0.89702734175662469,0.90454032067838575,0.89156661672969895,0.89133786270294202,0.88909975198983959
76.070428171268503,0.89915984869003296,0.90483595690784469,0.89739191223822878,0.90451234700512673,0.89701953901526321,0.89110645007150691,0.8891074670553929
76.11044417767107,0.89909946918487549,0.90047458192817498,0.89765539154510665,0.90448676553559826,0.88219785860347188,0.89123337429758809,0.88911840084526794
76.150460184073623,0.89903908967971802,0.8975404163043138,0.89784933810153733,0.90445774804833934,0.89008713617224955,0.89134459449305159,0.88912594009938684
76.19047619047619,0.89897876977920532,0.91074649286159171,0.89787713570871641,0.90443151666423804,0.88123006782900437,0.89128990759980287,0.88913136360323408
76.230492196878757,0.89891839027404785,0.89670831146903507,0.89788273491853743,0.90440491987288119,0.89149643365569686,0.89146594123021472,0.88914249966511216
76.27050820328131,0.89885801076889038,0.89696505171802221,0.89782469962786549,0.90437495295976966,0.89273083705447986,0.89160333309143058,0.88915187733924106
76.310524209683877,0.89879769086837769,0.90341589268160716,0.89777121987466213,0.9043459840694299,0.88996599176218005,0.89180689813016856,0.88916427191332736
76.350540216086429,0.89873731136322021,0.90030630807158651,0.89809657734307358,0.90432260327424929,0.89267400240959904,0.89138192637927749,0.88916696579502619
76.390556222488996,0.89867693185806274,0.89684624880092012,0.89849549494550895,0.90429947173830993,0.88866567678671393,0.89111706372388766,0.88917202673357754
76.430572228891563,0.89861661195755005,0.91029295878967809,0.89866029846561091,0.90428120599224038,0.89038151352913719,0.8907940453915526,0.88917201712081984
76.470588235294116,0.89855623245239258,0.89828211708493733,0.89860525557005022,0.90425628874999786,0.88773982974286292,0.89070135476082668,0.88917919258241651
76.510604241696683,0.89849585294723511,0.89940462905091001,0.89875852963982561,0.90423263233117124,0.89213739555892424,0.89044116723571909,0.88918204261108991
76.550620248099236,0.89843553304672241,0.90237336983566085,0.89862907798768576,0.90420754018098526,0.8893872632018337,0.89067592785861149,0.88919444750176124
76.590636254501803,0.89837515354156494,0.89894098280409529,0.89861208747159171,0.90418169843120877,0.89242886592458093,0.89075485137781385,0.88919860221045444
76.630652260904355,0.89831477403640747,0.89689541698067898,0.89833722687762085,0.90415331228500873,0.88620790469055488,0.89084991163115679,0.88920513749374019
76.670668267306922,0.89825439453125,0.89729160836018917,0.89829062006039329,0.90413240270586093,0.897974574624126,0.8908846542312574,0.88920871203736807
76.710684273709489,0.8981940746307373,0.89722960316798095,0.89809853904166959,0.90410418256488911,0.89428928098597549,0.89116242720628436,0.88922012858770461
76.750700280112042,0.89813369512557983,0.89667440237954621,0.89793152201336868,0.90407646494564931,0.89354194693423949,0.89145155236741436,0.88923071245059226
76.790716286514609,0.89809650182723999,0.89842786561779397,0.8986666812167009,0.90408272848574089,0.89546257824255882,0.89162570335597136,0.88926984441616674
76.830732292917162,0.89809751510620117,0.90978087098645055,0.89792109328226322,0.90401753561092413,0.88019790796299646,0.89185638729419192,0.88930761792476021
76.870748299319729,0.89809906482696533,0.91408217843616857,0.89908129328165254,0.90408261689261382,0.89324223020570337,0.89266919366586417,0.88939485615263114
76.910764305722296,0.89810061454772949,0.90290162500834104,0.90024149328104186,0.90411339262162715,0.89126334042006372,0.89186565611429847,0.88940889756191965
76.950780312124849,0.89810210466384888,0.90593315816059183,0.90140169328043118,0.90411644637883803,0.89133334551501087,0.89131423276417709,0.889421493023557
76.990796318527416,0.89810365438461304,0.90777763097294994,0.9025620932798204,0.90413413137639154,0.88727411788240995,0.89051150719378669,0.88942634888189276
77.030812324929968,0.8981052041053772,0.90934931727075918,0.90372229327920972,0.9041666344422471,0.88981109065802177,0.88961559469834173,0.88940844770098504
77.070828331332535,0.89810675382614136,0.90756188439107699,0.90488129327859967,0.90420872037692412,0.8940892918545631,0.89058528642491286,0.88942003059003383
77.110844337735088,0.89810830354690552,0.91603473647127243,0.90601626878319608,0.9042510787132072,0.89614833154128193,0.89174028642430492,0.88944979044355121
77.150860344137655,0.8981097936630249,0.90140278270098739,0.90598579967985449,0.90425303079338881,0.89812538221002047,0.89283888642371001,0.88949992202141281
77.190876350540222,0.89811134338378906,0.91445620780361991,0.90658133336845226,0.90429117800491898,0.89576093046500704,0.89398588642310628,0.88955118842470493
77.230892356942775,0.89811289310455322,0.91028218054337628,0.90771968333316555,0.90434312718419929,0.8910438329189585,0.89365601576572162,0.88957332189157556
77.270908363345342,0.89811444282531738,0.91072293815478611,0.90823830751762458,0.90437402294860014,0.88477902951106302,0.89249781576564724,0.8895621923645427
77.310924369747895,0.89811599254608154,0.90761517010313086,0.90780331323794516,0.90439208626943568,0.88622653316497302,0.89133761576557291,0.88952756851529935
77.350940376150461,0.89811748266220093,0.90178910411337843,0.9066946234666009,0.90439461627951778,0.8900265639672148,0.89076819787648931,0.88952104303705481
77.390956382553014,0.89811903238296509,0.90121973416969303,0.90572882346652428,0.90438682261787284,0.89045851913357899,0.89058422385277114,0.8895237362162578
77.430972388955581,0.89812058210372925,0.91154886669162216,0.90641862346602853,0.9044201938697185,0.90108493658843569,0.89122735394631869,0.88954635205097743
77.470988395358148,0.89812213182449341,0.90320571687872164,0.90655682346565403,0.90443779162173998,0.89348238327718288,0.89200448266425114,0.88960397736385266
77.511004401760701,0.89812368154525757,0.90224863282789824,0.90552142346555997,0.90443318269333106,0.8922165369120254,0.89184666895613307,0.88961825313518883
77.551020408163268,0.89812523126602173,0.9085997447372185,0.90636196471782982,0.90444934331870674,0.88843638043758633,0.89070646895605698,0.88959866385952302
77.591036414565821,0.89812672138214111,0.91470459188412589,0.9069173702026776,0.90447338057289461,0.89300622997883938,0.89093266895567047,0.88960525225547449
77.631052420968388,0.89812827110290527,0.87318048972718088,0.90741557020222074,0.90449024471382478,0.90103000038680781,0.89173074301336008,0.88963004713634386
77.671068427370955,0.89812982082366943,0.91386104273114466,0.90803037020174204,0.90450623212550707,0.89242109417251481,0.89174347306574975,0.88964895260589971
77.711084433773507,0.89813137054443359,0.91065275844993321,0.90846586400562179,0.90452197523107847,0.8888088312732455,0.890976137806199,0.88963976404048417
77.751100440176074,0.89813292026519775,0.89567141995402177,0.90880985345743093,0.90453161275982907,0.90082722291686779,0.88994433780609983,0.8896255089936389
77.791116446578627,0.89813441038131714,0.91763615377432994,0.90951165345692642,0.90459020582894778,0.89166047101800927,0.89094716273111141,0.88964172938951624
77.831132452981194,0.8981359601020813,0.89160414577372249,0.91005162796843408,0.90462515363666385,0.89527113210578402,0.89165325832275744,0.88968172160889525
77.871148459383747,0.89813750982284546,0.9125525151885473,0.91073105106339791,0.90465322291197203,0.8883276945613634,0.8906442583226486,0.88966170650639076
77.911164465786314,0.89813905954360962,0.91270044359144253,0.91182856412848268,0.90469841723488864,0.88763606795382699,0.88951723145046202,0.88965362861006236
77.951180472188881,0.89814060926437378,0.91459269188881265,0.91283964355108527,0.90474841088131519,0.89084520829363412,0.88947219556570667,0.88965197436278221
77.991196478591434,0.89814209938049316,0.91522443033637946,0.91386193252073444,0.90480269793028323,0.89174222273058312,0.89026208226515502,0.88965774404949438
78.031212484994001,0.89814364910125732,0.91498300972960778,0.91486856798016691,0.90486279289332361,0.891537606143742,0.89120862542543444,0.88967014835295088
78.071228491396553,0.89814519882202148,0.90679687111142981,0.91392098250764753,0.90489214718592093,0.88288390853395327,0.89050431396771457,0.88966008638762883
78.11124449779912,0.89814674854278564,0.91335410184328603,0.91299305627282257,0.90490101516048038,0.89293836063255172,0.89041531396739848,0.88965197345974212
78.151260504201687,0.8981482982635498,0.91425426706532453,0.91348750083259089,0.90495326793418696,0.89295900620292601,0.89156583441832504,0.88966960525607441
78.19127651060424,0.89814984798431396,0.91330281434543414,0.9133649828607282,0.90500195910024428,0.89259658152069576,0.89229044928752144,0.8896868034903842
78.231292517006807,0.89815133810043335,0.91261161388737078,0.91336582055349813,0.90504965129750115,0.89144078553784911,0.8925490813076471,0.88970418693723519
78.27130852340936,0.89815288782119751,0.91384408818640028,0.91341791643384718,0.90509783554263801,0.89297027820973951,0.89257794126293066,0.8897212703440186
78.311324529811927,0.89815443754196167,0.91362561676697907,0.91333728117552815,0.9051469436811509,0.89356146530393243,0.8923990176734381,0.8897371834804273
78.351340536214479,0.89815598726272583,0.90229864873489429,0.91323433258900155,0.90517784721860417,0.89087949892488782,0.89223841905130896,0.88975223983444818
78.391356542617046,0.89815753698348999,0.90573091466256883,0.91207413258892722,0.90517284249816021,0.89176310560636396,0.89221027735684277,0.88976599615528873
78.431372549019613,0.89815902709960938,0.9109220329516422,0.91093494691051591,0.90519333694058557,0.88902400795068026,0.89158112439727844,0.88976224508760471
78.471388555422166,0.89816057682037354,0.89740635429694171,0.91003648666490455,0.90517137938769865,0.8987598182145663,0.89107490220695285,0.88975239490946922
78.511404561824733,0.8981621265411377,0.89959906134796142,0.90905588666480042,0.90513997889008968,0.89311657699290858,0.89094914355736998,0.88975522198731716
78.551420568227286,0.89816367626190186,0.89608111441738192,0.90809088666469373,0.90510510431002544,0.88619924304321396,0.89096384146717877,0.88975865425459488
78.591436574629853,0.89816522598266602,0.91481201103547105,0.90727239929604053,0.90507617458536715,0.87892203544441005,0.89053810852016535,0.8897541421384777
78.63145258103242,0.89816677570343018,0.90046652851942144,0.90633579929592623,0.9050433437699088,0.88693091493811427,0.89042694103059006,0.88975462104470604
78.671468587434973,0.89816826581954956,0.89267421975487848,0.90538437756064039,0.90501038258928679,0.89239522788319536,0.89018156414403449,0.88975424513474999
78.71148459383754,0.89816981554031372,0.9016373609379158,0.90449717756053138,0.90497906384775118,0.88929489207231449,0.8902737741133645,0.88975877554386096
78.751500600240092,0.89817136526107788,0.89942891038106187,0.90356370588849211,0.90494847387538346,0.89047222352081012,0.89040309270784446,0.88976063280497464
78.791516606642659,0.89817291498184204,0.89606210110648998,0.90263670588838141,0.90491539917533759,0.88692249059618,0.89035982024119142,0.88976178098192127
78.831532613045212,0.8981744647026062,0.89976273325669076,0.90193243464823325,0.90489146754731209,0.88948260064893536,0.89004142942498099,0.88975590823425188
78.871548619447779,0.89817595481872559,0.89764420233892794,0.90118028152724294,0.90486229128739881,0.88875798858988142,0.88996901039903187,0.88975586213653335
78.911564625850346,0.89817750453948975,0.90419779995405325,0.90057402632917072,0.90483017198919913,0.89393065319025078,0.88992110534079272,0.88975031344536715
78.951580632252899,0.89817905426025391,0.90220679143354676,0.90030197990249228,0.90480195874310787,0.89015257313811957,0.88985901059152805,0.8897453694845856
78.991596638655466,0.89818060398101807,0.89840443201487941,0.89995816483404278,0.90477368140058401,0.89011650271631626,0.89010465222460966,0.88974696985303048
79.031612645058019,0.89818215370178223,0.89807436335987245,0.89962671749036849,0.90474339445492891,0.88560236061926267,0.8899594027121347,0.88974347473558613
79.071628651460586,0.89818364381790161,0.89760060493815652,0.89958081412518909,0.90472127809008929,0.89272087022740265,0.8898647011868841,0.88973968025078054
79.111644657863138,0.89818519353866577,0.89889338897491977,0.8991361914599264,0.90468971131677156,0.88932093634068887,0.89008889313338058,0.88974204049698158
79.151660664265705,0.89818674325942993,0.90253159206929379,0.89887667861457821,0.90465886296069975,0.89581058662133817,0.89022411996066064,0.88974347036299017
79.191676670668272,0.89818829298019409,0.90157529519376201,0.89901944042957349,0.90463253988954406,0.89208145080931822,0.89025887804103565,0.88974593934630763
79.231692677070825,0.89818984270095825,0.89756754357590485,0.89897444087090983,0.90460466592093169,0.88939871318770214,0.89034378512951073,0.88974852025451023
79.271708683473392,0.89819139242172241,0.9114315170212125,0.89898175995232399,0.9045792791940872,0.8824970413948432,0.89013246278302771,0.88974579132415621
79.311724689875945,0.8981928825378418,0.89672877802661943,0.89887831907321392,0.9045535310477939,0.89778111139139516,0.89040690009450563,0.88975346728620186
79.351740696278512,0.89819443225860596,0.89563036573496202,0.89890944293403463,0.90452649843472688,0.89009722165202998,0.8902262721052896,0.88975287569523853
79.391756702681079,0.89819598197937012,0.88671076140075067,0.89887143002096315,0.90449928807146529,0.89848270482600878,0.89032717616976598,0.8897566009311012
79.431772709083631,0.89819753170013428,0.9002887480073869,0.89900416548083983,0.90447458657307278,0.89194654268566598,0.89028119174367726,0.88975653523462728
79.471788715486198,0.89819908142089844,0.89654082478773822,0.89902518377526852,0.90444759207779968,0.8847302632500067,0.88997504279134809,0.88975280229035869
79.511804721888751,0.89820057153701782,0.91462417890048087,0.89919077975993056,0.90442951772279645,0.8855705023684266,0.88950465501044973,0.88972602121101041
79.551820728291318,0.89818745851516724,0.89326956648319022,0.89896297975967687,0.90440642910693647,0.88398144603947948,0.89040205500990877,0.88978475285522529
79.591836734693871,0.89810293912887573,0.88982924714676215,0.89812637975953324,0.9043441906654125,0.8920881546870546,0.89049830694084209,0.8897829115244742
79.631852741096438,0.89801841974258423,0.89277122397159492,0.89726330855334535,0.9042868880729229,0.88719539181377027,0.89068502311948683,0.88978979649261003
79.671868747499005,0.8979339599609375,0.89693459408942777,0.89672645358223813,0.90424341012846543,0.89663706202617521,0.89071613086180368,0.88979063951874393
79.711884753901558,0.897849440574646,0.89460213314815751,0.89649741697893259,0.90420317262963379,0.89515455582479164,0.89103901221712278,0.88980292215889034
79.751900760304125,0.89776492118835449,0.89500310813136341,0.89672360615637581,0.90417035702418791,0.89269055446170942,0.89129987119532994,0.88981279455793549
79.791916766706677,0.89768040180206299,0.90142028221324144,0.89689748308148998,0.90414005128849695,0.88867920319489013,0.89146613577549516,0.88982167588194749
79.831932773109244,0.89759588241577148,0.89824481708649961,0.89717519624587161,0.90411151232075093,0.89156993900539128,0.89156650372801394,0.88982880326739333
79.871948779511811,0.89751142263412476,0.89976636637342167,0.8972376433844873,0.90408092633909665,0.88490919152658332,0.89148076054780168,0.8898338498825199
79.911964785914364,0.89742690324783325,0.89741870689382697,0.89745568338986537,0.90405862314708785,0.8920584321848779,0.89144337444480781,0.88983654555215208
79.951980792316931,0.89734238386154175,0.89580875176645169,0.89754331035919521,0.90402938675100275,0.8909064330885369,0.89146261345158084,0.88984464097879024
79.991996798719484,0.89725792407989502,0.88993460753195963,0.897848564967624,0.90400546332027454,0.89372431613921188,0.89111058749638739,0.88984379869515051
80.032012805122051,0.89717340469360352,0.90075929717599057,0.89815845717261178,0.90398243741367645,0.89364612400773702,0.8908277532113168,0.8898438361269273
80.072028811524603,0.89708888530731201,0.89791674664569476,0.89823961311623335,0.90395658320580641,0.88962439062937904,0.89098232432059465,0.88984793960124664
80.11204481792717,0.89700436592102051,0.91086045162305251,0.89826543885980414,0.90393271831538413,0.88181668679412017,0.89089775695543405,0.88984840158685441
80.152060824329737,0.896919846534729,0.89592646474853443,0.8981500509944883,0.90390983916033052,0.89722611337170877,0.8910660536016155,0.88985452915255747
80.19207683073229,0.89683538675308228,0.89678545464762227,0.89787787185307988,0.90388008760203686,0.89672053420294684,0.89140552015424457,0.88986816786180367
80.232092837134857,0.89675086736679077,0.8911581806949983,0.897697616110948,0.90385069406033158,0.89421435180384146,0.89067685905385208,0.88981833703788804
80.27210884353741,0.89666634798049927,0.90006258649088522,0.8978425298999857,0.90382585514090164,0.8723320643031206,0.88974117716403089,0.88975884921851955
80.312124849939977,0.89658182859420776,0.89746109325568801,0.89788597667718506,0.90379894100492497,0.86899169407346355,0.88881208806766876,0.88969660807100204
80.352140856342544,0.89649736881256104,0.91170073097097593,0.89786213716846119,0.90377670071216998,0.89574485302370987,0.88810426089700112,0.88963731681223568
80.392156862745097,0.89641284942626953,0.89503659335723362,0.89769119617636939,0.90374994546868803,0.87849476705982632,0.88735446089684267,0.88958095696707373
80.432172869147664,0.89632833003997803,0.89579010176723284,0.89788768587942591,0.90372409689777,0.89938671977245255,0.88654265049906888,0.88951314609276333
80.472188875550216,0.89624381065368652,0.89865584369266116,0.89822641017764027,0.90370110379964441,0.87083045501650569,0.88624245049880812,0.88946581486859744
80.512204881952783,0.89615935087203979,0.8990253922161443,0.89863707938106741,0.90368092276410583,0.87501231021796733,0.88562130621362289,0.88940394986780325
80.552220888355336,0.89607483148574829,0.89915267240561858,0.89839020871177799,0.90365359812445756,0.86567944453448864,0.88488467225938761,0.88933928429586395
80.592236894757903,0.89599031209945679,0.89685527104080198,0.89865365271454989,0.90364024796851328,0.87263201833706339,0.88454555794936052,0.88929096517202555
80.63225290116047,0.89591091871261597,0.91283050917041053,0.89899541561339258,0.90363487496095041,0.90838866306642718,0.8844565579490502,0.88927212258288402
80.672268907563023,0.89588344097137451,0.88881070287124009,0.89840257734084594,0.90359434044620768,0.8749401100480092,0.88491171191410867,0.88928656793054328
80.71228491396559,0.89579677581787109,0.89542775892526594,0.89762524713940983,0.90353835310836939,0.86734687097396546,0.88420631191395305,0.88922374531531467
80.752300920368143,0.89571017026901245,0.8964698579075937,0.89710656736192329,0.90349514983891444,0.87810261987541938,0.88376400749689843,0.88916936692381432
80.79231692677071,0.89562350511550903,0.89904767533209418,0.89673861926094356,0.90345922205545792,0.88533319696182633,0.88318952613364754,0.88911224020386703
80.832332933173262,0.89553689956665039,0.90143735786187695,0.89696702955078056,0.90343220918229927,0.89588088834804347,0.88275492613342976,0.88905840159255378
80.872348939575829,0.89545023441314697,0.90108246290920857,0.8973707700513609,0.90341026693145698,0.87334334129334767,0.8823367261332048,0.88900346095212379
80.912364945978396,0.89536362886428833,0.89777154308034779,0.89758774550798481,0.90338623171878152,0.87431581884959553,0.88186097760094839,0.88894405030750934
80.952380952380949,0.89527696371078491,0.91013788525721195,0.89746665429581074,0.9033608387063673,0.8691932850163705,0.88131077760074727,0.88888643372320619
80.992396958783516,0.89519035816192627,0.89555055827077212,0.89748018909312222,0.90334093981112329,0.87981365118335897,0.880834317036569,0.88883384566994306
81.032412965186069,0.89510369300842285,0.89555836947174361,0.89726948618666547,0.90331223491382628,0.87869006940945837,0.88018886345661485,0.88877706548813029
81.072428971588636,0.89501708745956421,0.89385903967278701,0.89711621278883436,0.90328432856975882,0.89175290147388009,0.87971391844189539,0.88872246900866214
81.112444977991203,0.89493042230606079,0.89985113909714387,0.89723538794722812,0.9032604049523536,0.87717066221734841,0.87932448040040412,0.88866865869340783
81.152460984393755,0.89484381675720215,0.89715445820359574,0.89735707658469011,0.9032352663164549,0.87298222179085372,0.87888602250062065,0.88860889270704058
81.192476990796322,0.89475715160369873,0.91227639831699503,0.89736366091818431,0.90321406334227305,0.87920389494109952,0.87856861154231336,0.88854732956928584
81.232492997198875,0.89467054605484009,0.89829119987676476,0.89741940801360887,0.9031928106778041,0.880798646599805,0.87851769078186925,0.88849736662313428
81.272509003601442,0.89458394050598145,0.89559445843127106,0.89731060888264014,0.90316596724141818,0.87860891096040106,0.87837181250461005,0.88844152141948252
81.312525010003995,0.89449727535247803,0.91129406410489155,0.89728392655584899,0.90314026809766168,0.88667658286859041,0.87843345006206253,0.88839494936867203
81.352541016406562,0.89441066980361938,0.89923871672019662,0.89743125975761595,0.90311816382910171,0.87574208366961481,0.87840055256553085,0.88834352932031424
81.392557022809129,0.89432400465011597,0.89681948484100216,0.89745623727070434,0.90309388756473363,0.87258176891721573,0.87823740653692695,0.8882865603171789
81.432573029211682,0.89423739910125732,0.91279666063286713,0.89756026826924518,0.90307692699810616,0.89458615004963238,0.87821960201562499,0.88823425736427919
81.472589035614249,0.89415073394775391,0.89416083056923801,0.89745102082289785,0.90305265282190672,0.87803581840346134,0.87825308961810367,0.88818243396806706
81.512605042016801,0.89406412839889526,0.8968690163324341,0.89723765198182337,0.90302608747916557,0.87990566635476819,0.8782143171294019,0.88812817833582924
81.552621048419368,0.89397746324539185,0.90220436935572612,0.89716891216709205,0.90300047555218776,0.87425044121007722,0.87807413472474038,0.88807647427572944
81.592637054821935,0.8938908576965332,0.89825595864447449,0.89740151498076881,0.90297837776078516,0.87697322411905698,0.87746542948474071,0.88801312122592158
81.632653061224488,0.89380419254302979,0.89769857798600117,0.89731716203193579,0.90295515027198836,0.87205459495645321,0.87753778064866583,0.8879687744542113
81.672669067627055,0.89371758699417114,0.89551471151902673,0.89741081049904992,0.90294016259436949,0.88121428701946536,0.87768426519334786,0.88792370730107517
81.712685074029608,0.89363092184066772,0.89673337997447866,0.89722031091349941,0.90291541132681119,0.8801494383336983,0.87803421354560518,0.88787868942934289
81.752701080432175,0.89356327056884766,0.90077734165575429,0.89793400767254261,0.90292469493184679,0.91551601230096302,0.8783858356565053,0.88789181004506568
81.792717086834728,0.89353793859481812,0.90545758318051039,0.89714359347411698,0.90286791255138821,0.87342722875458079,0.87883231739953227,0.88786552072961955
81.832733093237294,0.89348489046096802,0.89126959627474744,0.89665957839845267,0.90282876572555548,0.88153292885417789,0.87878152679481047,0.88781611201859967
81.872749099639861,0.89343178272247314,0.89246682934148669,0.89597990143211437,0.90278036597199207,0.87951968911093292,0.87902336994186092,0.88776987565884902
81.912765106042414,0.89337867498397827,0.89565973342853722,0.89542191036213581,0.90273526847127095,0.88735527633146716,0.87928422780189841,0.88772799753019516
81.952781112444981,0.89332562685012817,0.89591181117771967,0.89507745000413008,0.90269433984474912,0.87946273581334877,0.87941697799201002,0.88768649218876039
81.992797118847534,0.8932725191116333,0.89589739981468686,0.89555176254614488,0.9026641375357376,0.87556416394101633,0.8793908809183395,0.88763968904091306
82.032813125250101,0.8932194709777832,0.91098615746194345,0.89629058701904674,0.90264189680115059,0.87187714983866793,0.87926593578527334,0.88758983280792314
82.072829131652668,0.89316636323928833,0.89622692350218414,0.89657837698379028,0.90262340336783975,0.8811378746785401,0.87925077079143077,0.88754946248506306
82.112845138055221,0.89311325550079346,0.89734943546815682,0.89661948652414925,0.90259893529832425,0.88075913524960614,0.8792596001469386,0.88750590031725241
82.152861144457788,0.89306020736694336,0.89455205668921589,0.89672843803282798,0.90257513377967169,0.88741015320674355,0.87944459689459242,0.88746851111755876
82.19287715086034,0.89300709962844849,0.8986421589529745,0.89692100608552905,0.90255396857861137,0.87843199977978059,0.87942346697128793,0.88742506344034833
82.232893157262907,0.89295405149459839,0.89659580595426658,0.8970384597318446,0.90253122170630962,0.8729866712672274,0.87910370034234953,0.88737580444839792
82.27290916366546,0.89290094375610352,0.91115364414324029,0.89713176155475005,0.90251392181470591,0.89357861061955923,0.87890081745147985,0.88732540541687965
82.312925170068027,0.89284783601760864,0.89524828295875702,0.89705005905692348,0.902493338797838,0.87905842672685364,0.87896977869138149,0.88728399074005149
82.352941176470594,0.89279478788375854,0.89645683923930775,0.89692707689319973,0.90246939766448953,0.87980356570357843,0.87899034813070576,0.88723953409880807
82.392957182873147,0.89274168014526367,0.90125194780470741,0.89686046757364779,0.90244552747010742,0.87659673909148572,0.87911115026502951,0.88720178531157701
82.432973189275714,0.89268863201141357,0.89795689258557176,0.89710168598658635,0.90242537256623878,0.87793680272255747,0.87910859073019754,0.88715858921064639
82.472989195678267,0.8926355242729187,0.89643255790915588,0.89707355275454537,0.90240337899264789,0.87300773212206317,0.87904451677622863,0.88711285287345498
82.513005202080834,0.89258241653442383,0.90513780835624114,0.8971999629622549,0.90239089293973895,0.87579423153271518,0.8790279258332323,0.88707014792272676
82.553021208483386,0.89252936840057373,0.8958717863417337,0.89701517048331403,0.90236715549606661,0.87949400080066842,0.87904762845865858,0.88702664183371105
82.593037214885953,0.89247626066207886,0.89839153445048447,0.89687370918903708,0.90234402281322723,0.88179687179266908,0.87906811595902168,0.88698275141348726
82.63305322128852,0.89242315292358398,0.90047506634373919,0.89689150720104394,0.90232192938559419,0.87810350977069407,0.87916789011551999,0.88694596285995775
82.673069227691073,0.89237010478973389,0.89743384488020594,0.89706725863802628,0.90230181206218751,0.87646663640231715,0.87914585099009657,0.88690313052856518
82.71308523409364,0.89231699705123901,0.90790703048051724,0.89696789419974254,0.90227974815049927,0.87110371219220595,0.87891069604579275,0.88685470199141858
82.753101240496193,0.89226394891738892,0.89522769529728163,0.89704078809953214,0.90226652066236745,0.88102729035906435,0.87876928691998568,0.88681391598518178
82.79311724689876,0.89221084117889404,0.89507189514146934,0.89684714917097075,0.90224234074281839,0.87901428792122593,0.87872456095588669,0.88677049601808933
82.833133253301327,0.89215773344039917,0.89599246636914676,0.8967785927742844,0.90221973992658355,0.89569062873830174,0.87890063265122698,0.8867304321147893
82.873149259703879,0.89212483167648315,0.89631714590100264,0.89754875122899302,0.90223426090061287,0.87907373292557933,0.87917948281337333,0.88675343418112085
82.913165266106446,0.89207619428634644,0.89311564343768901,0.8968882108361711,0.9021811542528857,0.89688267312200654,0.87940110869356314,0.88672856692127477
82.953181272508999,0.89199995994567871,0.89643818924008889,0.89626460547842457,0.90213478781012357,0.88076827150776016,0.87936773969262338,0.88668979134271042
82.993197278911566,0.89192378520965576,0.90002516538855648,0.8958332436379397,0.90209182637728225,0.89454634206767514,0.87957513930816056,0.8866540946535979
83.033213285314119,0.89184755086898804,0.89245804930938699,0.89512744071159511,0.90204044989090115,0.88077527201725492,0.87963255506643034,0.88661889093166957
83.073229291716686,0.89177137613296509,0.89397360395370296,0.89472742718099629,0.90200172933621481,0.8746144083774503,0.87964372788173462,0.88658015997762607
83.113245298119253,0.89169514179229736,0.91091034642615765,0.89510843899051817,0.90197581283283446,0.87217140854285224,0.87957937844213308,0.88653779576539637
83.153261304521806,0.89161896705627441,0.89450567389895075,0.89553170852970931,0.90195425465414492,0.87973741682148865,0.87964895985081148,0.88650551268016575
83.193277310924373,0.89154273271560669,0.89480807031485687,0.89578999672675508,0.90192849730159996,0.87949423810607497,0.87946188274926818,0.88646642725291147
83.233293317326925,0.89146655797958374,0.90365434624304852,0.8959719717616329,0.90190378920670655,0.89596673357888112,0.87961561257323329,0.88643382076108901
83.273309323729492,0.89139032363891602,0.89733496355317854,0.89626808457028129,0.90188217289468531,0.87779744512253144,0.87950018397720542,0.88639514452950974
83.313325330132059,0.89131414890289307,0.89584986653745691,0.89638340517536941,0.90185951266701714,0.87094786186642126,0.87933391313085063,0.88635315681306637
83.353341336534612,0.89123791456222534,0.91200512560108404,0.89655388588662155,0.90184467786611322,0.89394756120047103,0.8792068086101632,0.88631205916839817
83.393357342937179,0.89116173982620239,0.89425928803264676,0.89647432801751492,0.90182329936422523,0.87874868384488858,0.8793275127549065,0.88627666443079811
83.433373349339732,0.89108550548553467,0.90047149377895375,0.89637646400376292,0.90180001367574036,0.88053500029307208,0.87927641948008017,0.88623781508706501
83.473389355742299,0.89100933074951172,0.89979646069034314,0.89639489910002457,0.90177707573450272,0.87847744376514447,0.87945189316090921,0.88620571303392781
83.513405362144852,0.89093309640884399,0.89677631130384938,0.89659042909544717,0.90175666737494842,0.8775963287904377,0.87958710109565419,0.88617009623354592
83.553421368547419,0.89085686206817627,0.89655935368306605,0.89648599004516905,0.90173499846497096,0.87171673138380612,0.87952506219978266,0.88613155907022179
83.593437374949985,0.89078068733215332,0.89425831920151844,0.89667638654449155,0.90172370547440006,0.88060239502854665,0.87963015278602263,0.88609825010728516
83.633453381352538,0.89070451259613037,0.89618017740024591,0.8964872709282955,0.90170083834673442,0.8799314139913843,0.87959291822373975,0.88606245451717114
83.673469387755105,0.89062827825546265,0.89955770436917415,0.8964035221155453,0.90167809335175686,0.88219044280951564,0.87947507547315928,0.88602558500468243
83.713485394157658,0.8905521035194397,0.89887358848873611,0.8964174880992124,0.90165604809995847,0.88075640623743023,0.87939431084572772,0.88599314720530675
83.753501400560225,0.89047586917877197,0.8965443368005781,0.89656582029732901,0.90163510591085816,0.87565107704618361,0.87916049489295811,0.88595494471009339
83.793517406962792,0.89039969444274902,0.90918939958265177,0.89647045128730318,0.90161462384063384,0.86910014264427982,0.8790186198986486,0.88591303121512865
83.833533413365345,0.8903234601020813,0.89516084594943213,0.89651608584077946,0.90160138149775715,0.88092524903422631,0.8791311754849449,0.8858796482393384
83.873549419767912,0.89024722576141357,0.89541928165289375,0.8963511218518444,0.90157839712011767,0.87910078574193173,0.87907200397079588,0.88584213157994118
83.913565426170464,0.89017105102539063,0.8885420944409318,0.89630329723153879,0.90155594065330458,0.89294542046839809,0.87911768871506069,0.88580647640999877
83.953581432573031,0.8900948166847229,0.89843210425398012,0.89639835741766238,0.90153531374637186,0.87682045876355807,0.87910404553182542,0.88577280718298301
83.993597438975584,0.89005953073501587,0.88908191503520551,0.89693278068338977,0.90154952948018352,0.8911379838390272,0.87937366264486316,0.88579856546554014
84.033613445378151,0.89006286859512329,0.90979001433022344,0.89630278135203389,0.90144474577286637,0.90493349634632725,0.87971506264446142,0.8858101559910927
84.073629451780718,0.89006710052490234,0.91785062876534707,0.89746298135142322,0.90154467912712943,0.90949088735373385,0.88087526264385074,0.88597136320689596
84.113645458183271,0.8900713324546814,0.909151857376432,0.89862318135081254,0.90161268910201375,0.90427165156731915,0.88203546264324006,0.88610605856927971
84.153661464585838,0.89007556438446045,0.90585740767675149,0.89977978135020376,0.90164326169005349,0.89678626780057513,0.88319566264262939,0.88617681030803863
84.193677470988391,0.8900797963142395,0.90610996984149805,0.90094018134959297,0.90167368474069132,0.89720766287634557,0.8843560626420186,0.88624059801451627
84.233693477390958,0.89008396863937378,0.90681661104566791,0.90207780155707384,0.90170059023798066,0.89917622987679813,0.88551626264140793,0.88632492518993677
84.27370948379351,0.89008820056915283,0.88087076846352952,0.90133617549243028,0.90167224861430628,0.89698667221644901,0.88667086264080019,0.88638186981463107
84.313725490196077,0.89009243249893188,0.88159163937489571,0.90017597549235595,0.90155824207954216,0.89869562710208095,0.88783106264018952,0.88644712193303943
84.353741496598644,0.89009666442871094,0.86519913778873747,0.89901697549228166,0.90147336271802292,0.91075596247631985,0.88899126263957884,0.88657816081706886
84.393757503001197,0.89010089635848999,0.85673016103305499,0.89785677549220699,0.90135734271808399,0.90219101708859961,0.88998251656283367,0.88667422244081318
84.433773509403764,0.89010506868362427,0.88421051101845594,0.89669657549213266,0.90124132271814505,0.89950062636762063,0.89097671656231037,0.88674453074346837
84.473789515806317,0.89010930061340332,0.89620603308098112,0.89576197549201741,0.90112530271820612,0.8964924243808523,0.89195405585924525,0.88680034332309055
84.513805522208884,0.89011353254318237,0.898477760420899,0.89659348138966544,0.90100928271826719,0.89909958023046621,0.89295225585872195,0.8868555372266248
84.553821528611451,0.89011776447296143,0.89880286381637364,0.89755571885917407,0.90095642187908864,0.90103053432397262,0.89395820091887268,0.88693627371655381
84.593837535014003,0.8901219367980957,0.91482097272340734,0.89870831885856739,0.9009934144755275,0.92388393487485343,0.89509160091827611,0.88710118128368398
84.63385354141657,0.89012616872787476,0.904416695237093,0.89986851885795671,0.90105874026106381,0.89270295366920427,0.89616860091769723,0.88724977985594755
84.673869547819123,0.89013040065765381,0.90241902600257984,0.90053563205310572,0.90107139261628577,0.90721162824968982,0.89709900186869729,0.8873589626816808
84.71388555422169,0.89013463258743286,0.90510432313037092,0.90087293596404971,0.90106276648156003,0.91591266828809537,0.89825280186808998,0.88747739325982067
84.753901560624243,0.89013886451721191,0.90438872023826467,0.9019967359634582,0.90108318619782435,0.9140914086187899,0.89941140186748014,0.88763209870623738
84.79391756702681,0.89014303684234619,0.88783175956808547,0.90089973596336914,0.90098137130847034,0.91610239396067228,0.90032120186693465,0.88777655601307737
84.833933573429377,0.89014726877212524,0.87265580711928603,0.89973953596329481,0.900872356860552,0.88954044384179409,0.90048163527709635,0.88786072383513204
84.87394957983193,0.8901515007019043,0.88408958878326072,0.89857933596322048,0.90075633686061307,0.91227501371031983,0.9006597336820763,0.88797213691976007
84.913965586234497,0.89015573263168335,0.90713814187635711,0.89905133596277143,0.90069234803530973,0.89736606423525123,0.89987904563765042,0.88803466954087251
84.953981592637049,0.8901599645614624,0.91242317623292546,0.899763148451451,0.90073175414244977,0.89410851359249766,0.89914863154703406,0.8880741481263712
84.993997599039616,0.89016413688659668,0.91107347336737732,0.90092334845084032,0.90079471162471281,0.90776805010181583,0.89969643154656698,0.88815805895447808
85.034013605442183,0.89016836881637573,0.90724265453431741,0.90119042526884607,0.9008048138713014,0.89535282449200615,0.89968143154623204,0.88823860583593106
85.074029611844736,0.89017260074615479,0.90193781969156539,0.90212975472555701,0.90083388598591596,0.9060793848284483,0.89927314925320112,0.8882993118273077
85.114045618247303,0.89017683267593384,0.89580663244835856,0.90098567589826772,0.90082182701771707,0.90882993247000043,0.90043334925259044,0.88841399323697023
85.154061624649856,0.89018100500106812,0.90829413906820011,0.90093656691103341,0.90082858426797352,0.91419113621591375,0.90159354925197976,0.88854996658177599
85.194077631052423,0.89018523693084717,0.90383569931986851,0.9019957041609481,0.90086728181090381,0.91709433056026146,0.90275374925136909,0.88869833781457153
85.234093637454976,0.89018946886062622,0.89962358488589533,0.90245176055138887,0.90088521117794462,0.9125069204189199,0.9039141492507583,0.88884453438822975
85.274109643857543,0.89019370079040527,0.89174589787817515,0.90166890379913234,0.90086523698175913,0.91809030135176273,0.90507434925014763,0.88897791485145761
85.31412565026011,0.89019793272018433,0.91520142059708343,0.90175376620946412,0.90088900510284464,0.91565032716109873,0.9061469492495664,0.88912754450049925
85.354141656662662,0.8902021050453186,0.91310087360713876,0.90291396620885345,0.90096568010611056,0.91512368713750114,0.90730714924895572,0.88927662885296399
85.394157663065229,0.89020633697509766,0.91415217648518488,0.90407416620824277,0.9010370003357463,0.92073910430023498,0.90846734924834505,0.88942890757725734
85.434173669467782,0.89021056890487671,0.91264285869125694,0.90523436620763209,0.90110864081611242,0.92988509197601599,0.90962754924773437,0.88962805589640781
85.474189675870349,0.89021480083465576,0.91291370754354928,0.90639456620702141,0.90117864477545484,0.931111011706513,0.91078774924712369,0.88986440306548487
85.514205682272916,0.89021903276443481,0.91353811920570871,0.90755476620641073,0.90124807589243627,0.93049105133176979,0.91194794924651301,0.89010177692531367
85.554221688675469,0.89022320508956909,0.90243598054732421,0.90787136620599518,0.90129346715503322,0.93313030273762632,0.91310814924590233,0.89034348128700236
85.594237695078036,0.89022743701934814,0.90701746184894405,0.9068724611410125,0.90131320182899111,0.93395968513369421,0.91426854924529155,0.89059135688983848
85.634253701480588,0.8902316689491272,0.89481981739228689,0.90780471094200132,0.90135405880628483,0.91508482837717031,0.91542234924468391,0.890822857911861
85.674269707883155,0.89023590087890625,0.89550302499354217,0.90681088775505314,0.90132595420350836,0.86851530346971351,0.91427031906276535,0.89078185748954253
85.714285714285708,0.89024007320404053,0.91346666790999997,0.90611108775487692,0.90131030665328071,0.88040436366673869,0.91311011906269102,0.8907194458994252
85.754301720688275,0.89024430513381958,0.89428126838886901,0.90523768775474012,0.90128660990547316,0.90277745807466048,0.91194991906261635,0.89068011832368066
85.794317727090842,0.89024853706359863,0.8919407540388451,0.90433668775460796,0.9012622599801845,0.89120021718190812,0.91078971906254202,0.89063125322347625
85.834333733493395,0.89025276899337769,0.89805359404256058,0.90343728775447507,0.9012376435823648,0.86539503400467821,0.90962951906246736,0.89058004682481673
85.874349739895962,0.89025700092315674,0.89612689168819193,0.90253868775434154,0.90121479038612229,0.86360106445713181,0.90846931906239303,0.89050974641283387
85.914365746298515,0.89026117324829102,0.89630400612882577,0.9016326877542119,0.90119084207586975,0.88222942022254969,0.9073089190623187,0.89043971157502655
85.954381752701082,0.89026540517807007,0.89416918673771917,0.90099909534494582,0.90117776958317974,0.90206055844132105,0.90614871906224403,0.89037650895715947
85.994397759103634,0.89026963710784912,0.89594499364386238,0.90009729534481409,0.90115241265071255,0.89267044282850005,0.90498851906216971,0.89033191627372732
86.034413765506201,0.89027386903762817,0.89512160828873788,0.89921201665143302,0.90112840683735351,0.87675407257606164,0.90383151906209536,0.89028417732217402
86.074429771908768,0.89027810096740723,0.89748034877436211,0.898368250302506,0.9011031460638157,0.8674038835979011,0.90267251906202062,0.89018680380760551
86.114445778311321,0.8902822732925415,0.89567414479156993,0.89764955821420644,0.90107985548718006,0.8609420573761758,0.90162240435282204,0.89010857665609877
86.154461784713888,0.89028650522232056,0.90980357796601907,0.89710081969920563,0.90105763722092247,0.88036574221181452,0.90074374207582508,0.8900288907642695
86.194477791116441,0.89029073715209961,0.89583200371352978,0.89685339599680924,0.90104102136151365,0.85031866556525315,0.89990154207567907,0.88994916636348365
86.234493797519008,0.89029496908187866,0.89596255370806188,0.89642665294534096,0.90101558649838076,0.89289979850397916,0.89895574207555884,0.88983314636354471
86.274509803921575,0.89029920101165771,0.8877774444729577,0.89617814082844016,0.90099064559275532,0.88362892885797484,0.89803334207543273,0.88971710636360579
86.314525810324128,0.89030337333679199,0.89729578644442975,0.89614454799768684,0.90096806910561011,0.86413280654697133,0.89716074207529306,0.88962491505950791
86.354541816726694,0.89030760526657104,0.89542594236690054,0.89607018218793777,0.90094565250088232,0.85671570741097658,0.89628334207515337,0.88953674580668574
86.394557823129247,0.8903118371963501,0.91211563290165043,0.89605087452344834,0.90092823738737071,0.87942939440372148,0.89540735361298951,0.88944991336267332
86.434573829531814,0.89031606912612915,0.89229807106933412,0.89598436280273952,0.90091041491732038,0.90187658742485421,0.89474118894150823,0.8893630826476463
86.474589835934367,0.89032024145126343,0.89391244648873203,0.89581735326288781,0.90088600666917595,0.87820163555632336,0.89394858894135365,0.88929222712569067
86.514605842336934,0.89032447338104248,0.89042368559589113,0.89574419943679096,0.90086218063822732,0.88480489580038246,0.89307560882339898,0.88921976286621729
86.554621848739501,0.89032870531082153,0.89680858549080933,0.89586203150644672,0.90084138325115592,0.86352767776014072,0.8922082754948697,0.88913546506497909
86.594637855142054,0.89033293724060059,0.89570962823164224,0.89583994383632626,0.90081965621506843,0.85367546919431725,0.89134469990222909,0.88905166037927819
86.634653861544621,0.89033716917037964,0.9134898593051326,0.89597220134377187,0.90080690129976437,0.87753142576173249,0.89048469990208956,0.88896821333097142
86.674669867947173,0.89034134149551392,0.8923448777232178,0.89588330526723936,0.90078721330012024,0.90066478736604993,0.88992089990188239,0.88890466386386913
86.71468587434974,0.89034479856491089,0.9215317631890918,0.89641895701051055,0.90080281584191413,0.91279305141292821,0.88937559599984373,0.88885291427044699
86.754701880752307,0.89031034708023071,0.88879719978739002,0.89562883525670434,0.90073452562468659,0.85823416538146013,0.88902479794322298,0.88882990217026503
86.79471788715486,0.8902321457862854,0.8893327817454777,0.89524284354774186,0.90068326038061397,0.9019017417979539,0.88820146145033507,0.88874536443054208
86.834733893557427,0.89015400409698486,0.89150090470661802,0.89454290524291769,0.90061434533617868,0.8889196528981278,0.8876487882023073,0.88867418281775767
86.87474989995998,0.89007580280303955,0.88884491472045657,0.89363134582440318,0.90052157702552271,0.88460419475275032,0.88688060137160596,0.88860082008063823
86.914765906362547,0.88999760150909424,0.87822761548981743,0.8927187458242718,0.90041869187838219,0.86195813980088654,0.8861197055854293,0.88852644288088156
86.9547819127651,0.8899194598197937,0.8753064685342421,0.89183034582413701,0.90031437810191184,0.85672353848939442,0.88540797661155801,0.88844421732553103
86.994797919167667,0.88984125852584839,0.88169748417565741,0.89095606683644435,0.90021114726431406,0.86998297808318448,0.88475065203391579,0.88836316492928924
87.034813925570234,0.88976311683654785,0.88775086216887622,0.8902482582147655,0.90010841849282308,0.9011998517315819,0.88427836230505963,0.88828119554417484
87.074829931972786,0.88968491554260254,0.89184175160792667,0.88955760775449511,0.90000480777497016,0.87879116151267,0.8840517512081556,0.88821692353617132
87.114845938375353,0.88960671424865723,0.87761319489866818,0.88909099420198301,0.89990829231690184,0.89994925223879851,0.88411823367933384,0.88818243676952324
87.154861944777906,0.88952857255935669,0.87087352115497274,0.88854176029690168,0.8998084914501685,0.87783470207136771,0.88448137314978093,0.88821766121540779
87.194877951180473,0.88945037126541138,0.87836682441255842,0.88815000082762963,0.89971094364180604,0.9141004262242407,0.88475408228226504,0.88825016318213712
87.23489395758304,0.88937222957611084,0.89176485063712152,0.8881031490987652,0.89961888958012881,0.88347521428084952,0.88520791970275559,0.88828872858981267
87.274909963985593,0.88929402828216553,0.8898765987681555,0.88827132016158972,0.89954720330039362,0.91077447229803465,0.88529054775425586,0.88830953004754953
87.31492597038816,0.88921582698822021,0.88958437507909605,0.88849165782865702,0.89947426820066767,0.91038048599672661,0.88554900787643143,0.88833953708798519
87.354941976790712,0.88913768529891968,0.86440602840637093,0.88870516424767121,0.89940450889016199,0.8824947869934805,0.88579600787603896,0.88836838292766362
87.394957983193279,0.88905948400497437,0.88454548438104952,0.88877959900410153,0.89933311862835175,0.87393850325310107,0.88577989628508602,0.88837709480661531
87.434973989595832,0.88898134231567383,0.8920280093923334,0.88899970075627865,0.89927235541496409,0.86180353532848641,0.88571134754452308,0.88837626370528022
87.474989995998399,0.88890314102172852,0.9118318259330177,0.88949516513864491,0.89922215860566668,0.8806197776495801,0.88579868730186673,0.8883878712504204
87.515006002400966,0.88882499933242798,0.88831411636606461,0.88990686500198424,0.89917783343123436,0.91092118636566533,0.88598488730149616,0.88841687194818686
87.555022008803519,0.88874679803848267,0.88997390574459945,0.89031294426268959,0.89913149586448715,0.91282716406512698,0.88628148730109113,0.88845551906413278
87.595038015206086,0.88866865634918213,0.89231563113353363,0.89029798409652317,0.89908026109017414,0.88974541638674509,0.8864091829024251,0.88845607554010197
87.635054021608639,0.88859045505523682,0.89341882702888686,0.89044972137252909,0.89903332746625675,0.86943403135136643,0.88629653878822556,0.88842854817594208
87.675070028011206,0.8885122537612915,0.89299229912467326,0.89078204397321703,0.89899349865126155,0.8448356648194022,0.88611831505814043,0.88839012623203706
87.715086034413773,0.88843411207199097,0.91575244330127759,0.89113378972402657,0.89896524272164524,0.87903861172540243,0.88600716580323158,0.88835326455648234
87.755102040816325,0.88835591077804565,0.89099293443568561,0.89124839370895514,0.89892924935580132,0.90169955759153042,0.8861746088647835,0.8883369625692491
87.795118047218892,0.88827776908874512,0.89073897957619208,0.89144343846865959,0.89889536842382201,0.90662690772782684,0.88634190930331402,0.88832943461516345
87.835134053621445,0.8882259726524353,0.89486444417613209,0.89221557738481594,0.89891056190313467,0.89938310086500184,0.88602677397842311,0.88829204418338226
87.875150060024012,0.88818502426147461,0.88357053750629899,0.89149453120763289,0.89881803905340141,0.9037173061375009,0.88563294272997672,0.8882378100220587
87.915166066426565,0.88811647891998291,0.89130277874089014,0.8914394805764182,0.89875382787928093,0.90481816591871955,0.8858915774440943,0.88824905795104925
87.955182072829132,0.88804799318313599,0.89253337592960869,0.89160189261697975,0.8987045924243291,0.90455618074983279,0.88612897744370289,0.88825207356121971
87.995198079231699,0.88797944784164429,0.87089967959543557,0.89147122497172326,0.89864144865171025,0.86990383673008331,0.88626217744333802,0.88823866269941121
88.035214085634252,0.88791096210479736,0.87494479176367601,0.89118362717250255,0.89857159569130718,0.86239923122540474,0.88612829800553539,0.8881982291566175
88.075230092036819,0.88784247636795044,0.89529630065155108,0.8910019142746437,0.89849692647547086,0.84349613512549537,0.8859635745499137,0.88815099301036105
88.115246098439371,0.88777393102645874,0.88716302388180845,0.89106534041379237,0.89843800306215049,0.91099308990386518,0.88595670732107479,0.8881011387900184
88.155262104841938,0.88770544528961182,0.89794042245639138,0.89102730873894176,0.89837681915194867,0.90507445575784784,0.88612010732070567,0.888080737055154
88.195278111244491,0.88763695955276489,0.89150835259591643,0.89114597760286052,0.89831974232794243,0.89710437569812285,0.88628105324645912,0.88806594734618016
88.235294117647058,0.88756841421127319,0.87224254009114044,0.89095940047089306,0.8982494314935221,0.86667755107464939,0.88622583626594953,0.88802813396120484
88.275310124049625,0.88749992847442627,0.87586360698493337,0.89074775424754038,0.89817783395595741,0.86161001276940385,0.88603807440970805,0.88797920208829706
88.315326130452178,0.88743138313293457,0.89643140742219107,0.89023995941306588,0.8980888179649773,0.84987140420016327,0.88583987440942169,0.88792951016589372
88.355342136854745,0.88736289739608765,0.88889444621188851,0.88984964354583462,0.89800680813312883,0.90866346272727028,0.88594775744332477,0.88788952748013528
88.395358143257297,0.88729441165924072,0.88836370840944212,0.88937928575566105,0.89792543191856711,0.905931602886488,0.88614715744294248,0.88787899471044807
88.435374149659864,0.88722586631774902,0.86852749657790684,0.88884247540664973,0.89783392149237529,0.87644349912517361,0.88629035931760747,0.88786145115475634
88.475390156062431,0.8871573805809021,0.87108399971758577,0.88839247277265054,0.89774089876688512,0.86502032876765633,0.88621255931730181,0.88782603540688987
88.515406162464984,0.8870888352394104,0.88562748709547212,0.88801774271200118,0.89764777526635486,0.85792614296369296,0.88607189607559744,0.88778589517940298
88.555422168867551,0.88702034950256348,0.90015971181149268,0.88769948388222808,0.89755134732685071,0.88687330905066208,0.88591609607530297,0.88773731625884211
88.595438175270104,0.88695186376571655,0.88709635618979554,0.88756248846760455,0.89745589833722494,0.89588272746494457,0.88600006763360972,0.88769361192097085
88.635454181672671,0.88688331842422485,0.8886598679749601,0.88742179737863114,0.89737235916800107,0.90340542750687647,0.8861174789703461,0.88766808470041214
88.675470188075224,0.88681483268737793,0.87137779775722868,0.88729992539874947,0.89728802092739834,0.8867986171739346,0.88614016870807077,0.88763442960685335
88.715486194477791,0.88674628734588623,0.86951273728339518,0.88698040064253847,0.89719696345824174,0.86415944407886225,0.88593158932043925,0.88758137932789383
88.755502200880358,0.88667780160903931,0.88275623494300193,0.88668441951186105,0.89710669575868562,0.84187017780582196,0.88571872959522546,0.88752682523870652
88.79551820728291,0.88660931587219238,0.8882958902304644,0.88658200032188583,0.89701687577232347,0.91257751877738347,0.88554508875136251,0.88747075451299207
88.835534213685477,0.88654077053070068,0.8933580328755889,0.88668749479489306,0.89693737868465673,0.89834916120844455,0.88565114206105799,0.88742914066425227
88.87555022008803,0.88647228479385376,0.88764380632920425,0.88673778375733736,0.89686390110401881,0.90072702070893085,0.88577214206069987,0.88740441113886737
88.915566226490597,0.88640379905700684,0.86988283077438799,0.88669118375702649,0.89678188659347147,0.87231070681652656,0.88571280301930078,0.88736335478607054
88.955582232893164,0.88636904954910278,0.88354141202050585,0.88697218375662024,0.89675429940797924,0.88868893271656069,0.88554535444732219,0.88730303181673298
88.995598239295717,0.88630753755569458,0.90335231313881548,0.88656025604990285,0.89666714994517605,0.90055159268710161,0.88514091954527141,0.88725427809953328
89.035614245698284,0.88622593879699707,0.89329705706645446,0.88690968119879621,0.89662608549687084,0.88904228046698852,0.88530270578840087,0.88723789423954602
89.075630252100837,0.88614439964294434,0.87187904676220884,0.88700877552966628,0.89656719178925204,0.86595371025816692,0.88521860594013024,0.88719574002418411
89.115646258503403,0.88606280088424683,0.8752912094439721,0.88711478660362064,0.89650329941153362,0.85587920585271071,0.88499580698982228,0.88713609035590335
89.155662264905956,0.88598126173019409,0.89217406068491767,0.88733836800298982,0.89644475108636601,0.84658508027685941,0.88477069522827689,0.88707568490630495
89.195678271308523,0.88589966297149658,0.8887683770613245,0.88776754360296506,0.89640231696718697,0.90990818891124037,0.88478609522794827,0.8870173786354798
89.23569427771109,0.88581812381744385,0.89945700648378124,0.88815698920976716,0.89635775051400246,0.90204620146422176,0.88493709522758568,0.88699211898215635
89.275710284113643,0.88573652505874634,0.87377529148798294,0.88851032616163939,0.89631428005250569,0.89096991228480249,0.88507940917993611,0.88696276943781704
89.31572629051621,0.8856549859046936,0.87393417979301657,0.88855248589290881,0.89625727448874115,0.86342907736369823,0.88494753881243193,0.88691857312319777
89.355742296918763,0.88557338714599609,0.87572579075693935,0.88859346706192655,0.89620039396713469,0.85701666999289738,0.88477073881214174,0.88686921750067027
89.39575830332133,0.88549184799194336,0.89373024568467485,0.88834307944574342,0.89612369749597376,0.85063036621682253,0.88452853881187377,0.88681337502319302
89.435774309723897,0.88541024923324585,0.88773578473444281,0.88810641882129593,0.89605428620691174,0.90892105774613485,0.88455352689714362,0.88675762407948155
89.475790316126449,0.88532871007919312,0.89023918381790434,0.88807043402723473,0.89598311247422702,0.90185724703421632,0.88461018708695027,0.88672221335049262
89.515806322529016,0.88524711132049561,0.87130059402669591,0.88779457079233437,0.89590125234059548,0.87028696630903946,0.88456238708664492,0.88668019040941615
89.555822328931569,0.88516557216644287,0.8698144676279006,0.88748130644503032,0.8958173643022278,0.86225192389425764,0.88430978352244394,0.88662259612113714
89.595838335334136,0.88508397340774536,0.88282774679065612,0.88720658366391647,0.89573286644124805,0.83990867064121577,0.88405446909762886,0.88656256528114941
89.635854341736689,0.88500243425369263,0.90410800141885328,0.88702749148828119,0.89564721601882191,0.88424847394825645,0.8837507250958796,0.88649613186656306
89.675870348139256,0.88492089509963989,0.89636534524963329,0.88701943106974301,0.89557238630719815,0.89106774143867351,0.88376937533892952,0.88643957133761841
89.715886354541823,0.88483929634094238,0.89164986249258693,0.88699424778525193,0.89550203197071798,0.89107331811572854,0.88377798547381792,0.88639800352446185
89.755902360944376,0.88475769758224487,0.87049107506709467,0.88685206587231746,0.89542756168398341,0.88348589302414648,0.8834442512966072,0.88633221824232067
89.795918367346943,0.88467615842819214,0.87473025622071332,0.88677794902906071,0.89535716541746346,0.8598698522228041,0.88317103278615616,0.8862667096831196
89.835934373749495,0.88459455966949463,0.88159030723209431,0.88670741038364398,0.8952959020519583,0.84411811259619463,0.88290816367533309,0.88620162961246363
89.875950380152062,0.88451302051544189,0.8895456218339659,0.88689744701927675,0.8952303673548786,0.91417393157393523,0.88278516367503923,0.88614074956837541
89.915966386554615,0.88443142175674438,0.89458893282403495,0.88718820729435577,0.89517207111424713,0.8956688559672461,0.88290376269645399,0.88609795987934525
89.955982392957182,0.88434988260269165,0.89171283651592348,0.88735396925944321,0.89511494365749511,0.89456811483873078,0.88298182335912201,0.88606334020173672
89.995998399359749,0.88426834344863892,0.87874757504596201,0.88753917661566883,0.89506273306664952,0.86680350091920244,0.88293675225846946,0.88602133017720952
90.036014405762302,0.88418674468994141,0.86929517414315671,0.88751569073729497,0.89499193152046452,0.84939074209909438,0.88269958066856147,0.88596794451443495
90.076030412164869,0.88415831327438354,0.88328891040770474,0.88800284412961561,0.89499696455419564,0.86080418293494099,0.88271637417480331,0.88591682939479499
90.116046418567421,0.88410955667495728,0.89482950570356945,0.88804575047400003,0.89495472944393473,0.87850473388690353,0.88264921984697065,0.8858873686292642
90.156062424969988,0.8840562105178833,0.87223836200689986,0.88813654047520985,0.89490621661357583,0.86437070521708814,0.88253765328983935,0.88584860508288787
90.196078431372555,0.88400280475616455,0.88030254900680882,0.8881791220612788,0.8948532440151945,0.85552259515294216,0.88228219201470648,0.885790765829643
90.236094437775108,0.8839493989944458,0.89006782181209454,0.888371568913495,0.89480945956813129,0.84833580091405292,0.8820135920144444,0.88572981279609575
90.276110444177675,0.88389599323272705,0.88747868117378259,0.8886335169722438,0.89477157076286828,0.90974806708813682,0.88200949516591054,0.88566768316945788
90.316126450580228,0.88384264707565308,0.90156936110310149,0.88893488433173995,0.89473750362499171,0.89955829158142453,0.88207489516557636,0.88563229408283706
90.356142456982795,0.88378924131393433,0.87338769848473607,0.88930037585985211,0.89470911095966266,0.87892701885794866,0.88213646429400028,0.88559722638020177
90.396158463385348,0.88373583555221558,0.87257248764225626,0.88926394584428081,0.89465708025488777,0.86111226467905977,0.88192517074085641,0.8855399724539571
90.436174469787915,0.8836824893951416,0.88307600976727108,0.88908859730701817,0.89460294181672828,0.85214544258526204,0.88159897074060811,0.88546996194429528
90.476190476190482,0.88362908363342285,0.88821154137036085,0.88841366418472689,0.89453164178926348,0.84992473859029671,0.88125377786528603,0.88539998894980176
90.516206482593034,0.8835756778717041,0.89500213930023509,0.88805833602902595,0.89446835965034821,0.90828270620238016,0.88123403887037299,0.88533606197287829
90.556222488995601,0.88352227210998535,0.87951325439700989,0.8879386017206129,0.89440246341837015,0.89113774653362055,0.88121612767497948,0.88528482091885496
90.596238495398154,0.88346892595291138,0.89487158930570299,0.88755074828229064,0.89432342679591359,0.87873830173334988,0.88101072767471256,0.88522524678960846
90.636254501800721,0.88341552019119263,0.86959369523454977,0.88732682826623355,0.89424972056881857,0.85878560382004743,0.88068275490030512,0.88515588561198411
90.676270508203288,0.88336211442947388,0.87564071527348952,0.88714257712048494,0.89418263847175072,0.83711914558662959,0.88028255834856295,0.88508079557409547
90.716286514605841,0.8833087682723999,0.90551619746376966,0.8871043709902402,0.89413202142522286,0.91191970819028756,0.87997303001068405,0.8850071501036636
90.756302521008408,0.88325536251068115,0.89597502740883816,0.88728862381078,0.89408568755871287,0.87875693020776791,0.87986665140433873,0.88494359528731892
90.796318527410961,0.8832019567489624,0.89190878261161277,0.88746442381040436,0.8940428515326837,0.88817837013426026,0.87988872488307868,0.88489330341423844
90.836334533813528,0.88314855098724365,0.89374465704770756,0.8876152146779801,0.89400042135704527,0.86646059460666502,0.87967853260749074,0.88483211505741721
90.87635054021608,0.88309520483016968,0.87314300807290657,0.88757403719748762,0.89394949820864134,0.85585399215325941,0.8792829890051449,0.88475892828714586
90.916366546618647,0.88304179906845093,0.88320758914487696,0.88748573562795885,0.89389754014903899,0.84340678963991034,0.87893478900491195,0.88468705744327902
90.956382553021214,0.88298839330673218,0.88959309455925029,0.88764865274074878,0.89386034554400251,0.91343935268780407,0.87869664984173346,0.8846123747315745
90.996398559423767,0.8829350471496582,0.89457736740244143,0.88787311193240992,0.89382091313590561,0.88744812207179957,0.87861640075643987,0.88455298568867213
91.036414565826334,0.88288164138793945,0.87452226028786639,0.88796969724622066,0.89378216737617544,0.87537135329815352,0.87858806677110257,0.88449918216859269
91.076430572228887,0.8828282356262207,0.88407759949804865,0.88804563560110683,0.89373176403102694,0.86325495452160528,0.87826213099704931,0.88443115594053889
91.116446578631454,0.88277482986450195,0.87660179575271702,0.88793406964279709,0.89368182553666009,0.85209050638363404,0.8778767739346921,0.88435613544168101
91.156462585034021,0.88272148370742798,0.90456704571780888,0.88795533067175447,0.89363254939567194,0.87268541205354844,0.87751883656557128,0.8842822188092484
91.196478591436573,0.88270998001098633,0.8698609109701112,0.88826073067134681,0.89364489162495642,0.89703858277414283,0.87815673877300271,0.8843150349720027
91.23649459783914,0.8826906681060791,0.92236659286191869,0.88826253067100991,0.89362553578686632,0.91114929618775975,0.87903933920178901,0.8843741341880057
91.276510604241693,0.88267135620117188,0.91360557407301335,0.88942273067039923,0.89377774737758287,0.89772777700126172,0.88019953920117833,0.88450757255340873
91.31652661064426,0.88265210390090942,0.90356975517516291,0.89058293066978855,0.89385969921757846,0.90837021257106398,0.88135973920056765,0.88463836194281231
91.356542617046813,0.8826327919960022,0.90408099525115315,0.89174313066917787,0.89391751796210339,0.91177204490103059,0.88251993919995697,0.88478635417465457
91.39655862344938,0.88261348009109497,0.90336424187208209,0.89290133066856825,0.89397786066881801,0.92329179855903409,0.88368013919934629,0.88499735236459165
91.436574629851947,0.88259416818618774,0.88165782265134451,0.89390360059486784,0.89402569711322666,0.88676515711160397,0.88483853919873656,0.88513285915933781
91.4765906362545,0.88257491588592529,0.88327413573299896,0.89274340059479318,0.89395945150291234,0.91320720867379734,0.88599137054304056,0.88519498812876907
91.516606642657067,0.88255560398101807,0.8881709715668652,0.89158520059471891,0.89390989029256751,0.91846631176852089,0.88715157054242988,0.88534637871834976
91.556622649059619,0.88253629207611084,0.88422231864783152,0.8907029920915629,0.89385118745595116,0.91185830541632973,0.8883117705418192,0.88550033541482254
91.596638655462186,0.88251703977584839,0.8807668007730789,0.88954279209148857,0.8937689603488822,0.89164065601655818,0.88920883011036822,0.88556124196677088
91.636654661864739,0.88249772787094116,0.88066289363457362,0.88838419209141395,0.89368928394835845,0.89367222760246312,0.89015606831125615,0.88561209392596962
91.676670668267306,0.88247841596603394,0.89967045209172458,0.88864599209101591,0.89367262693173888,0.91451286302091206,0.89129786831065516,0.88577453002857465
91.716686674669873,0.88245910406112671,0.90139273107803175,0.88980619209040523,0.8936930245681205,0.90617507823365984,0.89243646831005585,0.88589578471205566
91.756702681072426,0.88243985176086426,0.90134513724885634,0.89096659208979445,0.89374567774002345,0.92097866410819795,0.89357006830945918,0.88606986481237504
91.796718687474993,0.88242053985595703,0.91584042527811205,0.89212679208918377,0.89384253714628026,0.92279713543897579,0.89472586830885081,0.88627100865138764
91.836734693877546,0.8824012279510498,0.89207269672812406,0.89314212155062211,0.89394122248938701,0.90153000287851459,0.89563708308113199,0.88637649538136731
91.876750700280112,0.88238191604614258,0.90115948498390475,0.89428650059930259,0.89398327822469836,0.91241164229816996,0.89679528308052237,0.88650592084494562
91.916766706682679,0.88236266374588013,0.90419168420755613,0.89496544340573947,0.89401406434027664,0.90112124431564555,0.89762823908509293,0.88660531012750388
91.956782713085232,0.8823433518409729,0.8827146357564325,0.89543884340529145,0.89403461759698288,0.90271611462705437,0.89843180276453971,0.88671813569523328
91.996798719487799,0.88232403993606567,0.88300431626378029,0.89427864340521679,0.8939702341164506,0.90324963650744339,0.89957840276393619,0.88681010833727636
92.036814725890352,0.88230472803115845,0.88037678569201128,0.89311844340514246,0.89385734352276791,0.91156778427229934,0.90039594830088809,0.88692930970778638
92.076830732292919,0.882285475730896,0.90666341462351285,0.89239044127921363,0.89379720436146148,0.91029974283213078,0.90114793962682571,0.88704168960011942
92.116846738695472,0.88226616382598877,0.9015268536373493,0.89353754889649672,0.89384127336727892,0.908531105636739,0.90230793962621503,0.88716736021341869
92.156862745098039,0.88224685192108154,0.90344168781039691,0.89462115029588429,0.89393160445031972,0.91124694736257583,0.90287037035847373,0.88726126549410644
92.196878751500606,0.88222754001617432,0.91233113727574133,0.89578135029527362,0.89401837499015346,0.90242511887221077,0.90339481467081739,0.88735867989708195
92.236894757903158,0.88220828771591187,0.88261478559827689,0.89498981627599616,0.89398874372782866,0.90891275205690392,0.90339707456127605,0.88744359885098245
92.276910764305725,0.88218897581100464,0.88426670322389467,0.8938296162759215,0.89392415070206266,0.90928650807229927,0.90455727456066537,0.88757032411384906
92.316926770708278,0.88216966390609741,0.88356938701933418,0.89266941627584717,0.89386349374872243,0.91116246663782607,0.90571747456005469,0.88770016027280452
92.356942777110845,0.88215041160583496,0.88386270064341288,0.89150921627577251,0.89380678700287408,0.91130977396897317,0.90687767455944401,0.88783261255400237
92.396958783513412,0.88213109970092773,0.88406597352450955,0.89034901627569818,0.89375339562069112,0.9117613068313819,0.90803787455883334,0.88796778353540895
92.436974789915965,0.88211178779602051,0.87850409567304277,0.88918881627562385,0.8936866568269991,0.90712198613234662,0.90848819520126822,0.8880935067587068
92.476990796318532,0.88209247589111328,0.90093647216856987,0.88983557385761336,0.89367994663655781,0.90655399564164885,0.9077638691311104,0.88820496976249874
92.517006802721085,0.88207322359085083,0.91435078686647686,0.89099577385700268,0.89380650433743725,0.91657569959413654,0.90865587185651386,0.88836031523233316
92.557022809123652,0.8820539116859436,0.92040906956728252,0.892155973856392,0.89394752511263531,0.91757457737686865,0.90981607185590319,0.88852564163573844
92.597038815526204,0.88203459978103638,0.92236338360880643,0.89331617385578133,0.89410025597394827,0.91674827995108654,0.91097627185529251,0.88868891033681385
92.637054821928771,0.88201528787612915,0.92285458099083095,0.89447637385517065,0.8942548417537961,0.91728500545446467,0.91213647185468183,0.88885154821552004
92.677070828331338,0.8819960355758667,0.92339736863043498,0.89563657385455997,0.89440941890353776,0.91862619628621778,0.91329667185407115,0.88901751968256804
92.717086834733891,0.88197672367095947,0.91810845894935356,0.89679677385394929,0.89455716958739606,0.91858015903733736,0.91428286557481342,0.88917700412954148
92.757102841136458,0.88195741176605225,0.90648908557237273,0.89793030151420683,0.89464614180998603,0.92546136323887707,0.91543666557420611,0.88936629166109393
92.797118847539011,0.88193809986114502,0.90760348357764631,0.89904150151362194,0.89470955499370675,0.91366858971057996,0.91559770358564363,0.88953091330163192
92.837134853941578,0.88191884756088257,0.89040673105114665,0.89935038765463116,0.89474603424635712,0.88331182950840514,0.91445055277939991,0.88959571891841627
92.877150860344145,0.88189953565597534,0.89154395713987977,0.89841098765450755,0.89471557500652255,0.88088235608198329,0.91329115277932549,0.88955214094127999
92.917166866746697,0.88188022375106812,0.87763874781967588,0.89743878765438989,0.89465727708569431,0.87311167189015415,0.91213135277925073,0.88950315790747536
92.957182873149264,0.88186097145080566,0.86947925205752485,0.89644538765428072,0.89459781211365641,0.88143960850303238,0.91097155277917641,0.88944587840253408
92.997198879551817,0.88184165954589844,0.87170604985387001,0.89545878765417231,0.89452793433240718,0.88864283614132866,0.9098121527791021,0.88939959381927858
93.037214885954384,0.88182234764099121,0.90830031536664269,0.89460148552754837,0.89444672514714085,0.8790195086401712,0.90865395277902739,0.88935073139486931
93.077230892356937,0.88180303573608398,0.89014448057511752,0.89365358077721291,0.89437469118637558,0.88419424966284832,0.90750015277895324,0.8893052674254015
93.117246898759504,0.88178378343582153,0.88080089151840424,0.89283922770089186,0.89429958162542644,0.88140448730285548,0.9063475527788788,0.88925500342726049
93.157262905162071,0.88176447153091431,0.89099989790941991,0.89203822524142551,0.89421691582495855,0.8714535596878864,0.9051919527788046,0.88919606315388711
93.197278911564624,0.88174515962600708,0.86211135187910248,0.89128343383817443,0.89414202239799667,0.87267443667849309,0.9040385527787298,0.88913853817997357
93.237294917967191,0.88172584772109985,0.88302999028867901,0.89058370935489695,0.89406609842827145,0.87905617232549094,0.90288435277865531,0.88908151542277958
93.277310924369743,0.8817065954208374,0.88903958922529003,0.89006722425721929,0.89401103391127501,0.88579155235467477,0.9017349527785814,0.88902982100964267
93.31732693077231,0.88168728351593018,0.89296686730755659,0.88969532748873958,0.89395781399581031,0.88198725005511414,0.90058195277850728,0.88897484143525052
93.357342937174863,0.88166797161102295,0.87505281643447619,0.88968733057624771,0.89390425424521724,0.88088211877657663,0.89943375277843352,0.8889177504417104
93.39735894357743,0.8816487193107605,0.88219812766118233,0.8892902682546534,0.89385018565521135,0.86989137819623685,0.89828395277835937,0.88885175654570103
93.437374949979997,0.88162940740585327,0.87153608054280707,0.88884084484519521,0.89377944833865108,0.87591573190089456,0.89714415447758034,0.88878941291022862
93.47739095638255,0.88161009550094604,0.88768982580779632,0.88843837256371327,0.89371552551213895,0.87424148293097803,0.89601918121269442,0.88872767197488189
93.517406962785117,0.88159078359603882,0.88746015227845465,0.8882726426284977,0.89365294289986319,0.8801169868193458,0.89495409003719828,0.88867239376254969
93.55742296918767,0.88157153129577637,0.89377081548817039,0.88815944563042848,0.89360033726162391,0.8795475131698568,0.89386262741057931,0.88861191342304502
93.597438975590237,0.88155221939086914,0.86853379398024044,0.88794598605841912,0.89354371753474149,0.87015905869488197,0.89280663064206933,0.8885499643552226
93.637454981992803,0.88153290748596191,0.8824352490798224,0.88744133710325523,0.89346351870197582,0.87090455362971664,0.89173048097231478,0.88847694835055657
93.677470988395356,0.88151359558105469,0.86836364301334101,0.88711660453662855,0.89339660908883001,0.87549860832244297,0.89064327490956641,0.88840964357320928
93.717486994797923,0.88149434328079224,0.90080410561567226,0.88677978894771325,0.89333012843214243,0.87466744613582548,0.88958147490948758,0.88834077538934775
93.757503001200476,0.88147503137588501,0.88897219490993085,0.88687306812029387,0.89327233082146029,0.88130149675639102,0.88869447490935727,0.88827757562630594
93.797519007603043,0.88145571947097778,0.88409776329590539,0.88695724121599917,0.89322358098613441,0.87868995075675504,0.88769747490924888,0.88820761756731381
93.837535014005596,0.88143640756607056,0.87407605300136015,0.88672924121572216,0.89316074085765118,0.86299267272096036,0.88670387490913716,0.88813140032069471
93.877551020408163,0.88141715526580811,0.87967946948745079,0.88662784121541582,0.89310598487190684,0.86761069525975332,0.88571207490902693,0.88804928174155928
93.91756702681073,0.88140910863876343,0.8806755489911865,0.88676974668528452,0.89309621365778624,0.86430402239783344,0.88560827490872118,0.88804434924440789
93.957583033213282,0.88135582208633423,0.87735227656544046,0.88613896623773614,0.89303139385845631,0.87867333937829306,0.88455767490862491,0.88794983835723507
93.997599039615849,0.88129281997680664,0.90680032257232424,0.88577448205369869,0.89297466051826913,0.87508925649605751,0.88355667490851886,0.88787666751530014
94.037615046018402,0.88122981786727905,0.878208904938653,0.88557148205346903,0.89292513041180577,0.87952324869203191,0.8826057708780678,0.88780537088959921
94.077631052420969,0.88116681575775146,0.89150290292082002,0.88530158924202884,0.89287354738911406,0.87082855657325298,0.88179102079262772,0.88773392820319286
94.117647058823536,0.88110381364822388,0.88539878239725878,0.88525898924176782,0.89283382451878235,0.87734709878715578,0.88116008003941693,0.88766870521060237
94.157663065226089,0.88104081153869629,0.87155703151595554,0.88500020797528878,0.89276762950812127,0.87739728888065172,0.88052280829060514,0.88760384860572472
94.197679071628656,0.8809778094291687,0.87267566815741526,0.88494696277561746,0.89270497856209674,0.88239600861798306,0.87997893012885309,0.88754079929563479
94.237695078031209,0.88091480731964111,0.88235168739501058,0.88502752678519403,0.89264814791459668,0.87623799264305779,0.87940371443907805,0.88746967402205423
94.277711084433776,0.88085180521011353,0.8616124643999975,0.88496909341769692,0.89258512406031232,0.86993338125320507,0.87893673254182492,0.88740312941490462
94.317727090836328,0.88078886270523071,0.88173278595989313,0.88486409341740524,0.89251540693263665,0.86834533347223608,0.87847709694557241,0.88733225540793914
94.357743097238895,0.88072586059570313,0.89270812884436734,0.88520052895370238,0.89248540649692221,0.88340224286831992,0.87823750789669719,0.88727096502688318
94.397759103641462,0.88066285848617554,0.89445456805693535,0.88563192599842777,0.89245486668224561,0.87859437600424672,0.8781476324394929,0.88720896546189687
94.437775110044015,0.88059985637664795,0.86747074402476432,0.88587926901275593,0.89241754562723918,0.87530888264986606,0.87805400107972265,0.88714605099841182
94.477791116446582,0.88053685426712036,0.88467482333667136,0.88581963097408623,0.89236825667748487,0.8764673483185369,0.87778883261802543,0.8870783144359724
94.517807122849135,0.88047385215759277,0.87212864188162509,0.88568381546991104,0.89229789169736107,0.86777906344573619,0.87756546279055014,0.88701215158279334
94.557823129251702,0.88041085004806519,0.90925116256707794,0.88604149014669598,0.89225786616060498,0.88721870706996875,0.87741972782977218,0.88694820827768017
94.597839135654269,0.8803478479385376,0.88638123771325339,0.88624471094504087,0.89222639295723571,0.87241844347112307,0.87742936361021218,0.88689093687054754
94.637855142056821,0.88028484582901001,0.89270280027316196,0.88620331094472882,0.89216986271661725,0.88375226834305531,0.87736603929525947,0.88682925981093774
94.677871148459388,0.88022184371948242,0.86674024535406125,0.88586031094448603,0.89210034557046081,0.86312016505065636,0.87724036972330866,0.88676453203562422
94.717887154861941,0.88015884160995483,0.86220720560885411,0.88566461195738821,0.89203185564153786,0.87407625904163255,0.87706563016713401,0.88669710236245647
94.757903161264508,0.88009583950042725,0.87627402807163979,0.88566790288485298,0.89198314116955624,0.86926928207283416,0.87680402194907003,0.8866265757324242
94.797919167667061,0.88003283739089966,0.91301628253925315,0.88578429175999651,0.89194569700365356,0.88760569286178215,0.87657949707427218,0.88656136906098948
94.837935174069628,0.87996983528137207,0.88958716046858977,0.88620829930357226,0.89192319313981683,0.87779447880494887,0.87677063535108934,0.88650758168184252
94.877951180472195,0.87990683317184448,0.8842590131268141,0.886504773725448,0.89189910831486996,0.8805899958210518,0.87691587843555441,0.88644871767430555
94.917967186874748,0.87984383106231689,0.89186803115228053,0.8862909737251643,0.89183834074757118,0.86874127754314856,0.87679924572484469,0.88638150761550538
94.957983193277315,0.87978082895278931,0.86197735042367596,0.88612068689500478,0.89178100482749811,0.87210312391210298,0.87653961064849217,0.88631362368957078
94.997999199679867,0.87971782684326172,0.86981368045260887,0.88599412936585487,0.8917229838776054,0.86816130312941753,0.87625684056191921,0.88623919895277992
95.038015206082434,0.87970131635665894,0.86045767824706476,0.88618192936547124,0.89172660019203676,0.88703485470620513,0.87686789034222856,0.88622435827708945
95.078031212484987,0.87963539361953735,0.88598898221020173,0.88569871075807038,0.89161555818175475,0.87538137945158245,0.87659032602984566,0.88614976245969201
95.118047218887554,0.87956947088241577,0.88762709399224193,0.88566813012970402,0.8915244585152674,0.87018278923554193,0.87629938158403953,0.88608217266390121
95.158063225290121,0.87950354814529419,0.89002852359945472,0.88577974752854427,0.89145873050515567,0.86873973505800572,0.8760119815838302,0.88601396334420857
95.198079231692674,0.87943762540817261,0.86808867662875355,0.88581576669582995,0.89138583851901765,0.88499100256550867,0.87595832383388272,0.88595281887205501
95.238095238095241,0.87937164306640625,0.87150301918055539,0.88569660158879138,0.8913092337263343,0.87918437657140669,0.87592379940740961,0.88589342805591276
95.278111244497794,0.87930572032928467,0.86706595426899091,0.88552154254270465,0.89123042338115011,0.86379073080335711,0.8760249927821866,0.88583490553682098
95.318127250900361,0.87923979759216309,0.88827203276393119,0.88548530974098738,0.89115116886627022,0.8754888194744207,0.87590483883950376,0.88576719010624816
95.358143257302928,0.8791738748550415,0.89110701430103745,0.88569398800522814,0.89109079793379853,0.87031218000849075,0.87576795945581365,0.88570506744173361
95.39815926370548,0.87910795211791992,0.89219337675553723,0.88588706283380314,0.89103115181153125,0.86727840836416126,0.87554258932938267,0.88563595951207763
95.438175270108047,0.87904202938079834,0.86993587427865982,0.88591891219501917,0.89096408298220831,0.87874892115029524,0.87561231569514764,0.88557847924400579
95.4781912765106,0.87897610664367676,0.86928233713070735,0.88577271219471843,0.89088903786364082,0.87843235573789047,0.87572049300078314,0.88551840932981951
95.518207282913167,0.87891018390655518,0.85235594904093592,0.8856329121944132,0.89081516247392611,0.86146276476460837,0.87572967336536667,0.88545561308523546
95.55822328931572,0.87884426116943359,0.88948349553786665,0.88573994241571619,0.89074560990441032,0.87315711587551803,0.87552491919153752,0.88538846562210938
95.598239295718287,0.87877833843231201,0.89108164303586634,0.88595094241532757,0.89069112696805419,0.86731851297787665,0.87529057496134877,0.88532108416979893
95.638255302120854,0.87871235609054565,0.89502853994847997,0.88616314241493832,0.89064094218180156,0.8867004320619537,0.8751263430944809,0.88525467090664789
95.678271308523406,0.87864643335342407,0.87139953590566888,0.88613854241460221,0.89058204159580268,0.88014576009989609,0.87532021688065598,0.88520164288188696
95.718287314925973,0.87858051061630249,0.87385951924419547,0.88601456490475383,0.89051974685729018,0.88083709007567423,0.87549744377467742,0.88514700884717823
95.758303321328526,0.87851458787918091,0.84841153475808839,0.88589076490444041,0.89045783088041042,0.86077730809764352,0.87556486714121606,0.88508929111860202
95.798319327731093,0.87844866514205933,0.89030106790622154,0.88609576490405662,0.89040456192169337,0.87184564754594174,0.87540659021914369,0.88502747976826779
95.83833533413366,0.87838274240493774,0.89444705961569138,0.88631356490366442,0.89035834788854018,0.86732824249954732,0.8751607143358322,0.88496102657164133
95.878351340536213,0.87831681966781616,0.89133559789535977,0.88653264058015302,0.89031632083144763,0.88695808640717,0.87509352745217184,0.88490113597625975
95.91836734693878,0.87825089693069458,0.87187947062582738,0.88642747850613668,0.89025588784221588,0.88046588509339985,0.87520292745183115,0.88484473766698246
95.958383353341333,0.878184974193573,0.87083555508513422,0.88630367850582314,0.89019599252384374,0.87748271882702777,0.87533523665903812,0.88478814650540616
95.9983993597439,0.87811905145645142,0.88867155450044466,0.8862474785054939,0.89013572632560134,0.86987096993126922,0.87524882912952606,0.88472463962502368
96.038415366146452,0.87805306911468506,0.89056834419372843,0.88646687850510086,0.89009008146391266,0.86909557451520281,0.87506578344536268,0.88466385458164742
96.078431372549019,0.87798714637756348,0.8951652056895093,0.88668667850470784,0.89005162437236418,0.86526742302227888,0.87487150881399267,0.88459948214261741
96.118447378951586,0.87792122364044189,0.89789730947118418,0.8868998703287132,0.89001000254777907,0.88649652739133245,0.87496850881364707,0.88454694920934851
96.158463385354139,0.8779035210609436,0.88920283727040073,0.88673625010729151,0.88998924206373609,0.89724325868733557,0.87567230881314884,0.88455019192695838
96.198479391756706,0.87783533334732056,0.89006836677960421,0.88692765010691321,0.88992009580466136,0.90262196370698566,0.87658740411578817,0.88459505237380909
96.238495398159259,0.87776714563369751,0.89465626658744857,0.88712980626902338,0.88987175101764837,0.88343878790093633,0.8768009866289026,0.88457990599889258
96.278511404561826,0.87769901752471924,0.8713581789268815,0.88720040626867258,0.88981792857272846,0.87622998358558501,0.87583464745624151,0.88449713220008341
96.318527410964393,0.87763082981109619,0.87365654912282642,0.88706140626836716,0.88975298706764006,0.87610510161536159,0.87509984017070774,0.88441381519736073
96.358543417366946,0.87756264209747314,0.85864584293333979,0.88692454767903239,0.88968939696418614,0.86207085986902166,0.87446670448982444,0.88432745614804242
96.398559423769512,0.87749451398849487,0.89056374224586932,0.88699643643020609,0.88962919063142343,0.87377986458878887,0.87397538752631942,0.88423904149786825
96.438575430172065,0.87742632627487183,0.89171622742487233,0.88720423642981916,0.88958446520974077,0.86591188518025364,0.87343728204509308,0.8841514969562988
96.478591436574632,0.87735813856124878,0.89636037999010099,0.8874132364294316,0.88954449501272614,0.86242598740999887,0.87293102387576249,0.8840611301864677
96.518607442977185,0.87728995084762573,0.87012564407590653,0.88741508223632937,0.88949386364536775,0.87582656439436457,0.87262695280864933,0.88397662707426483
96.558623449379752,0.87722182273864746,0.87032909861283969,0.88728396963029255,0.88943763687447186,0.87244941182668445,0.87250979159601194,0.88390048480801375
96.598639455782319,0.87715363502502441,0.8504519536661358,0.8871527566204942,0.88937862283521107,0.86038700003013779,0.87218255128029831,0.883819716048166
96.638655462184872,0.87708544731140137,0.89064403412562332,0.88731815662012248,0.88933044993316901,0.86895829333748453,0.87202645114847943,0.88374216489368773
96.678671468587439,0.87701725959777832,0.8938937359375676,0.88753113591944133,0.88929128156428738,0.86471147578096608,0.87179811443716126,0.88366358895609387
96.718687474989991,0.87694913148880005,0.89623969996268793,0.88774441126912773,0.88925655826374672,0.86489307374336699,0.87155336745218848,0.88358542075349955
96.758703481392558,0.876880943775177,0.871994579874253,0.88767341126880406,0.88920587714615207,0.87819955913401559,0.8716764750514826,0.883521231425902
96.798719487795111,0.87681275606155396,0.87219022321021467,0.88754641126849243,0.88915264878225841,0.87706096779314746,0.87186774867404548,0.8834593842939763
96.838735494197678,0.87674462795257568,0.88837896749971212,0.88744316662412093,0.88909817494994781,0.88522154476802084,0.8719216904653625,0.88339525150039189
96.878751500600245,0.87667644023895264,0.89130332370839982,0.8876527197491344,0.88905883142310116,0.86889825506961471,0.87197002256976619,0.88333776476212511
96.918767507002798,0.87660825252532959,0.89471911950689409,0.88786338510347951,0.88902596159059877,0.86445542324724445,0.87191520508103504,0.88327745749051245
96.958783513405365,0.87654006481170654,0.87049137782682218,0.88805243448221916,0.88899282853089867,0.86934593171916608,0.87199371503502077,0.88322439615457005
96.998799519807918,0.87647193670272827,0.87195388896686643,0.88792133051127164,0.88894192291300167,0.87830717713590878,0.87232685283457834,0.8831794418283303
97.038815526210485,0.87640374898910522,0.87140619661967555,0.88778674017944592,0.88889202609445994,0.87735748089869448,0.87268540004678763,0.88313861331708421
97.078831532613052,0.87633556127548218,0.88917353012877098,0.88776055010016597,0.88884334343687688,0.89414060914874038,0.87292753424366398,0.88309779727459292
97.118847539015604,0.87626737356185913,0.89293992169180203,0.88796760206461745,0.88880855344187137,0.89789590788183804,0.8734334356601724,0.88308480094729191
97.158863545418171,0.87619924545288086,0.89568032109001261,0.88814326192440873,0.88877898617438911,0.86705166304815473,0.87364616490931901,0.88305232822700708
97.198879551820724,0.87613105773925781,0.87216388311391535,0.88821626855993874,0.888745519047766,0.87881993479322029,0.87400204599185316,0.88302458112435278
97.238895558223291,0.8760678768157959,0.90992522682456034,0.88851247298209679,0.88873098786417026,0.89607850442538983,0.87459226388754352,0.88303393749485826
97.278911564625844,0.87604665756225586,0.88982064877049882,0.88830192357362203,0.8886927480186535,0.87998279061191331,0.874932476035719,0.88301309170299458
97.318927571028411,0.8759835958480835,0.8950835816669539,0.88839516739259405,0.88865380446229891,0.86261885737921329,0.87484847229070695,0.88296684546945281
97.358943577430978,0.87592053413391113,0.87098523949444939,0.88834757980667423,0.88860980179897997,0.8765182503282527,0.87432099655882156,0.88288814462238252
97.39895958383353,0.87585747241973877,0.87040563627197176,0.88812619166129025,0.88855694098890814,0.87464715652356118,0.87405977406632906,0.88281763181683814
97.438975590236097,0.87579435110092163,0.85708336053124889,0.88790779783398277,0.88850287633660496,0.86023470928545198,0.87351415734863425,0.88274304074840282
97.47899159663865,0.87573128938674927,0.88965237491391036,0.88785501827573698,0.88845628468335336,0.87084077780169289,0.87310189033172436,0.88267103979820383
97.519007603041217,0.8756682276725769,0.89326702330147856,0.8879869163350449,0.88842216082776682,0.86571610821980838,0.87268530648805764,0.88260125925226629
97.559023609443784,0.87560516595840454,0.89650340368540948,0.88812441484673244,0.88839122718307784,0.86527050799256466,0.87241702120357034,0.88252948472220716
97.599039615846337,0.87554210424423218,0.87032582880778186,0.88801088025310693,0.88834540200875622,0.87526575239221638,0.87237686828673044,0.88246790356225735
97.639055622248904,0.87547898292541504,0.87439552506590179,0.88780868025282322,0.88829349765097343,0.87808440668546284,0.87249386828639131,0.88241007975532049
97.679071628651457,0.87541592121124268,0.84864750568976355,0.88760942828776679,0.88824181668637181,0.85932268528153555,0.87255419796277156,0.88235153149863033
97.719087635054024,0.87535285949707031,0.89113081121562521,0.88768860002642813,0.88820053532544008,0.87082618351918695,0.87255408135454393,0.88229650600699905
97.759103641456576,0.87528979778289795,0.89431426919917512,0.88784271025812078,0.8881680316745949,0.86563750080387203,0.87243021381214003,0.88223931866467098
97.799119647859143,0.87522673606872559,0.89586936426391306,0.88799524976327571,0.88813889555323033,0.88262512698805562,0.87239959838473424,0.88218832466736452
97.83913565426171,0.87516367435455322,0.87139668996422959,0.88783970481251095,0.88809102236446857,0.87777068893793719,0.87263286975828513,0.88214674548892691
97.879151660664263,0.87510055303573608,0.87114164516971682,0.88765338128630167,0.8880442849413166,0.87781168344692739,0.87294118682378008,0.88210646444158591
97.91916766706683,0.87503749132156372,0.88699711155109506,0.88747385569865878,0.88799503528543888,0.89248172570390116,0.87312279640695756,0.8820663365946142
97.959183673469383,0.87497442960739136,0.89222080678685589,0.88761023551597518,0.88796430711755314,0.86994951802085385,0.87326655222117322,0.88203368579464037
97.99919967987195,0.87491136789321899,0.89487346641601395,0.88775483551560486,0.8879398854985866,0.86745181929003434,0.8732825275949978,0.88199267828397665
98.039215686274517,0.87484830617904663,0.87151912599806258,0.88784292435694723,0.88791554770862979,0.87934645616411466,0.87351707913748344,0.88196212021052955
98.07923169267707,0.87478518486022949,0.87299277869608172,0.88765072435665315,0.88787396774490135,0.87881210371480256,0.8739072613156228,0.88193581549574096
98.119247699079637,0.87472212314605713,0.87149738784962238,0.88745435122425242,0.88783360681346524,0.87709033433721428,0.87429637658031012,0.88190945315371083
98.159263705482189,0.87465906143188477,0.89008223317512725,0.88734069116724523,0.88779171744934748,0.89642651280416907,0.87456114853970079,0.8818839197051499
98.199279711884756,0.8745959997177124,0.89243915710238597,0.88748090279185654,0.88776424589897485,0.86728232390337012,0.875019348539266,0.88188967412402819
98.239295718287309,0.87453293800354004,0.89472862616234006,0.88762423713322969,0.88773832873379532,0.86564491659782827,0.87487584692727938,0.88183958107806015
98.279311724689876,0.87446987628936768,0.87200208831549697,0.88763031662599212,0.88770545992056171,0.87867215285125999,0.87507884692690419,0.88180560724352453
98.319327731092443,0.87440675497055054,0.87247802660725149,0.88743448924888213,0.88766044232451757,0.87839361563026297,0.87550457957946914,0.88178093933096868
98.359343737494996,0.87435853481292725,0.9164510310966939,0.88808699464011021,0.88769137912760143,0.88040003284306823,0.87606597957900689,0.88180485643091877
98.399359743897563,0.87435853481292725,0.88757871298777469,0.88754056852416641,0.88761461873621306,0.84855809675368576,0.87584320213024802,0.88177300531203162
98.439375750300115,0.87435853481292725,0.90951383690672571,0.88847347140961963,0.88769778588234804,0.91589730276301795,0.87625380212981363,0.88181574060007195
98.479391756702682,0.87435853481292725,0.90650004547451113,0.88963367140900895,0.88781756248356436,0.91782712965584301,0.87741400212920295,0.88201182615506979
98.519407763105235,0.87435853481292725,0.90523457036517552,0.89079387140839827,0.88793020612201068,0.91903720925044952,0.87857420212859227,0.88222615992498798
98.559423769507802,0.87435853481292725,0.9074903725434228,0.8919540714077876,0.88803934129305273,0.91289467745330477,0.8797344021279816,0.88242903424232622
98.599439775910369,0.87435853481292725,0.90647091998871798,0.89311427140717692,0.88815241802977385,0.91130129030068729,0.88089460212737092,0.88257608999872572
98.639455782312922,0.87435853481292725,0.88837351782461571,0.89417267140658985,0.88824979242843261,0.91450710836480198,0.88205500212676013,0.88275313353708296
98.679471788715489,0.87435853481292725,0.87311618356104304,0.89301247140651552,0.88816147349394725,0.91899585878334933,0.88321520212614946,0.88294648107286611
98.719487795118042,0.87435853481292725,0.87404729082724009,0.89185227140644086,0.8880553260944154,0.90604817916748037,0.8843746021255392,0.88314222233479445
98.759503801520609,0.87435853481292725,0.88192382734799557,0.89069680440341281,0.88800304512302086,0.89955117241922655,0.88553480212492852,0.88326761416512267
98.799519807923176,0.87435853481292725,0.88072368778787158,0.88953660440333848,0.88795526135305847,0.88388830366738891,0.88651275376416128,0.88333912757210975
98.839535814325728,0.87435853481292725,0.88032071459046357,0.8888556044031839,0.88793801806482064,0.90370769526853356,0.8871148948494908,0.88338475770240299
98.879551820728295,0.87435853481292725,0.8944115156236736,0.88944251580554057,0.88797869479193547,0.91379293774363846,0.88821989484890929,0.88354247223801718
98.919567827130848,0.87435853481292725,0.8994909155732701,0.89060151580493052,0.88805514629930671,0.90173355159102597,0.8893764948483005,0.88369210484081728
98.959583833533415,0.87435853481292725,0.90637821496013327,0.89176171580431984,0.88817088068397076,0.89561635214603585,0.8905222948476974,0.88379930819574781
98.999599839935968,0.87435853481292725,0.90429213988516688,0.89292211580370906,0.88831943281584147,0.89383187481475346,0.89162117573335009,0.88387372845365242
99.039615846338535,0.87435853481292725,0.9088771331996266,0.89390911580316179,0.88843287258903214,0.90868309974966643,0.89221017573287908,0.88397845817391851
99.079631852741102,0.87435853481292725,0.88197983789759771,0.89444651580269641,0.88850946138559994,0.90447098810886328,0.89336797573226967,0.8841178117114058
99.119647859143655,0.87435853481292725,0.90343714641448325,0.89555151580210302,0.88858941230098876,0.90470675103032072,0.89452817573165899,0.88423420147900822
99.159663865546221,0.87435853481292725,0.88092696066896825,0.89466100203111576,0.88856612770985699,0.92008698904289743,0.89568837573104831,0.88441052230959827
99.199679871948774,0.87435853481292725,0.85869046971718488,0.89350080203104143,0.88848655181659209,0.89089172015332774,0.89622682248760188,0.88453386203644557
99.239695878351341,0.87435853481292725,0.88094082706449139,0.89234980203096603,0.88841758710806762,0.91126272817211473,0.89730462248701826,0.88469778322760484
99.279711884753908,0.87435853481292725,0.90352894316388521,0.89284052608680975,0.88846779546246246,0.91949781904466055,0.89813962248649548,0.88486096884875154
99.319727891156461,0.87435853481292725,0.90558710379196872,0.89392972608621979,0.88855069252899421,0.9104859089236087,0.89874804253749696,0.88497710815893915
99.359743897559028,0.87435853481292725,0.90798514249023277,0.89508992608560911,0.88866658570831436,0.91040350462116681,0.89990824253688628,0.88512401216429781
99.399759903961581,0.87435853481292725,0.88891097689301435,0.89572653046238504,0.88876644715435693,0.91356120901409332,0.90034110509431753,0.88521570733940158
99.439775910364148,0.87435853481292725,0.90894973498230014,0.89659535554244751,0.88886164252985267,0.91056125339020433,0.90150130509370685,0.88536489618035652
99.4797919167667,0.87435853481292725,0.89703844067598748,0.89748279522417596,0.88894190412044072,0.91268507745292504,0.90266150509309617,0.88551292972978823
99.519807923169267,0.87435853481292725,0.88064388032368168,0.89655296111752103,0.88891516044235042,0.91147517583737359,0.90382170509248549,0.88566137241693588
99.559823929571834,0.87435853481292725,0.88283416529688075,0.8953927611174467,0.88887583069947851,0.91018310722478679,0.90498190509187482,0.88581052043014408
99.599839935974387,0.87435853481292725,0.87917464791768529,0.89423256111737237,0.88883849154803229,0.91028099570500942,0.90614170509126435,0.88595780614620756
99.639855942376954,0.87435853481292725,0.86515965792026117,0.89326301817787201,0.88877269151344651,0.90618575697695691,0.9066215937407035,0.88608316093968387
99.679871948779507,0.87435853481292725,0.9069621173707425,0.89401234899805426,0.88883375908891149,0.91176468843342595,0.90707699884653636,0.8862105225078486
99.719887955182074,0.87435853481292725,0.91058027777115069,0.89517254899744358,0.88894220844298322,0.90912454713229462,0.90779216704012422,0.88634671856377789
99.759903961584641,0.87435853481292725,0.91335501012246878,0.89633274899683291,0.88906700288124541,0.91101260827355801,0.9085274186145984,0.88648333819585567
99.799919967987194,0.87435853481292725,0.9150438644348512,0.89749294899622223,0.88922437627924811,0.90882251667604419,0.90934277174219047,0.88661996304569912
99.839935974389761,0.87435853481292725,0.91726563641971848,0.89865314899561155,0.88937984594069175,0.91291751809869004,0.90988248935335492,0.88675652078638711
99.879951980792313,0.87435853481292725,0.91596522283782023,0.89981334899500087,0.88953433964387196,0.91126545718429064,0.91032651493962646,0.88689690819494238
99.91996798719488,0.87435853481292725,0.90998359890003766,0.90097354899439019,0.88967303516243024,0.91672686313814089,0.91126328330104123,0.88704979797356265
99.959983993597433,0.87435853481292725,0.90841736227732484,0.90195734899386126,0.88977115981094224,0.91557788968573406,0.91242108330043181,0.88722740837830893
100,0.87435853481292725,0.89170339041242297,0.90207549364387918,0.88984694357362482,0.91395644116878605,0.91296164154188786,0.88738313572385197
