ProgressPercent,Reference,BaseFiltered,PrunedFiltered,QuantizedFiltered
0,1,1,1,1
0.040015205916207844,0.99991309642791748,1.0003862380981445,0.99896222352981567,1.0001929998397827
0.080030411832415688,0.99975556135177612,1.0017693042755127,0.99791443347930908,1.0010055303573608
0.12004561774862352,0.99959796667098999,1.0031523704528809,0.99686670303344727,1.0000452995300293
0.16006082366483138,0.99944037199020386,1.0043375492095947,0.99581891298294067,0.99900180101394653
0.20008292756516544,0.99928277730941772,1.0053272247314453,0.99480438232421875,0.99795383214950562
0.24009813348137327,0.99912524223327637,1.006492018699646,0.99375659227371216,0.99690604209899902
0.2801133393975811,0.99896764755249023,1.0075318813323975,0.99270880222320557,0.99585825204849243
0.32012854531378893,0.9988100528717041,1.0083410739898682,0.99166101217269897,0.99481087923049927
0.36014375122999681,0.99865251779556274,1.0091462135314941,0.99061322212219238,0.99376308917999268
0.40015895714620464,0.99849492311477661,1.0098311901092529,0.98956549167633057,0.99271613359451294
0.44017416306241247,0.99833738803863525,1.0104107856750488,0.98851770162582397,0.99166905879974365
0.4801893689786203,0.99817979335784912,1.0108252763748169,0.98746991157531738,0.99062210321426392
0.52021147287895442,0.99802219867706299,1.0108816623687744,0.98694413900375366,0.98957693576812744
0.56022667879516219,0.99786460399627686,1.0108458995819092,0.98670411109924316,0.98853397369384766
0.60024188471137008,0.9977070689201355,1.0107718706130981,0.98683065176010132,0.98750615119934082
0.64025709062757785,0.99754947423934937,1.010967493057251,0.9869389533996582,0.98651987314224243
0.68027229654378574,0.99739193916320801,1.0110898017883301,0.9867139458656311,0.98567312955856323
0.72028750245999362,0.99723434448242188,1.0110599994659424,0.98640477657318115,0.9849279522895813
0.7603027083762014,0.99707674980163574,1.0108488798141479,0.98626625537872314,0.984444260597229
0.80031791429240928,0.99691921472549438,1.0106475353240967,0.98644280433654785,0.98406225442886353
0.84033312020861717,0.99676162004470825,1.010470986366272,0.98666250705718994,0.98388850688934326
0.88035522410895117,0.99660402536392212,1.0104544162750244,0.9869341254234314,0.98401230573654175
0.92037043002515906,0.99644643068313599,1.0104799270629883,0.9863274097442627,0.98396408557891846
0.96038563594136683,0.99628889560699463,1.0103399753570557,0.9855840802192688,0.98374325037002563
1.0004008418575747,0.9961313009262085,1.0101311206817627,0.98485147953033447,0.98379331827163696
1.0404160477737825,0.99597376585006714,1.0091708898544312,0.98409682512283325,0.98367786407470703
1.0804312536899905,0.99581617116928101,1.0082106590270996,0.98333495855331421,0.98376822471618652
1.1204464596061983,0.9957282543182373,1.0072498321533203,0.98343515396118164,0.98294222354888916
1.160461665522406,0.99565553665161133,1.0062893629074097,0.9835364818572998,0.98191177845001221
1.2004768714386138,0.99554300308227539,1.0053291320800781,0.98326408863067627,0.98144263029098511
1.2404989753389479,0.99543052911758423,1.0043685436248779,0.98319828510284424,0.98091018199920654
1.2805141812551557,0.99531799554824829,1.0034077167510986,0.98309600353240967,0.98036384582519531
1.3205293871713637,0.99520552158355713,1.0024474859237671,0.98259860277175903,0.9794420599937439
1.3605445930875715,0.99509298801422119,1.0014872550964355,0.98193967342376709,0.97849380970001221
1.4005597990037792,0.99498051404953003,1.0005264282226563,0.98136460781097412,0.97769355773925781
1.4405750049199872,0.99486798048019409,0.99952685832977295,0.98076039552688599,0.97684574127197266
1.480590210836195,0.99475550651550293,0.99847906827926636,0.98028606176376343,0.9763340950012207
1.5206054167524028,0.99464297294616699,0.99743139743804932,0.98010456562042236,0.97582298517227173
1.5606275206527369,0.99453049898147583,0.99638533592224121,0.97976982593536377,0.97529667615890503
1.6006427265689447,0.99441796541213989,0.99534893035888672,0.97932112216949463,0.97471171617507935
1.6406579324851527,0.99430549144744873,0.99433457851409912,0.97901231050491333,0.97436898946762085
1.6806731384013605,0.99419295787811279,0.99330800771713257,0.97874277830123901,0.97417503595352173
1.7206883443175682,0.99408048391342163,0.9922863245010376,0.97876638174057007,0.97416919469833374
1.7607035502337762,0.99396795034408569,0.99126791954040527,0.97890496253967285,0.97387778759002686
1.800718756149984,0.99385547637939453,0.99026381969451904,0.97866928577423096,0.97354096174240112
1.8407339620661918,0.99374294281005859,0.98926544189453125,0.97853028774261475,0.97328031063079834
1.8807491679823996,0.99363046884536743,0.98839277029037476,0.97832739353179932,0.97312504053115845
1.9207712718827337,0.99351793527603149,0.98749059438705444,0.97822010517120361,0.97314959764480591
1.9607864777989417,0.99340546131134033,0.98658668994903564,0.97837799787521362,0.97307068109512329
2.0008016837151494,0.99329292774200439,0.9857633113861084,0.97851794958114624,0.97281926870346069
2.0408168896313574,0.99318045377731323,0.9857257604598999,0.9782370924949646,0.97259730100631714
2.080832095547565,0.99306792020797729,0.98696058988571167,0.97810280323028564,0.9726099967956543
2.120847301463773,0.99295544624328613,0.98819541931152344,0.97808456420898438,0.97251737117767334
2.160862507379981,0.9928429126739502,0.98939222097396851,0.97819012403488159,0.97267526388168335
2.2008777132961885,0.99273043870925903,0.99035656452178955,0.97842180728912354,0.97265762090682983
2.2408929192123965,0.99267899990081787,0.99125951528549194,0.97869038581848145,0.97258782386779785
2.2809150231127306,0.99260538816452026,0.99200344085693359,0.97890615463256836,0.9716915488243103
2.3209302290289382,0.99250715970993042,0.99174690246582031,0.97833144664764404,0.97184312343597412
2.3609454349451462,0.99240893125534058,0.99155455827713013,0.97811228036880493,0.9719928503036499
2.4009606408613542,0.99231070280075073,0.99145412445068359,0.97814261913299561,0.9722893238067627
2.4409758467775617,0.99221253395080566,0.99143236875534058,0.97796803712844849,0.97243273258209229
2.4809910526937697,0.99211430549621582,0.99109667539596558,0.97791898250579834,0.9728008508682251
2.5210062586099777,0.99201607704162598,0.9907381534576416,0.97800803184509277,0.97313696146011353
2.5610214645261853,0.99191790819168091,0.99030792713165283,0.97801905870437622,0.97359275817871094
2.6010435684265194,0.99181967973709106,0.98982125520706177,0.9781343936920166,0.97398483753204346
2.6410587743427274,0.99172145128250122,0.98910731077194214,0.97808623313903809,0.9740678071975708
2.681073980258935,0.99162322282791138,0.98843824863433838,0.97778189182281494,0.97407341003417969
2.7210891861751429,0.99152505397796631,0.98793339729309082,0.97764217853546143,0.97413337230682373
2.7611043920913509,0.99142682552337646,0.98760354518890381,0.97755914926528931,0.97428524494171143
2.8011195980075585,0.99132859706878662,0.98750853538513184,0.9776265025138855,0.97444832324981689
2.8411348039237665,0.99123042821884155,0.98755383491516113,0.97780543565750122,0.9743502140045166
2.8811500098399745,0.99113219976425171,0.98754137754440308,0.97768092155456543,0.97399836778640747
2.921165215756182,0.99103397130966187,0.98753058910369873,0.97762519121170044,0.9738655686378479
2.9611873196565162,0.99093574285507202,0.98748606443405151,0.97764432430267334,0.97369110584259033
3.0012025255727242,0.99083757400512695,0.98756217956542969,0.97779315710067749,0.97378396987915039
3.0412177314889322,0.99073934555053711,0.98781371116638184,0.97805917263031006,0.97384470701217651
3.0812329374051397,0.99064111709594727,0.98803001642227173,0.97839277982711792,0.97364288568496704
3.1212481433213477,0.99054288864135742,0.98829150199890137,0.97843784093856812,0.97343915700912476
3.1612633492375553,0.99044471979141235,0.98813611268997192,0.97850555181503296,0.97336661815643311
3.2012785551537633,0.99034649133682251,0.98772412538528442,0.97862428426742554,0.97320139408111572
3.2412937610699712,0.99024826288223267,0.98767542839050293,0.97885429859161377,0.97328430414199829
3.2813158649703054,0.99015003442764282,0.98801612854003906,0.979209303855896,0.97325634956359863
3.3213310708865129,0.99005186557769775,0.9880143404006958,0.97950214147567749,0.97303366661071777
3.3613462768027209,0.99001699686050415,0.9878728985786438,0.97983741760253906,0.97295212745666504
3.4013614827189289,0.98990756273269653,0.9876599907875061,0.97971183061599731,0.97229760885238647
3.4413766886351365,0.98977947235107422,0.98734241724014282,0.97922831773757935,0.97244423627853394
3.4813918945513445,0.9896513819694519,0.9868963360786438,0.97916388511657715,0.9724583625793457
3.5214071004675525,0.98952329158782959,0.98652327060699463,0.97879266738891602,0.97258639335632324
3.56142230638376,0.98939520120620728,0.98630976676940918,0.97862702608108521,0.97239428758621216
3.601437512299968,0.98926711082458496,0.98619949817657471,0.97873973846435547,0.97226190567016602
3.6414596162003021,0.98913902044296265,0.98637938499450684,0.97903144359588623,0.972389817237854
3.6814748221165097,0.98901093006134033,0.98667711019515991,0.97941088676452637,0.97251039743423462
3.7214900280327177,0.98888283967971802,0.98696130514144897,0.97974586486816406,0.97237539291381836
3.7615052339489257,0.98875468969345093,0.98698174953460693,0.97980725765228271,0.97215479612350464
3.8015204398651332,0.98862659931182861,0.98702239990234375,0.97981560230255127,0.97193711996078491
3.8415356457813412,0.9884985089302063,0.98694735765457153,0.9799463152885437,0.97186601161956787
3.8815508516975492,0.98837041854858398,0.9870179295539856,0.98029690980911255,0.97149062156677246
3.9215660576137568,0.98824232816696167,0.98719477653503418,0.98057311773300171,0.97044283151626587
3.9615812635299648,0.98811423778533936,0.98735827207565308,0.98041588068008423,0.96939510107040405
4.0016033674302989,0.98798614740371704,0.9872625470161438,0.98035436868667603,0.96834713220596313
4.0416185733465069,0.98785805702209473,0.98722624778747559,0.98023700714111328,0.96729934215545654
4.0816337792627149,0.98772996664047241,0.98710685968399048,0.98031961917877197,0.96625155210494995
4.121648985178922,0.9876018762588501,0.98722338676452637,0.98050814867019653,0.96520376205444336
4.16166419109513,0.98747378587722778,0.98743313550949097,0.9806588888168335,0.96415603160858154
4.201679397011338,0.98734569549560547,0.98748660087585449,0.98066991567611694,0.96310824155807495
4.241694602927546,0.98721760511398315,0.98755335807800293,0.98070406913757324,0.96206045150756836
4.281709808843754,0.98708951473236084,0.98742622137069702,0.98082387447357178,0.96101266145706177
4.3217319127440881,0.98696136474609375,0.98724305629730225,0.98111897706985474,0.96006929874420166
4.3617471186602952,0.98683327436447144,0.98733305931091309,0.98134130239486694,0.9596218466758728
4.4017623245765032,0.98670518398284912,0.98742324113845825,0.98142546415328979,0.95914888381958008
4.4417775304927112,0.98657709360122681,0.98737525939941406,0.98111623525619507,0.95852470397949219
4.4817927364089192,0.98654556274414063,0.98704808950424194,0.98165124654769897,0.95862722396850586
4.5218079423251272,0.98653477430343628,0.98662382364273071,0.98139798641204834,0.95877498388290405
4.5618231482413352,0.98652362823486328,0.9874001145362854,0.98259282112121582,0.96000993251800537
4.6018383541575423,0.98651254177093506,0.98834657669067383,0.98382735252380371,0.96124464273452759
4.6418535600737503,0.98650139570236206,0.98754042387008667,0.98506218194961548,0.96246844530105591
4.6818756639740844,0.98649024963378906,0.98662155866622925,0.98629724979400635,0.96269822120666504
4.7218908698902924,0.98647910356521606,0.98559266328811646,0.98753225803375244,0.9617418646812439
4.7619060758065004,0.98646795749664307,0.98454684019088745,0.98876696825027466,0.9608004093170166
4.8019212817227084,0.98645681142807007,0.98349905014038086,0.98998057842254639,0.96020984649658203
4.8419364876389155,0.98644566535949707,0.98245334625244141,0.99000322818756104,0.96144461631774902
4.8819516935551235,0.98643451929092407,0.98203426599502563,0.99046766757965088,0.96267843246459961
4.9219668994713315,0.98642337322235107,0.9823877215385437,0.98941987752914429,0.96335655450820923
4.9619821053875395,0.98641222715377808,0.98143744468688965,0.98837363719940186,0.96288955211639404
5.0020042092878736,0.98640108108520508,0.98058754205703735,0.98893958330154419,0.96408146619796753
5.0420194152040816,0.98638993501663208,0.98085647821426392,0.99017447233200073,0.96531635522842407
5.0820346211202896,0.98637878894805908,0.9815095067024231,0.99140948057174683,0.9665258526802063
5.1220498270364967,0.98636764287948608,0.98256731033325195,0.99264419078826904,0.96758526563644409
5.1620650329527047,0.98635655641555786,0.98363810777664185,0.99387913942337036,0.96865499019622803
5.2020802388689127,0.98634541034698486,0.98461359739303589,0.99466395378112793,0.96963244676589966
5.2420954447851207,0.98633426427841187,0.98583918809890747,0.99589866399765015,0.97085815668106079
5.2821106507013287,0.98632311820983887,0.98562657833099365,0.99618512392044067,0.97197717428207397
5.3221258566175367,0.98631197214126587,0.98503643274307251,0.99604779481887817,0.97321218252182007
5.3621479605178699,0.98630082607269287,0.98406320810317993,0.99728304147720337,0.97444039583206177
5.4021631664340779,0.98628968000411987,0.98397475481033325,0.99678170680999756,0.97388565540313721
5.4421783723502859,0.98627853393554688,0.9840247631072998,0.9957352876663208,0.97358030080795288
5.4821935782664939,0.98626738786697388,0.98297733068466187,0.99470585584640503,0.97481441497802734
5.5222087841827019,0.98625624179840088,0.98243719339370728,0.99472129344940186,0.97577768564224243
5.5622239900989099,0.98624509572982788,0.98306912183761597,0.99367350339889526,0.97663730382919312
5.602239196015117,0.98623394966125488,0.98296487331390381,0.99262571334838867,0.97628504037857056
5.642254401931325,0.98622280359268188,0.9819180965423584,0.99157792329788208,0.97523725032806396
5.682269607847533,0.98621171712875366,0.98087030649185181,0.99053013324737549,0.97418946027755737
5.7222917117478671,0.98620057106018066,0.97982239723205566,0.99025982618331909,0.97314149141311646
5.7623069176640751,0.98618942499160767,0.97877460718154907,0.99094212055206299,0.97342014312744141
5.8023221235802831,0.98617827892303467,0.97779238224029541,0.99208933115005493,0.97465503215789795
5.8423373294964902,0.98616713285446167,0.97888392210006714,0.99264943599700928,0.97582840919494629
5.8823525354126982,0.98615598678588867,0.98011869192123413,0.99388414621353149,0.97618740797042847
5.9223677413289062,0.98614484071731567,0.98135370016098022,0.99511915445327759,0.97616451978683472
5.9623829472451142,0.98613369464874268,0.98258852958679199,0.99635404348373413,0.97622102499008179
6.0023981531613222,0.98612254858016968,0.98382335901260376,0.99758881330490112,0.97634142637252808
6.0424202570616563,0.98611140251159668,0.98505860567092896,0.99875783920288086,0.97655445337295532
6.0824354629778643,0.98610025644302368,0.98629331588745117,0.99889165163040161,0.97628688812255859
6.1224506688940714,0.98608911037445068,0.98683565855026245,0.99874407052993774,0.97601723670959473
6.1624658748102794,0.98607796430587769,0.98582476377487183,0.99871492385864258,0.97498446702957153
6.2024810807264874,0.98606681823730469,0.98508733510971069,0.99871820211410522,0.97426605224609375
6.2424962866426954,0.98605573177337646,0.98426443338394165,0.99767041206359863,0.97382694482803345
6.2825114925589034,0.98604458570480347,0.98389387130737305,0.99662268161773682,0.97326767444610596
6.3225266984751105,0.98603343963623047,0.98411476612091064,0.99557489156723022,0.97274214029312134
6.3625419043913185,0.98602229356765747,0.98428630828857422,0.99498623609542847,0.97215920686721802
6.4025640082916526,0.98601114749908447,0.98431485891342163,0.99425464868545532,0.97177654504776001
6.4425792142078606,0.98600000143051147,0.9842221736907959,0.99351280927658081,0.97154945135116577
6.4825944201240686,0.98598885536193848,0.98413902521133423,0.99279546737670898,0.97131478786468506
6.5226096260402766,0.98597770929336548,0.98432940244674683,0.99214696884155273,0.97096240520477295
6.5626248319564846,0.98596656322479248,0.98441743850708008,0.99123179912567139,0.97061920166015625
6.6026400378726917,0.98595541715621948,0.9845200777053833,0.99031710624694824,0.9702945351600647
6.6426552437888997,0.98594427108764648,0.98445409536361694,0.98940372467041016,0.97002637386322021
6.6826704497051077,0.98593312501907349,0.9842371940612793,0.98848968744277954,0.96999144554138184
6.7226856556213157,0.98592197895050049,0.98415124416351318,0.98758137226104736,0.96995753049850464
6.7627077595216498,0.98591083288192749,0.98427951335906982,0.98681199550628662,0.96961653232574463
6.8027229654378578,0.98589974641799927,0.98432183265686035,0.98592245578765869,0.96930378675460815
6.8427381713540649,0.98588860034942627,0.98430442810058594,0.9850504994392395,0.96908557415008545
6.8827533772702729,0.98587745428085327,0.98418062925338745,0.98418062925338745,0.96880966424942017
6.9227685831864809,0.98586630821228027,0.98399370908737183,0.983379065990448,0.96885186433792114
6.9627837891026889,0.98585516214370728,0.98393541574478149,0.98282432556152344,0.96887469291687012
7.0027989950188969,0.98584401607513428,0.98396629095077515,0.98228812217712402,0.96859294176101685
7.0428142009351049,0.98583287000656128,0.98406869173049927,0.98163580894470215,0.96832418441772461
7.082836304835439,0.98582172393798828,0.98412919044494629,0.98102229833602905,0.96815764904022217
7.1228515107516461,0.98581057786941528,0.98393714427947998,0.98040640354156494,0.96801555156707764
7.1628667166678541,0.98579943180084229,0.98376530408859253,0.97991776466369629,0.96810793876647949
7.2028819225840621,0.98578828573226929,0.98374837636947632,0.97976404428482056,0.96809965372085571
7.2428971285002701,0.98577713966369629,0.98371374607086182,0.97945165634155273,0.96787798404693604
7.2829123344164781,0.98577350378036499,0.98301398754119873,0.97966593503952026,0.96785330772399902
7.3229275403326852,0.98564887046813965,0.982879638671875,0.97943568229675293,0.96843963861465454
7.3629427462488932,0.98550856113433838,0.9826894998550415,0.97912222146987915,0.96952915191650391
7.4029579521651012,0.98536825180053711,0.98247915506362915,0.97886580228805542,0.9701419472694397
7.4429800560654353,0.98522788286209106,0.98236727714538574,0.97843879461288452,0.97037088871002197
7.4829952619816433,0.98508757352828979,0.98232448101043701,0.97804838418960571,0.97074699401855469
7.5230104678978513,0.98494726419448853,0.98226040601730347,0.97780823707580566,0.97103339433670044
7.5630256738140593,0.98480695486068726,0.9824032187461853,0.97772610187530518,0.97142630815505981
7.6030408797302664,0.98466670513153076,0.98274224996566772,0.9777950644493103,0.97177249193191528
7.6430560856464744,0.98452639579772949,0.98306554555892944,0.97780239582061768,0.97176361083984375
7.6830712915626824,0.98438608646392822,0.98305267095565796,0.97761797904968262,0.97179383039474487
7.7230864974788904,0.98424577713012695,0.98304218053817749,0.9774324893951416,0.97183948755264282
7.7631086013792245,0.98410540819168091,0.98285698890686035,0.97734582424163818,0.97201430797576904
7.8031238072954325,0.98396509885787964,0.98283439874649048,0.97748082876205444,0.97219723463058472
7.8431390132116396,0.98382478952407837,0.98305445909500122,0.97768479585647583,0.9722321629524231
7.8831542191278476,0.98368453979492188,0.98319017887115479,0.97764885425567627,0.97202861309051514
7.9231694250440556,0.98354423046112061,0.98318392038345337,0.97747719287872314,0.9718550443649292
7.9631846309602636,0.98340392112731934,0.98311591148376465,0.97731024026870728,0.97156590223312378
8.0031998368764707,0.98326361179351807,0.98297548294067383,0.97739380598068237,0.9715544581413269
8.0432150427926796,0.9831233024597168,0.9829675555229187,0.9776117205619812,0.97161608934402466
8.0832302487088867,0.98298299312591553,0.98308736085891724,0.97783404588699341,0.97143763303756714
8.1232523526092208,0.98284262418746948,0.98313808441162109,0.97767281532287598,0.97110295295715332
8.1632675585254297,0.98270237445831299,0.98319154977798462,0.97758275270462036,0.97093862295150757
8.2032827644416368,0.98256206512451172,0.98306059837341309,0.97740644216537476,0.9705929160118103
8.243297970357844,0.98242175579071045,0.98294574022293091,0.97750949859619141,0.97037285566329956
8.2833131762740528,0.98228144645690918,0.98289769887924194,0.97772836685180664,0.97035139799118042
8.3233283821902599,0.98214113712310791,0.98294264078140259,0.97783082723617554,0.9700922966003418
8.3633435881064688,0.98200082778930664,0.98278075456619263,0.97768419981002808,0.969837486743927
8.4033587940226759,0.98197066783905029,0.98210793733596802,0.97818338871002197,0.96953392028808594
8.443373999938883,0.98186182975769043,0.98221343755722046,0.97753405570983887,0.97011423110961914
8.4833961038392172,0.98175293207168579,0.98193192481994629,0.97779262065887451,0.969257652759552
8.523411309755426,0.98164409399032593,0.98166948556900024,0.9776381254196167,0.96875470876693726
8.5634265156716332,0.98153525590896606,0.98157906532287598,0.97752028703689575,0.96927803754806519
8.603441721587842,0.98142635822296143,0.98144251108169556,0.9774596095085144,0.96991139650344849
8.6434569275040491,0.98131752014160156,0.98154306411743164,0.97756826877593994,0.97049736976623535
8.6834721334202563,0.9812086820602417,0.98188185691833496,0.97770941257476807,0.97105854749679565
8.7234873393364651,0.98109984397888184,0.98213905096054077,0.97774642705917358,0.97133892774581909
8.7635025452526722,0.9809909462928772,0.98224890232086182,0.97752273082733154,0.97155618667602539
8.8035246491530064,0.98088210821151733,0.98239684104919434,0.97741138935089111,0.97190767526626587
8.8435398550692152,0.9807732105255127,0.98220735788345337,0.97752737998962402,0.97232836484909058
8.8835550609854224,0.98066437244415283,0.98209118843078613,0.97761207818984985,0.97277981042861938
8.9235702669016312,0.98055553436279297,0.98226422071456909,0.97778457403182983,0.97317951917648315
8.9635854728178384,0.98044663667678833,0.98238116502761841,0.97772914171218872,0.97319126129150391
9.0036006787340455,0.98033779859542847,0.98239368200302124,0.97759640216827393,0.97316795587539673
9.0436158846502543,0.9802289605140686,0.9823756217956543,0.9774019718170166,0.97331130504608154
9.0836310905664615,0.98012006282806396,0.98221230506896973,0.97748512029647827,0.97343665361404419
9.1236462964826703,0.9800112247467041,0.98215216398239136,0.97770118713378906,0.97355169057846069
9.1636684003830045,0.97990238666534424,0.98231202363967896,0.97786909341812134,0.97343087196350098
9.2036836062992116,0.9797934889793396,0.98238396644592285,0.97778832912445068,0.97292971611022949
9.2436988122154187,0.97968465089797974,0.98240101337432861,0.97767859697341919,0.97224968671798706
9.2837140181316276,0.97957581281661987,0.98224449157714844,0.97759872674942017,0.9713294506072998
9.3237292240478347,0.97946691513061523,0.98209464550018311,0.97766977548599243,0.97028166055679321
9.3637444299640435,0.97935807704925537,0.98187547922134399,0.97789466381072998,0.96923387050628662
9.4037596358802507,0.97924923896789551,0.98155820369720459,0.97811353206634521,0.96819025278091431
9.4437748417964578,0.97914034128189087,0.98157483339309692,0.97798746824264526,0.96715521812438965
9.4837969456967919,0.97903150320053101,0.9811435341835022,0.9778519868850708,0.96610724925994873
9.5238121516130008,0.9790111780166626,0.98083102703094482,0.97857362031936646,0.96611976623535156
9.5638273575292079,0.97892880439758301,0.98103052377700806,0.97792041301727295,0.96685290336608887
9.6038425634454168,0.97884643077850342,0.98087728023529053,0.97788602113723755,0.96733278036117554
9.6438577693616239,0.97876405715942383,0.98086923360824585,0.97784233093261719,0.96694588661193848
9.683872975277831,0.97868168354034424,0.98081094026565552,0.97782576084136963,0.96589916944503784
9.7238881811940399,0.97859936952590942,0.98091262578964233,0.97806704044342041,0.96485137939453125
9.763903387110247,0.97851699590682983,0.98130255937576294,0.9783322811126709,0.96380364894866943
9.8039185930264559,0.97843462228775024,0.98169749975204468,0.97845447063446045,0.96275585889816284
9.84394069692679,0.97835224866867065,0.98182356357574463,0.97831374406814575,0.96170908212661743
9.8839559028429971,0.97826987504959106,0.98188000917434692,0.97817933559417725,0.96066904067993164
9.923971108759206,0.97818750143051147,0.98177945613861084,0.97814053297042847,0.95968270301818848
9.9639863146754131,0.97810512781143188,0.98162943124771118,0.97832554578781128,0.95882552862167358
10.00400152059162,0.97802275419235229,0.98178070783615112,0.97850483655929565,0.95826590061187744
10.044016726507829,0.97794038057327271,0.98193329572677612,0.97850608825683594,0.95760118961334229
10.084031932424036,0.97785806655883789,0.98189246654510498,0.97834229469299316,0.95698851346969604
10.124047138340245,0.9777756929397583,0.98184633255004883,0.97820711135864258,0.95647478103637695
10.164062344256452,0.97769331932067871,0.98159617185592651,0.9782378077507019,0.95620375871658325
10.204084448156786,0.97761094570159912,0.9814068078994751,0.97837257385253906,0.95606708526611328
10.244099654072993,0.97752857208251953,0.98139327764511108,0.97857815027236938,0.95602935552597046
10.284114859989202,0.97744619846343994,0.98122775554656982,0.97856098413467407,0.95577436685562134
10.324130065905409,0.97736382484436035,0.98115521669387817,0.9784693717956543,0.95568662881851196
10.364145271821618,0.97728145122528076,0.98095059394836426,0.97830468416213989,0.95545893907546997
10.404160477737825,0.97719913721084595,0.98065394163131714,0.97841167449951172,0.9554169774055481
10.444175683654032,0.97711676359176636,0.98034393787384033,0.97859352827072144,0.95552033185958862
10.484190889570241,0.97703438997268677,0.98012924194335938,0.97880703210830688,0.95553195476531982
10.524212993470575,0.97695201635360718,0.98015892505645752,0.97869431972503662,0.95551162958145142
10.564228199386783,0.97686964273452759,0.98023271560668945,0.97855830192565918,0.95543909072875977
10.604243405302991,0.97679030895233154,0.97976571321487427,0.97840172052383423,0.95520466566085815
10.644258611219199,0.97676587104797363,0.9797513484954834,0.97905391454696655,0.95544189214706421
10.684273817135406,0.97667068243026733,0.97999352216720581,0.978229820728302,0.95506423711776733
10.724289023051615,0.97657549381256104,0.98004484176635742,0.97815197706222534,0.95446717739105225
10.764304228967822,0.97648030519485474,0.98011767864227295,0.97805619239807129,0.95398557186126709
10.804319434884031,0.97638511657714844,0.98020607233047485,0.97825264930725098,0.95380628108978271
10.844334640800238,0.97628992795944214,0.98057061433792114,0.97847318649291992,0.95385348796844482
10.884356744700572,0.97619467973709106,0.98090666532516479,0.97864776849746704,0.9536663293838501
10.924371950616781,0.97609949111938477,0.98115342855453491,0.97852498292922974,0.95354914665222168
10.964387156532988,0.97600430250167847,0.9812166690826416,0.97839540243148804,0.953499436378479
11.004402362449195,0.97590911388397217,0.98101705312728882,0.97824668884277344,0.95344728231430054
11.044417568365404,0.97581392526626587,0.98082274198532104,0.9783778190612793,0.95361596345901489
11.084432774281611,0.97571873664855957,0.98096084594726563,0.97855311632156372,0.95389842987060547
11.12444798019782,0.97562354803085327,0.98106414079666138,0.97864353656768799,0.9539673924446106
11.164463186114027,0.97552835941314697,0.98100769519805908,0.9784814715385437,0.95407587289810181
11.204478392030234,0.97543317079544067,0.98092228174209595,0.97834229469299316,0.95404374599456787
11.244500495930568,0.97533798217773438,0.98050880432128906,0.97825545072555542,0.95407885313034058
11.284515701846777,0.97524279356002808,0.9801517128944397,0.97841346263885498,0.95421254634857178
11.324530907762984,0.97514760494232178,0.97980654239654541,0.97858095169067383,0.9544600248336792
11.364546113679193,0.97505241632461548,0.97973746061325073,0.978557288646698,0.95440769195556641
11.4045613195954,0.97495722770690918,0.97972965240478516,0.97839462757110596,0.95449864864349365
11.444576525511607,0.97486203908920288,0.9796527624130249,0.9782329797744751,0.95441436767578125
11.484591731427816,0.97476679086685181,0.97942048311233521,0.97823143005371094,0.95443111658096313
11.524606937344023,0.97467160224914551,0.97916120290756226,0.97842341661453247,0.95461010932922363
11.564629041244357,0.97457641363143921,0.97901654243469238,0.97860103845596313,0.95476222038269043
11.604644247160566,0.97448122501373291,0.97908258438110352,0.97851258516311646,0.9547463059425354
11.644659453076773,0.97438603639602661,0.97916525602340698,0.97835934162139893,0.95470839738845825
11.68467465899298,0.97429084777832031,0.97910189628601074,0.9782063364982605,0.95468014478683472
11.724689864909189,0.97421097755432129,0.97886496782302856,0.97803330421447754,0.95476019382476807
11.764705070825396,0.97421270608901978,0.9783133864402771,0.9792669415473938,0.95465952157974243
11.804720276741605,0.97421717643737793,0.97838151454925537,0.9794539213180542,0.95537883043289185
11.844735482657812,0.97422164678573608,0.97946172952651978,0.98068892955780029,0.95608502626419067
11.884750688574021,0.97422611713409424,0.98069429397583008,0.98192381858825684,0.95678126811981201
11.924772792474354,0.97423058748245239,0.98047620058059692,0.98315882682800293,0.95626378059387207
11.964787998390563,0.97423505783081055,0.9795650839805603,0.98439174890518188,0.95749813318252563
12.00480320430677,0.9742395281791687,0.97851979732513428,0.98562663793563843,0.95873302221298218
12.044818410222978,0.97424399852752686,0.97747206687927246,0.98686164617538452,0.95996755361557007
12.084833616139186,0.97424846887588501,0.97643321752548218,0.98809635639190674,0.96073639392852783
12.124848822055394,0.97425293922424316,0.97600466012954712,0.98933130502700806,0.96046477556228638
12.164864027971602,0.97425734996795654,0.97663909196853638,0.98883795738220215,0.9616997241973877
12.204879233887809,0.9742618203163147,0.97575896978378296,0.98779171705245972,0.96283960342407227
12.244901337788143,0.97426629066467285,0.97471171617507935,0.98796731233596802,0.96390241384506226
12.284916543704352,0.97427076101303101,0.97473859786987305,0.98920202255249023,0.96491241455078125
12.324931749620559,0.97427523136138916,0.97578918933868408,0.99043697118759155,0.96444672346115112
12.364946955536768,0.97427970170974731,0.97684621810913086,0.99167191982269287,0.96479403972625732
12.404962161452975,0.97428417205810547,0.97790563106536865,0.99284088611602783,0.96539455652236938
12.444977367369182,0.97428864240646362,0.97883838415145874,0.99254125356674194,0.96629756689071655
12.484992573285391,0.97429311275482178,0.98006898164749146,0.99156171083450317,0.96606618165969849
12.525007779201598,0.97429758310317993,0.98068702220916748,0.99117398262023926,0.96544641256332397
12.565022985117807,0.97430205345153809,0.97981959581375122,0.99041414260864258,0.96625012159347534
12.605045089018141,0.97430652379989624,0.97905093431472778,0.99161767959594727,0.96540194749832153
12.645060294934348,0.97431099414825439,0.97906303405761719,0.99192410707473755,0.96514517068862915
12.685075500850555,0.97431546449661255,0.97801560163497925,0.99087631702423096,0.96409738063812256
12.725090706766764,0.9743199348449707,0.97726649045944214,0.99123817682266235,0.9634520411491394
12.765105912682971,0.97432440519332886,0.97736769914627075,0.99181413650512695,0.96289318799972534
12.80512111859918,0.97432887554168701,0.97859489917755127,0.99080491065979004,0.963367760181427
12.845136324515387,0.97433334589004517,0.97901797294616699,0.98978918790817261,0.96366733312606812
12.885151530431596,0.97433781623840332,0.9779701828956604,0.98874139785766602,0.96487259864807129
12.925166736347803,0.97434228658676147,0.97692239284515381,0.98786938190460205,0.96610754728317261
12.965188840248137,0.97434675693511963,0.97587448358535767,0.98763668537139893,0.96734249591827393
13.005204046164344,0.97435122728347778,0.97482669353485107,0.98878020048141479,0.96847867965698242
13.045219252080553,0.97435563802719116,0.97377890348434448,0.9895474910736084,0.96860164403915405
13.08523445799676,0.97436010837554932,0.97359824180603027,0.98882794380187988,0.96969205141067505
13.125249663912969,0.97436457872390747,0.97483325004577637,0.98887139558792114,0.96878665685653687
13.165264869829176,0.97436904907226563,0.97606801986694336,0.99010640382766724,0.96773886680603027
13.205280075745383,0.97437351942062378,0.9773029088973999,0.99134129285812378,0.96675312519073486
13.245295281661592,0.97437798976898193,0.978537917137146,0.99257606267929077,0.96580314636230469
13.285317385561926,0.97438246011734009,0.97977280616760254,0.99381130933761597,0.96529096364974976
13.325332591478134,0.97438693046569824,0.98100781440734863,0.99504607915878296,0.96478110551834106
13.365347797394342,0.9743914008140564,0.98221606016159058,0.9962809681892395,0.96601581573486328
13.40536300331055,0.97439587116241455,0.9812743067741394,0.99684798717498779,0.9672507643699646
13.445378209226757,0.97440034151077271,0.98037296533584595,0.99627083539962769,0.96828120946884155
13.485393415142966,0.97440481185913086,0.98033148050308228,0.99522304534912109,0.96761476993560791
13.525408621059173,0.97440928220748901,0.97969746589660645,0.9941752552986145,0.9666411280632019
13.565423826975382,0.97441375255584717,0.97899925708770752,0.99312746524810791,0.96603250503540039
13.605439032891589,0.97441822290420532,0.97842854261398315,0.99207967519760132,0.96595782041549683
13.645461136791923,0.97442269325256348,0.97802430391311646,0.9910358190536499,0.96611779928207397
13.68547634270813,0.97442716360092163,0.97793024778366089,0.99025893211364746,0.96605378389358521
13.725491548624339,0.97443163394927979,0.97786325216293335,0.98943948745727539,0.96603906154632568
13.765506754540546,0.97443610429763794,0.97757303714752197,0.98839288949966431,0.96622490882873535
13.805521960456755,0.97444057464599609,0.97728276252746582,0.98758101463317871,0.96630936861038208
13.845537166372962,0.97444504499435425,0.97701001167297363,0.98682659864425659,0.96640753746032715
13.885552372289171,0.97444945573806763,0.97694873809814453,0.98613226413726807,0.96628731489181519
13.925567578205378,0.97445392608642578,0.97699815034866333,0.98540967702865601,0.96612334251403809
13.965589682105712,0.97445839643478394,0.97699952125549316,0.98467379808425903,0.9659234881401062
14.005604888021919,0.97446286678314209,0.97673916816711426,0.98399108648300171,0.96603357791900635
14.045620093938128,0.97446733713150024,0.97648829221725464,0.98338973522186279,0.96607160568237305
14.085635299854335,0.9744718074798584,0.97624742984771729,0.98310244083404541,0.96600693464279175
14.125650505770544,0.97447627782821655,0.97622573375701904,0.98251742124557495,0.9658501148223877
14.165665711686751,0.97448074817657471,0.97629237174987793,0.98193424940109253,0.96565002202987671
14.205680917602958,0.97448521852493286,0.97630071640014648,0.98140531778335571,0.96550214290618896
14.245696123519167,0.97448968887329102,0.97608423233032227,0.98091071844100952,0.96558648347854614
14.285711329435374,0.97449415922164917,0.97585958242416382,0.98080509901046753,0.96566009521484375
14.325733433335708,0.97449862957000732,0.97571057081222534,0.98070442676544189,0.9655531644821167
14.365748639251917,0.97450309991836548,0.97579067945480347,0.98034727573394775,0.96531575918197632
14.405763845168124,0.97450757026672363,0.97592228651046753,0.9799877405166626,0.96508252620697021
14.445779051084331,0.97451204061508179,0.97592288255691528,0.97965884208679199,0.96508067846298218
14.48579425700054,0.97451651096343994,0.97573220729827881,0.97952336072921753,0.96519142389297485
14.525809462916747,0.97451955080032349,0.97573977708816528,0.97938793897628784,0.96515494585037231
14.565824668832956,0.9744526743888855,0.97547078132629395,0.97982633113861084,0.96441012620925903
14.605839874749163,0.9743274450302124,0.97530341148376465,0.9794234037399292,0.96420347690582275
14.64585508066537,0.97420227527618408,0.97535192966461182,0.97905361652374268,0.96432846784591675
14.685877184565705,0.97407698631286621,0.97550582885742188,0.97902250289916992,0.96445208787918091
14.725892390481913,0.97395181655883789,0.97575485706329346,0.97900658845901489,0.96440768241882324
14.765907596398121,0.97382658720016479,0.97595173120498657,0.97876501083374023,0.9641958475112915
14.805922802314329,0.9737013578414917,0.97607052326202393,0.97847276926040649,0.96397674083709717
14.845938008230537,0.9735761284828186,0.97603297233581543,0.97821956872940063,0.96384733915328979
14.885953214146744,0.97345095872879028,0.9759947657585144,0.97806578874588013,0.9639551043510437
14.925968420062953,0.97332572937011719,0.97606146335601807,0.97813034057617188,0.96405994892120361
14.96598362597916,0.97320050001144409,0.97617232799530029,0.9782140851020813,0.96389400959014893
15.006005729879494,0.973075270652771,0.97613918781280518,0.97800379991531372,0.963675856590271
15.046020935795703,0.9729500412940979,0.97598844766616821,0.97778433561325073,0.96344733238220215
15.08603614171191,0.97282487154006958,0.97572344541549683,0.97757917642593384,0.96338063478469849
15.126051347628119,0.97269964218139648,0.97545671463012695,0.97760820388793945,0.96348053216934204
15.166066553544326,0.97257441282272339,0.97521638870239258,0.97775781154632568,0.96355831623077393
15.206081759460533,0.97244918346405029,0.97529315948486328,0.9778519868850708,0.96331989765167236
15.246096965376742,0.9723239541053772,0.97539573907852173,0.977641761302948,0.96308755874633789
15.286112171292949,0.97219878435134888,0.97533601522445679,0.97744989395141602,0.96286189556121826
15.326127377209158,0.97207355499267578,0.97514700889587402,0.97724545001983643,0.96285223960876465
15.366149481109492,0.97194832563400269,0.97494345903396606,0.97732371091842651,0.96295458078384399
15.406164687025699,0.97182309627532959,0.97479325532913208,0.97746378183364868,0.96294993162155151
15.446179892941906,0.97169786691665649,0.97494423389434814,0.97745788097381592,0.96271306276321411
15.486195098858115,0.97157269716262817,0.97506564855575562,0.97725081443786621,0.96246868371963501
15.526210304774322,0.97144746780395508,0.97502392530441284,0.97702294588088989,0.96223527193069458
15.566225510690531,0.97132223844528198,0.97482931613922119,0.97680264711380005,0.96230173110961914
15.606240716606738,0.97119700908660889,0.97466301918029785,0.97690153121948242,0.96240442991256714
15.646255922522945,0.97112733125686646,0.97467559576034546,0.97693610191345215,0.96217817068099976
15.686271128439154,0.97106695175170898,0.97451013326644897,0.97746104001998901,0.96134006977081299
15.726293232339488,0.97097653150558472,0.97451263666152954,0.97758251428604126,0.96140426397323608
15.766308438255695,0.97088605165481567,0.97476810216903687,0.97763210535049438,0.96154195070266724
15.806323644171904,0.97079563140869141,0.97510296106338501,0.97773772478103638,0.96153032779693604
15.846338850088111,0.97070521116256714,0.97530752420425415,0.9775664210319519,0.96133238077163696
15.886354056004318,0.97061479091644287,0.97534298896789551,0.97733724117279053,0.9611244797706604
15.926369261920527,0.9705243706703186,0.97528570890426636,0.97717756032943726,0.96097016334533691
15.966384467836734,0.97043389081954956,0.97521501779556274,0.97692275047302246,0.96110308170318604
16.006399673752941,0.97034347057342529,0.9752504825592041,0.97699481248855591,0.96123898029327393
16.046421777653276,0.97025305032730103,0.97532260417938232,0.97704249620437622,0.96114587783813477
16.086436983569484,0.97016257047653198,0.97526365518569946,0.97683924436569214,0.96093457937240601
16.126452189485693,0.97007215023040771,0.97518628835678101,0.97660297155380249,0.9607241153717041
16.166467395401899,0.96998172998428345,0.97488856315612793,0.97634488344192505,0.96064358949661255
16.206482601318108,0.96989130973815918,0.97464275360107422,0.9761962890625,0.96077030897140503
16.246497807234316,0.96980082988739014,0.97441047430038452,0.97632741928100586,0.96090179681777954
16.286513013150525,0.96971040964126587,0.97448283433914185,0.97636866569519043,0.96071779727935791
16.326528219066731,0.9696199893951416,0.9745868444442749,0.97611242532730103,0.96049213409423828
16.36654342498294,0.96952956914901733,0.9746166467666626,0.97586125135421753,0.9602770209312439
16.406565528883274,0.96943908929824829,0.97440338134765625,0.97556507587432861,0.96025437116622925
16.446580734799483,0.96934866905212402,0.97416961193084717,0.97547769546508789,0.9603724479675293
16.486595940715688,0.96925824880599976,0.97392743825912476,0.97578781843185425,0.96044445037841797
16.526611146631897,0.96916782855987549,0.97408032417297363,0.97579330205917358,0.96022570133209229
16.566626352548106,0.96907734870910645,0.97415429353713989,0.97582346200942993,0.95998150110244751
16.606641558464315,0.96898692846298218,0.97416472434997559,0.97554129362106323,0.9597700834274292
16.64665676438052,0.96889650821685791,0.97402417659759521,0.97525918483734131,0.95983779430389404
16.686671970296729,0.96880608797073364,0.97387683391571045,0.97523349523544312,0.95995861291885376
16.726694074197063,0.9687156081199646,0.97381234169006348,0.97532576322555542,0.95996659994125366
16.766709280113272,0.9686773419380188,0.97371476888656616,0.97535288333892822,0.95981329679489136
16.806724486029477,0.9686090350151062,0.97352302074432373,0.97590094804763794,0.95905166864395142
16.846739691945686,0.96852380037307739,0.97360610961914063,0.97599911689758301,0.95911109447479248
16.886754897861895,0.96843862533569336,0.97389304637908936,0.9759906530380249,0.95910108089447021
16.9267701037781,0.96835345029830933,0.97398978471755981,0.97601455450057983,0.95889317989349365
16.966785309694309,0.96826827526092529,0.97396248579025269,0.97573792934417725,0.95868611335754395
17.006800515610518,0.96818304061889648,0.97383213043212891,0.97555971145629883,0.95850080251693726
17.046815721526727,0.96809786558151245,0.97364062070846558,0.97526341676712036,0.9586220383644104
17.086837825427061,0.96801269054412842,0.97364109754562378,0.97461587190628052,0.95876079797744751
17.126853031343266,0.96792745590209961,0.9736446738243103,0.97481364011764526,0.95869016647338867
17.166868237259475,0.96784228086471558,0.97352278232574463,0.97451996803283691,0.95848280191421509
17.206883443175684,0.96775710582733154,0.97340583801269531,0.9735037088394165,0.9582708477973938
17.246898649091889,0.96767193078994751,0.97317975759506226,0.97323650121688843,0.95817190408706665
17.286913855008098,0.9675866961479187,0.97295653820037842,0.97311943769454956,0.95830714702606201
17.326929060924307,0.96750152111053467,0.97273516654968262,0.9722098708152771,0.95844048261642456
17.366944266840513,0.96741634607315063,0.97276496887207031,0.9719352126121521,0.95829218626022339
17.406959472756721,0.9673311710357666,0.97281569242477417,0.97180873155593872,0.95808696746826172
17.446981576657056,0.96724593639373779,0.97288113832473755,0.97087001800537109,0.9578787088394165
17.486996782573264,0.96716076135635376,0.97270601987838745,0.97002291679382324,0.95785480737686157
17.527011988489473,0.96707558631896973,0.97255206108093262,0.96930783987045288,0.95798677206039429
17.567027194405679,0.96699035167694092,0.97244572639465332,0.9690549373626709,0.9581151008605957
17.607042400321887,0.96690517663955688,0.97257572412490845,0.96847456693649292,0.95790654420852661
17.647057606238096,0.96682000160217285,0.97261208295822144,0.96803218126296997,0.9576982855796814
17.687072812154302,0.96673482656478882,0.97266107797622681,0.96750092506408691,0.9574962854385376
17.727088018070511,0.96664959192276001,0.97252357006072998,0.96697515249252319,0.95752882957458496
17.767110121970845,0.96656441688537598,0.97238248586654663,0.96667742729187012,0.95764940977096558
17.807125327887054,0.96647924184799194,0.97231543064117432,0.96648973226547241,0.95767790079116821
17.847140533803262,0.96639400720596313,0.9723089337348938,0.96672630310058594,0.95745950937271118
17.887155739719468,0.9663698673248291,0.97192943096160889,0.96694183349609375,0.95732885599136353
17.927170945635677,0.96629393100738525,0.97221928834915161,0.96724754571914673,0.95689296722412109
17.967186151551886,0.96621334552764893,0.97261744737625122,0.96657353639602661,0.95687901973724365
18.007201357468091,0.9661327600479126,0.97293764352798462,0.96552574634552002,0.956684410572052
18.0472165633843,0.96605217456817627,0.97301536798477173,0.96447795629501343,0.95648914575576782
18.087231769300509,0.96597158908843994,0.97300517559051514,0.96343016624450684,0.95630532503128052
18.127253873200843,0.96589100360870361,0.97301644086837769,0.96238374710083008,0.95645296573638916
18.167269079117048,0.96581041812896729,0.97280150651931763,0.96133673191070557,0.95660239458084106
18.207284285033257,0.96572983264923096,0.97281354665756226,0.9602961540222168,0.95657116174697876
18.247299490949466,0.9656493067741394,0.97276699542999268,0.95924836397171021,0.9563748836517334
18.287314696865675,0.96556872129440308,0.97272676229476929,0.95836704969406128,0.95617622137069702
18.32732990278188,0.96548813581466675,0.97243976593017578,0.95731925964355469,0.9560697078704834
18.367345108698089,0.96540755033493042,0.97211295366287231,0.95659518241882324,0.95620977878570557
18.407360314614298,0.96532696485519409,0.97188258171081543,0.95596861839294434,0.95635139942169189
18.447375520530503,0.96524637937545776,0.97188526391983032,0.95500856637954712,0.95624160766601563
18.487397624430837,0.96516579389572144,0.97200590372085571,0.95444947481155396,0.95604789257049561
18.527412830347046,0.96508520841598511,0.97207784652709961,0.95340168476104736,0.95585274696350098
18.567428036263255,0.96500462293624878,0.97188979387283325,0.95280998945236206,0.95581972599029541
18.607443242179464,0.96492409706115723,0.97170746326446533,0.95191860198974609,0.95595389604568481
18.647458448095669,0.9648435115814209,0.97151762247085571,0.95121711492538452,0.95623654127120972
18.687473654011878,0.96476292610168457,0.97167158126831055,0.95068717002868652,0.9574655294418335
18.727488859928087,0.96468234062194824,0.97179186344146729,0.94963937997817993,0.95850121974945068
18.767504065844292,0.96460175514221191,0.9718177318572998,0.94907963275909424,0.95841670036315918
18.807526169744627,0.96452116966247559,0.97166520357131958,0.94809681177139282,0.95814120769500732
18.847541375660835,0.96444058418273926,0.97148090600967407,0.94746363162994385,0.95853787660598755
18.887556581577044,0.96435999870300293,0.97135907411575317,0.9470030665397644,0.95849102735519409
18.92757178749325,0.9642794132232666,0.97151517868041992,0.94644486904144287,0.95851057767868042
18.967586993409459,0.96419888734817505,0.97132253646850586,0.9460073709487915,0.95850682258605957
19.007602199325667,0.96418780088424683,0.97094237804412842,0.9455152153968811,0.95785117149353027
19.047617405241876,0.9641951322555542,0.97085535526275635,0.94517040252685547,0.95776522159576416
19.087632611158082,0.96420246362686157,0.97209018468856812,0.94412261247634888,0.95900005102157593
19.127647817074291,0.96420973539352417,0.97325414419174194,0.94307482242584229,0.95953041315078735
19.167669920974625,0.96421706676483154,0.97387230396270752,0.94202685356140137,0.95970684289932251
19.207685126890834,0.96422439813613892,0.9729582667350769,0.94131797552108765,0.96024322509765625
19.247700332807039,0.96423166990280151,0.97191083431243896,0.94224071502685547,0.95937275886535645
19.287715538723248,0.96423900127410889,0.97086304426193237,0.94298964738845825,0.95889103412628174
19.327730744639457,0.96424633264541626,0.96988010406494141,0.94396191835403442,0.96000510454177856
19.367745950555662,0.96425360441207886,0.96906095743179321,0.94519680738449097,0.96021008491516113
19.407761156471871,0.96426093578338623,0.97029566764831543,0.94619292020797729,0.96092820167541504
19.44777636238808,0.96426820755004883,0.97143691778182983,0.94742774963378906,0.96216303110122681
19.487798466288414,0.9642755389213562,0.9725005030632019,0.94866281747817993,0.96338844299316406
19.527813672204623,0.96428287029266357,0.97250598669052124,0.94916200637817383,0.96415531635284424
19.567828878120828,0.96429014205932617,0.97239649295806885,0.94811421632766724,0.96449470520019531
19.607844084037037,0.96429747343063354,0.97345197200775146,0.94706642627716064,0.96522295475006104
19.647859289953246,0.96430480480194092,0.97452300786972046,0.94601869583129883,0.96558493375778198
19.687874495869451,0.96431207656860352,0.97557735443115234,0.94497090578079224,0.96646124124526978
19.72788970178566,0.96431940793991089,0.97663140296936035,0.94426023960113525,0.96753019094467163
19.767904907701869,0.96432673931121826,0.97747969627380371,0.94367885589599609,0.96675902605056763
19.807920113618078,0.96433401107788086,0.97643196582794189,0.94263929128646851,0.96571159362792969
19.847942217518412,0.96434134244918823,0.97580105066299438,0.94262862205505371,0.96466434001922607
19.887957423434617,0.96434861421585083,0.97581052780151367,0.94288533926010132,0.96445351839065552
19.927972629350826,0.9643559455871582,0.97673261165618896,0.94252663850784302,0.96340572834014893
19.967987835267035,0.96436327695846558,0.97778886556625366,0.94190090894699097,0.96406304836273193
20.00800304118324,0.96437054872512817,0.97857266664505005,0.94120585918426514,0.964272141456604
20.048018247099449,0.96437788009643555,0.9775463342666626,0.94015806913375854,0.96473264694213867
20.088033453015658,0.96438521146774292,0.97777009010314941,0.93970656394958496,0.96452122926712036
20.128048658931863,0.96439248323440552,0.97900509834289551,0.94094079732894897,0.96505564451217651
20.168063864848072,0.96439981460571289,0.98023998737335205,0.94204002618789673,0.96629041433334351
20.208085968748406,0.96440714597702026,0.98106467723846436,0.94235235452651978,0.9675256609916687
20.248101174664615,0.96441441774368286,0.98001688718795776,0.9425736665725708,0.96876043081283569
20.288116380580824,0.96442174911499023,0.97896909713745117,0.94248378276824951,0.96999531984329224
20.32813158649703,0.96442902088165283,0.97935187816619873,0.94217532873153687,0.97123032808303833
20.368146792413238,0.96443635225296021,0.97981417179107666,0.94178098440170288,0.97244679927825928
20.408161998329447,0.96444368362426758,0.97984057664871216,0.94073319435119629,0.97167485952377319
20.448177204245653,0.96445095539093018,0.97981774806976318,0.94010156393051147,0.97064453363418579
20.488192410161862,0.96445828676223755,0.98019444942474365,0.93977159261703491,0.9695967435836792
20.528214514062196,0.96446561813354492,0.98034560680389404,0.93979096412658691,0.96854877471923828
20.568229719978405,0.96447288990020752,0.97985976934432983,0.94025307893753052,0.96750283241271973
20.60824492589461,0.96448022127151489,0.97968888282775879,0.94100958108901978,0.96645575761795044
20.648260131810819,0.96448755264282227,0.9786410927772522,0.94206291437149048,0.96541160345077515
20.688275337727028,0.96449482440948486,0.97759336233139038,0.94219672679901123,0.96449673175811768
20.728290543643237,0.96450215578079224,0.97712171077728271,0.94177925586700439,0.96435332298278809
20.768305749559442,0.96450942754745483,0.97638869285583496,0.94137954711914063,0.96418547630310059
20.808320955475651,0.96451675891876221,0.97534716129302979,0.9410368800163269,0.9642372727394104
20.84833616139186,0.96452409029006958,0.97431689500808716,0.94069969654083252,0.96440964937210083
20.888358265292194,0.96453136205673218,0.97333186864852905,0.94070786237716675,0.9645698070526123
20.928373471208399,0.96453869342803955,0.97257477045059204,0.94064873456954956,0.96440815925598145
20.968388677124608,0.96454602479934692,0.97189438343048096,0.94059598445892334,0.96424424648284912
21.008403883040817,0.96455329656600952,0.97131037712097168,0.94036763906478882,0.96407818794250488
21.048419088957026,0.96456062793731689,0.97084510326385498,0.94019663333892822,0.96420085430145264
21.088434294873231,0.96456795930862427,0.97046416997909546,0.94012242555618286,0.96436911821365356
21.12844950078944,0.96457523107528687,0.97019118070602417,0.9402470588684082,0.96445953845977783
21.168464706705649,0.96458256244659424,0.97018635272979736,0.94013595581054688,0.96429860591888428
21.208486810605983,0.96458989381790161,0.97011673450469971,0.94013035297393799,0.96413522958755493
21.248502016522188,0.96459716558456421,0.96991938352584839,0.94008916616439819,0.96400028467178345
21.288517222438397,0.96460449695587158,0.96982884407043457,0.93964612483978271,0.96417367458343506
21.328532428354606,0.96461176872253418,0.96967470645904541,0.93960565328598022,0.96435058116912842
21.368547634270811,0.96461910009384155,0.96962505578994751,0.93982964754104614,0.96437638998031616
21.40856284018702,0.96462643146514893,0.96965056657791138,0.94012600183486938,0.96421492099761963
21.448578046103229,0.96463370323181152,0.96964514255523682,0.94016498327255249,0.96405375003814697
21.488593252019438,0.9646410346031189,0.96953612565994263,0.94004440307617188,0.96399134397506714
21.528608457935643,0.96464836597442627,0.96943193674087524,0.93993061780929565,0.96416693925857544
21.568630561835977,0.96465563774108887,0.96923685073852539,0.93994659185409546,0.96434074640274048
21.608645767752186,0.96466296911239624,0.96927934885025024,0.93999171257019043,0.96428984403610229
21.648660973668395,0.96467030048370361,0.96948081254959106,0.94015336036682129,0.96412956714630127
21.688676179584601,0.96467757225036621,0.96950292587280273,0.93998318910598755,0.96396809816360474
21.728691385500809,0.96468490362167358,0.96946442127227783,0.9396858811378479,0.96398001909255981
21.768706591417018,0.9646906852722168,0.96919780969619751,0.93955039978027344,0.96377331018447876
21.808721797333227,0.96464568376541138,0.96873480081558228,0.94034820795059204,0.96439498662948608
21.848737003249433,0.96454322338104248,0.96770608425140381,0.94008791446685791,0.96464556455612183
21.888752209165641,0.96444070339202881,0.9668586254119873,0.93982094526290894,0.96465039253234863
21.928774313065976,0.96433818340301514,0.96619749069213867,0.93958586454391479,0.96479135751724243
21.968789518982184,0.96423572301864624,0.96572840213775635,0.93941128253936768,0.96491038799285889
22.00880472489839,0.96413320302963257,0.96566557884216309,0.93907123804092407,0.96471655368804932
22.048819930814599,0.96403074264526367,0.965545654296875,0.93868649005889893,0.96452385187149048
22.088835136730808,0.96392822265625,0.9655110239982605,0.93837654590606689,0.96432775259017944
22.128850342647013,0.9638257622718811,0.96534043550491333,0.93852794170379639,0.96440917253494263
22.168865548563222,0.96372324228286743,0.9652058482170105,0.93889635801315308,0.96455198526382446
22.208880754479431,0.96362078189849854,0.9650694727897644,0.93901872634887695,0.96459990739822388
22.248902858379765,0.96351826190948486,0.9652445912361145,0.93975883722305298,0.96440672874450684
22.288918064295974,0.96341574192047119,0.96526503562927246,0.93968164920806885,0.96421635150909424
22.328933270212179,0.96331328153610229,0.96523678302764893,0.939952552318573,0.96404290199279785
22.368948476128388,0.96321076154708862,0.96520370244979858,0.94076818227767944,0.96418660879135132
22.408963682044597,0.96310824155807495,0.96510875225067139,0.94177871942520142,0.964333176612854
22.448978887960802,0.96300578117370605,0.96510136127471924,0.94251209497451782,0.96429461240768433
22.488994093877011,0.96290326118469238,0.96524989604949951,0.943156898021698,0.96410107612609863
22.52900929979322,0.96280080080032349,0.96534645557403564,0.94392281770706177,0.96391093730926514
22.569024505709425,0.96269828081130981,0.96532648801803589,0.94457888603210449,0.9638175368309021
22.609046609609759,0.96259576082229614,0.96529579162597656,0.94513696432113647,0.96396315097808838
22.649061815525968,0.96249330043792725,0.96519017219543457,0.94552791118621826,0.96410936117172241
22.689077021442177,0.96239078044891357,0.96529573202133179,0.94562643766403198,0.96400493383407593
22.729092227358386,0.96228832006454468,0.96545511484146118,0.94564610719680786,0.96381795406341553
22.769107433274591,0.96218580007553101,0.96556174755096436,0.94572007656097412,0.96362733840942383
22.8091226391908,0.96208328008651733,0.96555840969085693,0.94597691297531128,0.96361285448074341
22.849137845107009,0.96198081970214844,0.96555471420288086,0.94625633955001831,0.96376043558120728
22.889153051023214,0.96191447973251343,0.96545141935348511,0.94614291191101074,0.9635128378868103
22.929168256939423,0.96185177564620972,0.96527135372161865,0.94569981098175049,0.96403783559799194
22.969190360839757,0.96174395084381104,0.96484243869781494,0.94590365886688232,0.9641798734664917
23.009205566755966,0.96163612604141235,0.96458280086517334,0.94604867696762085,0.96432220935821533
23.049220772672175,0.96152830123901367,0.96438747644424438,0.94585186243057251,0.96443986892700195
23.089235978588381,0.96142053604125977,0.9644089937210083,0.94565057754516602,0.96424078941345215
23.129251184504589,0.96131271123886108,0.96436917781829834,0.94544810056686401,0.96404439210891724
23.169266390420798,0.9612048864364624,0.96443390846252441,0.9454648494720459,0.96384716033935547
23.209281596337004,0.9610971212387085,0.96434128284454346,0.94559270143508911,0.96392393112182617
23.249296802253212,0.96098929643630981,0.96423053741455078,0.94565176963806152,0.96406400203704834
23.289318906153547,0.96088147163391113,0.96417337656021118,0.94548666477203369,0.96410226821899414
23.329334112069755,0.96077364683151245,0.9644089937210083,0.94528722763061523,0.96390658617019653
23.369349317985961,0.96066588163375854,0.96451485157012939,0.94513833522796631,0.9637104868888855
23.40936452390217,0.96055805683135986,0.9645158052444458,0.94527566432952881,0.96353000402450562
23.449379729818379,0.96045023202896118,0.96451687812805176,0.94543677568435669,0.96366900205612183
23.489394935734587,0.96034246683120728,0.96445202827453613,0.94536638259887695,0.96380817890167236
23.529410141650793,0.96023464202880859,0.96432167291641235,0.94520533084869385,0.96377426385879517
23.569425347567002,0.96012681722640991,0.96442157030105591,0.9448966383934021,0.96357613801956177
23.609440553483211,0.96001899242401123,0.96450453996658325,0.94464111328125,0.96337771415710449
23.649462657383545,0.95991116762161255,0.96445280313491821,0.94474780559539795,0.96327632665634155
23.68947786329975,0.95980340242385864,0.96441656351089478,0.94489860534667969,0.96341371536254883
23.729493069215959,0.95969557762145996,0.96430301666259766,0.94472020864486694,0.96355080604553223
23.769508275132168,0.95958775281906128,0.96434932947158813,0.94453001022338867,0.96342945098876953
23.809523481048377,0.95947998762130737,0.96447199583053589,0.94429892301559448,0.96323120594024658
23.849538686964582,0.95937216281890869,0.96460318565368652,0.94420033693313599,0.96303254365921021
23.889553892880791,0.95926433801651001,0.9646296501159668,0.94431042671203613,0.96301060914993286
23.929569098797,0.9591565728187561,0.96451681852340698,0.94439595937728882,0.96314585208892822
23.969591202697334,0.95904874801635742,0.96441185474395752,0.94424635171890259,0.96328264474868774
24.009606408613539,0.95899444818496704,0.96434462070465088,0.94432640075683594,0.96301770210266113
24.049621614529748,0.95895606279373169,0.96419733762741089,0.94519978761672974,0.96342438459396362
24.089636820445957,0.95890325307846069,0.96386295557022095,0.94551259279251099,0.96359866857528687
24.129652026362162,0.9588504433631897,0.96353912353515625,0.9458497166633606,0.96370166540145874
24.169667232278371,0.9587976336479187,0.96347981691360474,0.94619959592819214,0.96349555253982544
24.20968243819458,0.95874482393264771,0.96334463357925415,0.94670671224594116,0.96328932046890259
24.249697644110789,0.95869201421737671,0.96337586641311646,0.94722586870193481,0.96308231353759766
24.289712850026994,0.95863920450210571,0.96328914165496826,0.94759821891784668,0.9631538987159729
24.329734953927328,0.95858639478683472,0.96317481994628906,0.94766789674758911,0.96329003572463989
24.369750159843537,0.95853358507156372,0.9630088210105896,0.94780004024505615,0.96331304311752319
24.409765365759746,0.95848077535629272,0.96319782733917236,0.94788247346878052,0.96311038732528687
24.449780571675952,0.95842796564102173,0.96326851844787598,0.94815808534622192,0.96290755271911621
24.48979577759216,0.95837515592575073,0.96341049671173096,0.94845700263977051,0.96272450685501099
24.529810983508369,0.95832240581512451,0.96345853805541992,0.94849282503128052,0.96285814046859741
24.569826189424575,0.95826959609985352,0.96340519189834595,0.9484294056892395,0.96299034357070923
24.609841395340784,0.95821678638458252,0.96324437856674194,0.94847816228866577,0.9629361629486084
24.649856601256992,0.95816397666931152,0.9633362889289856,0.94851255416870117,0.96273279190063477
24.689878705157327,0.95811116695404053,0.96349406242370605,0.94871950149536133,0.96252655982971191
24.729893911073535,0.95805835723876953,0.96343123912811279,0.94887864589691162,0.96242326498031616
24.769909116989741,0.95800554752349854,0.96331143379211426,0.94873511791229248,0.96255511045455933
24.80992432290595,0.95795273780822754,0.96317732334136963,0.94855993986129761,0.96268653869628906
24.849939528822159,0.95789992809295654,0.96316903829574585,0.9485321044921875,0.96254813671112061
24.889954734738364,0.95784711837768555,0.96326708793640137,0.94858396053314209,0.96234428882598877
24.929969940654573,0.95779430866241455,0.96342939138412476,0.94876211881637573,0.96214228868484497
24.969985146570782,0.95774149894714355,0.96347254514694214,0.94876670837402344,0.96211957931518555
25.010007250471116,0.95768868923187256,0.96334969997406006,0.94855505228042603,0.9622533917427063
25.050022456387325,0.95763587951660156,0.96338927745819092,0.94948393106460571,0.96238052845001221
25.09003766230353,0.95758306980133057,0.96327340602874756,0.95049268007278442,0.96217948198318481
25.130052868219739,0.95756423473358154,0.96276098489761353,0.95142143964767456,0.96198666095733643
25.170068074135948,0.95748394727706909,0.96263349056243896,0.95177972316741943,0.96262115240097046
25.210083280052153,0.95739215612411499,0.96247965097427368,0.95224285125732422,0.96277427673339844
25.250098485968362,0.95730036497116089,0.96258699893951416,0.95296651124954224,0.96257829666137695
25.290113691884571,0.95720857381820679,0.96262681484222412,0.95317196846008301,0.96238112449645996
25.330128897800776,0.95711678266525269,0.96276116371154785,0.95212417840957642,0.96218663454055786
25.37015100170111,0.95702493190765381,0.96281874179840088,0.9510762095451355,0.96225887537002563
25.410166207617319,0.95693314075469971,0.9627344012260437,0.95002841949462891,0.96240079402923584
25.450181413533528,0.95684134960174561,0.96264147758483887,0.94898068904876709,0.96243590116500854
25.490196619449737,0.9567495584487915,0.96284717321395874,0.94796520471572876,0.96224141120910645
25.530211825365942,0.9566577672958374,0.96298551559448242,0.94699472188949585,0.96203517913818359
25.570227031282151,0.9565659761428833,0.96309834718704224,0.94605797529220581,0.96186023950576782
25.61024223719836,0.9564741849899292,0.96321499347686768,0.94515883922576904,0.96200054883956909
25.650257443114565,0.9563823938369751,0.96330469846725464,0.94432610273361206,0.96213895082473755
25.690279547014899,0.95629054307937622,0.96332216262817383,0.94395321607589722,0.96209865808486938
25.730294752931108,0.95619875192642212,0.96344655752182007,0.94360405206680298,0.96190321445465088
25.770309958847317,0.95610696077346802,0.96357154846191406,0.9432830810546875,0.96170496940612793
25.810325164763526,0.95601516962051392,0.96353834867477417,0.94296503067016602,0.96160721778869629
25.850340370679731,0.95592337846755981,0.96358919143676758,0.942923903465271,0.96174496412277222
25.89035557659594,0.95583152770996094,0.96349692344665527,0.94296038150787354,0.96188563108444214
25.930370782512149,0.95573973655700684,0.96356832981109619,0.94280898571014404,0.96176403760910034
25.970385988428355,0.95564794540405273,0.9636339545249939,0.9425123929977417,0.96156919002532959
26.010401194344563,0.95555615425109863,0.96373289823532104,0.94372504949569702,0.96136361360549927
26.050423298244898,0.95546436309814453,0.96358686685562134,0.94496011734008789,0.9613458514213562
26.090438504161106,0.95537251234054565,0.96357965469360352,0.94619494676589966,0.96147638559341431
26.130453710077312,0.95528072118759155,0.96263986825942993,0.94742995500564575,0.9616013765335083
26.170468915993521,0.95518893003463745,0.96159207820892334,0.94866472482681274,0.96140396595001221
26.21048412190973,0.95509713888168335,0.96054434776306152,0.94989961385726929,0.96120190620422363
26.250499327825938,0.95507770776748657,0.95949655771255493,0.95113462209701538,0.96101683378219604
26.290514533742144,0.95508778095245361,0.95844876766204834,0.9523693323135376,0.96103197336196899
26.330529739658353,0.95509779453277588,0.95740097761154175,0.95360428094863892,0.96217888593673706
26.370544945574562,0.95510786771774292,0.95635324716567993,0.95483922958374023,0.96214711666107178
26.410567049474896,0.95511788129806519,0.95530527830123901,0.95605820417404175,0.96143072843551636
26.450582255391101,0.95512795448303223,0.95425748825073242,0.9564092755317688,0.96038293838500977
26.49059746130731,0.95513796806335449,0.95320969820022583,0.95592117309570313,0.96120595932006836
26.530612667223519,0.95514804124832153,0.95216190814971924,0.95691031217575073,0.96244096755981445
26.570627873139724,0.95515811443328857,0.95111417770385742,0.95814502239227295,0.963675856590271
26.610643079055933,0.95516812801361084,0.95016700029373169,0.95937848091125488,0.96463978290557861
26.650658284972142,0.95517820119857788,0.94968229532241821,0.96061331033706665,0.96559429168701172
26.690673490888351,0.95518821477890015,0.94863450527191162,0.96113526821136475,0.96682912111282349
26.730695594788685,0.95519828796386719,0.9475865364074707,0.96073019504547119,0.9671168327331543
26.77071080070489,0.95520830154418945,0.94653874635696411,0.95993363857269287,0.96606904268264771
26.810726006621099,0.95521837472915649,0.94549101591110229,0.96116864681243896,0.96557104587554932
26.850741212537308,0.95522844791412354,0.9444432258605957,0.96240347623825073,0.9651942253112793
26.890756418453513,0.9552384614944458,0.94339543581008911,0.96361464262008667,0.96510720252990723
26.930771624369722,0.95524853467941284,0.94234764575958252,0.96484965085983276,0.96521842479705811
26.970786830285931,0.95525854825973511,0.9412999153137207,0.96425563097000122,0.96589982509613037
27.01080203620214,0.95526862144470215,0.94025212526321411,0.96357911825180054,0.96651899814605713
27.050817242118345,0.95527863502502441,0.93920505046844482,0.96471476554870605,0.96775013208389282
27.090839346018679,0.95528870820999146,0.93815827369689941,0.96374374628067017,0.96898525953292847
27.130854551934888,0.9552987813949585,0.93717139959335327,0.96361714601516724,0.9694780707359314
27.170869757851097,0.95530879497528076,0.93609219789505005,0.96410083770751953,0.96843230724334717
27.210884963767302,0.9553188681602478,0.93507426977157593,0.96305781602859497,0.96895796060562134
27.250900169683511,0.95532888174057007,0.93456989526748657,0.96201324462890625,0.96994030475616455
27.29091537559972,0.95533895492553711,0.93399041891098022,0.96100527048110962,0.97117257118225098
27.330930581515926,0.95534896850585938,0.93385279178619385,0.95996391773223877,0.97142314910888672
27.370945787432134,0.95535904169082642,0.93277221918106079,0.95891612768173218,0.97265809774398804
27.410960993348343,0.95536905527114868,0.93169176578521729,0.95786833763122559,0.97389256954193115
27.450983097248677,0.95537912845611572,0.9306110143661499,0.95682036876678467,0.97512751817703247
27.490998303164886,0.95538920164108276,0.92953044176101685,0.95577263832092285,0.97636246681213379
27.531013509081092,0.95539921522140503,0.92844998836517334,0.95472484827041626,0.97746598720550537
27.571028714997301,0.95540928840637207,0.92738610506057739,0.95367705821990967,0.97664147615432739
27.611043920913509,0.95541930198669434,0.92844009399414063,0.95352530479431152,0.9755936861038208
27.651059126829715,0.95542937517166138,0.92967480421066284,0.95475864410400391,0.97454589605331421
27.691074332745924,0.95543938875198364,0.93090975284576416,0.95470201969146729,0.97349810600280762
27.731089538662133,0.95544946193695068,0.93214470148086548,0.95575785636901855,0.9724503755569458
27.771111642562467,0.95545953512191772,0.93331122398376465,0.95699304342269897,0.97140240669250488
27.811126848478672,0.95546954870223999,0.9334406852722168,0.95822793245315552,0.97035461664199829
27.851142054394881,0.95547962188720703,0.93295681476593018,0.95946270227432251,0.96937614679336548
27.89115726031109,0.9554896354675293,0.93187630176544189,0.9606977105140686,0.97051483392715454
27.931172466227299,0.95549970865249634,0.93079578876495361,0.96192336082458496,0.97164434194564819
27.971187672143504,0.9555097222328186,0.93088012933731079,0.96222019195556641,0.97091823816299438
28.011202878059713,0.95551979541778564,0.93117672204971313,0.96146118640899658,0.96987044811248779
28.051218083975922,0.95552986860275269,0.93174421787261963,0.96074002981185913,0.96882271766662598
28.091233289892127,0.95553988218307495,0.93244117498397827,0.95969223976135254,0.96777492761611938
28.131255393792461,0.95554995536804199,0.93315982818603516,0.95864427089691162,0.96672695875167847
28.17127059970867,0.95555996894836426,0.93385797739028931,0.95774364471435547,0.96567916870117188
28.211285805624879,0.9555700421333313,0.93440890312194824,0.95690375566482544,0.96463137865066528
28.251301011541088,0.95558005571365356,0.93471145629882813,0.95630490779876709,0.96358364820480347
28.291316217457293,0.95559012889862061,0.93525087833404541,0.9558139443397522,0.96253585815429688
28.331331423373502,0.95560020208358765,0.93582475185394287,0.95563310384750366,0.96148806810379028
28.371346629289711,0.95561021566390991,0.9361414909362793,0.95471644401550293,0.96044027805328369
28.411361835205916,0.95562028884887695,0.93658018112182617,0.95435762405395508,0.9593924880027771
28.45138393910625,0.95563030242919922,0.93673539161682129,0.95404452085494995,0.95834457874298096
28.491399145022459,0.95564037561416626,0.93671941757202148,0.95378726720809937,0.95729678869247437
28.531414350938668,0.95565038919448853,0.93700391054153442,0.95370364189147949,0.95624935626983643
28.571429556854874,0.95566046237945557,0.93721449375152588,0.95380944013595581,0.95520192384719849
28.611444762771082,0.95567053556442261,0.93712198734283447,0.95353615283966064,0.95415496826171875
28.651459968687291,0.95568054914474487,0.93730068206787109,0.95310890674591064,0.95311146974563599
28.6914751746035,0.95569062232971191,0.93719363212585449,0.95282948017120361,0.95208734273910522
28.731490380519705,0.95570063591003418,0.93714338541030884,0.95238393545150757,0.95123916864395142
28.771505586435914,0.95571070909500122,0.93728595972061157,0.95232504606246948,0.95033502578735352
28.811527690336248,0.95572072267532349,0.93729674816131592,0.9534146785736084,0.94942039251327515
28.851542896252457,0.95573079586029053,0.93722438812255859,0.95464938879013062,0.94861555099487305
28.891558102168663,0.95574086904525757,0.93729883432388306,0.95588439702987671,0.94785863161087036
28.931573308084872,0.95575088262557983,0.93713283538818359,0.9571184515953064,0.94731009006500244
28.97158851400108,0.95576095581054688,0.93713635206222534,0.95835292339324951,0.94704866409301758
29.011603719917289,0.9557681679725647,0.93713647127151489,0.95958733558654785,0.94687813520431519
29.051618925833495,0.95572519302368164,0.9361724853515625,0.95921522378921509,0.94620591402053833
29.091634131749704,0.95564174652099609,0.93628942966461182,0.95819300413131714,0.94626325368881226
29.131649337665912,0.95555835962295532,0.93653213977813721,0.95717167854309082,0.94741600751876831
29.171671441566247,0.95547491312026978,0.93681550025939941,0.95614731311798096,0.94856202602386475
29.211686647482452,0.955391526222229,0.93682622909545898,0.95512741804122925,0.94957387447357178
29.251701853398661,0.95530807971954346,0.93690526485443115,0.95410853624343872,0.95067602396011353
29.29171705931487,0.95522469282150269,0.93689244985580444,0.95309209823608398,0.95174264907836914
29.331732265231075,0.95514124631881714,0.93677973747253418,0.95209574699401855,0.95265114307403564
29.371747471147284,0.95505785942077637,0.93690907955169678,0.95107889175415039,0.95356422662734985
29.411762677063493,0.95497441291809082,0.93706709146499634,0.95032835006713867,0.95443713665008545
29.451777882979702,0.95489102602005005,0.93691438436508179,0.94967919588088989,0.95507335662841797
29.491799986880036,0.9548075795173645,0.93705350160598755,0.9492034912109375,0.95583075284957886
29.531815192796241,0.95472419261932373,0.93692559003829956,0.94899708032608032,0.95633995532989502
29.57183039871245,0.95464074611663818,0.93673259019851685,0.94905275106430054,0.95683658123016357
29.611845604628659,0.95455735921859741,0.93683493137359619,0.94927430152893066,0.95741003751754761
29.651860810544864,0.95447391271591187,0.93691885471343994,0.94947481155395508,0.95791542530059814
29.691876016461073,0.95439052581787109,0.93677937984466553,0.94939678907394409,0.95802468061447144
29.731891222377282,0.95430707931518555,0.93687278032302856,0.94924986362457275,0.9580962061882019
29.771906428293487,0.95422369241714478,0.93666702508926392,0.94896900653839111,0.95796239376068115
29.811921634209696,0.95414024591445923,0.93650776147842407,0.9490731954574585,0.95809227228164673
29.85194373811003,0.95405685901641846,0.93666684627532959,0.94925981760025024,0.95826393365859985
29.891958944026239,0.95397341251373291,0.93662142753601074,0.94939422607421875,0.9583473801612854
29.931974149942448,0.95389002561569214,0.93656283617019653,0.94924145936965942,0.95817703008651733
29.971989355858653,0.95380657911300659,0.93663126230239868,0.94908016920089722,0.95800453424453735
30.012004561774862,0.95372319221496582,0.93640494346618652,0.9489448070526123,0.95785576105117798
30.052019767691071,0.95363974571228027,0.93630719184875488,0.94910043478012085,0.9580148458480835
30.092034973607277,0.9535563588142395,0.93642544746398926,0.94927030801773071,0.95817917585372925
30.132050179523485,0.95350855588912964,0.93629938364028931,0.94935053586959839,0.95817875862121582
30.172065385439694,0.95344042778015137,0.93521988391876221,0.94845640659332275,0.95824939012527466
30.212087489340028,0.95333731174468994,0.93546563386917114,0.94865089654922485,0.95846319198608398
30.252102695256237,0.95323419570922852,0.93581455945968628,0.94887691736221313,0.95860737562179565
30.292117901172443,0.95313102006912231,0.9358975887298584,0.94894462823867798,0.95854151248931885
30.332133107088652,0.95302790403366089,0.93608427047729492,0.94883769750595093,0.95834958553314209
30.37214831300486,0.95292478799819946,0.93616616725921631,0.94873052835464478,0.95815634727478027
30.412163518921066,0.95282167196273804,0.93609499931335449,0.9487120509147644,0.95809715986251831
30.452178724837275,0.95271855592727661,0.93621808290481567,0.94890105724334717,0.9582374095916748
30.492193930753483,0.95261538028717041,0.93638479709625244,0.94911086559295654,0.95837682485580444
30.532216034653818,0.95251226425170898,0.93619763851165771,0.94910275936126709,0.95822519063949585
30.572231240570023,0.95240914821624756,0.93627303838729858,0.94899988174438477,0.95802736282348633
30.612246446486232,0.95230597257614136,0.93620038032531738,0.94892376661300659,0.95782566070556641
30.652261652402441,0.95220285654067993,0.93605256080627441,0.94917738437652588,0.95783668756484985
30.69227685831865,0.95209974050521851,0.93623131513595581,0.94954866170883179,0.95797610282897949
30.732292064234855,0.95199662446975708,0.93626618385314941,0.9499281644821167,0.95807021856307983
30.772307270151064,0.95189350843429565,0.93610233068466187,0.95010495185852051,0.95786792039871216
30.812322476067273,0.95179033279418945,0.93624246120452881,0.9502750039100647,0.95766949653625488
30.852337681983478,0.95168721675872803,0.9360613226890564,0.95065665245056152,0.95747214555740356
30.892359785883812,0.9515841007232666,0.93590313196182251,0.9510614275932312,0.95756453275680542
30.932374991800021,0.9514809250831604,0.93613338470458984,0.95148646831512451,0.95770281553268433
30.97239019771623,0.95137780904769897,0.93610548973083496,0.95190489292144775,0.95772403478622437
31.012405403632439,0.95127469301223755,0.93605536222457886,0.95200532674789429,0.95752435922622681
31.052420609548644,0.95117157697677612,0.93616056442260742,0.95201289653778076,0.95732450485229492
31.092435815464853,0.9510684609413147,0.93593281507492065,0.95217084884643555,0.9571496844291687
31.132451021381062,0.9509652853012085,0.93587088584899902,0.95243954658508301,0.95728397369384766
31.172466227297267,0.95086216926574707,0.93602144718170166,0.95272809267044067,0.95741993188858032
31.212488331197601,0.95075905323028564,0.93588793277740479,0.95285367965698242,0.95735955238342285
31.25250353711381,0.9507148265838623,0.93563437461853027,0.95331025123596191,0.95738679170608521
31.292518743030019,0.95065081119537354,0.93482112884521484,0.95264017581939697,0.95672833919525146
31.332533948946224,0.95057141780853271,0.93526959419250488,0.95301097631454468,0.95688754320144653
31.372549154862433,0.95049208402633667,0.93538254499435425,0.95323073863983154,0.95682370662689209
31.412564360778642,0.95041269063949585,0.93552565574645996,0.95322507619857788,0.95662873983383179
31.452579566694851,0.95033329725265503,0.93564951419830322,0.95310801267623901,0.95643234252929688
31.492594772611056,0.95025390386581421,0.93554103374481201,0.95318561792373657,0.95637017488479614
31.532609978527265,0.95017457008361816,0.93564563989639282,0.95334303379058838,0.95651113986968994
31.572632082427599,0.95009517669677734,0.93585389852523804,0.95350545644760132,0.95665556192398071
31.612647288343808,0.95001578330993652,0.93568354845046997,0.95345652103424072,0.9564935564994812
31.652662494260014,0.9499363899230957,0.93576341867446899,0.95331025123596191,0.95629560947418213
31.692677700176223,0.94985705614089966,0.9356958270072937,0.95314902067184448,0.95609402656555176
31.732692906092431,0.94977766275405884,0.93555349111557007,0.95315361022949219,0.95610266923904419
31.772708112008637,0.94969826936721802,0.93574482202529907,0.95333796739578247,0.95623815059661865
31.812723317924846,0.9496188759803772,0.93580049276351929,0.95346468687057495,0.95634156465530396
31.852738523841055,0.94953954219818115,0.93563491106033325,0.95327001810073853,0.95614051818847656
31.892753729757263,0.94946014881134033,0.93575203418731689,0.95314669609069824,0.95594120025634766
31.932775833657598,0.94938075542449951,0.93557518720626831,0.95305758714675903,0.95574373006820679
31.972791039573803,0.94930136203765869,0.93550401926040649,0.95316207408905029,0.95582866668701172
32.012806245490012,0.94922202825546265,0.93568015098571777,0.95333778858184814,0.95596212148666382
32.052821451406217,0.94914263486862183,0.93569213151931763,0.95340830087661743,0.95598602294921875
32.09283665732243,0.94906324148178101,0.93558275699615479,0.95322638750076294,0.95578622817993164
32.132851863238635,0.94898384809494019,0.93559956550598145,0.9530177116394043,0.95558440685272217
32.17286706915484,0.94890451431274414,0.93532466888427734,0.95309221744537354,0.95541328191757202
32.212882275071053,0.94882512092590332,0.93529790639877319,0.95309662818908691,0.95554792881011963
32.252904378971387,0.9487457275390625,0.93550324440002441,0.95318430662155151,0.95566463470458984
32.292919584887592,0.94866633415222168,0.93541884422302246,0.95312470197677612,0.95559787750244141
32.332934790803797,0.94858694076538086,0.93549638986587524,0.95295286178588867,0.95539361238479614
32.37294999672001,0.94856446981430054,0.9354589581489563,0.95334321260452271,0.9554215669631958
32.412965202636215,0.94850236177444458,0.93504643440246582,0.95295614004135132,0.95510208606719971
32.452980408552428,0.94843721389770508,0.93510115146636963,0.95293623208999634,0.95504045486450195
32.492995614468633,0.9483720064163208,0.93525642156600952,0.95283675193786621,0.95485073328018188
32.533010820384838,0.9483068585395813,0.93529963493347168,0.95264166593551636,0.95465546846389771
32.573026026301051,0.94824165105819702,0.93516886234283447,0.95262670516967773,0.95459997653961182
32.613048130201385,0.94817644357681274,0.93525725603103638,0.9527057409286499,0.95473814010620117
32.65306333611759,0.94811129570007324,0.9353867769241333,0.9528241753578186,0.9548754096031189
32.693078542033795,0.94804608821868896,0.93521815538406372,0.95268690586090088,0.95471924543380737
32.733093747950008,0.94798094034194946,0.93530023097991943,0.95245975255966187,0.95451813936233521
32.773108953866213,0.94791573286056519,0.93522512912750244,0.95230263471603394,0.95431971549987793
32.813124159782419,0.94785052537918091,0.93508511781692505,0.95233339071273804,0.95433896780014038
32.853139365698631,0.94778537750244141,0.93524026870727539,0.9524422287940979,0.95447522401809692
32.893154571614836,0.94772017002105713,0.9352799654006958,0.95250231027603149,0.95456326007843018
32.93317667551517,0.94765496253967285,0.93512839078903198,0.95228421688079834,0.95435935258865356
32.973191881431376,0.94758981466293335,0.93523871898651123,0.95218867063522339,0.95416420698165894
33.013207087347588,0.94752460718154907,0.9350554347038269,0.95207172632217407,0.95396846532821655
33.053222293263794,0.94745945930480957,0.93491369485855103,0.95222240686416626,0.9540526270866394
33.093237499179999,0.94739425182342529,0.93509554862976074,0.95249450206756592,0.95418566465377808
33.133252705096211,0.94732904434204102,0.93514394760131836,0.95268130302429199,0.95421785116195679
33.173267911012417,0.94726389646530151,0.93502253293991089,0.95256614685058594,0.95401501655578613
33.213283116928629,0.94719868898391724,0.93506240844726563,0.95229178667068481,0.95380610227584839
33.253298322844834,0.94713354110717773,0.93486660718917847,0.95239764451980591,0.95362311601638794
33.293320426745169,0.94706833362579346,0.93484663963317871,0.95238816738128662,0.95373374223709106
33.333335632661374,0.94700312614440918,0.93506050109863281,0.9524415135383606,0.95385283231735229
33.373350838577586,0.94693797826766968,0.93499106168746948,0.95231318473815918,0.95377856492996216
33.413366044493792,0.9468727707862854,0.9349973201751709,0.9520607590675354,0.9535672664642334
33.453381250409997,0.9468076229095459,0.93509495258331299,0.95265293121337891,0.95336008071899414
33.493396456326209,0.94679933786392212,0.93497371673583984,0.95337909460067749,0.95315688848495483
33.533411662242415,0.9468083381652832,0.93450844287872314,0.9523962140083313,0.952595055103302
33.57342686815862,0.94681733846664429,0.93543756008148193,0.95171052217483521,0.95277577638626099
33.613442074074833,0.94682633876800537,0.93453192710876465,0.95119976997375488,0.9527708888053894
33.653464177975167,0.94683539867401123,0.93345487117767334,0.95015180110931396,0.95172291994094849
33.693479383891372,0.94684439897537231,0.93237441778182983,0.94961529970169067,0.95210373401641846
33.733494589807577,0.9468533992767334,0.93129384517669678,0.9491007924079895,0.95333856344223022
33.77350979572379,0.94686239957809448,0.9302133321762085,0.9480711817741394,0.95452558994293213
33.813525001639995,0.94687139987945557,0.92913544178009033,0.9481547474861145,0.95394539833068848
33.8535402075562,0.94688040018081665,0.92859882116317749,0.9493556022644043,0.95339846611022949
33.893555413472413,0.94688940048217773,0.92752015590667725,0.95016831159591675,0.95457929372787476
33.933570619388618,0.94689846038818359,0.92643994092941284,0.95140242576599121,0.95581412315368652
33.973592723288952,0.94690746068954468,0.92536336183547974,0.9526374340057373,0.95491927862167358
34.013607929205158,0.94691646099090576,0.92429852485656738,0.95387232303619385,0.95449984073638916
34.05362313512137,0.94692546129226685,0.92335903644561768,0.9534599781036377,0.95573294162750244
34.093638341037575,0.94693446159362793,0.92425191402435303,0.95254701375961304,0.95693731307983398
34.133653546953788,0.94694346189498901,0.92530721426010132,0.95153564214706421,0.95766502618789673
34.173668752869993,0.9469524621963501,0.92638427019119263,0.95048785209655762,0.95746803283691406
34.213683958786199,0.94696152210235596,0.9258078932762146,0.94944006204605103,0.95870280265808105
34.253699164702411,0.94697052240371704,0.92495322227478027,0.94839227199554443,0.9590948224067688
34.293714370618616,0.94697952270507813,0.92410027980804443,0.94734454154968262,0.96032953262329102
34.33373647451895,0.94698852300643921,0.9230228066444397,0.9462965726852417,0.96156471967697144
34.373751680435156,0.94699752330780029,0.92260777950286865,0.94608628749847412,0.96228986978530884
34.413766886351368,0.94700652360916138,0.92153489589691162,0.94712233543395996,0.96326988935470581
34.453782092267573,0.94701552391052246,0.92050784826278687,0.94808542728424072,0.96222209930419922
34.493797298183779,0.94702452421188354,0.92000561952590942,0.94873577356338501,0.96215444803237915
34.533812504099991,0.9470335841178894,0.91922861337661743,0.94843530654907227,0.96287965774536133
34.573827710016197,0.94704258441925049,0.91924756765365601,0.94759076833724976,0.9634290337562561
34.613842915932402,0.94705158472061157,0.91816699504852295,0.94654303789138794,0.96466398239135742
34.653858121848614,0.94706058502197266,0.91723823547363281,0.94750261306762695,0.96589893102645874
34.693880225748948,0.94706958532333374,0.9175422191619873,0.94873780012130737,0.96713387966156006
34.733895431665154,0.94707858562469482,0.91799020767211914,0.94997268915176392,0.96836888790130615
34.773910637581359,0.94708758592605591,0.91786825656890869,0.95120745897293091,0.96960371732711792
34.813925843497572,0.94709664583206177,0.91735595464706421,0.952442467212677,0.97083854675292969
34.853941049413777,0.94710564613342285,0.91850709915161133,0.95367729663848877,0.97201114892959595
34.893956255329989,0.94711464643478394,0.91974180936813354,0.95491212606430054,0.97324585914611816
34.933971461246195,0.94712364673614502,0.92097675800323486,0.95614713430404663,0.97447687387466431
34.9739866671624,0.9471326470375061,0.92221170663833618,0.95738190412521362,0.97554367780685425
35.014008771062734,0.94714164733886719,0.9234466552734375,0.95861703157424927,0.97640055418014526
35.054023976978947,0.94715064764022827,0.92452132701873779,0.95985198020935059,0.97627991437911987
35.094039182895152,0.94715970754623413,0.92481708526611328,0.9610866904258728,0.97748905420303345
35.134054388811357,0.94716870784759521,0.92373651266098022,0.9623216986656189,0.97872263193130493
35.17406959472757,0.9471777081489563,0.92267674207687378,0.96299409866333008,0.97933894395828247
35.214084800643775,0.94718670845031738,0.92308664321899414,0.96285772323608398,0.97829371690750122
35.25410000655998,0.94719570875167847,0.92372971773147583,0.96256792545318604,0.97724592685699463
35.294115212476193,0.94720470905303955,0.92445003986358643,0.96195840835571289,0.97619813680648804
35.334130418392398,0.94721370935440063,0.9251599907875061,0.96098750829696655,0.97515034675598145
35.374152522292732,0.94722270965576172,0.92594730854034424,0.95994240045547485,0.97410237789154053
35.414167728208938,0.94723176956176758,0.92648565769195557,0.95889627933502197,0.97305464744567871
35.45418293412515,0.94724076986312866,0.92711597681045532,0.95786845684051514,0.97200685739517212
35.494198140041355,0.94724977016448975,0.92788708209991455,0.95703089237213135,0.97095906734466553
35.534213345957561,0.94725877046585083,0.92863118648529053,0.95641499757766724,0.96991127729415894
35.574228551873773,0.94726777076721191,0.92929482460021973,0.95564645528793335,0.96886348724365234
35.614243757789978,0.947276771068573,0.92996382713317871,0.9550512433052063,0.96781575679779053
35.654258963706191,0.94728577136993408,0.93027496337890625,0.95449954271316528,0.96676796674728394
35.694281067606525,0.94729483127593994,0.93075346946716309,0.95403361320495605,0.96571999788284302
35.73429627352273,0.94730383157730103,0.93134558200836182,0.95370239019393921,0.96467220783233643
35.774311479438936,0.94731283187866211,0.931773841381073,0.95353227853775024,0.96363836526870728
35.814326685355148,0.94732183218002319,0.93218731880187988,0.95334434509277344,0.96274149417877197
35.854341891271353,0.94733083248138428,0.93257534503936768,0.95308911800384521,0.9619477391242981
35.894357097187559,0.94733983278274536,0.93264877796173096,0.95279967784881592,0.96126312017440796
35.934372303103771,0.94734883308410645,0.93294596672058105,0.95249700546264648,0.96078914403915405
35.974387509019977,0.94735783338546753,0.9333069920539856,0.9525066614151001,0.96035557985305786
36.014402714936182,0.94736689329147339,0.93334215879440308,0.95238971710205078,0.95974326133728027
36.054424818836516,0.94737589359283447,0.93343877792358398,0.9522671103477478,0.95916765928268433
36.094440024752728,0.94738489389419556,0.93346697092056274,0.95213228464126587,0.95857632160186768
36.134455230668934,0.94739389419555664,0.93335765600204468,0.9518551230430603,0.95803141593933105
36.174470436585139,0.94740289449691772,0.93359017372131348,0.95167034864425659,0.95784127712249756
36.214485642501351,0.94741189479827881,0.93381291627883911,0.95176571607589722,0.95746934413909912
36.254500848417557,0.94741648435592651,0.93385493755340576,0.95133465528488159,0.9564216136932373
36.294516054333762,0.94734382629394531,0.93284827470779419,0.95089530944824219,0.95549148321151733
36.334531260249975,0.94724369049072266,0.93291419744491577,0.9507976770401001,0.95541530847549438
36.37454646616618,0.9471435546875,0.93307477235794067,0.95094984769821167,0.95514559745788574
36.414568570066514,0.94704335927963257,0.93298846483230591,0.95079213380813599,0.95472294092178345
36.454583775982726,0.94694322347640991,0.93318253755569458,0.95090508460998535,0.954306960105896
36.494598981898932,0.94684308767318726,0.93313193321228027,0.95070648193359375,0.95388621091842651
36.534614187815137,0.9467429518699646,0.93315839767456055,0.95049333572387695,0.95374965667724609
36.57462939373135,0.94664281606674194,0.93337911367416382,0.95048081874847412,0.95370376110076904
36.614644599647555,0.94654268026351929,0.93342119455337524,0.95056730508804321,0.95339870452880859
36.65465980556376,0.94644254446029663,0.93334865570068359,0.95045220851898193,0.95301032066345215
36.694675011479973,0.94634240865707397,0.93344801664352417,0.95049095153808594,0.95263046026229858
36.734697115380307,0.94624227285385132,0.93323785066604614,0.95026993751525879,0.95225536823272705
36.774712321296512,0.94614213705062866,0.9333159327507019,0.95005542039871216,0.95216965675354004
36.814727527212717,0.94604200124740601,0.93345636129379272,0.95013135671615601,0.95208156108856201
36.85474273312893,0.94594186544418335,0.93340420722961426,0.95013165473937988,0.95169699192047119
36.894757939045135,0.94584172964096069,0.9333985447883606,0.95010554790496826,0.95131778717041016
36.934773144961341,0.94574159383773804,0.93332934379577637,0.95005303621292114,0.95094764232635498
36.974788350877553,0.94564145803451538,0.93313193321228027,0.94982326030731201,0.95064926147460938
37.014803556793758,0.94554126262664795,0.93325048685073853,0.94967800378799438,0.95059245824813843
37.054818762709964,0.94544112682342529,0.93341189622879028,0.9497992992401123,0.95047843456268311
37.094840866610298,0.94534099102020264,0.933269202709198,0.94971925020217896,0.95012044906616211
37.13485607252651,0.94524085521697998,0.93336951732635498,0.94978040456771851,0.94977611303329468
37.174871278442716,0.94514071941375732,0.93319910764694214,0.94964921474456787,0.94941318035125732
37.214886484358928,0.94504058361053467,0.93306571245193481,0.94945704936981201,0.94923728704452515
37.254901690275133,0.94494044780731201,0.93325966596603394,0.94934576749801636,0.94922536611557007
37.294916896191339,0.94484031200408936,0.93331652879714966,0.94949501752853394,0.94905763864517212
37.334932102107551,0.9447401762008667,0.93313086032867432,0.9494282603263855,0.9487035870552063
37.374947308023756,0.94470381736755371,0.93316805362701416,0.94948244094848633,0.94765579700469971
37.414969411924091,0.94463962316513062,0.93244093656539917,0.94894152879714966,0.94716125726699829
37.454984617840296,0.94456619024276733,0.93256008625030518,0.94913786649703979,0.9470251202583313
37.494999823756508,0.94449275732040405,0.93246859312057495,0.94908279180526733,0.94670295715332031
37.535015029672714,0.94441932439804077,0.932669997215271,0.94921517372131348,0.94637298583984375
37.575030235588919,0.94434595108032227,0.93254661560058594,0.94905316829681396,0.9460599422454834
37.615045441505131,0.94427251815795898,0.93256515264511108,0.94888538122177124,0.94604212045669556
37.655060647421337,0.9441990852355957,0.93279135227203369,0.94892704486846924,0.94608312845230103
37.695075853337542,0.94412565231323242,0.93284213542938232,0.94903838634490967,0.94586974382400513
37.735091059253755,0.94405227899551392,0.93273419141769409,0.9490172266960144,0.94556307792663574
37.775113163154089,0.94397884607315063,0.93277394771575928,0.94901931285858154,0.9452555775642395
37.815128369070294,0.94390541315078735,0.93261182308197021,0.94885420799255371,0.94498717784881592
37.855143574986499,0.94383198022842407,0.9326668381690979,0.94866502285003662,0.94501233100891113
37.895158780902712,0.94375854730606079,0.93280375003814697,0.948699951171875,0.94500726461410522
37.935173986818917,0.94368517398834229,0.93279397487640381,0.94866794347763062,0.94475406408309937
37.975189192735122,0.943611741065979,0.93270963430404663,0.94865846633911133,0.94443190097808838
38.015204398651335,0.94353830814361572,0.93265968561172485,0.94858419895172119,0.94413137435913086
38.05521960456754,0.94346493482589722,0.93250119686126709,0.94841206073760986,0.94397372007369995
38.095234810483753,0.94339150190353394,0.93261796236038208,0.94823193550109863,0.94404643774032593
38.135256914384087,0.94331806898117065,0.93278956413269043,0.94836187362670898,0.94408845901489258
38.175272120300292,0.94324463605880737,0.9326593279838562,0.94841152429580688,0.94389349222183228
38.215287326216497,0.94317120313644409,0.93265867233276367,0.94847238063812256,0.94364851713180542
38.25530253213271,0.94309782981872559,0.9324231743812561,0.94826561212539673,0.94342046976089478
38.295317738048915,0.9430243968963623,0.93233710527420044,0.94810020923614502,0.9433746337890625
38.33533294396512,0.94295096397399902,0.93244332075119019,0.94808304309844971,0.94347149133682251
38.375348149881333,0.94287753105163574,0.93259710073471069,0.94822818040847778,0.94353067874908447
38.415363355797538,0.94280415773391724,0.93245679140090942,0.94817131757736206,0.94332146644592285
38.455385459697872,0.94273072481155396,0.93252992630004883,0.94818645715713501,0.94308972358703613
38.495400665614078,0.94271296262741089,0.93237322568893433,0.94840621948242188,0.94295400381088257
38.53541587153029,0.94262999296188354,0.93193107843399048,0.94814425706863403,0.94273173809051514
38.575431077446495,0.94254696369171143,0.93170320987701416,0.94811993837356567,0.94254833459854126
38.615446283362701,0.94246399402618408,0.93175262212753296,0.94820511341094971,0.94234037399291992
38.655461489278913,0.94238102436065674,0.93163621425628662,0.94789403676986694,0.9421231746673584
38.695476695195119,0.94229799509048462,0.93168097734451294,0.94751256704330444,0.94213640689849854
38.735491901111324,0.94221502542495728,0.93188756704330444,0.9476548433303833,0.94214588403701782
38.775507107027536,0.94213205575942993,0.93199610710144043,0.94788724184036255,0.94213706254959106
38.81552921092787,0.94204902648925781,0.93185913562774658,0.94786339998245239,0.94186693429946899
38.855544416844076,0.94196605682373047,0.93185603618621826,0.94775217771530151,0.9416353702545166
38.895559622760288,0.94188302755355835,0.93177199363708496,0.94761818647384644,0.94134843349456787
38.935574828676494,0.94180005788803101,0.931843101978302,0.94754207134246826,0.94139224290847778
38.975590034592699,0.94171708822250366,0.93198609352111816,0.94772839546203613,0.94134789705276489
39.015605240508911,0.94163405895233154,0.93195974826812744,0.94781666994094849,0.94124490022659302
39.055620446425117,0.9415510892868042,0.93188315629959106,0.9478304386138916,0.94095373153686523
39.095635652341322,0.94146811962127686,0.93178713321685791,0.94769185781478882,0.94067329168319702
39.135650858257534,0.94138509035110474,0.93168216943740845,0.94753199815750122,0.94045424461364746
39.175672962157869,0.94130212068557739,0.9318433403968811,0.94745862483978271,0.9404987096786499
39.215688168074074,0.94121909141540527,0.93200308084487915,0.94761830568313599,0.94042444229125977
39.255703373990279,0.94113612174987793,0.93186271190643311,0.94761818647384644,0.94020968675613403
39.295718579906492,0.94105309247970581,0.93188017606735229,0.94765555858612061,0.93992805480957031
39.335733785822697,0.94097012281417847,0.93171876668930054,0.94746154546737671,0.93961983919143677
39.375748991738902,0.94088715314865112,0.93171417713165283,0.94731956720352173,0.93945914506912231
39.415764197655115,0.940804123878479,0.93187814950942993,0.94733589887619019,0.93948525190353394
39.45577940357132,0.94072115421295166,0.93208479881286621,0.94747167825698853,0.93939554691314697
39.495801507471654,0.94063812494277954,0.93197619915008545,0.94739764928817749,0.939136803150177
39.53581671338786,0.9405551552772522,0.93195635080337524,0.94736313819885254,0.9388892650604248
39.575831919304072,0.94047218561172485,0.93187355995178223,0.94710016250610352,0.93858689069747925
39.615847125220277,0.94045597314834595,0.93167740106582642,0.94765192270278931,0.93860757350921631
39.65586233113649,0.9403948187828064,0.93125003576278687,0.94732677936553955,0.9383358359336853
39.695877537052695,0.94033360481262207,0.93084365129470825,0.94734084606170654,0.93803799152374268
39.7358927429689,0.94027245044708252,0.93044799566268921,0.9471251368522644,0.93777400255203247
39.775907948885113,0.94021129608154297,0.93040680885314941,0.94707560539245605,0.93763118982315063
39.815923154801318,0.94015008211135864,0.93045878410339355,0.94714504480361938,0.93756359815597534
39.855945258701652,0.94008886814117432,0.93045675754547119,0.94723802804946899,0.93753015995025635
39.895960464617858,0.94002771377563477,0.93027514219284058,0.94720298051834106,0.93722063302993774
39.93597567053407,0.93996649980545044,0.93031167984008789,0.94702941179275513,0.93691772222518921
39.975990876450275,0.93990534543991089,0.93023741245269775,0.94679903984069824,0.93667501211166382
40.016006082366481,0.93984413146972656,0.93039995431900024,0.946583092212677,0.93674111366271973
40.056021288282693,0.93978297710418701,0.93065905570983887,0.94660598039627075,0.93663662672042847
40.096036494198898,0.93972182273864746,0.93074864149093628,0.94658833742141724,0.93658185005187988
40.136051700115104,0.93966060876846313,0.93077677488327026,0.94659268856048584,0.93632394075393677
40.176073804015438,0.93959939479827881,0.93077933788299561,0.94639337062835693,0.93607151508331299
40.21608900993165,0.93953824043273926,0.93067079782485962,0.94619107246398926,0.9359363317489624
40.256104215847856,0.93947702646255493,0.93092268705368042,0.94606322050094604,0.93601679801940918
40.296119421764061,0.93941587209701538,0.93113476037979126,0.94617921113967896,0.93592947721481323
40.336134627680273,0.93935465812683105,0.93109995126724243,0.94617271423339844,0.93581873178482056
40.376149833596479,0.9392935037612915,0.93111509084701538,0.94609940052032471,0.93554031848907471
40.416165039512691,0.93923234939575195,0.93097758293151855,0.94592738151550293,0.93524372577667236
40.456180245428897,0.93917113542556763,0.93096232414245605,0.94573545455932617,0.9351201057434082
40.496195451345102,0.93910998106002808,0.93115717172622681,0.94577687978744507,0.93516069650650024
40.536217555245436,0.93904876708984375,0.93137180805206299,0.94590520858764648,0.93512910604476929
40.576232761161648,0.93898755311965942,0.93120217323303223,0.94592922925949097,0.93494534492492676
40.616247967077854,0.93892639875411987,0.93106663227081299,0.94588726758956909,0.93466341495513916
40.656263172994059,0.93886518478393555,0.93089902400970459,0.94572740793228149,0.93437576293945313
40.696278378910272,0.93880844116210938,0.93084853887557983,0.9456174373626709,0.93408089876174927
40.736293584826477,0.93880981206893921,0.93008631467819214,0.94620609283447266,0.93413275480270386
40.776308790742682,0.93881422281265259,0.92904078960418701,0.94516551494598389,0.93370425701141357
40.816323996658895,0.93881857395172119,0.92797142267227173,0.94419115781784058,0.93493926525115967
40.8563392025751,0.93882292509078979,0.92689132690429688,0.94329589605331421,0.93617415428161621
40.896361306475434,0.93882733583450317,0.92581057548522949,0.94242304563522339,0.9374091625213623
40.936376512391639,0.93883168697357178,0.92473012208938599,0.9415508508682251,0.93864423036575317
40.976391718307852,0.93883609771728516,0.92364954948425293,0.94085574150085449,0.93987900018692017
41.016406924224057,0.93884044885635376,0.92256903648376465,0.94184297323226929,0.94111388921737671
41.056422130140263,0.93884485960006714,0.92148852348327637,0.94307786226272583,0.9423488974571228
41.096437336056475,0.93884921073913574,0.92169171571731567,0.94430762529373169,0.94347935914993286
41.13645254197268,0.93885362148284912,0.92082059383392334,0.94548714160919189,0.94470304250717163
41.176467747888893,0.93885797262191772,0.91977119445800781,0.94531118869781494,0.94593781232833862
41.21648985178922,0.9388623833656311,0.91869044303894043,0.94426727294921875,0.94717293977737427
41.256505057705432,0.93886673450469971,0.91760993003845215,0.94321954250335693,0.94840788841247559
41.296520263621638,0.93887114524841309,0.91652941703796387,0.94217175245285034,0.9496425986289978
41.33653546953785,0.93887549638748169,0.91544884443283081,0.94112396240234375,0.9508776068687439
41.376550675454055,0.93887984752655029,0.9143683910369873,0.9406854510307312,0.95202499628067017
41.416565881370261,0.93888425827026367,0.91353893280029297,0.94140732288360596,0.95230621099472046
41.456581087286473,0.93888860940933228,0.91245841979980469,0.94262635707855225,0.95354098081588745
41.496596293202678,0.93889302015304565,0.91164290904998779,0.94376224279403687,0.95477598905563354
41.536611499118884,0.93889737129211426,0.91123807430267334,0.9449845552444458,0.95601081848144531
41.576633603019218,0.93890178203582764,0.91143280267715454,0.94598811864852905,0.95697355270385742
41.61664880893543,0.93890613317489624,0.91147530078887939,0.94672667980194092,0.95783525705337524
41.656664014851636,0.93891054391860962,0.91097354888916016,0.94704186916351318,0.95885223150253296
41.696679220767841,0.93891489505767822,0.90989470481872559,0.9472728967666626,0.96004718542098999
41.736694426684053,0.9389193058013916,0.9088597297668457,0.94671213626861572,0.96105116605758667
41.776709632600259,0.93892365694046021,0.90830445289611816,0.94659477472305298,0.96114474534988403
41.816724838516464,0.93892806768417358,0.9075806736946106,0.94700682163238525,0.96223503351211548
41.856740044432676,0.93893241882324219,0.90650200843811035,0.94772166013717651,0.9634699821472168
41.896762148333011,0.93893682956695557,0.90643924474716187,0.94731372594833374,0.96470493078231812
41.936777354249216,0.93894118070602417,0.90678095817565918,0.94659769535064697,0.96593993902206421
41.976792560165421,0.93894553184509277,0.90709173679351807,0.9458078145980835,0.96717476844787598
42.016807766081634,0.93894994258880615,0.90679210424423218,0.94541829824447632,0.96840959787368774
42.056822971997839,0.93895429372787476,0.90571153163909912,0.94437801837921143,0.96798956394195557
42.096838177914051,0.93895870447158813,0.90463101863861084,0.94343501329421997,0.96694183349609375
42.136853383830257,0.93896305561065674,0.90355050563812256,0.94281870126724243,0.96589404344558716
42.176868589746462,0.93896746635437012,0.9024699330329895,0.94252973794937134,0.96484625339508057
42.216883795662675,0.93897181749343872,0.901389479637146,0.94234645366668701,0.96379846334457397
42.256905899563009,0.9389762282371521,0.90030872821807861,0.94208496809005737,0.96275049448013306
42.296921105479214,0.9389805793762207,0.89933329820632935,0.94193828105926514,0.96176081895828247
42.336936311395419,0.93898499011993408,0.89979392290115356,0.94198638200759888,0.96290332078933716
42.376951517311632,0.93898934125900269,0.90102869272232056,0.94278234243392944,0.96413809061050415
42.416966723227837,0.93899375200271606,0.90223580598831177,0.94246751070022583,0.9645611047744751
42.456981929144042,0.93899810314178467,0.90346002578735352,0.94144552946090698,0.96449846029281616
42.496997135060255,0.93900245428085327,0.90466928482055664,0.94039779901504517,0.96345067024230957
42.53701234097646,0.93900686502456665,0.90584421157836914,0.93935000896453857,0.96240293979644775
42.577027546892666,0.93901121616363525,0.90696382522583008,0.93830221891403198,0.96135514974594116
42.617049650793,0.93901562690734863,0.90795373916625977,0.93724668025970459,0.96030718088150024
42.657064856709212,0.93901997804641724,0.9089348316192627,0.93616616725921631,0.95925939083099365
42.697080062625417,0.93902438879013062,0.9097367525100708,0.93508559465408325,0.95821160078048706
42.737095268541623,0.93902873992919922,0.91051584482192993,0.93400514125823975,0.95716387033462524
42.777110474457835,0.9390331506729126,0.91142702102661133,0.93292456865310669,0.95611608028411865
42.817125680374041,0.9390375018119812,0.91208797693252563,0.93187236785888672,0.95506900548934937
42.857140886290253,0.93904191255569458,0.91286176443099976,0.93096864223480225,0.95402169227600098
42.897156092206458,0.93904626369476318,0.91362762451171875,0.93017256259918213,0.95297998189926147
42.937178196106792,0.93905067443847656,0.91421568393707275,0.9296424388885498,0.95196890830993652
42.977193402022998,0.93905502557754517,0.91494739055633545,0.92906951904296875,0.95094609260559082
43.01720860793921,0.93905937671661377,0.91561043262481689,0.92834937572479248,0.94991737604141235
43.057223813855416,0.93906378746032715,0.9160725474357605,0.9276430606842041,0.94906139373779297
43.097239019771621,0.93906813859939575,0.91671514511108398,0.926829993724823,0.94815939664840698
43.137254225687833,0.93907254934310913,0.91734445095062256,0.9260791540145874,0.94737666845321655
43.177269431604039,0.93907690048217773,0.91764229536056519,0.92564630508422852,0.94669950008392334
43.217284637520244,0.93908131122589111,0.91818279027938843,0.92503517866134644,0.94619530439376831
43.257299843436456,0.93908566236495972,0.91839152574539185,0.92435532808303833,0.94591629505157471
43.297321947336791,0.9390900731086731,0.9188264012336731,0.92363238334655762,0.9458167552947998
43.337337153252996,0.9390944242477417,0.91932564973831177,0.92291498184204102,0.94567972421646118
43.377352359169201,0.93909883499145508,0.91975539922714233,0.92230135202407837,0.94541656970977783
43.417367565085414,0.93910318613052368,0.91996407508850098,0.92196148633956909,0.94518512487411499
43.457382771001619,0.93910759687423706,0.92039775848388672,0.92117172479629517,0.9450189471244812
43.497397976917824,0.93910336494445801,0.92020231485366821,0.92174983024597168,0.94477295875549316
43.537413182834037,0.9390292763710022,0.91978311538696289,0.92130672931671143,0.94389528036117554
43.577428388750242,0.93895512819290161,0.91950982809066772,0.92100280523300171,0.943184494972229
43.617443594666454,0.9388810396194458,0.9193306565284729,0.92045789957046509,0.94259339570999146
43.657465698566789,0.93880689144134521,0.91933965682983398,0.91986691951751709,0.94226562976837158
43.697480904482994,0.93873274326324463,0.91974055767059326,0.91926246881484985,0.94218337535858154
43.737496110399199,0.93865865468978882,0.92017853260040283,0.91867274045944214,0.94215703010559082
43.777511316315412,0.93858450651168823,0.92047911882400513,0.91826421022415161,0.94196087121963501
43.817526522231617,0.93851041793823242,0.92094635963439941,0.91797941923141479,0.94176751375198364
43.857541728147822,0.93843626976013184,0.92110872268676758,0.91758632659912109,0.94176161289215088
43.897556934064035,0.93836218118667603,0.92130380868911743,0.91712355613708496,0.94190621376037598
43.93757213998024,0.93828803300857544,0.9217413067817688,0.91666561365127563,0.94210153818130493
43.977594243880574,0.93821388483047485,0.92217838764190674,0.91632765531539917,0.94220191240310669
44.01760944979678,0.93813979625701904,0.92235732078552246,0.91615718603134155,0.94215041399002075
44.057624655712992,0.93806564807891846,0.92279869318008423,0.91596782207489014,0.94209522008895874
44.097639861629197,0.93799155950546265,0.92286187410354614,0.91581821441650391,0.94230210781097412
44.137655067545403,0.93791741132736206,0.92309808731079102,0.91546231508255005,0.94257259368896484
44.177670273461615,0.93784332275390625,0.92352771759033203,0.91519618034362793,0.94281846284866333
44.21768547937782,0.93776917457580566,0.92392086982727051,0.91499006748199463,0.94280499219894409
44.257700685294026,0.93769508600234985,0.92415851354598999,0.91507112979888916,0.94274663925170898
44.297715891210238,0.93762093782424927,0.92445755004882813,0.915047287940979,0.94272464513778687
44.337737995110572,0.93754684925079346,0.92450344562530518,0.91505265235900879,0.94304966926574707
44.377753201026778,0.93747270107269287,0.92480200529098511,0.91481208801269531,0.94329994916915894
44.41776840694299,0.93739855289459229,0.92522227764129639,0.91446024179458618,0.94361042976379395
44.457783612859195,0.93732446432113647,0.92555725574493408,0.91438442468643188,0.94368606805801392
44.497798818775401,0.93725031614303589,0.92579197883605957,0.91447007656097412,0.94363188743591309
44.537814024691613,0.93717622756958008,0.92598921060562134,0.9144328236579895,0.94368219375610352
44.577829230607819,0.93710207939147949,0.92613261938095093,0.91398131847381592,0.94360363483428955
44.617844436524024,0.93708276748657227,0.92600268125534058,0.9151579737663269,0.94339507818222046
44.657866540424358,0.93700128793716431,0.92570048570632935,0.91492080688476563,0.94241112470626831
44.69788174634057,0.93691980838775635,0.92552077770233154,0.91490089893341064,0.94179606437683105
44.737896952256776,0.93683832883834839,0.92543154954910278,0.91470658779144287,0.94141072034835815
44.777912158172981,0.93675690889358521,0.92567896842956543,0.91444253921508789,0.94139975309371948
44.817927364089194,0.93667542934417725,0.92596334218978882,0.91447603702545166,0.94152384996414185
44.857942570005399,0.93659394979476929,0.92607879638671875,0.91461849212646484,0.94156467914581299
44.897957775921604,0.9365125298500061,0.92623615264892578,0.91474390029907227,0.94152098894119263
44.937972981837817,0.93643105030059814,0.92623060941696167,0.91468286514282227,0.94149219989776611
44.977988187754022,0.93634957075119019,0.92625391483306885,0.91439241170883179,0.94156903028488159
45.018010291654356,0.93626809120178223,0.92652451992034912,0.91399884223937988,0.9417148232460022
45.058025497570561,0.93618667125701904,0.92683953046798706,0.91390573978424072,0.94182103872299194
45.098040703486774,0.93610519170761108,0.92682433128356934,0.91382467746734619,0.94172012805938721
45.138055909402979,0.93602371215820313,0.92686504125595093,0.91378456354141235,0.94164776802062988
45.178071115319185,0.93594229221343994,0.9268154501914978,0.91381937265396118,0.94183814525604248
45.218086321235397,0.93586081266403198,0.92681717872619629,0.91359829902648926,0.94210541248321533
45.258101527151602,0.93577933311462402,0.92707669734954834,0.91337686777114868,0.94240891933441162
45.298116733067815,0.93569791316986084,0.92729943990707397,0.91336667537689209,0.942527174949646
45.33813193898402,0.93561643362045288,0.9271780252456665,0.91354286670684814,0.9425429105758667
45.378154042884354,0.93553495407104492,0.92715638875961304,0.91336631774902344,0.9424775242805481
45.41816924880056,0.93545347452163696,0.92704808712005615,0.91319155693054199,0.94273442029953003
45.458184454716772,0.93537205457687378,0.92710411548614502,0.91299223899841309,0.94295865297317505
45.498199660632977,0.93529057502746582,0.92726397514343262,0.91276144981384277,0.94327205419540405
45.538214866549183,0.93520909547805786,0.9274214506149292,0.91279774904251099,0.94335299730300903
45.578230072465395,0.93512767553329468,0.92725604772567749,0.91290420293807983,0.9433361291885376
45.6182452783816,0.93504619598388672,0.92709469795227051,0.91281294822692871,0.94340169429779053
45.658260484297806,0.93496471643447876,0.92691659927368164,0.91285347938537598,0.94371122121810913
45.69828258819814,0.93489217758178711,0.92696374654769897,0.91257035732269287,0.94351440668106079
45.738297794114352,0.93486934900283813,0.92610824108123779,0.91310489177703857,0.9424666166305542
45.778313000030558,0.93480449914932251,0.92543751001358032,0.91284430027008057,0.94141882658004761
45.818328205946763,0.93473964929580688,0.92497783899307251,0.91261446475982666,0.9406287670135498
45.858343411862975,0.93467479944229126,0.92488127946853638,0.91238164901733398,0.94037306308746338
45.898358617779181,0.93460994958877563,0.92484629154205322,0.91230607032775879,0.94031369686126709
45.938373823695386,0.93454509973526001,0.92461532354354858,0.91229993104934692,0.94004565477371216
45.978389029611598,0.93448024988174438,0.92440003156661987,0.9123271107673645,0.9398232102394104
46.018404235527804,0.93441534042358398,0.92417633533477783,0.91208863258361816,0.93960660696029663
46.058426339428138,0.93435049057006836,0.92411333322525024,0.91200524568557739,0.93972855806350708
46.09844154534435,0.93428564071655273,0.92429202795028687,0.91178208589553833,0.93992435932159424
46.138456751260556,0.93422079086303711,0.92456787824630737,0.91174620389938354,0.93999993801116943
46.178471957176761,0.93415594100952148,0.92464566230773926,0.9117664098739624,0.93989348411560059
46.218487163092973,0.93409103155136108,0.92476534843444824,0.91171443462371826,0.9397963285446167
46.258502369009179,0.93402618169784546,0.92471331357955933,0.91167974472045898,0.93979912996292114
46.298517574925384,0.93396133184432983,0.92480957508087158,0.91154032945632935,0.93998807668685913
46.338532780841597,0.93389648199081421,0.92504400014877319,0.91134977340698242,0.94017171859741211
46.378547986757802,0.93383163213729858,0.92528760433197021,0.91143512725830078,0.94012492895126343
46.418570090658136,0.93376672267913818,0.92523682117462158,0.91151714324951172,0.93978333473205566
46.458585296574341,0.93370187282562256,0.92518383264541626,0.91142892837524414,0.93940263986587524
46.498600502490554,0.93363702297210693,0.92505604028701782,0.91152924299240112,0.93870192766189575
46.538615708406759,0.93357217311859131,0.92514169216156006,0.91132944822311401,0.93765413761138916
46.578630914322964,0.93350732326507568,0.92535859346389771,0.91110497713088989,0.93702179193496704
46.618646120239177,0.93344247341156006,0.9255300760269165,0.9111473560333252,0.93664544820785522
46.658661326155382,0.93337756395339966,0.92540907859802246,0.91127711534500122,0.93596857786178589
46.698676532071588,0.93331271409988403,0.92525148391723633,0.91111433506011963,0.93528962135314941
46.738698635971922,0.93324786424636841,0.92508113384246826,0.91106534004211426,0.9345933198928833
46.778713841888134,0.93318301439285278,0.92524659633636475,0.91092252731323242,0.93390697240829468
46.818729047804339,0.93313431739807129,0.92517507076263428,0.91090166568756104,0.9334455132484436
46.858744253720552,0.93309319019317627,0.92417299747467041,0.91124248504638672,0.93338000774383545
46.898759459636757,0.9330095648765564,0.92363369464874268,0.91089010238647461,0.93266606330871582
46.938774665552963,0.9329259991645813,0.92352640628814697,0.91064512729644775,0.93198436498641968
46.978789871469175,0.93284237384796143,0.9234963059425354,0.91055738925933838,0.93146014213562012
47.01880507738538,0.93275874853134155,0.92327457666397095,0.91048991680145264,0.93104279041290283
47.058820283301586,0.93267518281936646,0.9230419397354126,0.91044449806213379,0.93039214611053467
47.09884238720192,0.93259155750274658,0.92285734415054321,0.91036009788513184,0.92973798513412476
47.138857593118132,0.93250793218612671,0.92276370525360107,0.91026216745376587,0.92910581827163696
47.178872799034338,0.93242436647415161,0.92291128635406494,0.90989470481872559,0.92843842506408691
47.218888004950543,0.93234074115753174,0.92308485507965088,0.90991330146789551,0.92803025245666504
47.258903210866755,0.93225717544555664,0.92309838533401489,0.90987116098403931,0.92755258083343506
47.298918416782961,0.93217355012893677,0.9230419397354126,0.9097590446472168,0.92708015441894531
47.338933622699166,0.93208998441696167,0.92293411493301392,0.90972453355789185,0.92665469646453857
47.378948828615378,0.9320063591003418,0.92301607131958008,0.90945768356323242,0.92651146650314331
47.418970932515712,0.93192273378372192,0.92322331666946411,0.90923625230789185,0.92628580331802368
47.458986138431918,0.93183916807174683,0.92341679334640503,0.90925204753875732,0.92629867792129517
47.499001344348123,0.93175554275512695,0.92328929901123047,0.90925687551498413,0.92606055736541748
47.539016550264336,0.93167191743850708,0.92314743995666504,0.90903258323669434,0.92574238777160645
47.579031756180541,0.93158835172653198,0.92299002408981323,0.90905225276947021,0.92542964220046997
47.619046962096753,0.93150472640991211,0.92308914661407471,0.90881341695785522,0.92541468143463135
47.659062168012959,0.93142116069793701,0.92333555221557617,0.90871554613113403,0.9252811074256897
47.699077373929164,0.93133753538131714,0.92351239919662476,0.90873783826828003,0.92533308267593384
47.739092579845376,0.93125396966934204,0.92335665225982666,0.9087035059928894,0.92504584789276123
47.779114683745711,0.93117034435272217,0.92330193519592285,0.90828084945678711,0.92474943399429321
47.819129889661916,0.93108671903610229,0.92318218946456909,0.90788024663925171,0.92445331811904907
47.859145095578121,0.9310031533241272,0.92334145307540894,0.90769916772842407,0.92448180913925171
47.899160301494334,0.93091952800750732,0.92350256443023682,0.90767043828964233,0.92436844110488892
47.939175507410539,0.93086886405944824,0.9232860803604126,0.90755999088287354,0.9241180419921875
47.979190713326744,0.93087255954742432,0.92261350154876709,0.9080129861831665,0.92407906055450439
48.019205919242957,0.9308784008026123,0.92153304815292358,0.90885752439498901,0.92459547519683838
48.059221125159162,0.93088430166244507,0.92045247554779053,0.91009235382080078,0.92582994699478149
48.099236331075367,0.93089014291763306,0.9193871021270752,0.91132736206054688,0.92705202102661133
48.139258434975702,0.93089598417282104,0.91837978363037109,0.91256231069564819,0.92828714847564697
48.179273640891914,0.93090188503265381,0.91753619909286499,0.91379725933074951,0.92952209711074829
48.219288846808119,0.9309077262878418,0.91656643152236938,0.91503220796585083,0.93075680732727051
48.259304052724325,0.93091356754302979,0.9155963659286499,0.91626691818237305,0.9319918155670166
48.299319258640537,0.93091946840286255,0.91458451747894287,0.91750192642211914,0.93322670459747314
48.339334464556742,0.93092530965805054,0.91453951597213745,0.91845929622650146,0.93445700407028198
48.379349670472948,0.93093115091323853,0.91377639770507813,0.91969400644302368,0.93569177389144897
48.41936487638916,0.93093699216842651,0.91271752119064331,0.920928955078125,0.93692666292190552
48.459386980289494,0.93094289302825928,0.91163676977157593,0.92214441299438477,0.93816184997558594
48.4994021862057,0.93094873428344727,0.91055631637573242,0.92215240001678467,0.93939656019210815
48.539417392121912,0.93095457553863525,0.90947574377059937,0.92107182741165161,0.94059789180755615
48.579432598038117,0.93096047639846802,0.90839529037475586,0.91999137401580811,0.94166731834411621
48.619447803954323,0.93096631765365601,0.90741008520126343,0.91891080141067505,0.94253271818161011
48.659463009870535,0.93097215890884399,0.90632951259613037,0.91783022880554199,0.94340890645980835
48.699478215786741,0.93097805976867676,0.90524905920028687,0.91745239496231079,0.94365942478179932
48.739493421702946,0.93098390102386475,0.90419614315032959,0.91868716478347778,0.94309550523757935
48.779508627619158,0.93098974227905273,0.9031989574432373,0.9199213981628418,0.9440883994102478
48.819530731519492,0.93099558353424072,0.90248000621795654,0.92095381021499634,0.9439082145690918
48.859545937435698,0.93100148439407349,0.90181529521942139,0.92218756675720215,0.94460147619247437
48.899561143351903,0.93100732564926147,0.90098464488983154,0.92286795377731323,0.94542819261550903
48.939576349268116,0.93101316690444946,0.90020054578781128,0.92302441596984863,0.94483625888824463
48.979591555184321,0.93101906776428223,0.89911997318267822,0.92194396257400513,0.94378846883773804
49.019606761100526,0.93102490901947021,0.89832615852355957,0.92173832654953003,0.94274067878723145
49.059621967016739,0.9310307502746582,0.89724558591842651,0.92212086915969849,0.94169288873672485
49.099637172932944,0.93103659152984619,0.89618337154388428,0.92335587739944458,0.94064515829086304
49.139659276833278,0.93104249238967896,0.89520114660263062,0.92459076642990112,0.93959718942642212
49.179674482749483,0.93104833364486694,0.89412069320678711,0.92582577466964722,0.93854939937591553
49.219689688665696,0.93105417490005493,0.89305150508880615,0.92706066370010376,0.93750160932540894
49.259704894581901,0.9310600757598877,0.89197099208831787,0.92645692825317383,0.93642139434814453
49.299720100498114,0.93106591701507568,0.89089047908782959,0.92628705501556396,0.93534082174301147
49.339735306414319,0.93107175827026367,0.88980990648269653,0.92520654201507568,0.93426024913787842
49.379750512330524,0.93107765913009644,0.88872945308685303,0.9241260290145874,0.93317979574203491
49.419765718246737,0.93108350038528442,0.88764888048171997,0.92304545640945435,0.93209922313690186
49.459780924162942,0.93108934164047241,0.88656842708587646,0.92196500301361084,0.93101876974105835
49.499803028063276,0.9310951828956604,0.88548767566680908,0.92088425159454346,0.92993801832199097
49.539818233979481,0.93110108375549316,0.8844071626663208,0.92028158903121948,0.92885756492614746
49.579833439895694,0.93110692501068115,0.88332664966583252,0.92029547691345215,0.9277769923210144
49.619848645811899,0.93111276626586914,0.88248229026794434,0.92098653316497803,0.92669641971588135
49.659863851728105,0.9311186671257019,0.88371706008911133,0.92002558708190918,0.92561596632003784
49.699879057644317,0.93112450838088989,0.88495206832885742,0.91906470060348511,0.92453539371490479
49.739894263560522,0.93113034963607788,0.88618689775466919,0.91809159517288208,0.92345547676086426
49.779909469476728,0.93113625049591064,0.88742172718048096,0.91701114177703857,0.9223749041557312
49.81992467539294,0.93114209175109863,0.88865673542022705,0.91593056917190552,0.92129498720169067
49.859946779293274,0.93114793300628662,0.88989168405532837,0.91484981775283813,0.92021489143371582
49.89996198520948,0.93115377426147461,0.89112663269042969,0.91376972198486328,0.91913431882858276
49.939977191125685,0.93115967512130737,0.89235907793045044,0.91268914937973022,0.91805511713027954
49.979992397041897,0.93116551637649536,0.89351725578308105,0.91160869598388672,0.91697514057159424
50.020007602958103,0.93117135763168335,0.89459383487701416,0.91052812337875366,0.91589534282684326
50.060022808874315,0.93117725849151611,0.89581865072250366,0.9094511866569519,0.91481560468673706
50.10003801479052,0.9311830997467041,0.89696937799453735,0.90843141078948975,0.91373604536056519
50.140053220706726,0.93118894100189209,0.89781653881072998,0.90743517875671387,0.91265702247619629
50.18007532460706,0.93119484186172485,0.8987123966217041,0.9064260721206665,0.91157716512680054
50.220090530523272,0.93120068311691284,0.89926439523696899,0.90550237894058228,0.91049742698669434
50.260105736439478,0.93120652437210083,0.89998245239257813,0.90465867519378662,0.90941727161407471
50.300120942355683,0.93121236562728882,0.90044313669204712,0.90388518571853638,0.90833747386932373
50.340136148271895,0.93121826648712158,0.90103107690811157,0.90297287702560425,0.90725773572921753
50.380151354188101,0.93122410774230957,0.90161317586898804,0.90208476781845093,0.90617835521697998
50.420166560104306,0.93122994899749756,0.90209078788757324,0.90116035938262939,0.90509915351867676
50.460181766020519,0.93123584985733032,0.90225160121917725,0.90034639835357666,0.90402263402938843
50.500196971936724,0.93124169111251831,0.90240627527236938,0.89969766139984131,0.90294921398162842
50.540219075837058,0.9312475323677063,0.90221744775772095,0.89893114566802979,0.90187788009643555
50.580234281753263,0.93125337362289429,0.90233308076858521,0.89812260866165161,0.90081185102462769
50.620249487669476,0.93125927448272705,0.90242296457290649,0.89726066589355469,0.89977174997329712
50.660264693585681,0.93126511573791504,0.90241014957427979,0.89641094207763672,0.89872270822525024
50.700279899501886,0.93126899003982544,0.90212595462799072,0.89635086059570313,0.89828795194625854
50.740295105418099,0.93121868371963501,0.90222901105880737,0.89697223901748657,0.89724081754684448
50.780310311334304,0.93113201856613159,0.90189385414123535,0.89637374877929688,0.89626806974411011
50.820325517250517,0.9310452938079834,0.90134108066558838,0.8958624005317688,0.89524179697036743
50.860340723166722,0.93095862865447998,0.9009394645690918,0.89538687467575073,0.89424937963485718
50.900362827067056,0.93087190389633179,0.90045666694641113,0.89497268199920654,0.89348292350769043
50.940378032983261,0.93078523874282837,0.90017610788345337,0.89427214860916138,0.89281123876571655
50.980393238899474,0.93069851398468018,0.90014171600341797,0.89361351728439331,0.89245963096618652
51.020408444815679,0.93061184883117676,0.899932861328125,0.89287698268890381,0.89184027910232544
51.060423650731884,0.93052512407302856,0.89960449934005737,0.89223402738571167,0.89121079444885254
51.100438856648097,0.93043845891952515,0.89928615093231201,0.89188063144683838,0.89053076505661011
51.140454062564302,0.93035173416137695,0.8988417387008667,0.89163422584533691,0.88986170291900635
51.180469268480508,0.93026506900787354,0.89864861965179443,0.89114046096801758,0.88943934440612793
51.220491372380842,0.93017834424972534,0.89858746528625488,0.89063751697540283,0.88919895887374878
51.260506578297054,0.93009161949157715,0.89817541837692261,0.89019346237182617,0.88869249820709229
51.300521784213259,0.93000495433807373,0.89779269695281982,0.88984328508377075,0.88814568519592285
51.340536990129465,0.92991822957992554,0.89750450849533081,0.88977766036987305,0.88761591911315918
51.380552196045677,0.92983156442642212,0.89705359935760498,0.88955342769622803,0.88721966743469238
51.420567401961883,0.92974483966827393,0.89767849445343018,0.88911724090576172,0.88713312149047852
51.460582607878088,0.92965817451477051,0.89878761768341064,0.88862252235412598,0.88695305585861206
51.5005978137943,0.92957144975662231,0.89995580911636353,0.88802403211593628,0.8866010308265686
51.540613019710506,0.9294847846031189,0.90113908052444458,0.88755285739898682,0.88633280992507935
51.58063512361084,0.9293980598449707,0.90231645107269287,0.88737481832504272,0.88613718748092651
51.620650329527052,0.92931139469146729,0.90349441766738892,0.88690292835235596,0.88610601425170898
51.660665535443258,0.92922466993331909,0.90466916561126709,0.88639122247695923,0.88620465993881226
51.700680741359463,0.92913800477981567,0.9058418869972229,0.88588982820510864,0.88607829809188843
51.740695947275675,0.92905128002166748,0.90695750713348389,0.88537442684173584,0.885825514793396
51.780711153191881,0.92896461486816406,0.90801018476486206,0.8852001428604126,0.88557654619216919
51.820726359108086,0.92891967296600342,0.90889942646026611,0.88575148582458496,0.88617241382598877
51.860741565024298,0.92886954545974731,0.9085536003112793,0.885975182056427,0.88667011260986328
51.900763668924633,0.92880040407180786,0.90943682193756104,0.88527625799179077,0.886383056640625
51.940778874840838,0.92873132228851318,0.91058957576751709,0.88499808311462402,0.88612258434295654
51.980794080757043,0.92866224050521851,0.91160088777542114,0.88458657264709473,0.88622766733169556
52.020809286673256,0.92859315872192383,0.91260093450546265,0.88396233320236206,0.88645291328430176
52.060824492589461,0.92852407693862915,0.91350799798965454,0.88335239887237549,0.88669931888580322
52.100839698505666,0.9284549355506897,0.91431665420532227,0.88275909423828125,0.88660764694213867
52.140854904421879,0.92838585376739502,0.91502374410629272,0.88216543197631836,0.88649165630340576
52.180870110338084,0.92831677198410034,0.91562747955322266,0.88191008567810059,0.88642776012420654
52.220885316254289,0.92824769020080566,0.91590023040771484,0.88159269094467163,0.88648486137390137
52.260907420154624,0.92817854881286621,0.91606956720352173,0.88112759590148926,0.88654196262359619
52.300922626070836,0.92810946702957153,0.91651231050491333,0.88068932294845581,0.88658052682876587
52.340937831987041,0.92804038524627686,0.91695564985275269,0.88027822971343994,0.88650810718536377
52.380953037903247,0.92797130346298218,0.91738605499267578,0.88002550601959229,0.88650971651077271
52.420968243819459,0.9279022216796875,0.91768944263458252,0.87998408079147339,0.88643151521682739
52.460983449735664,0.92783313989639282,0.91777622699737549,0.87975478172302246,0.88644176721572876
52.500998655651877,0.92776399850845337,0.91784745454788208,0.87938994169235229,0.88663220405578613
52.541013861568082,0.92769491672515869,0.91819095611572266,0.87903600931167603,0.88671797513961792
52.581029067484288,0.92762583494186401,0.91852623224258423,0.87871795892715454,0.88662511110305786
52.621051171384622,0.92755675315856934,0.91884487867355347,0.8787379264831543,0.88644605875015259
52.661066377300834,0.92748761177062988,0.91885310411453247,0.87872219085693359,0.88632726669311523
52.701081583217039,0.92741852998733521,0.91872477531433105,0.87842488288879395,0.88643932342529297
52.741096789133245,0.92734944820404053,0.91864317655563354,0.87811315059661865,0.88657724857330322
52.781111995049457,0.92728036642074585,0.91875773668289185,0.87785959243774414,0.88646835088729858
52.821127200965662,0.92721128463745117,0.91888308525085449,0.87775158882141113,0.88636684417724609
52.861142406881868,0.92714220285415649,0.9189571738243103,0.87785923480987549,0.88618278503417969
52.90115761279808,0.92707306146621704,0.91871321201324463,0.87791645526885986,0.88625818490982056
52.941179716698414,0.92704731225967407,0.91869240999221802,0.87782305479049683,0.88657963275909424
52.98119492261462,0.92698043584823608,0.91780853271484375,0.87841278314590454,0.88706827163696289
53.021210128530825,0.92690372467041016,0.91818821430206299,0.87879693508148193,0.8868260383605957
53.061225334447037,0.926827073097229,0.9181634783744812,0.87878644466400146,0.88668006658554077
53.101240540363243,0.92675042152404785,0.91809868812561035,0.87921971082687378,0.88670969009399414
53.141255746279448,0.9266737699508667,0.91813385486602783,0.87924635410308838,0.88680189847946167
53.181270952195661,0.92659711837768555,0.91844755411148071,0.87897443771362305,0.88657760620117188
53.221286158111866,0.92652046680450439,0.91861128807067871,0.87853533029556274,0.88643503189086914
53.261301364028078,0.92644375562667847,0.91862207651138306,0.87880635261535645,0.88626188039779663
53.301323467928412,0.92636710405349731,0.9185861349105835,0.87923961877822876,0.88622599840164185
53.341338673844618,0.92629045248031616,0.91852092742919922,0.87917202711105347,0.88636493682861328
53.381353879760823,0.92621380090713501,0.91862475872039795,0.87949573993682861,0.88642942905426025
53.421369085677036,0.92613714933395386,0.91881072521209717,0.87918555736541748,0.88631045818328857
53.461384291593241,0.92606043815612793,0.91856229305267334,0.87919849157333374,0.88605165481567383
53.501399497509446,0.92598378658294678,0.91846269369125366,0.8796771764755249,0.88576591014862061
53.541414703425659,0.92590713500976563,0.91834789514541626,0.88006287813186646,0.88584661483764648
53.581429909341864,0.92583048343658447,0.91820257902145386,0.87996041774749756,0.88600468635559082
53.621452013242198,0.92575383186340332,0.91836625337600708,0.8797682523727417,0.88603532314300537
53.661467219158403,0.92567712068557739,0.91857641935348511,0.87969952821731567,0.88591575622558594
53.701482425074616,0.92560046911239624,0.91866528987884521,0.87931561470031738,0.88575977087020874
53.741497630990821,0.92552381753921509,0.91863679885864258,0.87910735607147217,0.8857613205909729
53.781512836907027,0.92544716596603394,0.91834008693695068,0.87901473045349121,0.88585770130157471
53.821528042823239,0.92537051439285278,0.91820275783538818,0.87901932001113892,0.88604271411895752
53.861543248739444,0.92529386281967163,0.91823446750640869,0.87893450260162354,0.88598239421844482
53.90155845465565,0.92521721124649048,0.91827297210693359,0.87854760885238647,0.88586002588272095
53.941573660571862,0.92514050006866455,0.91843885183334351,0.87812709808349609,0.8856998085975647
53.981595764472196,0.9250638484954834,0.91826671361923218,0.87844759225845337,0.88568955659866333
54.021610970388402,0.92498719692230225,0.91798222064971924,0.87818419933319092,0.8859594464302063
54.061626176304614,0.92496794462203979,0.91799795627593994,0.87910342216491699,0.88615906238555908
54.101641382220819,0.9248729944229126,0.91737544536590576,0.87947738170623779,0.88655650615692139
54.141656588137025,0.9247780442237854,0.91742736101150513,0.87973350286483765,0.8863798975944519
54.181671794053237,0.9246830940246582,0.91746366024017334,0.87990623712539673,0.88650739192962646
54.221686999969442,0.92458814382553101,0.91760873794555664,0.87982296943664551,0.88661301136016846
54.261702205885648,0.92449313402175903,0.91793531179428101,0.87936979532241821,0.88640320301055908
54.30171741180186,0.92439818382263184,0.91825592517852783,0.87928038835525513,0.88624149560928345
54.341739515702194,0.92430323362350464,0.91845607757568359,0.87896239757537842,0.88613581657409668
54.3817547216184,0.92420828342437744,0.91833114624023438,0.87922453880310059,0.88611739873886108
54.421769927534605,0.92411333322525024,0.918235182762146,0.8791050910949707,0.88629108667373657
54.461785133450817,0.92401838302612305,0.91820156574249268,0.87922430038452148,0.88637876510620117
54.501800339367023,0.92392343282699585,0.91836553812026978,0.87911927700042725,0.8862069845199585
54.541815545283228,0.92382848262786865,0.91837787628173828,0.87864100933074951,0.88605284690856934
54.58183075119944,0.92373353242874146,0.91838610172271729,0.87873458862304688,0.88603353500366211
54.621845957115646,0.92363858222961426,0.91824042797088623,0.87865644693374634,0.88604098558425903
54.66186806101598,0.92354357242584229,0.91801482439041138,0.87890201807022095,0.88620901107788086
54.701883266932185,0.92344862222671509,0.91800934076309204,0.87892991304397583,0.88624817132949829
54.741898472848398,0.92335367202758789,0.91814815998077393,0.87883561849594116,0.88610929250717163
54.781913678764603,0.92325872182846069,0.91822552680969238,0.87834197282791138,0.88593363761901855
54.821928884680815,0.9231637716293335,0.91818255186080933,0.87817227840423584,0.88590472936630249
54.861944090597021,0.9230688214302063,0.91796660423278809,0.87840509414672852,0.88588488101959229
54.901959296513226,0.9229738712310791,0.91773676872253418,0.87865442037582397,0.88593578338623047
54.941974502429439,0.9228789210319519,0.91768449544906616,0.87861084938049316,0.88586974143981934
54.981989708345644,0.92278397083282471,0.91760271787643433,0.87851411104202271,0.88571524620056152
55.022011812245978,0.92268902063369751,0.91752558946609497,0.8784404993057251,0.88551485538482666
55.062027018162183,0.92259407043457031,0.91718596220016479,0.87866246700286865,0.88548052310943604
55.102042224078396,0.92249912023544312,0.91682970523834229,0.87891393899917603,0.88556826114654541
55.142057429994601,0.92240417003631592,0.91641265153884888,0.87877172231674194,0.88580441474914551
55.182072635910806,0.92239832878112793,0.91646277904510498,0.88000643253326416,0.88590937852859497
55.222087841827019,0.92240959405899048,0.91615939140319824,0.88091069459915161,0.88713788986206055
55.262103047743224,0.9224209189414978,0.91612899303436279,0.88214558362960815,0.88834404945373535
55.30211825365943,0.92243218421936035,0.91541606187820435,0.88338035345077515,0.88858503103256226
55.342133459575642,0.9224434494972229,0.9145246148109436,0.88461536169052124,0.8877912163734436
55.382155563475976,0.92245477437973022,0.91377723217010498,0.88585036993026733,0.88678020238876343
55.422170769392181,0.92246603965759277,0.91340696811676025,0.88708525896072388,0.88574784994125366
55.462185975308387,0.92247730493545532,0.91355335712432861,0.88832026720046997,0.88487112522125244
55.502201181224599,0.92248862981796265,0.91371190547943115,0.88955497741699219,0.88526344299316406
55.542216387140805,0.9224998950958252,0.91288489103317261,0.89078992605209351,0.88647478818893433
55.58223159305701,0.92251116037368774,0.91344296932220459,0.89202487468719482,0.88770967721939087
55.622246798973222,0.92252248525619507,0.91243964433670044,0.89325958490371704,0.88894361257553101
55.662262004889428,0.92253375053405762,0.91142332553863525,0.89449304342269897,0.89016282558441162
55.702284108789762,0.92254501581192017,0.91052228212356567,0.89564430713653564,0.89138144254684448
55.742299314705974,0.92255634069442749,0.91131269931793213,0.89669698476791382,0.89261627197265625
55.78231452062218,0.92256760597229004,0.91250169277191162,0.89761477708816528,0.89385086297988892
55.822329726538385,0.92257887125015259,0.91372305154800415,0.89766120910644531,0.89508575201034546
55.862344932454597,0.92259019613265991,0.91422224044799805,0.89825022220611572,0.89606934785842896
55.902360138370803,0.92260146141052246,0.91432827711105347,0.89911258220672607,0.8969731330871582
55.942375344287008,0.92261272668838501,0.91326028108596802,0.90010660886764526,0.89589518308639526
55.98239055020322,0.92262405157089233,0.91274505853652954,0.90075087547302246,0.89489519596099854
56.022405756119426,0.92263531684875488,0.91186553239822388,0.90151131153106689,0.89453005790710449
56.06242786001976,0.92264658212661743,0.91225147247314453,0.90069085359573364,0.89411455392837524
56.102443065935965,0.92265790700912476,0.91169416904449463,0.8998028039932251,0.89335083961486816
56.142458271852178,0.9226691722869873,0.91122174263000488,0.89874505996704102,0.89251261949539185
56.182473477768383,0.92268043756484985,0.91244733333587646,0.89829504489898682,0.89152944087982178
56.222488683684588,0.92269176244735718,0.91359734535217285,0.8976367712020874,0.89200299978256226
56.262503889600801,0.92270302772521973,0.91257333755493164,0.89887154102325439,0.8909229040145874
56.302519095517006,0.92271429300308228,0.91155481338500977,0.90010654926300049,0.88984233140945435
56.342534301433211,0.9227256178855896,0.91102904081344604,0.90134137868881226,0.88876187801361084
56.382556405333546,0.92273688316345215,0.9112134575843811,0.90257644653320313,0.88768112659454346
56.422571611249758,0.92274820804595947,0.91172176599502563,0.90381145477294922,0.88660252094268799
56.462586817165963,0.92275947332382202,0.91065257787704468,0.90504574775695801,0.88552975654602051
56.502602023082176,0.92277073860168457,0.91161477565765381,0.90434747934341431,0.88545972108840942
56.542617228998381,0.92278206348419189,0.91284853219985962,0.9032670259475708,0.88669455051422119
56.582632434914586,0.92279332876205444,0.91399353742599487,0.90218645334243774,0.88792955875396729
56.622647640830799,0.92280459403991699,0.91468334197998047,0.90110599994659424,0.88916432857513428
56.662662846747004,0.92281591892242432,0.91495430469512939,0.90002542734146118,0.89039921760559082
56.702678052663209,0.92282718420028687,0.91493958234786987,0.89894497394561768,0.89163422584533691
56.742700156563544,0.92283844947814941,0.91495275497436523,0.89786827564239502,0.89286911487579346
56.782715362479756,0.92284977436065674,0.91396832466125488,0.89853900671005249,0.89406812191009521
56.822730568395961,0.92286103963851929,0.91347593069076538,0.89977383613586426,0.89357477426528931
56.862745774312167,0.92287230491638184,0.91367858648300171,0.89935398101806641,0.89336353540420532
56.902760980228379,0.92288362979888916,0.91408812999725342,0.89844727516174316,0.89290440082550049
56.942776186144584,0.92289489507675171,0.91438484191894531,0.89770126342773438,0.89235603809356689
56.98279139206079,0.92290616035461426,0.91484814882278442,0.89702361822128296,0.89181959629058838
57.022806597977002,0.92291748523712158,0.91522347927093506,0.8959881067276001,0.89125603437423706
57.062821803893208,0.92292875051498413,0.91569548845291138,0.89511489868164063,0.89076602458953857
57.102843907793542,0.92294001579284668,0.91593164205551147,0.89424866437911987,0.89027798175811768
57.142859113709747,0.922951340675354,0.91599404811859131,0.8934897780418396,0.88963788747787476
57.182874319625959,0.92296260595321655,0.91596174240112305,0.8928648829460144,0.88905376195907593
57.222889525542165,0.9229738712310791,0.91614526510238647,0.89211082458496094,0.88854724168777466
57.262904731458377,0.92298519611358643,0.91638904809951782,0.89133542776107788,0.88798403739929199
57.302919937374583,0.92299646139144897,0.91659051179885864,0.8905598521232605,0.88746166229248047
57.342935143290788,0.92300772666931152,0.91638612747192383,0.88976836204528809,0.88705116510391235
57.382950349207,0.92301905155181885,0.91610586643218994,0.88910478353500366,0.88645416498184204
57.422972453107334,0.9230303168296814,0.91579437255859375,0.88834726810455322,0.88628721237182617
57.46298765902354,0.92304158210754395,0.91546738147735596,0.88766515254974365,0.88608574867248535
57.503002864939745,0.92305290699005127,0.91547501087188721,0.88699162006378174,0.88562667369842529
57.543018070855958,0.92306417226791382,0.91570669412612915,0.88642591238021851,0.88501381874084473
57.583033276772163,0.92307543754577637,0.91558557748794556,0.88603299856185913,0.88449561595916748
57.623048482688368,0.92308676242828369,0.91539692878723145,0.88575679063796997,0.88397723436355591
57.663063688604581,0.92309802770614624,0.91508543491363525,0.88556182384490967,0.88373792171478271
57.703078894520786,0.92310929298400879,0.9147910475730896,0.88513302803039551,0.88335460424423218
57.743094100436991,0.92312061786651611,0.9147266149520874,0.88473367691040039,0.88291484117507935
57.783116204337325,0.92313188314437866,0.91458386182785034,0.88440847396850586,0.88240742683410645
57.823131410253538,0.92314320802688599,0.91398078203201294,0.88441020250320435,0.88173854351043701
57.863146616169743,0.92315447330474854,0.91340577602386475,0.88444125652313232,0.88113969564437866
57.903161822085949,0.92316573858261108,0.91322559118270874,0.88436299562454224,0.88150233030319214
57.943177028002161,0.92314738035202026,0.91333723068237305,0.885597825050354,0.88165760040283203
57.983192233918366,0.9230726957321167,0.91293489933013916,0.88558042049407959,0.881736159324646
58.023207439834579,0.92299795150756836,0.91357505321502686,0.88554859161376953,0.8817632794380188
58.063222645750784,0.92292326688766479,0.91414850950241089,0.88524943590164185,0.88191711902618408
58.103237851666989,0.92284858226776123,0.91465592384338379,0.88479757308959961,0.88199341297149658
58.143259955567324,0.92277389764785767,0.91509175300598145,0.88434815406799316,0.88159728050231934
58.183275161483536,0.9226992130279541,0.91516834497451782,0.88413786888122559,0.88124513626098633
58.223290367399741,0.92262446880340576,0.91510558128356934,0.88411879539489746,0.88066554069519043
58.263305573315947,0.9225497841835022,0.91519230604171753,0.88415795564651489,0.88057523965835571
58.303320779232159,0.92247509956359863,0.91553270816802979,0.88392919301986694,0.88056695461273193
58.343335985148364,0.92240041494369507,0.91578692197799683,0.88366621732711792,0.88028734922409058
58.38335119106457,0.9223257303237915,0.91600733995437622,0.88340431451797485,0.8801460862159729
58.423366396980782,0.92225104570388794,0.91572862863540649,0.88328087329864502,0.87986046075820923
58.463388500881116,0.9221763014793396,0.91536641120910645,0.88335561752319336,0.87964212894439697
58.503403706797322,0.92210161685943604,0.91501188278198242,0.8834681510925293,0.87951982021331787
58.543418912713527,0.92202693223953247,0.91457051038742065,0.88323551416397095,0.87943482398986816
58.583434118629739,0.92195224761962891,0.91451126337051392,0.88301479816436768,0.87927544116973877
58.623449324545945,0.92187756299972534,0.91431039571762085,0.88277077674865723,0.87915784120559692
58.66346453046215,0.92180287837982178,0.91375690698623657,0.88278400897979736,0.87882471084594727
58.703479736378362,0.92172819375991821,0.9133230447769165,0.88284963369369507,0.87906181812286377
58.743494942294568,0.92165344953536987,0.91298538446426392,0.88285744190216064,0.87910830974578857
58.78351014821078,0.92157876491546631,0.91264748573303223,0.88265275955200195,0.87895691394805908
58.823532252111107,0.92150408029556274,0.91259121894836426,0.8824353814125061,0.87882667779922485
58.86354745802732,0.92142939567565918,0.91250419616699219,0.88219451904296875,0.87882333993911743
58.903562663943525,0.92135471105575562,0.91209131479263306,0.88235902786254883,0.87822020053863525
58.943577869859737,0.92128002643585205,0.91172468662261963,0.88259309530258179,0.87771058082580566
58.983593075775943,0.92120528221130371,0.91134047508239746,0.88263034820556641,0.87762880325317383
59.023608281692148,0.9211421012878418,0.91141462326049805,0.88284605741500854,0.87820291519165039
59.063623487608361,0.92111045122146606,0.9113655686378479,0.8837813138961792,0.87844276428222656
59.103638693524566,0.921031653881073,0.91170275211334229,0.88386285305023193,0.87852203845977783
59.1436607974249,0.92095285654067993,0.91252624988555908,0.88369250297546387,0.87864518165588379
59.183676003341105,0.92087405920028687,0.91323983669281006,0.88342744112014771,0.87864243984222412
59.223691209257318,0.9207952618598938,0.91394180059432983,0.88316255807876587,0.8785865306854248
59.263706415173523,0.92071652412414551,0.91414415836334229,0.88305872678756714,0.87830674648284912
59.303721621089728,0.92063772678375244,0.91421729326248169,0.88323479890823364,0.87811481952667236
59.343736827005941,0.92055892944335938,0.91443800926208496,0.88338309526443481,0.87779116630554199
59.383752032922146,0.92048013210296631,0.91477769613265991,0.88322848081588745,0.87770187854766846
59.423767238838352,0.92040133476257324,0.91489481925964355,0.88305914402008057,0.87742209434509277
59.463782444754564,0.92032253742218018,0.91512799263000488,0.88289558887481689,0.87714111804962158
59.503804548654898,0.92024374008178711,0.915091872215271,0.88299214839935303,0.87683814764022827
59.543819754571103,0.92016494274139404,0.91515332460403442,0.88305807113647461,0.87698906660079956
59.583834960487309,0.92008614540100098,0.91493368148803711,0.88318097591400146,0.87706577777862549
59.623850166403521,0.92000740766525269,0.91447997093200684,0.88308036327362061,0.87682449817657471
59.663865372319727,0.91992861032485962,0.91408365964889526,0.88297551870346069,0.87648946046829224
59.703880578235939,0.91984981298446655,0.91385781764984131,0.88296842575073242,0.87626516819000244
59.743895784152144,0.91977101564407349,0.91340738534927368,0.8831779956817627,0.87602567672729492
59.78391099006835,0.91969221830368042,0.91295909881591797,0.88338780403137207,0.87593072652816772
59.823926195984562,0.91961342096328735,0.91279798746109009,0.88338750600814819,0.87616580724716187
59.863948299884896,0.91953462362289429,0.91255760192871094,0.88316738605499268,0.87653613090515137
59.903963505801102,0.91945582628250122,0.91225564479827881,0.88297832012176514,0.87624597549438477
59.943978711717307,0.91937708854675293,0.91203731298446655,0.88292574882507324,0.87614762783050537
59.983993917633519,0.91929829120635986,0.91154366731643677,0.8831031322479248,0.87616848945617676
60.024009123549725,0.9192194938659668,0.91111713647842407,0.8833390474319458,0.87602794170379639
60.06402432946593,0.91914069652557373,0.91093111038208008,0.88330525159835815,0.87613868713378906
60.104039535382142,0.91906189918518066,0.91066652536392212,0.88307648897171021,0.8763808012008667
60.144054741298348,0.91900742053985596,0.91095727682113647,0.88359260559082031,0.87709009647369385
60.184076845198682,0.91896772384643555,0.91094130277633667,0.88403654098510742,0.87734532356262207
60.224092051114887,0.91889649629592896,0.91167694330215454,0.88382065296173096,0.87763279676437378
60.2641072570311,0.91882526874542236,0.91257017850875854,0.88356298208236694,0.87791651487350464
60.304122462947305,0.91875404119491577,0.91330158710479736,0.88328683376312256,0.87785947322845459
60.34413766886351,0.91868287324905396,0.91350466012954712,0.88316446542739868,0.87777018547058105
60.384152874779723,0.91861164569854736,0.91345995664596558,0.88326263427734375,0.87766003608703613
60.424168080695928,0.91854041814804077,0.91328352689743042,0.88334214687347412,0.87761890888214111
60.46418328661214,0.91846919059753418,0.91307836771011353,0.88313084840774536,0.87771123647689819
60.504198492528346,0.91839796304702759,0.91295814514160156,0.88287532329559326,0.87760001420974731
60.54422059642868,0.918326735496521,0.91273379325866699,0.88262224197387695,0.87768417596817017
60.584235802344885,0.91825556755065918,0.91273385286331177,0.88261115550994873,0.87749522924423218
60.624251008261098,0.91818434000015259,0.91269177198410034,0.88271915912628174,0.8773353099822998
60.664266214177303,0.918113112449646,0.91237068176269531,0.88277602195739746,0.8773234486579895
60.704281420093508,0.9180418848991394,0.91197526454925537,0.88254845142364502,0.87737494707107544
60.744296626009721,0.91797065734863281,0.91219121217727661,0.88233566284179688,0.87711358070373535
60.784311831925926,0.917899489402771,0.91241538524627686,0.88211238384246826,0.87695419788360596
60.824327037842131,0.9178282618522644,0.91197490692138672,0.88225162029266357,0.87658238410949707
60.864349141742466,0.91775703430175781,0.91156643629074097,0.88239884376525879,0.87638342380523682
60.904364347658678,0.91768580675125122,0.91141438484191895,0.88241434097290039,0.87643826007843018
60.944379553574883,0.91761457920074463,0.91168355941772461,0.88223779201507568,0.87641167640686035
60.984394759491089,0.91754341125488281,0.91171503067016602,0.88204044103622437,0.87626403570175171
61.024409965407301,0.91747218370437622,0.91141641139984131,0.88196384906768799,0.87618494033813477
61.064425171323506,0.91740095615386963,0.91138815879821777,0.88214659690856934,0.87602293491363525
61.104440377239712,0.91732972860336304,0.91147130727767944,0.88230562210083008,0.87595850229263306
61.144455583155924,0.91725850105285645,0.91127336025238037,0.88223135471343994,0.87610310316085815
61.18447078907213,0.91718733310699463,0.91137468814849854,0.8820652961730957,0.87617427110671997
61.224492892972464,0.91711610555648804,0.91171169281005859,0.8818894624710083,0.87606805562973022
61.264508098888676,0.91707783937454224,0.91153031587600708,0.882529616355896,0.87678349018096924
61.304523304804881,0.91702944040298462,0.91117918491363525,0.88310521841049194,0.87706410884857178
61.344538510721087,0.91696161031723022,0.91193461418151855,0.88288426399230957,0.87692159414291382
61.384553716637299,0.91689372062683105,0.91263383626937866,0.88271361589431763,0.87678790092468262
61.424568922553505,0.91682589054107666,0.91284602880477905,0.88276922702789307,0.87636077404022217
61.46458412846971,0.91675800085067749,0.91291773319244385,0.88301354646682739,0.87594848871231079
61.504599334385922,0.9166901707649231,0.91318708658218384,0.88324165344238281,0.87589108943939209
61.544614540302128,0.91662228107452393,0.91351598501205444,0.88309139013290405,0.87597942352294922
61.584636644202462,0.91655445098876953,0.91351425647735596,0.88295602798461914,0.87586206197738647
61.624651850118667,0.91648656129837036,0.91341155767440796,0.88280701637268066,0.87597882747650146
61.66466705603488,0.91641873121261597,0.91298031806945801,0.88295626640319824,0.87594032287597656
61.704682261951085,0.9163508415222168,0.91255569458007813,0.8831179141998291,0.87601137161254883
61.74469746786729,0.9162830114364624,0.91222083568572998,0.88320058584213257,0.87634146213531494
61.784712673783503,0.91621512174606323,0.91211462020874023,0.88303107023239136,0.87653893232345581
61.824727879699708,0.91614729166030884,0.91189074516296387,0.88286435604095459,0.87634861469268799
61.864743085615913,0.91607940196990967,0.91195458173751831,0.88276946544647217,0.87625789642333984
61.904765189516247,0.91601157188415527,0.91189795732498169,0.88293039798736572,0.87615597248077393
61.94478039543246,0.9159436821937561,0.9113776683807373,0.88312053680419922,0.87599581480026245
61.984795601348665,0.91587585210800171,0.91112363338470459,0.88316237926483154,0.87612313032150269
62.024810807264878,0.91580796241760254,0.91047465801239014,0.8830561637878418,0.87588047981262207
62.064826013181083,0.91574013233184814,0.91040736436843872,0.882953941822052,0.8755607008934021
62.104841219097288,0.91567224264144897,0.91026288270950317,0.88300257921218872,0.87539643049240112
62.144856425013501,0.91560441255569458,0.90984511375427246,0.88319921493530273,0.87532281875610352
62.184871630929706,0.91553652286529541,0.90998417139053345,0.88338792324066162,0.87540203332901001
62.224886836845911,0.91546869277954102,0.91012156009674072,0.88335716724395752,0.87557709217071533
62.264908940746245,0.91540080308914185,0.90991204977035522,0.88320869207382202,0.87566673755645752
62.304924146662458,0.91533297300338745,0.91033655405044556,0.88306033611297607,0.87568384408950806
62.344939352578663,0.91526508331298828,0.91021555662155151,0.88314354419708252,0.87566679716110229
62.384954558494869,0.91523867845535278,0.91022247076034546,0.8841971755027771,0.87630033493041992
62.424969764411081,0.9152342677116394,0.90999042987823486,0.88531970977783203,0.87742984294891357
62.464984970327286,0.91522908210754395,0.91117352247238159,0.88643074035644531,0.87866473197937012
62.505000176243492,0.91522395610809326,0.91121488809585571,0.88684135675430298,0.87989950180053711
62.545015382159704,0.9152187705039978,0.9103735089302063,0.88780564069747925,0.8811345100402832
62.585030588075909,0.91521364450454712,0.91055357456207275,0.88903594017028809,0.88236260414123535
62.625052691976244,0.91520845890045166,0.91166925430297852,0.8902619481086731,0.88250607252120972
62.665067897892449,0.91520333290100098,0.91271674633026123,0.89148437976837158,0.8820643424987793
62.705083103808661,0.91519814729690552,0.91246861219406128,0.89270663261413574,0.88312828540802002
62.745098309724867,0.91519302129745483,0.91155487298965454,0.89393711090087891,0.88436031341552734
62.785113515641072,0.91518783569335938,0.91103357076644897,0.89515501260757446,0.88559520244598389
62.825128721557284,0.91518270969390869,0.91127264499664307,0.89528143405914307,0.88605779409408569
62.86514392747349,0.91517758369445801,0.91036313772201538,0.89428848028182983,0.88548374176025391
62.905159133389702,0.91517239809036255,0.90928912162780762,0.89388507604598999,0.88595592975616455
62.945181237290036,0.91516727209091187,0.90821772813796997,0.89324486255645752,0.88718938827514648
62.985196443206242,0.91516208648681641,0.90731382369995117,0.89217144250869751,0.88842439651489258
63.025211649122447,0.91515696048736572,0.90772241353988647,0.89124667644500732,0.88965916633605957
63.065226855038659,0.91515177488327026,0.90833133459091187,0.89169633388519287,0.89088022708892822
63.105242060954865,0.91514664888381958,0.90727090835571289,0.89131462574005127,0.89211493730545044
63.14525726687107,0.91514146327972412,0.90825343132019043,0.89207917451858521,0.89157682657241821
63.185272472787283,0.91513633728027344,0.90928328037261963,0.89327341318130493,0.89062416553497314
63.225287678703488,0.91513115167617798,0.91022676229476929,0.89413517713546753,0.889892578125
63.265302884619693,0.91512602567672729,0.91045045852661133,0.89407205581665039,0.88978439569473267
63.305324988520027,0.91512089967727661,0.91050338745117188,0.89340722560882568,0.88908255100250244
63.34534019443624,0.91511571407318115,0.90988999605178833,0.89233553409576416,0.88825809955596924
63.385355400352445,0.91511058807373047,0.91028767824172974,0.89211821556091309,0.8879474401473999
63.42537060626865,0.91510540246963501,0.91085928678512573,0.89258897304534912,0.8889700174331665
63.465385812184863,0.91510027647018433,0.91122764348983765,0.89224797487258911,0.88854503631591797
63.505401018101068,0.91509509086608887,0.91133785247802734,0.89235419034957886,0.88750773668289185
63.545416224017274,0.91508996486663818,0.91126406192779541,0.89247053861618042,0.88644838333129883
63.585431429933486,0.91508477926254272,0.91149497032165527,0.89274346828460693,0.88543123006820679
63.62545353383382,0.91507965326309204,0.91177928447723389,0.8929411768913269,0.88456755876541138
63.665468739750025,0.91507446765899658,0.91088855266571045,0.89249211549758911,0.88390326499938965
63.705483945666238,0.9150693416595459,0.91031545400619507,0.89141166210174561,0.88331007957458496
63.745499151582443,0.91506415605545044,0.91127777099609375,0.8926093578338623,0.88454490900039673
63.785514357498649,0.91505903005599976,0.91178333759307861,0.89283066987991333,0.8857797384262085
63.825529563414861,0.91505390405654907,0.91198635101318359,0.89180666208267212,0.88701474666595459
63.865544769331066,0.91504871845245361,0.91182911396026611,0.89103907346725464,0.88824951648712158
63.905559975247272,0.91504359245300293,0.91163486242294312,0.89052635431289673,0.88948440551757813
63.945575181163484,0.91503840684890747,0.9114990234375,0.89004063606262207,0.89071941375732422
63.985597285063818,0.91503328084945679,0.91068273782730103,0.8903883695602417,0.89192831516265869
64.025612490980023,0.91502809524536133,0.9113125205039978,0.89150923490524292,0.89162939786911011
64.065627696896229,0.91502296924591064,0.91163384914398193,0.89103686809539795,0.89140093326568604
64.105642902812434,0.91501778364181519,0.91215014457702637,0.89039355516433716,0.89088279008865356
64.145658108728654,0.9150126576423645,0.91240191459655762,0.88977009057998657,0.8903009295463562
64.185673314644859,0.91500747203826904,0.91243231296539307,0.88914328813552856,0.88981771469116211
64.225688520561064,0.91500234603881836,0.91251349449157715,0.88855171203613281,0.88948291540145874
64.26570372647727,0.91499722003936768,0.91231834888458252,0.88805961608886719,0.88897979259490967
64.305718932393475,0.91499203443527222,0.91192865371704102,0.88742291927337646,0.88820022344589233
64.345741036293816,0.91498690843582153,0.91214585304260254,0.88687962293624878,0.88764989376068115
64.385756242210022,0.91498172283172607,0.91124987602233887,0.88672035932540894,0.88688766956329346
64.425771448126227,0.91497659683227539,0.91101878881454468,0.88653266429901123,0.88658410310745239
64.465786654042432,0.91497141122817993,0.91034263372421265,0.88623851537704468,0.88599187135696411
64.505801859958638,0.91496628522872925,0.9096379280090332,0.88597798347473145,0.88522136211395264
64.545817065874857,0.91496109962463379,0.90910649299621582,0.88593506813049316,0.8844531774520874
64.585832271791062,0.91495597362518311,0.90848261117935181,0.8860509991645813,0.88376981019973755
64.625847477707268,0.91495078802108765,0.90783047676086426,0.88621872663497925,0.88302934169769287
64.665869581607595,0.91494566202163696,0.90736097097396851,0.88644206523895264,0.88248580694198608
64.705884787523814,0.9149404764175415,0.90712946653366089,0.88633239269256592,0.88197851181030273
64.74589999344002,0.91493535041809082,0.90718090534210205,0.88605600595474243,0.88145524263381958
64.785915199356225,0.91493022441864014,0.90718841552734375,0.88562107086181641,0.88112378120422363
64.82593040527243,0.91492503881454468,0.90697270631790161,0.885509192943573,0.88066232204437256
64.865945611188636,0.91491991281509399,0.90669447183609009,0.88581752777099609,0.88012880086898804
64.905960817104855,0.91491472721099854,0.90668511390686035,0.88594681024551392,0.87986433506011963
64.945976023021061,0.91490960121154785,0.90663683414459229,0.88589316606521606,0.87951052188873291
64.985991228937266,0.91490441560745239,0.90671926736831665,0.88585913181304932,0.87904947996139526
65.026013332837593,0.91489928960800171,0.90661364793777466,0.88557815551757813,0.87873357534408569
65.066028538753812,0.91489410400390625,0.90643185377120972,0.88552749156951904,0.87832397222518921
65.106043744670018,0.91488897800445557,0.90642809867858887,0.88574600219726563,0.87837815284729004
65.146058950586223,0.9148821234703064,0.90673482418060303,0.88676470518112183,0.87900960445404053
65.186074156502428,0.91478824615478516,0.90706980228424072,0.88653296232223511,0.87947171926498413
65.226089362418634,0.91469430923461914,0.90771716833114624,0.88608533143997192,0.87920689582824707
65.266104568334839,0.9146004319190979,0.90843164920806885,0.88563203811645508,0.87909674644470215
65.306119774251059,0.91450649499893188,0.90924233198165894,0.88531553745269775,0.87899857759475708
65.346141878151386,0.91441261768341064,0.90996021032333374,0.8850630521774292,0.87889748811721802
65.386157084067591,0.91431868076324463,0.91049236059188843,0.88481521606445313,0.87855774164199829
65.426172289983796,0.91422480344772339,0.91042160987854004,0.88467425107955933,0.8783721923828125
65.466187495900016,0.91413086652755737,0.91038340330123901,0.88464003801345825,0.87849158048629761
65.506202701816221,0.91403698921203613,0.91012096405029297,0.88453835248947144,0.87865215539932251
65.546217907732427,0.91394311189651489,0.909709632396698,0.88429749011993408,0.87875640392303467
65.586233113648632,0.91384917497634888,0.90955686569213867,0.88404190540313721,0.87884736061096191
65.626248319564837,0.91375529766082764,0.90915125608444214,0.88414531946182251,0.87857550382614136
65.666263525481057,0.91366136074066162,0.90881133079528809,0.88417106866836548,0.8782011866569519
65.706285629381384,0.91356742382049561,0.90804189443588257,0.88451749086380005,0.8777085542678833
65.746300835297589,0.91347354650497437,0.90808099508285522,0.88464486598968506,0.87795698642730713
65.786316041213794,0.91337966918945313,0.90764725208282471,0.88445687294006348,0.87776279449462891
65.826331247130014,0.91328573226928711,0.9077373743057251,0.88426262140274048,0.87821650505065918
65.866346453046219,0.91319185495376587,0.90807473659515381,0.8839765191078186,0.87871366739273071
65.906361658962425,0.91309791803359985,0.90811663866043091,0.88385814428329468,0.87871503829956055
65.94637686487863,0.91300404071807861,0.90814393758773804,0.88384932279586792,0.87918674945831299
65.986392070794835,0.9129101037979126,0.90821599960327148,0.88375210762023926,0.8800700306892395
66.026407276711041,0.91281622648239136,0.90770649909973145,0.88355928659439087,0.87952554225921631
66.066429380611382,0.91272228956222534,0.90748882293701172,0.88379883766174316,0.87879723310470581
66.106444586527587,0.9126284122467041,0.90700757503509521,0.88435143232345581,0.87821274995803833
66.146459792443792,0.91253447532653809,0.90655052661895752,0.88467180728912354,0.87753850221633911
66.186474998359998,0.91244059801101685,0.90619164705276489,0.88504904508590698,0.87693387269973755
66.226490204276217,0.91234672069549561,0.90613609552383423,0.88547390699386597,0.87709993124008179
66.266505410192423,0.91232758760452271,0.90587317943572998,0.88670831918716431,0.87789648771286011
66.306520616108628,0.91225355863571167,0.90625,0.8865465521812439,0.87736636400222778
66.346535822024833,0.91217958927154541,0.90709245204925537,0.88638651371002197,0.87684792280197144
66.386557925925175,0.91210556030273438,0.90787231922149658,0.8864322304725647,0.87657284736633301
66.42657313184138,0.91203153133392334,0.90854829549789429,0.88634210824966431,0.87614411115646362
66.466588337757585,0.9119575023651123,0.90909063816070557,0.88649964332580566,0.87579262256622314
66.506603543673791,0.91188353300094604,0.90923207998275757,0.88647246360778809,0.87575876712799072
66.546618749589996,0.91180950403213501,0.90909397602081299,0.88627636432647705,0.87555843591690063
66.586633955506215,0.91173547506332397,0.90888959169387817,0.88616549968719482,0.87546807527542114
66.626649161422421,0.91166150569915771,0.90872830152511597,0.88600200414657593,0.87545472383499146
66.666664367338626,0.91158747673034668,0.90822172164916992,0.88591253757476807,0.87520182132720947
66.706679573254831,0.91151350736618042,0.90765750408172607,0.88610154390335083,0.87506502866744995
66.746701677155173,0.91143947839736938,0.90697669982910156,0.88614761829376221,0.87505543231964111
66.786716883071378,0.91136544942855835,0.90636575222015381,0.88618618249893188,0.87481194734573364
66.826732088987583,0.91129142045974731,0.90593248605728149,0.88638913631439209,0.8748248815536499
66.866747294903789,0.91121745109558105,0.90572088956832886,0.88624817132949829,0.874855637550354
66.906762500819994,0.91114342212677002,0.90551519393920898,0.88631981611251831,0.87472009658813477
66.946777706736199,0.91106945276260376,0.90525013208389282,0.88650953769683838,0.87480098009109497
66.986792912652419,0.91099542379379272,0.90492141246795654,0.88642013072967529,0.87474501132965088
67.026808118568624,0.91092139482498169,0.90464955568313599,0.88651883602142334,0.87447535991668701
67.06682332448483,0.91084742546081543,0.90458428859710693,0.88664382696151733,0.87457597255706787
67.106845428385157,0.91077339649200439,0.90464270114898682,0.88650166988372803,0.87450063228607178
67.146860634301376,0.91069936752319336,0.90459609031677246,0.88661611080169678,0.87436652183532715
67.186875840217581,0.91062533855438232,0.90454959869384766,0.88675808906555176,0.87451624870300293
67.226891046133787,0.91055136919021606,0.90441268682479858,0.88653111457824707,0.87443310022354126
67.266906252049992,0.91047734022140503,0.90421313047409058,0.88663870096206665,0.87431871891021729
67.306921457966197,0.91040337085723877,0.90432071685791016,0.88677442073822021,0.87436485290527344
67.346936663882417,0.91033834218978882,0.90464323759078979,0.88697093725204468,0.87498623132705688
67.386951869798622,0.91031396389007568,0.90439760684967041,0.88777017593383789,0.87569481134414673
67.426973973698949,0.91024863719940186,0.90514326095581055,0.88725423812866211,0.87519758939743042
67.466989179615155,0.9101833701133728,0.90603774785995483,0.88694906234741211,0.874977707862854
67.507004385531374,0.91011804342269897,0.90690052509307861,0.88667750358581543,0.87467765808105469
67.54701959144758,0.91005277633666992,0.90765517950057983,0.88673830032348633,0.87450069189071655
67.587034797363785,0.90998750925064087,0.9079170823097229,0.88673043251037598,0.87449270486831665
67.62705000327999,0.90992218255996704,0.90782380104064941,0.88654863834381104,0.87425988912582397
67.667065209196195,0.90985691547393799,0.90751934051513672,0.88647037744522095,0.87432366609573364
67.707080415112401,0.90979158878326416,0.90733826160430908,0.88611561059951782,0.87455487251281738
67.74709562102862,0.90972632169723511,0.90701061487197876,0.88534271717071533,0.87458932399749756
67.787117724928947,0.90966099500656128,0.90653818845748901,0.88510715961456299,0.87472820281982422
67.827132930845153,0.90959572792053223,0.90604305267333984,0.88507729768753052,0.8748091459274292
67.867148136761358,0.90953046083450317,0.9055933952331543,0.88507461547851563,0.87474364042282104
67.907163342677578,0.90946513414382935,0.90533173084259033,0.88524293899536133,0.87474024295806885
67.947178548593783,0.90939986705780029,0.90515804290771484,0.88507640361785889,0.87481653690338135
67.987193754509988,0.90933454036712646,0.90504395961761475,0.88507497310638428,0.87463700771331787
68.027208960426194,0.90926927328109741,0.90491789579391479,0.88522458076477051,0.87477767467498779
68.067224166342399,0.90920400619506836,0.90465301275253296,0.88518506288528442,0.87471729516983032
68.10724627024274,0.90913867950439453,0.90447711944580078,0.88511574268341064,0.87457352876663208
68.147261476158945,0.90907341241836548,0.90447378158569336,0.88520944118499756,0.87469273805618286
68.187276682075151,0.90900808572769165,0.90460371971130371,0.88501155376434326,0.87473094463348389
68.227291887991356,0.9089428186416626,0.90474152565002441,0.88457870483398438,0.87489527463912964
68.267307093907576,0.90887749195098877,0.90471470355987549,0.88457727432250977,0.875022292137146
68.307322299823781,0.90881222486495972,0.90466177463531494,0.88430774211883545,0.87514984607696533
68.347337505739986,0.90874695777893066,0.90476077795028687,0.88417726755142212,0.87537747621536255
68.387352711656192,0.90868163108825684,0.90495562553405762,0.88410675525665283,0.87618446350097656
68.427367917572397,0.90861636400222778,0.90529924631118774,0.88375109434127808,0.87644451856613159
68.467390021472738,0.90856921672821045,0.90546804666519165,0.88426071405410767,0.87754237651824951
68.507405227388944,0.90853375196456909,0.90505796670913696,0.8852078914642334,0.87748688459396362
68.547420433305149,0.90846699476242065,0.90599989891052246,0.88466620445251465,0.8778611421585083
68.587435639221354,0.90840029716491699,0.90686720609664917,0.8843388557434082,0.87768280506134033
68.62745084513756,0.90833353996276855,0.90680927038192749,0.884074866771698,0.87728649377822876
68.667466051053779,0.90826678276062012,0.90655809640884399,0.88380992412567139,0.87720561027526855
68.707481256969984,0.90820002555847168,0.90598702430725098,0.88364410400390625,0.87675017118453979
68.74749646288619,0.90813332796096802,0.90547037124633789,0.88377821445465088,0.87646502256393433
68.787511668802395,0.90806657075881958,0.90541368722915649,0.88357824087142944,0.87633877992630005
68.827533772702736,0.90799981355667114,0.90541565418243408,0.88328021764755249,0.87644195556640625
68.867548978618942,0.90793305635452271,0.90514999628067017,0.88362133502960205,0.87638008594512939
68.907564184535147,0.90786629915237427,0.90483367443084717,0.88357150554656982,0.87609803676605225
68.947579390451352,0.90779960155487061,0.90452128648757935,0.88362538814544678,0.87592267990112305
68.987594596367558,0.90773284435272217,0.9044877290725708,0.88362747430801392,0.87594199180603027
69.027609802283777,0.90766608715057373,0.90450745820999146,0.88333261013031006,0.8760179877281189
69.067625008199983,0.90759932994842529,0.90443623065948486,0.88304615020751953,0.87590551376342773
69.107640214116188,0.90753263235092163,0.90448576211929321,0.8828391432762146,0.87609583139419556
69.147662318016515,0.90746587514877319,0.90465915203094482,0.8828730583190918,0.87658309936523438
69.187677523932734,0.90739911794662476,0.90460026264190674,0.88296359777450562,0.8770325779914856
69.22769272984894,0.90733236074447632,0.90456855297088623,0.8829684853553772,0.87705022096633911
69.267707935765145,0.90726566314697266,0.90470802783966064,0.88271063566207886,0.87681365013122559
69.30772314168135,0.90719890594482422,0.90475183725357056,0.8824843168258667,0.87698495388031006
69.347738347597556,0.90713214874267578,0.90441387891769409,0.88227885961532593,0.87702453136444092
69.387753553513761,0.90706539154052734,0.90426087379455566,0.88308596611022949,0.87667232751846313
69.427768759429981,0.90699869394302368,0.90432476997375488,0.88317126035690308,0.87714588642120361
69.467783965346186,0.90693193674087524,0.90431046485900879,0.8830910325050354,0.87754571437835693
69.507806069246513,0.90686517953872681,0.90396791696548462,0.88347715139389038,0.87691545486450195
69.547821275162718,0.90679842233657837,0.90364456176757813,0.88410341739654541,0.87643557786941528
69.587836481078938,0.90676075220108032,0.90363800525665283,0.8851158618927002,0.87701183557510376
69.627851686995143,0.90676629543304443,0.9033966064453125,0.88575363159179688,0.87758821249008179
69.667866892911348,0.90677428245544434,0.90462565422058105,0.88678151369094849,0.87880164384841919
69.707882098827554,0.90678226947784424,0.90467715263366699,0.88747769594192505,0.88003635406494141
69.747897304743759,0.90679025650024414,0.90420669317245483,0.888286292552948,0.88127040863037109
69.787912510659979,0.90679830312728882,0.90341269969940186,0.88757175207138062,0.88198798894882202
69.827934614560306,0.90680629014968872,0.902843177318573,0.8882375955581665,0.88141858577728271
69.867949820476511,0.90681427717208862,0.90240013599395752,0.88946306705474854,0.88087284564971924
69.907965026392716,0.90682226419448853,0.90137267112731934,0.89068984985351563,0.88026034832000732
69.947980232308936,0.90683025121688843,0.90034586191177368,0.89184647798538208,0.88143926858901978
69.987995438225141,0.90683823823928833,0.89948618412017822,0.89307570457458496,0.88267099857330322
70.028010644141347,0.90684628486633301,0.89861822128295898,0.89409607648849487,0.8834078311920166
70.068025850057552,0.90685427188873291,0.89774048328399658,0.89303326606750488,0.88240444660186768
70.108041055973757,0.90686225891113281,0.89682060480117798,0.89243757724761963,0.88300985097885132
70.148056261889963,0.90687024593353271,0.89722847938537598,0.8913576602935791,0.88424462080001831
70.188078365790304,0.90687823295593262,0.89843767881393433,0.89032727479934692,0.88547986745834351
70.228093571706509,0.90688621997833252,0.89967143535614014,0.88977730274200439,0.8867146372795105
70.268108777622714,0.90689420700073242,0.90084928274154663,0.89032745361328125,0.88794910907745361
70.30812398353892,0.9069022536277771,0.90208244323730469,0.89151513576507568,0.88918411731719971
70.348139189455139,0.906910240650177,0.90228426456451416,0.89220994710922241,0.88996243476867676
70.388154395371345,0.9069182276725769,0.90219652652740479,0.89244759082794189,0.88899296522140503
70.42816960128755,0.90692621469497681,0.90312397480010986,0.89209109544754028,0.8881605863571167
70.468184807203755,0.90693420171737671,0.90344905853271484,0.8917878270149231,0.8891681432723999
70.508200013119961,0.90694218873977661,0.90431952476501465,0.89093685150146484,0.88925653696060181
70.548222117020302,0.90695023536682129,0.90544837713241577,0.88987177610397339,0.88847219944000244
70.588237322936507,0.90695822238922119,0.90587472915649414,0.89063960313796997,0.88918733596801758
70.628252528852713,0.90696620941162109,0.90654093027114868,0.89159679412841797,0.89031755924224854
70.668267734768918,0.906974196434021,0.90733444690704346,0.89079058170318604,0.89021468162536621
70.708282940685137,0.9069821834564209,0.90841102600097656,0.88986116647720337,0.88913494348526001
70.748298146601343,0.9069901704788208,0.90898734331130981,0.88981854915618896,0.88805437088012695
70.788313352517548,0.90699821710586548,0.90928125381469727,0.89009690284729004,0.88697391748428345
70.828328558433753,0.90700620412826538,0.91015952825546265,0.89075106382369995,0.88589352369308472
70.868350662334095,0.90701419115066528,0.90934145450592041,0.89033162593841553,0.88481289148330688
70.9083658682503,0.90702217817306519,0.90829163789749146,0.88973891735076904,0.88428598642349243
70.948381074166505,0.90703016519546509,0.90747559070587158,0.89097219705581665,0.88552093505859375
70.988396280082711,0.90703815221786499,0.90757465362548828,0.89196038246154785,0.88675588369369507
71.028411485998916,0.90704619884490967,0.90722495317459106,0.89254230260848999,0.88799059391021729
71.068426691915121,0.90705418586730957,0.90729391574859619,0.89258736371994019,0.88922560214996338
71.108441897831341,0.90706217288970947,0.90740287303924561,0.89246845245361328,0.89046049118041992
71.148457103747546,0.90707015991210938,0.9073340892791748,0.89212870597839355,0.89007925987243652
71.188472309663752,0.90707814693450928,0.90757256746292114,0.89191043376922607,0.89122962951660156
71.228494413564079,0.90708613395690918,0.90787184238433838,0.89141112565994263,0.89246475696563721
71.268509619480298,0.90709412097930908,0.90700405836105347,0.89063972234725952,0.89306783676147461
71.308524825396503,0.90710216760635376,0.90624302625656128,0.89066475629806519,0.89373266696929932
71.348540031312709,0.90711015462875366,0.9054567813873291,0.89039349555969238,0.89406585693359375
71.388555237228914,0.90711814165115356,0.90464848279953003,0.89035111665725708,0.89411824941635132
71.428570443145119,0.90712612867355347,0.90407776832580566,0.89013528823852539,0.8942602276802063
71.468585649061339,0.90713411569595337,0.90348625183105469,0.88992059230804443,0.89457350969314575
71.508600854977544,0.90714210271835327,0.90296638011932373,0.88995897769927979,0.8948056697845459
71.54861606089375,0.90715014934539795,0.90252125263214111,0.89007669687271118,0.894950270652771
71.588638164794077,0.90715813636779785,0.90205609798431396,0.8899000883102417,0.89480125904083252
71.628653370710296,0.90716612339019775,0.90169250965118408,0.8899993896484375,0.89462316036224365
71.668668576626501,0.90717411041259766,0.90162944793701172,0.88999897241592407,0.89457195997238159
71.708683782542707,0.90718209743499756,0.90149331092834473,0.89026212692260742,0.89459967613220215
71.748698988458912,0.90719008445739746,0.90136486291885376,0.89039629697799683,0.89474809169769287
71.788714194375117,0.90719813108444214,0.90124958753585815,0.89043188095092773,0.89474707841873169
71.828729400291323,0.90720611810684204,0.90099555253982544,0.89032107591629028,0.89452230930328369
71.868744606207542,0.90721410512924194,0.90077400207519531,0.89047765731811523,0.89430373907089233
71.908766710107869,0.90722209215164185,0.9009392261505127,0.89041566848754883,0.89421308040618896
71.948781916024075,0.90723007917404175,0.90108364820480347,0.8906548023223877,0.89425539970397949
71.98879712194028,0.90723806619644165,0.9010424017906189,0.89079952239990234,0.89437407255172729
72.0288123278565,0.90724605321884155,0.90097874402999878,0.89065313339233398,0.89426970481872559
72.068827533772705,0.90725409984588623,0.90078222751617432,0.89071738719940186,0.89405286312103271
72.10884273968891,0.90726208686828613,0.90067541599273682,0.89063733816146851,0.89384257793426514
72.148857945605116,0.90727007389068604,0.90081912279129028,0.89072751998901367,0.89377868175506592
72.188873151521321,0.90727806091308594,0.90092861652374268,0.89078855514526367,0.89390075206756592
72.22888835743754,0.90728604793548584,0.9008973240852356,0.89087307453155518,0.89403784275054932
72.268910461337867,0.90729403495788574,0.90081310272216797,0.89073234796524048,0.89388728141784668
72.308925667254073,0.90730208158493042,0.90075808763504028,0.89048087596893311,0.8936954140663147
72.348940873170278,0.90730291604995728,0.90135109424591064,0.89133131504058838,0.89470303058624268
72.388956079086498,0.90722173452377319,0.90166109800338745,0.89115661382675171,0.89502888917922974
72.428971285002703,0.90714061260223389,0.90207511186599731,0.89100480079650879,0.89505946636199951
72.468986490918908,0.9070594310760498,0.90266323089599609,0.89102232456207275,0.89509296417236328
72.509001696835114,0.9069783091545105,0.90309381484985352,0.89083176851272583,0.89526194334030151
72.549016902751319,0.90689712762832642,0.90329813957214355,0.89056122303009033,0.89559745788574219
72.58903900665166,0.90681594610214233,0.90310180187225342,0.89057105779647827,0.89593285322189331
72.629054212567866,0.90673482418060303,0.90276199579238892,0.89070099592208862,0.89616584777832031
72.669069418484071,0.90665364265441895,0.90234053134918213,0.89063864946365356,0.89612185955047607
72.709084624400276,0.90657252073287964,0.90187728404998779,0.89066839218139648,0.89600944519042969
72.749099830316482,0.90649133920669556,0.90177065134048462,0.89060622453689575,0.89597702026367188
72.789115036232701,0.90641021728515625,0.90172207355499268,0.89078646898269653,0.89593487977981567
72.829130242148906,0.90632903575897217,0.90140026807785034,0.89101243019104004,0.89600032567977905
72.869145448065112,0.90624791383743286,0.90114843845367432,0.89095062017440796,0.89585238695144653
72.909160653981317,0.90616673231124878,0.90082991123199463,0.89087897539138794,0.89556854963302612
72.949182757881658,0.90608561038970947,0.90059828758239746,0.8907427191734314,0.89527440071105957
72.989197963797864,0.90600442886352539,0.90069639682769775,0.89077961444854736,0.89508402347564697
73.029213169714069,0.90592330694198608,0.90078747272491455,0.89094793796539307,0.89500170946121216
73.069228375630274,0.905842125415802,0.90066981315612793,0.89111953973770142,0.8950386643409729
73.10924358154648,0.9057610034942627,0.90059256553649902,0.89100837707519531,0.89480704069137573
73.149258787462699,0.90567982196807861,0.9005318284034729,0.89090794324874878,0.89449763298034668
73.189273993378904,0.90559870004653931,0.90051847696304321,0.89076530933380127,0.8942798376083374
73.22928919929511,0.90551751852035522,0.90066713094711304,0.89071166515350342,0.89404821395874023
73.269304405211315,0.90543639659881592,0.90066319704055786,0.89063304662704468,0.89403510093688965
73.309326509111656,0.90535521507263184,0.90057492256164551,0.89090430736541748,0.89408427476882935
73.349341715027862,0.90527403354644775,0.90041178464889526,0.89082175493240356,0.89380550384521484
73.389356920944067,0.90519291162490845,0.90023422241210938,0.89078652858734131,0.8935285210609436
73.429372126860272,0.90511173009872437,0.90036553144454956,0.89055418968200684,0.89349305629730225
73.469387332776478,0.90509122610092163,0.90062779188156128,0.89163887500762939,0.89447611570358276
73.509402538692683,0.9050104022026062,0.9008755087852478,0.8913002610206604,0.89452111721038818
73.549417744608903,0.90492957830429077,0.90147179365158081,0.89113032817840576,0.89456772804260254
73.589432950525108,0.90484875440597534,0.90190863609313965,0.89089328050613403,0.89478999376296997
73.629455054425435,0.90476787090301514,0.90194153785705566,0.89104443788528442,0.89515393972396851
73.669470260341654,0.90468704700469971,0.901752769947052,0.89116442203521729,0.89550638198852539
73.70948546625786,0.90460622310638428,0.90151727199554443,0.89119726419448853,0.8957374095916748
73.749500672174065,0.90452539920806885,0.90115010738372803,0.89110732078552246,0.89567267894744873
73.78951587809027,0.90444451570510864,0.9007757306098938,0.89099496603012085,0.89551877975463867
73.829531084006476,0.90436369180679321,0.90072309970855713,0.89093691110610962,0.8954358696937561
73.869546289922681,0.90428286790847778,0.90071797370910645,0.89100801944732666,0.89536547660827637
73.909561495838901,0.90420204401016235,0.90054595470428467,0.89123505353927612,0.89542251825332642
73.949576701755106,0.90412122011184692,0.90041357278823853,0.89124041795730591,0.89526301622390747
73.989598805655433,0.90404033660888672,0.90020179748535156,0.89117294549942017,0.89496016502380371
74.029614011571638,0.90395951271057129,0.90006572008132935,0.89102250337600708,0.89465135335922241
74.069629217487858,0.90387868881225586,0.90017658472061157,0.89104199409484863,0.8944736123085022
74.109644423404063,0.90379786491394043,0.90027481317520142,0.89110606908798218,0.89440000057220459
74.149659629320269,0.90371698141098022,0.90025615692138672,0.89126330614089966,0.89442163705825806
74.189674835236474,0.90363615751266479,0.9001772403717041,0.89113414287567139,0.89418011903762817
74.229690041152679,0.90355533361434937,0.89998459815979004,0.89107334613800049,0.89388155937194824
74.269705247068885,0.90347450971603394,0.89989697933197021,0.89094078540802002,0.89368760585784912
74.309720452985104,0.90339368581771851,0.90003567934036255,0.89089363813400269,0.89346665143966675
74.349742556885431,0.9033128023147583,0.90008223056793213,0.89095067977905273,0.89351904392242432
74.389757762801636,0.90323197841644287,0.90006846189498901,0.89105665683746338,0.89359259605407715
74.429772968717856,0.90315115451812744,0.89988553524017334,0.89085221290588379,0.89335250854492188
74.469788174634061,0.90307033061981201,0.89969873428344727,0.89082437753677368,0.89310389757156372
74.509803380550267,0.90298944711685181,0.89971137046813965,0.89067447185516357,0.89301067590713501
74.549818586466472,0.90291434526443481,0.89979743957519531,0.89076197147369385,0.89322966337203979
74.589833792382677,0.90287607908248901,0.89980942010879517,0.8914865255355835,0.89392942190170288
74.629848998298883,0.90275865793228149,0.90026897192001343,0.89126598834991455,0.89396029710769653
74.669871102199224,0.90264123678207397,0.90077894926071167,0.89104622602462769,0.89423596858978271
74.709886308115429,0.90252381563186646,0.90096020698547363,0.89100605249404907,0.89463263750076294
74.749901514031635,0.90240639448165894,0.90081667900085449,0.89112651348114014,0.89501357078552246
74.78991671994784,0.90228897333145142,0.90056991577148438,0.8911445140838623,0.89526635408401489
74.829931925864059,0.90217149257659912,0.90032398700714111,0.89099419116973877,0.89519113302230835
74.869947131780265,0.9020540714263916,0.90006577968597412,0.89079040288925171,0.89502513408660889
74.90996233769647,0.90193665027618408,0.90012180805206299,0.89073455333709717,0.89492201805114746
74.949977543612675,0.90181922912597656,0.90015536546707153,0.89074873924255371,0.89482492208480835
74.989992749528881,0.90170180797576904,0.90000808238983154,0.89092153310775757,0.89483356475830078
75.030014853429222,0.90158438682556152,0.89989203214645386,0.89086276292800903,0.89461982250213623
75.070030059345427,0.901466965675354,0.89964509010314941,0.89081311225891113,0.8942866325378418
75.110045265261633,0.90134954452514648,0.8994947075843811,0.89069360494613647,0.89401620626449585
75.150060471177838,0.90123212337493896,0.89961159229278564,0.89077138900756836,0.89381110668182373
75.190075677094043,0.90111470222473145,0.8996778130531311,0.89085370302200317,0.89375782012939453
75.230090883010263,0.90099728107452393,0.89984816312789917,0.89095580577850342,0.89399987459182739
75.270106088926468,0.90087985992431641,0.89972758293151855,0.89087206125259399,0.89391893148422241
75.310121294842673,0.90076243877410889,0.89950686693191528,0.89081054925918579,0.89364290237426758
75.350143398743015,0.90064495801925659,0.89945173263549805,0.8906589150428772,0.89349544048309326
75.39015860465922,0.90052753686904907,0.89956051111221313,0.89067679643630981,0.89328908920288086
75.430173810575425,0.90041011571884155,0.89950460195541382,0.89081573486328125,0.89338046312332153
75.470189016491631,0.90029269456863403,0.89953935146331787,0.89093500375747681,0.89348834753036499
75.510204222407836,0.90017527341842651,0.89935600757598877,0.89085114002227783,0.89327889680862427
75.550219428324041,0.90005785226821899,0.89915990829467773,0.89072024822235107,0.89307045936584473
75.590234634240261,0.89994043111801147,0.8991934061050415,0.89056390523910522,0.89301222562789917
75.630249840156466,0.89982300996780396,0.89940047264099121,0.89049023389816284,0.89294183254241943
75.670265046072672,0.89973217248916626,0.89945316314697266,0.89059686660766602,0.89345252513885498
75.710287149972999,0.89970308542251587,0.8991849422454834,0.89100706577301025,0.89375501871109009
75.750302355889218,0.8996427059173584,0.89974284172058105,0.89085847139358521,0.89403080940246582
75.790317561805423,0.89958232641220093,0.90013241767883301,0.89090812206268311,0.89443361759185791
75.830332767721629,0.89952200651168823,0.90018856525421143,0.89106452465057373,0.89482533931732178
75.870347973637834,0.89946162700653076,0.90004682540893555,0.89102089405059814,0.8950771689414978
75.910363179554039,0.89940124750137329,0.89980578422546387,0.89099854230880737,0.89505159854888916
75.950378385470245,0.8993409276008606,0.89975279569625854,0.890552818775177,0.8949623703956604
75.990393591386464,0.89928054809570313,0.89984136819839478,0.89039051532745361,0.89485734701156616
76.03040879730267,0.89922016859054565,0.89976590871810913,0.8903118371963501,0.89466995000839233
76.070430901202997,0.89915984869003296,0.90001469850540161,0.89006888866424561,0.89468902349472046
76.110446107119216,0.89909946918487549,0.89983731508255005,0.89024168252944946,0.89455986022949219
76.150461313035422,0.89903908967971802,0.89954078197479248,0.89034527540206909,0.89423871040344238
76.190476518951627,0.89897876977920532,0.89937257766723633,0.8902970552444458,0.89400410652160645
76.230491724867832,0.89891839027404785,0.89941751956939697,0.89046204090118408,0.89377307891845703
76.270506930784038,0.89885801076889038,0.89940363168716431,0.89056193828582764,0.8937334418296814
76.310522136700243,0.89879769086837769,0.89936423301696777,0.89081090688705444,0.89382565021514893
76.350537342616462,0.89873731136322021,0.89948880672454834,0.89041745662689209,0.89370822906494141
76.390559446516789,0.89867693185806274,0.89946812391281128,0.89012962579727173,0.89357137680053711
76.430574652432995,0.89861655235290527,0.89961808919906616,0.88982582092285156,0.89360332489013672
76.4705898583492,0.89855623245239258,0.89980804920196533,0.88972294330596924,0.89348530769348145
76.51060506426542,0.89849585294723511,0.89994776248931885,0.88945341110229492,0.89368373155593872
76.550620270181625,0.89843547344207764,0.89989203214645386,0.88973379135131836,0.8938712477684021
76.59063547609783,0.89837515354156494,0.89960414171218872,0.88983964920043945,0.89360618591308594
76.630650682014036,0.89831477403640747,0.89930367469787598,0.88996207714080811,0.89334249496459961
76.670665887930241,0.89825439453125,0.89927613735198975,0.89003884792327881,0.8932492733001709
76.710681093846446,0.8981940746307373,0.89934492111206055,0.89033991098403931,0.89309138059616089
76.750703197746788,0.89813369512557983,0.89929431676864624,0.89064145088195801,0.89320433139801025
76.790718403662993,0.89809650182723999,0.89945065975189209,0.89083641767501831,0.8935234546661377
76.830733609579198,0.89809751510620117,0.89900064468383789,0.89112347364425659,0.89377480745315552
76.870748815495418,0.89809906482696533,0.90023553371429443,0.89170640707015991,0.89500969648361206
76.910764021411623,0.89810061454772949,0.90129518508911133,0.8908727765083313,0.89526844024658203
76.950779227327828,0.89810210466384888,0.90183812379837036,0.89021360874176025,0.89441299438476563
76.990794433244034,0.89810365438461304,0.90124869346618652,0.88944190740585327,0.89538145065307617
77.030809639160239,0.8981052041053772,0.90050137042999268,0.88858866691589355,0.89661645889282227
77.07083174306058,0.89810675382614136,0.90004873275756836,0.88955509662628174,0.89785152673721313
77.110846948976786,0.89810830354690552,0.8992239236831665,0.89078235626220703,0.8990863561630249
77.150862154892991,0.8981097936630249,0.89816945791244507,0.89195036888122559,0.90031993389129639
77.190877360809196,0.89811134338378906,0.89897465705871582,0.89316564798355103,0.90149259567260742
77.230892566725402,0.89811289310455322,0.89995980262756348,0.8927466869354248,0.90231227874755859
77.270907772641621,0.89811444282531738,0.89919209480285645,0.89166831970214844,0.90124785900115967
77.310922978557826,0.89811599254608154,0.89814192056655884,0.89058774709701538,0.90017515420913696
77.350938184474032,0.89811748266220093,0.89706778526306152,0.88990640640258789,0.89915335178375244
77.390953390390237,0.89811903238296509,0.89715337753295898,0.88955563306808472,0.8983771800994873
77.430975494290578,0.89812058210372925,0.89838606119155884,0.89013856649398804,0.89928162097930908
77.470990700206784,0.89812213182449341,0.89917123317718506,0.8909497857093811,0.8989795446395874
77.511005906122989,0.89812368154525757,0.89858722686767578,0.89069485664367676,0.89809888601303101
77.551021112039194,0.89812523126602173,0.89785212278366089,0.88963073492050171,0.8972707986831665
77.5910363179554,0.89812672138214111,0.89687371253967285,0.88991695642471313,0.89805692434310913
77.631051523871619,0.89812827110290527,0.89673489332199097,0.89055728912353516,0.89904046058654785
77.671066729787825,0.89812982082366943,0.89742344617843628,0.89054387807846069,0.89984220266342163
77.71108193570403,0.89813137054443359,0.89832395315170288,0.88980811834335327,0.89971810579299927
77.751097141620235,0.89813292026519775,0.89923340082168579,0.88885581493377686,0.89863753318786621
77.791119245520576,0.89813441038131714,0.9004518985748291,0.88990217447280884,0.8990587592124939
77.831134451436782,0.8981359601020813,0.90121608972549438,0.89062774181365967,0.89941692352294922
77.871149657352987,0.89813750982284546,0.90188854932785034,0.88969665765762329,0.90000623464584351
77.911164863269192,0.89813905954360962,0.90292191505432129,0.888633131980896,0.90076106786727905
77.951180069185398,0.89814060926437378,0.90363949537277222,0.88838136196136475,0.9014585018157959
77.991195275101603,0.89814209938049316,0.90394002199172974,0.8891252875328064,0.90225511789321899
78.031210481017823,0.89814364910125732,0.90421414375305176,0.89007389545440674,0.90322995185852051
78.071225686934028,0.89814519882202148,0.90328991413116455,0.88941097259521484,0.90216082334518433
78.111247790834355,0.89814674854278564,0.90230423212051392,0.8893967866897583,0.90175944566726685
78.15126299675056,0.8981482982635498,0.90315413475036621,0.89059996604919434,0.90273016691207886
78.19127820266678,0.89814984798431396,0.90300428867340088,0.89114946126937866,0.90220153331756592
78.231293408582985,0.89815133810043335,0.90272194147109985,0.8913578987121582,0.90186601877212524
78.271308614499191,0.89815288782119751,0.90232223272323608,0.89132428169250488,0.90157926082611084
78.311323820415396,0.89815443754196167,0.90195310115814209,0.89113903045654297,0.90125143527984619
78.351339026331601,0.89815598726272583,0.9014289379119873,0.89100056886672974,0.90017092227935791
78.391354232247821,0.89815753698348999,0.90036481618881226,0.89098095893859863,0.89909034967422485
78.431369438164026,0.89815902709960938,0.89992278814315796,0.89041626453399658,0.89861482381820679
78.471391542064353,0.89816057682037354,0.89976704120635986,0.88997125625610352,0.89829641580581665
78.511406747980558,0.8981621265411377,0.89966779947280884,0.88983809947967529,0.89761811494827271
78.551421953896778,0.89816367626190186,0.89958804845809937,0.88985228538513184,0.89694404602050781
78.591437159812983,0.89816522598266602,0.89975392818450928,0.88943225145339966,0.89639949798583984
78.631452365729189,0.89816677570343018,0.89986217021942139,0.88932079076766968,0.89584136009216309
78.671467571645394,0.89816826581954956,0.89992213249206543,0.88908845186233521,0.89543980360031128
78.711482777561599,0.89816981554031372,0.89985764026641846,0.88918298482894897,0.89531433582305908
78.751497983477805,0.89817136526107788,0.89968568086624146,0.88928824663162231,0.89489960670471191
78.791513189394024,0.89817291498184204,0.89948636293411255,0.88923490047454834,0.89446568489074707
78.831535293294351,0.8981744647026062,0.89942234754562378,0.88892024755477905,0.89419782161712646
78.871550499210556,0.89817595481872559,0.89936745166778564,0.8888588547706604,0.89387786388397217
78.911565705126762,0.89817750453948975,0.89960724115371704,0.8888084888458252,0.89387381076812744
78.951580911042981,0.89817905426025391,0.89966410398483276,0.88874459266662598,0.89391028881072998
78.991596116959187,0.89818060398101807,0.89941394329071045,0.88898497819900513,0.8938489556312561
79.031611322875392,0.89818215370178223,0.89946615695953369,0.88884884119033813,0.8936421275138855
79.071626528791597,0.89818364381790161,0.89947879314422607,0.88878178596496582,0.89352923631668091
79.111641734707803,0.89818519353866577,0.89949005842208862,0.8889814019203186,0.89338475465774536
79.151663838608144,0.89818674325942993,0.89959174394607544,0.88913315534591675,0.89350223541259766
79.191679044524349,0.89818829298019409,0.89934927225112915,0.88918721675872803,0.89363491535186768
79.231694250440555,0.89818984270095825,0.8991926908493042,0.88927817344665527,0.89355391263961792
79.27170945635676,0.89819139242172241,0.89908486604690552,0.88908761739730835,0.89340972900390625
79.311724662272979,0.8981928825378418,0.89914977550506592,0.88940495252609253,0.8932340145111084
79.351739868189185,0.89819443225860596,0.89910900592803955,0.889232337474823,0.89327061176300049
79.39175507410539,0.89819598197937012,0.89911818504333496,0.88932341337203979,0.89346194267272949
79.431770280021595,0.89819753170013428,0.89894640445709229,0.88927155733108521,0.89358776807785034
79.471785485937801,0.89819908142089844,0.89904415607452393,0.88895577192306519,0.89350485801696777
79.511807589838142,0.89820057153701782,0.89903712272644043,0.88850909471511841,0.89352643489837646
79.551822795754347,0.89818745851516724,0.89885997772216797,0.88947486877441406,0.89439421892166138
79.591838001670553,0.89810293912887573,0.89881336688995361,0.88960754871368408,0.89450269937515259
79.631853207586758,0.89801841974258423,0.89870661497116089,0.88979130983352661,0.89448654651641846
79.671868413502963,0.89793390035629272,0.89867502450942993,0.88985276222229004,0.8945433497428894
79.711883619419183,0.897849440574646,0.89865493774414063,0.89019608497619629,0.8945688009262085
79.751898825335388,0.89776492118835449,0.89862465858459473,0.89048421382904053,0.89462041854858398
79.791914031251594,0.89768040180206299,0.89853197336196899,0.89064854383468628,0.89452970027923584
79.831936135151921,0.89759588241577148,0.89828354120254517,0.89071232080459595,0.89417803287506104
79.87195134106814,0.89751142263412476,0.89803409576416016,0.8906366229057312,0.89383387565612793
79.911966546984345,0.89742690324783325,0.89812535047531128,0.89061552286148071,0.89366263151168823
79.951981752900551,0.89734238386154175,0.89822733402252197,0.89063340425491333,0.89345258474349976
79.991996958816756,0.89725786447525024,0.89827394485473633,0.89024299383163452,0.89360487461090088
80.032012164732961,0.89717340469360352,0.89826285839080811,0.88993042707443237,0.89379596710205078
80.072027370649181,0.89708888530731201,0.89808863401412964,0.89009779691696167,0.89356166124343872
80.112042576565386,0.89700436592102051,0.8979993462562561,0.890045166015625,0.89334303140640259
80.152057782481592,0.896919846534729,0.89807772636413574,0.89023077487945557,0.89324295520782471
80.192079886381919,0.8968353271484375,0.89809668064117432,0.89059126377105713,0.89315223693847656
80.232095092298138,0.89675086736679077,0.89808779954910278,0.89086312055587769,0.89323478937149048
80.272110298214344,0.89666634798049927,0.89798253774642944,0.89084577560424805,0.89313459396362305
80.312125504130549,0.89658182859420776,0.89777255058288574,0.89078211784362793,0.89291232824325562
80.352140710046754,0.89649736881256104,0.8977203369140625,0.89066046476364136,0.89278793334960938
80.39215591596296,0.89641284942626953,0.89781486988067627,0.89080870151519775,0.89263349771499634
80.432171121879165,0.89632833003997803,0.89785724878311157,0.89044290781021118,0.89266467094421387
80.472186327795384,0.89624381065368652,0.89790236949920654,0.89011037349700928,0.89297240972518921
80.51220153371159,0.89615935087203979,0.89779531955718994,0.88983261585235596,0.89312076568603516
80.552223637611917,0.89607483148574829,0.89769816398620605,0.88978350162506104,0.8930739164352417
80.592238843528122,0.89599031209945679,0.89772605895996094,0.88937628269195557,0.89309918880462646
80.632254049444342,0.89591091871261597,0.89767700433731079,0.88944602012634277,0.89343816041946411
80.672269255360547,0.89588338136672974,0.89757007360458374,0.89003562927246094,0.89413118362426758
80.712284461276752,0.89579677581787109,0.89761418104171753,0.89009273052215576,0.89418208599090576
80.752299667192958,0.89571017026901245,0.89778077602386475,0.89009594917297363,0.89432370662689209
80.792314873109163,0.89562350511550903,0.8978545069694519,0.89032816886901855,0.894450843334198
80.832330079025382,0.89553689956665039,0.89784187078475952,0.89022624492645264,0.89448565244674683
80.872352182925709,0.89545023441314697,0.89778637886047363,0.88992416858673096,0.89460760354995728
80.912367388841915,0.89536362886428833,0.8976433277130127,0.88895720243453979,0.89429020881652832
80.95238259475812,0.89527696371078491,0.89739507436752319,0.88811886310577393,0.89395487308502197
80.99239780067434,0.89519035816192627,0.89748650789260864,0.88741904497146606,0.8937981128692627
81.032413006590545,0.89510369300842285,0.89752656221389771,0.88662612438201904,0.89357823133468628
81.07242821250675,0.89501708745956421,0.89748257398605347,0.88591885566711426,0.89364111423492432
81.112443418422956,0.89493042230606079,0.89744490385055542,0.885337233543396,0.89356952905654907
81.152458624339161,0.89484381675720215,0.8972543478012085,0.88459080457687378,0.89330446720123291
81.192473830255366,0.89475715160369873,0.89713108539581299,0.88391411304473877,0.89313066005706787
81.232495934155708,0.89467054605484009,0.89724212884902954,0.8834071159362793,0.89302366971969604
81.272511140071913,0.89458388090133667,0.89732551574707031,0.88277906179428101,0.89300942420959473
81.312526345988118,0.89449727535247803,0.89732187986373901,0.88245493173599243,0.89313733577728271
81.352541551904324,0.89441061019897461,0.89721918106079102,0.88189756870269775,0.89305746555328369
81.392556757820543,0.89432400465011597,0.89700591564178467,0.88124191761016846,0.89284622669219971
81.432571963736748,0.89423739910125732,0.8970223069190979,0.88071537017822266,0.89279866218566895
81.472587169652954,0.89415073394775391,0.89708572626113892,0.88015639781951904,0.89265531301498413
81.512602375569159,0.89406412839889526,0.89713066816329956,0.87950128316879272,0.89274036884307861
81.5526244794695,0.89397746324539185,0.89709484577178955,0.87903547286987305,0.8928685188293457
81.592639685385706,0.8938908576965332,0.89715862274169922,0.87843102216720581,0.89275240898132324
81.632654891301911,0.89380419254302979,0.89690756797790527,0.87835615873336792,0.89255326986312866
81.672670097218116,0.89371758699417114,0.89685755968093872,0.87832170724868774,0.89253425598144531
81.712685303134322,0.89363092184066772,0.89680242538452148,0.87836968898773193,0.89240002632141113
81.752700509050541,0.89356327056884766,0.89694225788116455,0.87878823280334473,0.89289110898971558
81.792715714966747,0.89353793859481812,0.89645928144454956,0.87896305322647095,0.89320456981658936
81.832730920882952,0.89348489046096802,0.89668071269989014,0.87855058908462524,0.89344996213912964
81.872746126799157,0.89343178272247314,0.89665108919143677,0.87837791442871094,0.89382630586624146
81.912768230699498,0.89337867498397827,0.89665496349334717,0.87846618890762329,0.89418548345565796
81.952783436615704,0.89332562685012817,0.89656853675842285,0.8785698413848877,0.89432090520858765
81.992798642531909,0.8932725191116333,0.89635515213012695,0.87848621606826782,0.89412999153137207
82.032813848448114,0.89321941137313843,0.89617657661437988,0.87835806608200073,0.89387404918670654
82.07282905436432,0.89316636323928833,0.89621889591217041,0.87833333015441895,0.89371997117996216
82.112844260280525,0.89311325550079346,0.89628690481185913,0.87823367118835449,0.89357638359069824
82.152859466196745,0.89306020736694336,0.89633476734161377,0.87845265865325928,0.89361292123794556
82.19287467211295,0.89300709962844849,0.8962591290473938,0.87836068868637085,0.89341157674789429
82.232889878029155,0.89295405149459839,0.8961060643196106,0.87807416915893555,0.89309775829315186
82.272911981929482,0.89290094375610352,0.89610248804092407,0.87789332866668701,0.89289027452468872
82.312927187845702,0.89284783601760864,0.89620602130889893,0.87797582149505615,0.89268404245376587
82.352942393761907,0.89279478788375854,0.89636242389678955,0.87801122665405273,0.89264321327209473
82.392957599678113,0.89274168014526367,0.8963744044303894,0.87812840938568115,0.89274263381958008
82.432972805594318,0.8926885724067688,0.89629030227661133,0.8781205415725708,0.89252698421478271
82.472988011510523,0.8926355242729187,0.89605873823165894,0.87806797027587891,0.89229309558868408
82.513003217426743,0.89258241653442383,0.89606243371963501,0.87806284427642822,0.89221513271331787
82.553018423342948,0.89252936840057373,0.89611363410949707,0.87806099653244019,0.89200806617736816
82.593040527243275,0.89247626066207886,0.89620691537857056,0.87803405523300171,0.89211940765380859
82.63305573315948,0.89242315292358398,0.89624595642089844,0.87812972068786621,0.89220511913299561
82.6730709390757,0.89237010478973389,0.89598667621612549,0.8781205415725708,0.89200121164321899
82.713086144991905,0.89231699705123901,0.89579164981842041,0.87783408164978027,0.89178597927093506
82.753101350908111,0.89226394891738892,0.89585721492767334,0.87771075963973999,0.89173948764801025
82.793116556824316,0.89221084117889404,0.89598327875137329,0.87765836715698242,0.89165562391281128
82.833131762740521,0.89215773344039917,0.89607548713684082,0.87784755229949951,0.89178979396820068
82.873146968656727,0.89212483167648315,0.89632391929626465,0.87817192077636719,0.89217132329940796
82.913162174572946,0.89207619428634644,0.89593625068664551,0.87843257188796997,0.89251703023910522
82.953184278473273,0.89199995994567871,0.89601194858551025,0.87839734554290771,0.89287835359573364
82.993199484389478,0.89192372560501099,0.89603924751281738,0.87856888771057129,0.89323866367340088
83.033214690305684,0.89184755086898804,0.89594775438308716,0.87855976819992065,0.89339125156402588
83.073229896221903,0.89177131652832031,0.89574790000915527,0.87857633829116821,0.89332270622253418
83.113245102138109,0.89169514179229736,0.89559906721115112,0.87853759527206421,0.89321672916412354
83.153260308054314,0.89161896705627441,0.89562457799911499,0.87858408689498901,0.89313584566116333
83.193275513970519,0.89154273271560669,0.89567399024963379,0.87832659482955933,0.8931887149810791
83.233290719886725,0.89146655797958374,0.8956913948059082,0.87847638130187988,0.89325237274169922
83.273305925802944,0.89139032363891602,0.89555943012237549,0.87836682796478271,0.89303219318389893
83.313328029703271,0.89131408929824829,0.89538222551345825,0.87822061777114868,0.89271754026412964
83.353343235619477,0.89123791456222534,0.89535033702850342,0.87812596559524536,0.8924487829208374
83.393358441535682,0.89116168022155762,0.89539903402328491,0.87824732065200806,0.89218074083328247
83.433373647451901,0.89108550548553467,0.89544034004211426,0.8781818151473999,0.89219754934310913
83.473388853368107,0.89100927114486694,0.89546263217926025,0.87834697961807251,0.89223361015319824
83.513404059284312,0.89093309640884399,0.89527928829193115,0.87847626209259033,0.89194440841674805
83.553419265200517,0.89085686206817627,0.89512926340103149,0.87844395637512207,0.89166182279586792
83.593434471116723,0.89078068733215332,0.89517951011657715,0.87857377529144287,0.89147830009460449
83.633456575017064,0.8907044529914856,0.89516556262969971,0.8785281777381897,0.89132380485534668
83.673471780933269,0.89062827825546265,0.8952825665473938,0.87839019298553467,0.89139020442962646
83.713486986849475,0.89055204391479492,0.89526879787445068,0.87826526165008545,0.89143753051757813
83.75350219276568,0.89047586917877197,0.89508533477783203,0.87806463241577148,0.89119988679885864
83.793517398681885,0.89039963483810425,0.89488083124160767,0.87792539596557617,0.89095640182495117
83.833532604598105,0.8903234601020813,0.89496171474456787,0.87800580263137817,0.89079701900482178
83.87354781051431,0.89024722576141357,0.89495283365249634,0.877951979637146,0.89078605175018311
83.913563016430516,0.89017105102539063,0.89507991075515747,0.87801802158355713,0.89090526103973389
83.953578222346721,0.8900948166847229,0.89502274990081787,0.87801378965377808,0.89091277122497559
83.993600326247062,0.89005953073501587,0.89551752805709839,0.87832337617874146,0.89144229888916016
84.033615532163267,0.89006286859512329,0.89508509635925293,0.87875849008560181,0.891166090965271
84.073630738079473,0.89006710052490234,0.89631986618041992,0.8799934983253479,0.89240086078643799
84.113645943995678,0.8900713324546814,0.8970940113067627,0.88122820854187012,0.89359939098358154
84.153661149911883,0.89007556438446045,0.89665687084197998,0.88246315717697144,0.89479804039001465
84.193676355828103,0.8900797963142395,0.89575177431106567,0.88369810581207275,0.89597010612487793
84.233691561744308,0.89008396863937378,0.89468276500701904,0.88493281602859497,0.89700424671173096
84.273706767660514,0.89008820056915283,0.89361667633056641,0.88615149259567261,0.89823746681213379
84.313728871560841,0.89009243249893188,0.89254748821258545,0.88738667964935303,0.8994603157043457
84.35374407747706,0.89009666442871094,0.89161783456802368,0.88862156867980957,0.89978015422821045
84.393759283393265,0.89010089635848999,0.890921950340271,0.88948684930801392,0.89982414245605469
84.433774489309471,0.89010506868362427,0.88997423648834229,0.89055740833282471,0.89874505996704102
84.473789695225676,0.89010930061340332,0.88902950286865234,0.89161115884780884,0.89768069982528687
84.513804901141881,0.89011353254318237,0.88814336061477661,0.89268308877944946,0.89667809009552002
84.553820107058087,0.89011776447296143,0.88884484767913818,0.89374744892120361,0.89612084627151489
84.593835312974306,0.8901219367980957,0.88990747928619385,0.89495378732681274,0.89732331037521362
84.633850518890512,0.89012616872787476,0.89114248752593994,0.8960990309715271,0.89841258525848389
84.673872622790839,0.89013040065765381,0.89237737655639648,0.89709222316741943,0.89760404825210571
84.713887828707044,0.89013463258743286,0.89319717884063721,0.89831697940826416,0.89695703983306885
84.753903034623264,0.89013886451721191,0.89211976528167725,0.89955002069473267,0.89688491821289063
84.793918240539469,0.89014303684234619,0.89111053943634033,0.9005279541015625,0.89779508113861084
84.833933446455674,0.89014726877212524,0.89019978046417236,0.90091264247894287,0.897816002368927
84.87394865237188,0.8901515007019043,0.89143472909927368,0.90153217315673828,0.89676100015640259
84.913963858288085,0.89015573263168335,0.89235866069793701,0.90223848819732666,0.895984947681427
84.953979064204304,0.8901599645614624,0.89330375194549561,0.90191715955734253,0.89519035816192627
84.99399427012051,0.89016413688659668,0.89453858137130737,0.90310895442962646,0.89642184972763062
85.034016374020837,0.89016836881637573,0.89543062448501587,0.90298318862915039,0.89650261402130127
85.074031579937042,0.89017260074615479,0.89435017108917236,0.90349137783050537,0.89670062065124512
85.114046785853262,0.89017683267593384,0.89338564872741699,0.90472638607025146,0.89623212814331055
85.154061991769467,0.89018100500106812,0.89274311065673828,0.90596109628677368,0.89614176750183105
85.194077197685672,0.89018523693084717,0.89171373844146729,0.907196044921875,0.89710777997970581
85.234092403601878,0.89018946886062622,0.89064890146255493,0.90843099355697632,0.8977515697479248
85.274107609518083,0.89019370079040527,0.88968771696090698,0.90938222408294678,0.89672648906707764
85.314122815434288,0.89019793272018433,0.89038461446762085,0.91028821468353271,0.89608901739120483
85.35414491933463,0.8902021050453186,0.89161974191665649,0.91152334213256836,0.8973240852355957
85.394160125250835,0.89020633697509766,0.89285451173782349,0.91275829076766968,0.89855891466140747
85.43417533116704,0.89021056890487671,0.89408951997756958,0.91399300098419189,0.89979076385498047
85.474190537083246,0.89021480083465576,0.89532434940338135,0.91517221927642822,0.90099173784255981
85.514205742999465,0.89021903276443481,0.89655917882919312,0.91500866413116455,0.90116703510284424
85.55422094891567,0.89022320508956909,0.89715069532394409,0.91604101657867432,0.90101975202560425
85.594236154831876,0.89022743701934814,0.89617055654525757,0.91647017002105713,0.89993917942047119
85.634251360748081,0.8902316689491272,0.89509683847427368,0.91538965702056885,0.8988690972328186
85.674266566664286,0.89023590087890625,0.89482104778289795,0.91430914402008057,0.89799940586090088
85.714288670564628,0.89024007320404053,0.89475387334823608,0.91322839260101318,0.8973810076713562
85.754303876480833,0.89024430513381958,0.89468914270401001,0.91214793920516968,0.89676958322525024
85.794319082397038,0.89024853706359863,0.89475131034851074,0.91106736660003662,0.89627206325531006
85.834334288313244,0.89025276899337769,0.89479911327362061,0.90998971462249756,0.89603602886199951
85.874349494229463,0.89025700092315674,0.89458316564559937,0.90891361236572266,0.89551824331283569
85.914364700145669,0.89026117324829102,0.89439612627029419,0.90784835815429688,0.89503949880599976
85.954379906061874,0.89026540517807007,0.89439350366592407,0.90678930282592773,0.89474409818649292
85.994395111978079,0.89026963710784912,0.89440685510635376,0.90572553873062134,0.89428883790969849
86.034410317894285,0.89027386903762817,0.89442354440689087,0.90470963716506958,0.8940855860710144
86.074432421794626,0.89027810096740723,0.89452266693115234,0.90367603302001953,0.89375132322311401
86.114447627710831,0.8902822732925415,0.89435857534408569,0.90261614322662354,0.89334863424301147
86.154462833627036,0.89028650522232056,0.8941810131072998,0.90156269073486328,0.89296340942382813
86.194478039543242,0.89029073715209961,0.89422863721847534,0.90049189329147339,0.89267301559448242
86.234493245459447,0.89029496908187866,0.89409101009368896,0.89953559637069702,0.8924630880355835
86.274508451375667,0.89029920101165771,0.89425098896026611,0.89847064018249512,0.89243030548095703
86.314523657291872,0.89030337333679199,0.89429479837417603,0.89744943380355835,0.89227944612503052
86.354538863208077,0.89030760526657104,0.89419084787368774,0.89640599489212036,0.89193546772003174
86.394560967108404,0.8903118371963501,0.89414292573928833,0.89536678791046143,0.89164364337921143
86.434576173024624,0.89031606912612915,0.89430481195449829,0.89433056116104126,0.89145636558532715
86.474591378940829,0.89032024145126343,0.89442980289459229,0.89329200983047485,0.89132314920425415
86.514606584857034,0.89032447338104248,0.89449465274810791,0.89232796430587769,0.89138662815093994
86.55462179077324,0.89032870531082153,0.89443838596343994,0.89137136936187744,0.89124792814254761
86.594636996689445,0.89033293724060059,0.89427357912063599,0.89046835899353027,0.89098232984542847
86.634652202605665,0.89033716917037964,0.89423072338104248,0.88967424631118774,0.89082413911819458
86.67466740852187,0.89034134149551392,0.89425909519195557,0.88887268304824829,0.89064258337020874
86.714682614438075,0.89034479856491089,0.89432442188262939,0.88875770568847656,0.89109843969345093
86.754704718338402,0.89031028747558594,0.89389264583587646,0.88874262571334839,0.8915632963180542
86.794719924254622,0.8902321457862854,0.8940964937210083,0.88787853717803955,0.89162713289260864
86.834735130170827,0.89015394449234009,0.89427685737609863,0.88693463802337646,0.89184236526489258
86.874750336087033,0.89007580280303955,0.89438247680664063,0.88607776165008545,0.89208763837814331
86.914765542003238,0.88999760150909424,0.89438736438751221,0.88534146547317505,0.89231187105178833
86.954780747919443,0.8899194598197937,0.89417153596878052,0.88449579477310181,0.89214938879013062
86.994795953835649,0.88984125852584839,0.89400649070739746,0.88365834951400757,0.8919295072555542
87.034811159751868,0.88976311683654785,0.89405596256256104,0.882945716381073,0.89171409606933594
87.074833263652195,0.88968491554260254,0.8941347599029541,0.88211792707443237,0.89150786399841309
87.1148484695684,0.88960671424865723,0.89417576789855957,0.88127851486206055,0.89150196313858032
87.154863675484606,0.88952857255935669,0.89413487911224365,0.88055711984634399,0.89139622449874878
87.194878881400825,0.88945037126541138,0.89395642280578613,0.87974756956100464,0.89105331897735596
87.234894087317031,0.88937222957611084,0.89378684759140015,0.87895834445953369,0.89072322845458984
87.274909293233236,0.88929402828216553,0.89388561248779297,0.87844914197921753,0.89050251245498657
87.314924499149441,0.88921582698822021,0.89397269487380981,0.87779676914215088,0.89040291309356689
87.354939705065647,0.88913768529891968,0.89398366212844849,0.87738913297653198,0.89048326015472412
87.394954910981866,0.88905948400497437,0.89388668537139893,0.87720692157745361,0.89039188623428345
87.434977014882193,0.88898134231567383,0.89369839429855347,0.87689697742462158,0.89013123512268066
87.474992220798399,0.88890314102172852,0.89364290237426758,0.87677890062332153,0.88988363742828369
87.515007426714604,0.88882499933242798,0.8936581015586853,0.87699288129806519,0.88971894979476929
87.555022632630823,0.88874679803848267,0.89364743232727051,0.8772808313369751,0.88980340957641602
87.595037838547029,0.88866859674453735,0.89367270469665527,0.87721049785614014,0.88992130756378174
87.635053044463234,0.88859045505523682,0.89358687400817871,0.87699609994888306,0.88981181383132935
87.675068250379439,0.8885122537612915,0.89341616630554199,0.87675786018371582,0.88959985971450806
87.715083456295645,0.88843411207199097,0.89345526695251465,0.87673044204711914,0.88949060440063477
87.75509866221185,0.88835591077804565,0.89350211620330811,0.87682682275772095,0.88935768604278564
87.795120766112191,0.88827770948410034,0.89361011981964111,0.8768618106842041,0.88950294256210327
87.835135972028397,0.8882259726524353,0.89379864931106567,0.87729078531265259,0.89000481367111206
87.875151177944602,0.88818496465682983,0.89328461885452271,0.87714755535125732,0.89038437604904175
87.915166383860807,0.88811647891998291,0.89345473051071167,0.87683320045471191,0.89069002866744995
87.955181589777027,0.88804799318313599,0.89355373382568359,0.87683719396591187,0.89102119207382202
87.995196795693232,0.88797944784164429,0.89349889755249023,0.87691366672515869,0.89124619960784912
88.035212001609437,0.88791096210479736,0.89329642057418823,0.87647080421447754,0.89110714197158813
88.075227207525643,0.88784247636795044,0.89313870668411255,0.87620854377746582,0.89093166589736938
88.115249311425984,0.88777393102645874,0.89321243762969971,0.87620460987091064,0.89076882600784302
88.155264517342189,0.88770544528961182,0.89326560497283936,0.87640625238418579,0.89081466197967529
88.195279723258395,0.88763689994812012,0.89334654808044434,0.87657779455184937,0.89094215631484985
88.2352949291746,0.88756841421127319,0.8933178186416626,0.87664622068405151,0.89093446731567383
88.275310135090805,0.88749992847442627,0.89314758777618408,0.87637466192245483,0.89070534706115723
88.315325341007025,0.88743138313293457,0.89302122592926025,0.87611949443817139,0.89048725366592407
88.35534054692323,0.88736289739608765,0.89306122064590454,0.87639892101287842,0.89031732082366943
88.395355752839436,0.88729441165924072,0.89306628704071045,0.87676787376403809,0.89042454957962036
88.435370958755641,0.88722586631774902,0.89316338300704956,0.87694799900054932,0.89053082466125488
88.475393062655982,0.8871573805809021,0.89306730031967163,0.87707078456878662,0.89041906595230103
88.515408268572187,0.8870888352394104,0.8928486704826355,0.87703835964202881,0.89019179344177246
88.555423474488393,0.88702034950256348,0.89283430576324463,0.87669020891189575,0.88996976613998413
88.595438680404598,0.88695186376571655,0.89285176992416382,0.87662035226821899,0.88985639810562134
88.635453886320803,0.88688331842422485,0.89289802312850952,0.87665426731109619,0.88996237516403198
88.675469092237009,0.88681483268737793,0.892922043800354,0.87658083438873291,0.89005959033966064
88.715484298153228,0.88674628734588623,0.89286339282989502,0.87644511461257935,0.88986420631408691
88.755499504069434,0.88667780160903931,0.89270859956741333,0.8763045072555542,0.88961195945739746
88.795521607969761,0.88660931587219238,0.89273446798324585,0.87627053260803223,0.88941735029220581
88.83553681388598,0.88654077053070068,0.89273226261138916,0.8762633204460144,0.88929331302642822
88.875552019802186,0.88647228479385376,0.89279091358184814,0.87643790245056152,0.88939565420150757
88.915567225718391,0.88640373945236206,0.89281940460205078,0.87651294469833374,0.88949930667877197
88.955582431634596,0.88636904954910278,0.89301598072052002,0.87692195177078247,0.88995575904846191
88.995597637550802,0.88630753755569458,0.8927503228187561,0.8767927885055542,0.89005589485168457
89.035612843467007,0.88622593879699707,0.89291739463806152,0.8764805793762207,0.89031600952148438
89.075628049383226,0.88614439964294434,0.89288020133972168,0.87626463174819946,0.89047622680664063
89.115643255299432,0.88606280088424683,0.89267951250076294,0.8758469820022583,0.89031422138214111
89.155665359199759,0.88598126173019409,0.892494797706604,0.87554490566253662,0.89014708995819092
89.195680565115964,0.88589966297149658,0.89249628782272339,0.87560594081878662,0.89001178741455078
89.235695771032184,0.88581812381744385,0.89246726036071777,0.87580180168151855,0.89016997814178467
89.275710976948389,0.88573652505874634,0.89259380102157593,0.87594461441040039,0.89032661914825439
89.315726182864594,0.8856549859046936,0.89251363277435303,0.87610197067260742,0.89029389619827271
89.3557413887808,0.88557338714599609,0.89229607582092285,0.87605875730514526,0.89009422063827515
89.395756594697005,0.88549184799194336,0.89220362901687622,0.87589597702026367,0.88990247249603271
89.43577180061321,0.88541024923324585,0.89229923486709595,0.87591332197189331,0.88977175951004028
89.47578700652943,0.88532871007919312,0.89232665300369263,0.87598782777786255,0.88989806175231934
89.515809110429757,0.88524711132049561,0.89239096641540527,0.87602972984313965,0.89003109931945801
89.555824316345962,0.88516557216644287,0.89229416847229004,0.87597090005874634,0.88996905088424683
89.595839522262168,0.88508397340774536,0.89212465286254883,0.87587904930114746,0.88979005813598633
89.635854728178387,0.88500243425369263,0.89213144779205322,0.87576782703399658,0.88960742950439453
89.675869934094592,0.88492083549499512,0.89216715097427368,0.87590920925140381,0.88962054252624512
89.715885140010798,0.88483929634094238,0.89223790168762207,0.87583518028259277,0.8897552490234375
89.755900345927003,0.88475769758224487,0.89223784208297729,0.87541460990905762,0.88993901014328003
89.795915551843208,0.88467615842819214,0.89211535453796387,0.87532681226730347,0.88982796669006348
89.83593765574355,0.88459455966949463,0.89191550016403198,0.87525880336761475,0.88966560363769531
89.875952861659755,0.88451302051544189,0.89190918207168579,0.8753807544708252,0.88951468467712402
89.91596806757596,0.88443142175674438,0.89189457893371582,0.87555241584777832,0.88960421085357666
89.955983273492166,0.88434988260269165,0.89193683862686157,0.87577319145202637,0.88976097106933594
89.995998479408385,0.88426828384399414,0.89205741882324219,0.87587261199951172,0.88984233140945435
90.03601368532459,0.88418674468994141,0.89183765649795532,0.87593340873718262,0.88966315984725952
90.076028891240796,0.88415831327438354,0.89243447780609131,0.87652486562728882,0.89032506942749023
90.116044097157001,0.88410955667495728,0.89241373538970947,0.8763575553894043,0.89021825790405273
90.156059303073206,0.8840562105178833,0.89240372180938721,0.87617075443267822,0.890236496925354
90.196081406973548,0.88400280475616455,0.8921283483505249,0.87592518329620361,0.89001500606536865
90.236096612889753,0.8839493989944458,0.8919147253036499,0.87570112943649292,0.88979655504226685
90.276111818805958,0.88389599323272705,0.89186775684356689,0.87586337327957153,0.88965976238250732
90.316127024722164,0.88384264707565308,0.89177882671356201,0.8759198784828186,0.88980114459991455
90.356142230638369,0.88378924131393433,0.89186549186706543,0.8760494589805603,0.88994759321212769
90.396157436554589,0.88373583555221558,0.89173460006713867,0.87585151195526123,0.88988912105560303
90.436172642470794,0.8836824893951416,0.89151334762573242,0.87564378976821899,0.88969224691390991
90.476187848386999,0.88362908363342285,0.89149618148803711,0.87543696165084839,0.88948327302932739
90.516203054303205,0.8835756778717041,0.89156061410903931,0.87546658515930176,0.88942289352416992
90.556225158203546,0.88352227210998535,0.89159560203552246,0.87563097476959229,0.88959026336669922
90.596240364119751,0.88346892595291138,0.89162939786911011,0.87560892105102539,0.88974285125732422
90.636255570035956,0.88341552019119263,0.89154577255249023,0.87540662288665771,0.88964879512786865
90.676270775952162,0.88336211442947388,0.89139485359191895,0.87510734796524048,0.88944417238235474
90.716285981868367,0.8833087682723999,0.89139783382415771,0.87513273954391479,0.88928639888763428
90.756301187784587,0.88325536251068115,0.89143085479736328,0.87526112794876099,0.88931286334991455
90.796316393700792,0.8832019567489624,0.89147430658340454,0.8754546046257019,0.8894803524017334
90.836331599616997,0.88314855098724365,0.89152300357818604,0.87542623281478882,0.88964730501174927
90.876353703517324,0.88309520483016968,0.89137661457061768,0.87519323825836182,0.88947188854217529
90.916368909433544,0.88304179906845093,0.89119517803192139,0.87509524822235107,0.88929134607315063
90.956384115349749,0.88298839330673218,0.89125144481658936,0.87503021955490112,0.88913917541503906
90.996399321265955,0.8829350471496582,0.89128142595291138,0.87510550022125244,0.88926422595977783
91.03641452718216,0.88288164138793945,0.89136075973510742,0.87520194053649902,0.88945543766021729
91.076429733098365,0.8828282356262207,0.89135748147964478,0.87512451410293579,0.88958442211151123
91.116444939014571,0.88277482986450195,0.89118480682373047,0.87501758337020874,0.88942980766296387
91.15646014493079,0.88272148370742798,0.89111125469207764,0.87486726045608521,0.88931763172149658
91.196475350846995,0.88270998001098633,0.89174491167068481,0.87571042776107788,0.8900216817855835
91.236497454747322,0.8826906681060791,0.89178401231765747,0.87629300355911255,0.88970458507537842
91.276512660663542,0.88267135620117188,0.89301890134811401,0.87752795219421387,0.89093959331512451
91.316527866579747,0.88265210390090942,0.89331024885177612,0.87876290082931519,0.8921743631362915
91.356543072495953,0.8826327919960022,0.89235937595367432,0.8799976110458374,0.89339804649353027
91.396558278412158,0.88261348009109497,0.89137452840805054,0.8812326192855835,0.89405965805053711
91.436573484328363,0.88259416818618774,0.89045405387878418,0.88246750831604004,0.89320015907287598
91.476588690244569,0.88257491588592529,0.8894008994102478,0.88370227813720703,0.8923676609992981
91.516603896160788,0.88255560398101807,0.88835275173187256,0.88473528623580933,0.89335089921951294
91.556626000061115,0.88253629207611084,0.88772600889205933,0.88596987724304199,0.89402174949645996
91.596641205977321,0.88251698017120361,0.88681775331497192,0.88636702299118042,0.89320278167724609
91.636656411893526,0.88249772787094116,0.88591718673706055,0.88714689016342163,0.89260983467102051
91.676671617809745,0.88247841596603394,0.884971022605896,0.88766229152679443,0.89355385303497314
91.716686823725951,0.88245910406112671,0.88452404737472534,0.88879978656768799,0.89368510246276855
91.756702029642156,0.88243985176086426,0.88539028167724609,0.89002889394760132,0.89272141456604004
91.796717235558361,0.88242053985595703,0.88653373718261719,0.89125525951385498,0.89276385307312012
91.836732441474567,0.8824012279510498,0.88776838779449463,0.89239329099655151,0.89372295141220093
91.876747647390772,0.88238191604614258,0.88898217678070068,0.89362823963165283,0.89272558689117432
91.916769751291113,0.88236266374588013,0.8890073299407959,0.89453679323196411,0.89323717355728149
91.956784957207319,0.8823433518409729,0.88801002502441406,0.89546436071395874,0.89397060871124268
91.996800163123524,0.88232403993606567,0.88695341348648071,0.89669036865234375,0.89344435930252075
92.036815369039743,0.88230472803115845,0.88636445999145508,0.89632147550582886,0.89306116104125977
92.076830574955949,0.882285475730896,0.88636124134063721,0.89634859561920166,0.89219248294830322
92.116845780872154,0.88226616382598877,0.88759618997573853,0.89753758907318115,0.89229488372802734
92.156860986788359,0.88224685192108154,0.88845628499984741,0.89817702770233154,0.89263498783111572
92.196876192704565,0.88222754001617432,0.88949453830718994,0.89894771575927734,0.89384269714355469
92.23689139862077,0.88220828771591187,0.88961440324783325,0.89873319864273071,0.89429128170013428
92.276913502521111,0.88218897581100464,0.88853365182876587,0.89996808767318726,0.89435911178588867
92.316928708437317,0.88216966390609741,0.88745373487472534,0.90120309591293335,0.8934638500213623
92.356943914353522,0.88215041160583496,0.88639718294143677,0.90243798494338989,0.8923833966255188
92.396959120269727,0.88213109970092773,0.88545143604278564,0.90367275476455688,0.891307532787323
92.436974326185947,0.88211178779602051,0.88451278209686279,0.90490108728408813,0.89022696018218994
92.476989532102152,0.88209247589111328,0.88426345586776733,0.90538853406906128,0.89005863666534424
92.517004738018358,0.88207322359085083,0.88549834489822388,0.90658122301101685,0.89068305492401123
92.557019943934563,0.8820539116859436,0.88673311471939087,0.90781623125076294,0.891917884349823
92.597042047834904,0.88203459978103638,0.88796836137771606,0.90905129909515381,0.89315295219421387
92.637057253751109,0.88201528787612915,0.88920313119888306,0.91028612852096558,0.89438796043395996
92.677072459667315,0.8819960355758667,0.8904380202293396,0.91152113676071167,0.89562267065048218
92.71708766558352,0.88197672367095947,0.89167249202728271,0.91261345148086548,0.8968576192855835
92.757102871499725,0.88195741176605225,0.89201420545578003,0.91384100914001465,0.89672839641571045
92.797118077415945,0.88193809986114502,0.89130145311355591,0.91417765617370605,0.89595091342926025
92.83713328333215,0.88191884756088257,0.89067000150680542,0.91311252117156982,0.89496201276779175
92.877148489248356,0.88189953565597534,0.89078301191329956,0.91203296184539795,0.89425551891326904
92.917163695164561,0.88188022375106812,0.8908727765083313,0.91095304489135742,0.89387255907058716
92.957185799064902,0.88186097145080566,0.89079999923706055,0.90987324714660645,0.8932916522026062
92.997201004981108,0.88184165954589844,0.89065730571746826,0.90879398584365845,0.8927268385887146
93.037216210897313,0.88182234764099121,0.89069157838821411,0.9077146053314209,0.89229035377502441
93.077231416813518,0.88180303573608398,0.89067119359970093,0.90664029121398926,0.89180839061737061
93.117246622729724,0.88178378343582153,0.89071404933929443,0.90556585788726807,0.89154338836669922
93.157261828645929,0.88176447153091431,0.89074885845184326,0.90448999404907227,0.89141237735748291
93.197277034562148,0.88174515962600708,0.89059352874755859,0.90341395139694214,0.89101582765579224
93.237292240478354,0.88172584772109985,0.89038419723510742,0.90233898162841797,0.89062118530273438
93.277314344378681,0.8817065954208374,0.89052146673202515,0.9012676477432251,0.89028847217559814
93.317329550294886,0.88168728351593018,0.89039444923400879,0.90019321441650391,0.88996720314025879
93.357344756211106,0.88166797161102295,0.89049971103668213,0.89912015199661255,0.88996964693069458
93.397359962127311,0.88164865970611572,0.89048904180526733,0.89804810285568237,0.88992524147033691
93.437375168043516,0.88162940740585327,0.89033019542694092,0.8969801664352417,0.88960111141204834
93.477390373959722,0.88161009550094604,0.89023804664611816,0.89593058824539185,0.88930922746658325
93.517405579875927,0.88159078359603882,0.8904041051864624,0.89492189884185791,0.88910555839538574
93.557420785792132,0.88157153129577637,0.89044618606567383,0.89389979839324951,0.88902807235717773
93.597435991708352,0.88155221939086914,0.89065861701965332,0.89287251234054565,0.88910675048828125
93.637458095608679,0.88153290748596191,0.8905453085899353,0.89182174205780029,0.88909286260604858
93.677473301524884,0.88151359558105469,0.89039522409439087,0.89079701900482178,0.88886582851409912
93.717488507441104,0.88149434328079224,0.89030247926712036,0.88978797197341919,0.88860726356506348
93.757503713357309,0.88147503137588501,0.89028251171112061,0.88889861106872559,0.88843154907226563
93.797518919273514,0.88145571947097778,0.89024406671524048,0.88795089721679688,0.88847923278808594
93.83753412518972,0.88143640756607056,0.8903268575668335,0.88701742887496948,0.88858485221862793
93.877549331105925,0.88141715526580811,0.89021563529968262,0.88609737157821655,0.88854348659515381
93.91756453702213,0.88140910863876343,0.89062803983688354,0.88602817058563232,0.88915860652923584
93.95757974293835,0.88135582208633423,0.89053982496261597,0.8850555419921875,0.88939768075942993
93.997601846838677,0.88129281997680664,0.89053261280059814,0.88412362337112427,0.88963854312896729
94.037617052754882,0.88122981786727905,0.89037472009658813,0.88323485851287842,0.88951802253723145
94.077632258671088,0.88116681575775146,0.89018923044204712,0.8824346661567688,0.88931357860565186
94.117647464587307,0.88110381364822388,0.89028406143188477,0.88180959224700928,0.88915830850601196
94.157662670503512,0.88104081153869629,0.89027869701385498,0.88112157583236694,0.88913273811340332
94.197677876419718,0.8809778094291687,0.89041638374328613,0.88048100471496582,0.88921105861663818
94.237693082335923,0.88091480731964111,0.89042031764984131,0.87984365224838257,0.88925260305404663
94.277708288252128,0.88085180521011353,0.89025139808654785,0.87927037477493286,0.88904047012329102
94.31773039215247,0.88078880310058594,0.89012253284454346,0.8787311315536499,0.88882720470428467
94.357745598068675,0.88072580099105835,0.8901677131652832,0.8783872127532959,0.88868004083633423
94.39776080398488,0.88066279888153076,0.89006412029266357,0.8781396746635437,0.88879090547561646
94.437776009901086,0.88059985637664795,0.89020395278930664,0.87787967920303345,0.88893318176269531
94.477791215817305,0.88053685426712036,0.89024269580841064,0.87753450870513916,0.88894122838973999
94.517806421733511,0.88047385215759277,0.89001893997192383,0.87724566459655762,0.88877224922180176
94.557821627649716,0.88041085004806519,0.88994753360748291,0.87710380554199219,0.88862305879592896
94.597836833565921,0.8803478479385376,0.89000117778778076,0.87708789110183716,0.88862735033035278
94.637852039482127,0.88028484582901001,0.89001262187957764,0.87697416543960571,0.88880836963653564
94.677874143382468,0.88022184371948242,0.89009582996368408,0.87680536508560181,0.88901686668395996
94.717889349298673,0.88015884160995483,0.88994348049163818,0.87659555673599243,0.88898909091949463
94.757904555214878,0.88009583950042725,0.8897365927696228,0.87633168697357178,0.88885527849197388
94.797919761131084,0.88003283739089966,0.88976716995239258,0.87610560655593872,0.88860988616943359
94.837934967047289,0.87996983528137207,0.88971561193466187,0.87631642818450928,0.88849782943725586
94.877950172963509,0.87990683317184448,0.88976538181304932,0.87645328044891357,0.88858747482299805
94.917965378879714,0.87984383106231689,0.8897213339805603,0.87634837627410889,0.88866376876831055
94.957980584795919,0.87978082895278931,0.88953316211700439,0.8760836124420166,0.88847261667251587
94.997995790712125,0.87971782684326172,0.88929736614227295,0.87581491470336914,0.88823843002319336
95.038017894612466,0.87970131635665894,0.89002430438995361,0.87642443180084229,0.88911443948745728
95.078033100528671,0.87963539361953735,0.88992971181869507,0.87613445520401001,0.8892328143119812
95.118048306444877,0.87956947088241577,0.88968068361282349,0.87582153081893921,0.88906782865524292
95.158063512361082,0.87950354814529419,0.8895142674446106,0.87556701898574829,0.88881921768188477
95.198078718277287,0.87943762540817261,0.88951456546783447,0.87551426887512207,0.88862705230712891
95.238093924193507,0.87937164306640625,0.88950306177139282,0.87548148632049561,0.88865333795547485
95.278109130109712,0.87930572032928467,0.88955092430114746,0.87559139728546143,0.88873475790023804
95.318124336025917,0.87923979759216309,0.88942348957061768,0.87546777725219727,0.8887782096862793
95.358146439926244,0.8791738748550415,0.88922470808029175,0.87534052133560181,0.88862252235412598
95.398161645842464,0.87910795211791992,0.889060378074646,0.87514907121658325,0.8884347677230835
95.438176851758669,0.87904202938079834,0.88904738426208496,0.87525051832199097,0.88831740617752075
95.478192057674875,0.87897610664367676,0.88894689083099365,0.87538141012191772,0.88846182823181152
95.51820726359108,0.87891018390655518,0.88904482126235962,0.87539851665496826,0.88862216472625732
95.558222469507285,0.87884426116943359,0.88890409469604492,0.87521129846572876,0.88860166072845459
95.598237675423491,0.87877833843231201,0.88869720697402954,0.87499797344207764,0.88842040300369263
95.63825288133971,0.87871235609054565,0.88866746425628662,0.87486767768859863,0.88826751708984375
95.678268087255915,0.87864643335342407,0.88866513967514038,0.87503892183303833,0.88832670450210571
95.718290191156242,0.87858051061630249,0.88867205381393433,0.87523877620697021,0.88856089115142822
95.758305397072448,0.87851458787918091,0.88880908489227295,0.87531614303588867,0.88878917694091797
95.798320602988667,0.87844866514205933,0.88866686820983887,0.87516170740127563,0.88875174522399902
95.838335808904873,0.87838274240493774,0.88845545053482056,0.874958336353302,0.88863271474838257
95.878351014821078,0.87831681966781616,0.88851410150527954,0.87492316961288452,0.88851732015609741
95.918366220737283,0.87825089693069458,0.88839787244796753,0.87505203485488892,0.88859200477600098
95.958381426653489,0.878184974193573,0.88845527172088623,0.8752095103263855,0.88870102167129517
95.998396632569708,0.87811905145645142,0.88843327760696411,0.875130295753479,0.88878029584884644
96.038418736470035,0.87805306911468506,0.88829505443572998,0.87495112419128418,0.88853734731674194
96.078433942386241,0.87798714637756348,0.88812613487243652,0.87476515769958496,0.8882831335067749
96.118449148302446,0.87792122364044189,0.88833826780319214,0.87490713596343994,0.88822066783905029
96.158464354218665,0.8779035210609436,0.88883394002914429,0.87536942958831787,0.88912075757980347
96.198479560134871,0.87783533334732056,0.88871264457702637,0.87509632110595703,0.88891232013702393
96.238494766051076,0.87776714563369751,0.88848066329956055,0.87490767240524292,0.88873261213302612
96.278509971967281,0.87769901752471924,0.88844144344329834,0.87497282028198242,0.88854318857192993
96.318525177883487,0.87763082981109619,0.88827657699584961,0.87510746717453003,0.88860833644866943
96.358540383799692,0.87756264209747314,0.88835316896438599,0.87521255016326904,0.88873285055160522
96.398562487700033,0.8774944543838501,0.88823318481445313,0.87503916025161743,0.88870912790298462
96.438577693616239,0.87742632627487183,0.88802313804626465,0.87484455108642578,0.88849771022796631
96.478592899532444,0.87735813856124878,0.88795387744903564,0.87469857931137085,0.88831013441085815
96.518608105448649,0.87728995084762573,0.88796728849411011,0.87484878301620483,0.88821429014205933
96.558623311364869,0.87722176313400269,0.88798916339874268,0.87502086162567139,0.88834714889526367
96.598638517281074,0.87715363502502441,0.88807690143585205,0.87500250339508057,0.88848763704299927
96.63865372319728,0.87708544731140137,0.88800579309463501,0.874825119972229,0.88841259479522705
96.678668929113485,0.87701725959777832,0.88777422904968262,0.87463068962097168,0.8882405161857605
96.71868413502969,0.87694913148880005,0.88781487941741943,0.87456721067428589,0.88808751106262207
96.758706238930031,0.876880943775177,0.88772767782211304,0.87470912933349609,0.88816821575164795
96.798721444846237,0.87681275606155396,0.88773882389068604,0.87488794326782227,0.88839197158813477
96.838736650762442,0.87674456834793091,0.88780051469802856,0.874836266040802,0.88861274719238281
96.878751856678647,0.87667644023895264,0.88767671585083008,0.87471902370452881,0.8885686993598938
96.918767062594867,0.87660825252532959,0.88749581575393677,0.87454283237457275,0.8884614109992981
96.958782268511072,0.87654006481170654,0.88757377862930298,0.87453019618988037,0.88836830854415894
96.998797474427278,0.87647193670272827,0.88741791248321533,0.87468928098678589,0.88844877481460571
97.038812680343483,0.87640374898910522,0.88753998279571533,0.8748633861541748,0.88854414224624634
97.078834784243824,0.87633556127548218,0.88757568597793579,0.87474864721298218,0.88861328363418579
97.11884999016003,0.87626737356185913,0.88742911815643311,0.87457197904586792,0.88835781812667847
97.158865196076235,0.87619918584823608,0.88728499412536621,0.87439954280853271,0.88811516761779785
97.19888040199244,0.87613105773925781,0.88735312223434448,0.87448358535766602,0.88790935277938843
97.238895607908646,0.8760678768157959,0.88767683506011963,0.87476867437362671,0.88819712400436401
97.278910813824851,0.87604665756225586,0.88791042566299438,0.87489259243011475,0.88871228694915771
97.31892601974107,0.8759835958480835,0.8878244161605835,0.8746567964553833,0.88855451345443726
97.358941225657276,0.87592053413391113,0.88775581121444702,0.87482637166976929,0.88845193386077881
97.398956431573481,0.87585747241973877,0.8875700831413269,0.87505686283111572,0.88857603073120117
97.438978535473808,0.87579435110092163,0.88765352964401245,0.87518888711929321,0.88869202136993408
97.478993741390028,0.87573128938674927,0.8875308632850647,0.87507069110870361,0.88859975337982178
97.519008947306233,0.8756682276725769,0.88732457160949707,0.87492275238037109,0.88839882612228394
97.559024153222438,0.87560516595840454,0.88724362850189209,0.87486332654953003,0.88820457458496094
97.599039359138644,0.87554210424423218,0.88717323541641235,0.87502443790435791,0.88811510801315308
97.639054565054849,0.87547898292541504,0.88715171813964844,0.87519526481628418,0.88826733827590942
97.679069770971068,0.87541592121124268,0.88727593421936035,0.87515729665756226,0.88838529586791992
97.719084976887274,0.87535285949707031,0.88714081048965454,0.87502241134643555,0.88826680183410645
97.759107080787601,0.87528979778289795,0.8869316577911377,0.87485593557357788,0.88809466361999512
97.799122286703806,0.87522673606872559,0.88697594404220581,0.87484729290008545,0.88792681694030762
97.839137492620026,0.87516361474990845,0.8868294358253479,0.87499618530273438,0.88804149627685547
97.879152698536231,0.87510055303573608,0.88690662384033203,0.87518078088760376,0.88826340436935425
97.919167904452436,0.87503749132156372,0.88697797060012817,0.87513625621795654,0.88848370313644409
97.959183110368642,0.87497442960739136,0.88686400651931763,0.87501740455627441,0.88837045431137085
97.999198316284847,0.87491136789321899,0.88669276237487793,0.8748929500579834,0.88827157020568848
98.039213522201052,0.87484830617904663,0.88685470819473267,0.87502789497375488,0.88824737071990967
98.079228728117272,0.87478518486022949,0.88679832220077515,0.87525802850723267,0.88847529888153076
98.119250832017599,0.87472212314605713,0.88692271709442139,0.87552177906036377,0.88866662979125977
98.159266037933804,0.87465906143188477,0.88693898916244507,0.87543183565139771,0.88867485523223877
98.19928124385001,0.8745959997177124,0.8867647647857666,0.8752971887588501,0.88840663433074951
98.239296449766229,0.87453293800354004,0.88662511110305786,0.8751404881477356,0.88813412189483643
98.279311655682434,0.87446987628936768,0.88668107986450195,0.87527084350585938,0.88789427280426025
98.31932686159864,0.87440675497055054,0.88660550117492676,0.8754279613494873,0.88789910078048706
98.359342067514845,0.87435853481292725,0.88715469837188721,0.87572848796844482,0.88830399513244629
98.39935727343105,0.87435853481292725,0.88702106475830078,0.87598425149917603,0.88859021663665771
98.43937247934727,0.87435853481292725,0.88804376125335693,0.87693226337432861,0.88971996307373047
98.479394583247597,0.87435853481292725,0.88923853635787964,0.87816727161407471,0.89095509052276611
98.519409789163802,0.87435853481292725,0.88852560520172119,0.87940216064453125,0.89140170812606812
98.559424995080008,0.87435853481292725,0.88776201009750366,0.88063716888427734,0.89188218116760254
98.599440200996227,0.87435853481292725,0.88748753070831299,0.88187152147293091,0.89207357168197632
98.639455406912433,0.87435853481292725,0.88674426078796387,0.88310444355010986,0.89196372032165527
98.679470612828638,0.87435853481292725,0.88685256242752075,0.88433897495269775,0.89109653234481812
98.719485818744843,0.87435853481292725,0.88618594408035278,0.8855549693107605,0.89176279306411743
98.759501024661049,0.87435853481292725,0.88572144508361816,0.88678973913192749,0.89068222045898438
98.79952312856139,0.87435853481292725,0.88480114936828613,0.88802498579025269,0.88960146903991699
98.839538334477595,0.87435853481292725,0.88396543264389038,0.88925975561141968,0.88852137327194214
98.8795535403938,0.87435853481292725,0.88321536779403687,0.89049381017684937,0.88772159814834595
98.919568746310006,0.87435853481292725,0.88298803567886353,0.89169347286224365,0.88772845268249512
98.959583952226211,0.87435853481292725,0.88387376070022583,0.89262717962265015,0.88837748765945435
98.999599158142431,0.87435853481292725,0.88510692119598389,0.89386200904846191,0.88959312438964844
99.039614364058636,0.87435853481292725,0.88555854558944702,0.894706130027771,0.89022886753082275
99.079629569974841,0.87435853481292725,0.88634055852890015,0.89594101905822754,0.89083349704742432
99.119644775891047,0.87435853481292725,0.88530832529067993,0.89717060327529907,0.89060759544372559
99.159666879791388,0.87435853481292725,0.88444530963897705,0.89818042516708374,0.88967263698577881
99.199682085707593,0.87435853481292725,0.88341045379638672,0.89892637729644775,0.8885921835899353
99.239697291623798,0.87435853481292725,0.88318097591400146,0.89970922470092773,0.88751161098480225
99.279712497540004,0.87435853481292725,0.8837847113609314,0.90041905641555786,0.88792914152145386
99.319727703456209,0.87435853481292725,0.88471412658691406,0.90116190910339355,0.88876008987426758
99.359742909372429,0.87435853481292725,0.8859485387802124,0.90239667892456055,0.88999378681182861
99.399758115288634,0.87435853481292725,0.88700157403945923,0.90285795927047729,0.89037954807281494
99.439773321204839,0.87435853481292725,0.88664579391479492,0.9040907621383667,0.89115321636199951
99.479788527121045,0.87435853481292725,0.88580566644668579,0.90468400716781616,0.89051985740661621
99.519810631021386,0.87435853481292725,0.88493353128433228,0.90591907501220703,0.88943910598754883
99.559825836937591,0.87435853481292725,0.88433361053466797,0.9071539044380188,0.88835853338241577
99.599841042853797,0.87435853481292725,0.88409924507141113,0.90838891267776489,0.88727807998657227
99.639856248770002,0.87435853481292725,0.88310801982879639,0.90962368249893188,0.8862273097038269
99.679871454686207,0.87435853481292725,0.88367724418640137,0.91051208972930908,0.88670623302459717
99.719886660602413,0.87435853481292725,0.88465726375579834,0.91174709796905518,0.88794076442718506
99.759901866518632,0.87435853481292725,0.8854447603225708,0.91298198699951172,0.88917571306228638
99.799917072434837,0.87435853481292725,0.88583838939666748,0.91421675682067871,0.89041042327880859
99.839939176335164,0.87435853481292725,0.88629156351089478,0.91545200347900391,0.89164566993713379
99.87995438225137,0.87435853481292725,0.88752651214599609,0.9166867733001709,0.89288049936294556
99.919969588167589,0.87435853481292725,0.88817530870437622,0.91792166233062744,0.89411532878875732
99.959984794083795,0.87435853481292725,0.88756805658340454,0.91915667057037354,0.89440840482711792
100,0.87435853481292725,0.8870733380317688,0.92039036750793457,0.89368945360183716
