task,w_accuracy,w_flash,w_ram,w_energy,U_Base,U_Pruned,U_Quantized,winner
SOC,0.0,0.0,0.0,1.0,1.0,0.5712877549940155,4.986450597014913,Pruned
SOC,0.0,0.0,0.05,0.95,1.0,0.583571227783142,4.777342013281441,Pruned
SOC,0.0,0.0,0.1,0.9,1.0,0.5958547005722685,4.56823342954797,Pruned
SOC,0.0,0.0,0.15,0.85,1.0,0.6081381733613949,4.359124845814498,Pruned
SOC,0.0,0.0,0.2,0.8,1.0,0.6204216461505214,4.150016262081027,Pruned
SOC,0.0,0.0,0.25,0.75,1.0,0.6327051189396479,3.9409076783475556,Pruned
SOC,0.0,0.0,0.3,0.7,1.0,0.6449885917287743,3.7317990946140833,Pruned
SOC,0.0,0.0,0.35,0.65,1.0,0.6572720645179009,3.5226905108806124,Pruned
SOC,0.0,0.0,0.4,0.6,1.0,0.6695555373070274,3.313581927147141,Pruned
SOC,0.0,0.0,0.45,0.55,1.0,0.6818390100961539,3.1044733434136695,Pruned
SOC,0.0,0.0,0.5,0.5,1.0,0.6941224828852803,2.895364759680198,Pruned
SOC,0.0,0.0,0.55,0.45,1.0,0.7064059556744069,2.6862561759467263,Pruned
SOC,0.0,0.0,0.6,0.4,1.0,0.7186894284635332,2.4771475922132553,Pruned
SOC,0.0,0.0,0.65,0.35,1.0,0.7309729012526598,2.2680390084797835,Pruned
SOC,0.0,0.0,0.7,0.3,1.0,0.7432563740417862,2.058930424746312,Pruned
SOC,0.0,0.0,0.75,0.25,1.0,0.7555398468309128,1.8498218410128406,Pruned
SOC,0.0,0.0,0.8,0.2,1.0,0.7678233196200392,1.6407132572793692,Pruned
SOC,0.0,0.0,0.85,0.15,1.0,0.7801067924091657,1.4316046735458978,Pruned
SOC,0.0,0.0,0.9,0.1,1.0,0.7923902651982921,1.2224960898124264,Pruned
SOC,0.0,0.0,0.95,0.05,1.0,0.8046737379874187,1.0133875060789548,Pruned
SOC,0.0,0.0,1.0,0.0,1.0,0.8169572107765452,0.8042789223454834,Quantized
SOC,0.0,0.05,0.0,0.95,1.0,0.5741379315276682,4.762292401929692,Pruned
SOC,0.0,0.05,0.05,0.9,1.0,0.5864214043167948,4.55318381819622,Pruned
SOC,0.0,0.05,0.1,0.85,1.0,0.5987048771059212,4.344075234462748,Pruned
SOC,0.0,0.05,0.15,0.8,1.0,0.6109883498950477,4.134966650729278,Pruned
SOC,0.0,0.05,0.2,0.75,1.0,0.6232718226841742,3.925858066995806,Pruned
SOC,0.0,0.05,0.25,0.7,1.0,0.6355552954733007,3.716749483262334,Pruned
SOC,0.0,0.05,0.3,0.65,1.0,0.6478387682624271,3.507640899528863,Pruned
SOC,0.0,0.05,0.35,0.6,1.0,0.6601222410515537,3.2985323157953914,Pruned
SOC,0.0,0.05,0.4,0.55,1.0,0.6724057138406803,3.08942373206192,Pruned
SOC,0.0,0.05,0.45,0.5,1.0,0.6846891866298066,2.8803151483284486,Pruned
SOC,0.0,0.05,0.5,0.45,1.0,0.6969726594189332,2.6712065645949767,Pruned
SOC,0.0,0.05,0.55,0.4,1.0,0.7092561322080596,2.4620979808615058,Pruned
SOC,0.0,0.05,0.6,0.35,1.0,0.7215396049971861,2.252989397128034,Pruned
SOC,0.0,0.05,0.65,0.3,1.0,0.7338230777863125,2.0438808133945625,Pruned
SOC,0.0,0.05,0.7,0.25,1.0,0.7461065505754391,1.834772229661091,Pruned
SOC,0.0,0.05,0.75,0.2,1.0,0.7583900233645655,1.6256636459276197,Pruned
SOC,0.0,0.05,0.8,0.15,1.0,0.7706734961536921,1.4165550621941483,Pruned
SOC,0.0,0.05,0.85,0.1,1.0,0.7829569689428184,1.2074464784606769,Pruned
SOC,0.0,0.05,0.9,0.05,1.0,0.795240441731945,0.9983378947272054,Pruned
SOC,0.0,0.05,0.95,0.0,1.0,0.8075239145210714,0.7892293109937337,Quantized
SOC,0.0,0.1,0.0,0.9,1.0,0.5769881080613211,4.53813420684447,Pruned
SOC,0.0,0.1,0.05,0.85,1.0,0.5892715808504475,4.329025623110999,Pruned
SOC,0.0,0.1,0.1,0.8,1.0,0.601555053639574,4.119917039377528,Pruned
SOC,0.0,0.1,0.15,0.75,1.0,0.6138385264287005,3.9108084556440565,Pruned
SOC,0.0,0.1,0.2,0.7,1.0,0.626121999217827,3.7016998719105842,Pruned
SOC,0.0,0.1,0.25,0.65,1.0,0.6384054720069534,3.4925912881771133,Pruned
SOC,0.0,0.1,0.3,0.6,1.0,0.65068894479608,3.2834827044436414,Pruned
SOC,0.0,0.1,0.35,0.55,1.0,0.6629724175852065,3.0743741207101705,Pruned
SOC,0.0,0.1,0.4,0.5,1.0,0.6752558903743329,2.865265536976699,Pruned
SOC,0.0,0.1,0.45,0.45,1.0,0.6875393631634594,2.656156953243227,Pruned
SOC,0.0,0.1,0.5,0.4,1.0,0.6998228359525859,2.4470483695097562,Pruned
SOC,0.0,0.1,0.55,0.35,1.0,0.7121063087417123,2.2379397857762844,Pruned
SOC,0.0,0.1,0.6,0.3,1.0,0.7243897815308388,2.028831202042813,Pruned
SOC,0.0,0.1,0.65,0.25,1.0,0.7366732543199653,1.8197226183093416,Pruned
SOC,0.0,0.1,0.7,0.2,1.0,0.7489567271090918,1.6106140345758702,Pruned
SOC,0.0,0.1,0.75,0.15,1.0,0.7612401998982183,1.4015054508423985,Pruned
SOC,0.0,0.1,0.8,0.1,1.0,0.7735236726873448,1.1923968671089273,Pruned
SOC,0.0,0.1,0.85,0.05,1.0,0.7858071454764712,0.9832882833754557,Pruned
SOC,0.0,0.1,0.9,0.0,1.0,0.7980906182655977,0.7741796996419843,Quantized
SOC,0.0,0.15,0.0,0.85,1.0,0.5798382845949738,4.313976011759249,Pruned
SOC,0.0,0.15,0.05,0.8,1.0,0.5921217573841002,4.104867428025779,Pruned
SOC,0.0,0.15,0.1,0.75,1.0,0.6044052301732268,3.895758844292307,Pruned
SOC,0.0,0.15,0.15,0.7,1.0,0.6166887029623531,3.6866502605588347,Pruned
SOC,0.0,0.15,0.2,0.65,1.0,0.6289721757514797,3.4775416768253637,Pruned
SOC,0.0,0.15,0.25,0.6,1.0,0.6412556485406062,3.268433093091892,Pruned
SOC,0.0,0.15,0.3,0.55,1.0,0.6535391213297327,3.059324509358421,Pruned
SOC,0.0,0.15,0.35,0.5,1.0,0.6658225941188591,2.850215925624949,Pruned
SOC,0.0,0.15,0.4,0.45,1.0,0.6781060669079857,2.6411073418914777,Pruned
SOC,0.0,0.15,0.45,0.4,1.0,0.690389539697112,2.4319987581580067,Pruned
SOC,0.0,0.15,0.5,0.35,1.0,0.7026730124862386,2.222890174424535,Pruned
SOC,0.0,0.15,0.55,0.3,1.0,0.714956485275365,2.0137815906910634,Pruned
SOC,0.0,0.15,0.6,0.25,1.0,0.7272399580644916,1.804673006957592,Pruned
SOC,0.0,0.15,0.65,0.2,1.0,0.739523430853618,1.5955644232241206,Pruned
SOC,0.0,0.15,0.7,0.15,1.0,0.7518069036427446,1.386455839490649,Pruned
SOC,0.0,0.15,0.75,0.1,1.0,0.764090376431871,1.1773472557571776,Pruned
SOC,0.0,0.15,0.8,0.05,1.0,0.7763738492209976,0.9682386720237062,Pruned
SOC,0.0,0.15,0.85,0.0,1.0,0.788657322010124,0.7591300882902347,Quantized
SOC,0.0,0.2,0.0,0.8,1.0,0.5826884611286266,4.089817816674029,Pruned
SOC,0.0,0.2,0.05,0.75,1.0,0.594971933917753,3.880709232940557,Pruned
SOC,0.0,0.2,0.1,0.7,1.0,0.6072554067068795,3.671600649207085,Pruned
SOC,0.0,0.2,0.15,0.65,1.0,0.6195388794960061,3.462492065473614,Pruned
SOC,0.0,0.2,0.2,0.6,1.0,0.6318223522851325,3.2533834817401424,Pruned
SOC,0.0,0.2,0.25,0.55,1.0,0.6441058250742591,3.0442748980066714,Pruned
SOC,0.0,0.2,0.3,0.5,1.0,0.6563892978633854,2.8351663142731995,Pruned
SOC,0.0,0.2,0.35,0.45,1.0,0.668672770652512,2.626057730539728,Pruned
SOC,0.0,0.2,0.4,0.4,1.0,0.6809562434416385,2.4169491468062567,Pruned
SOC,0.0,0.2,0.45,0.35,1.0,0.6932397162307649,2.2078405630727853,Pruned
SOC,0.0,0.2,0.5,0.3,1.0,0.7055231890198913,1.998731979339314,Pruned
SOC,0.0,0.2,0.55,0.25,1.0,0.7178066618090179,1.7896233956058425,Pruned
SOC,0.0,0.2,0.6,0.2,1.0,0.7300901345981443,1.580514811872371,Pruned
SOC,0.0,0.2,0.65,0.15,1.0,0.7423736073872709,1.3714062281388995,Pruned
SOC,0.0,0.2,0.7,0.1,0.9999999999999999,0.7546570801763973,1.162297644405428,Pruned
SOC,0.0,0.2,0.75,0.05,1.0,0.7669405529655239,0.9531890606719565,Pruned
SOC,0.0,0.2,0.8,0.0,1.0,0.7792240257546503,0.7440804769384851,Quantized
SOC,0.0,0.25,0.0,0.75,1.0,0.5855386376622793,3.8656596215888075,Pruned
SOC,0.0,0.25,0.05,0.7,1.0,0.5978221104514058,3.6565510378553356,Pruned
SOC,0.0,0.25,0.1,0.65,1.0,0.6101055832405323,3.4474424541218642,Pruned
SOC,0.0,0.25,0.15,0.6,1.0,0.6223890560296588,3.238333870388393,Pruned
SOC,0.0,0.25,0.2,0.55,1.0,0.6346725288187853,3.029225286654922,Pruned
SOC,0.0,0.25,0.25,0.5,1.0,0.6469560016079117,2.82011670292145,Pruned
SOC,0.0,0.25,0.3,0.45,1.0,0.6592394743970382,2.6110081191879786,Pruned
SOC,0.0,0.25,0.35,0.4,1.0,0.6715229471861647,2.401899535454507,Pruned
SOC,0.0,0.25,0.4,0.35,1.0,0.6838064199752911,2.1927909517210358,Pruned
SOC,0.0,0.25,0.45,0.3,1.0,0.6960898927644176,1.9836823679875641,Pruned
SOC,0.0,0.25,0.5,0.25,1.0,0.7083733655535441,1.7745737842540927,Pruned
SOC,0.0,0.25,0.55,0.2,1.0,0.7206568383426706,1.5654652005206215,Pruned
SOC,0.0,0.25,0.6,0.15,1.0,0.732940311131797,1.3563566167871497,Pruned
SOC,0.0,0.25,0.65,0.1,1.0,0.7452237839209236,1.1472480330536785,Pruned
SOC,0.0,0.25,0.7,0.05,1.0,0.75750725671005,0.938139449320207,Pruned
SOC,0.0,0.25,0.75,0.0,1.0,0.7697907294991766,0.7290308655867355,Quantized
SOC,0.0,0.3,0.0,0.7,1.0,0.588388814195932,3.641501426503586,Pruned
SOC,0.0,0.3,0.05,0.65,1.0,0.6006722869850585,3.4323928427701147,Pruned
SOC,0.0,0.3,0.1,0.6,1.0,0.612955759774185,3.2232842590366433,Pruned
SOC,0.0,0.3,0.15,0.55,1.0,0.6252392325633116,3.0141756753031723,Pruned
SOC,0.0,0.3,0.2,0.5,1.0,0.6375227053524379,2.8050670915697005,Pruned
SOC,0.0,0.3,0.25,0.45,1.0,0.6498061781415645,2.595958507836229,Pruned
SOC,0.0,0.3,0.3,0.4,1.0,0.6620896509306908,2.3868499241027576,Pruned
SOC,0.0,0.3,0.35,0.35,0.9999999999999999,0.6743731237198174,2.177741340369286,Pruned
SOC,0.0,0.3,0.4,0.3,1.0,0.6866565965089438,1.9686327566358146,Pruned
SOC,0.0,0.3,0.45,0.25,1.0,0.6989400692980704,1.7595241729023432,Pruned
SOC,0.0,0.3,0.5,0.2,1.0,0.7112235420871968,1.5504155891688718,Pruned
SOC,0.0,0.3,0.55,0.15,1.0,0.7235070148763234,1.3413070054354002,Pruned
SOC,0.0,0.3,0.6,0.1,0.9999999999999999,0.7357904876654497,1.1321984217019287,Pruned
SOC,0.0,0.3,0.65,0.05,1.0,0.7480739604545763,0.9230898379684573,Pruned
SOC,0.0,0.3,0.7,0.0,1.0,0.7603574332437028,0.7139812542349858,Quantized
SOC,0.0,0.35,0.0,0.65,1.0,0.5912389907295849,3.417343231418365,Pruned
SOC,0.0,0.35,0.05,0.6,1.0,0.6035224635187113,3.2082346476848937,Pruned
SOC,0.0,0.35,0.1,0.55,1.0,0.6158059363078379,2.9991260639514223,Pruned
SOC,0.0,0.35,0.15,0.5,1.0,0.6280894090969642,2.790017480217951,Pruned
SOC,0.0,0.35,0.2,0.45,1.0,0.6403728818860908,2.5809088964844795,Pruned
SOC,0.0,0.35,0.25,0.4,1.0,0.6526563546752172,2.371800312751008,Pruned
SOC,0.0,0.35,0.3,0.35,0.9999999999999999,0.6649398274643437,2.1626917290175363,Pruned
SOC,0.0,0.35,0.35,0.3,1.0,0.6772233002534701,1.9535831452840648,Pruned
SOC,0.0,0.35,0.4,0.25,1.0,0.6895067730425967,1.7444745615505937,Pruned
SOC,0.0,0.35,0.45,0.2,1.0,0.7017902458317231,1.5353659778171223,Pruned
SOC,0.0,0.35,0.5,0.15,1.0,0.7140737186208497,1.3262573940836506,Pruned
SOC,0.0,0.35,0.55,0.1,1.0,0.7263571914099761,1.1171488103501792,Pruned
SOC,0.0,0.35,0.6,0.05,1.0,0.7386406641991026,0.9080402266167078,Pruned
SOC,0.0,0.35,0.65,0.0,1.0,0.750924136988229,0.6989316428832363,Quantized
SOC,0.0,0.4,0.0,0.6,1.0,0.5940891672632376,3.193185036333144,Pruned
SOC,0.0,0.4,0.05,0.55,1.0,0.6063726400523641,2.984076452599673,Pruned
SOC,0.0,0.4,0.1,0.5,1.0,0.6186561128414905,2.7749678688662014,Pruned
SOC,0.0,0.4,0.15,0.45,1.0,0.630939585630617,2.5658592851327295,Pruned
SOC,0.0,0.4,0.2,0.4,1.0,0.6432230584197436,2.3567507013992586,Pruned
SOC,0.0,0.4,0.25,0.35,1.0,0.65550653120887,2.1476421176657867,Pruned
SOC,0.0,0.4,0.3,0.3,1.0,0.6677900039979965,1.9385335339323153,Pruned
SOC,0.0,0.4,0.35,0.25,1.0,0.680073476787123,1.729424950198844,Pruned
SOC,0.0,0.4,0.4,0.2,1.0,0.6923569495762494,1.5203163664653727,Pruned
SOC,0.0,0.4,0.45,0.15,1.0,0.7046404223653759,1.311207782731901,Pruned
SOC,0.0,0.4,0.5,0.1,1.0,0.7169238951545024,1.1020991989984297,Pruned
SOC,0.0,0.4,0.55,0.05,1.0,0.729207367943629,0.8929906152649583,Pruned
SOC,0.0,0.4,0.6,0.0,1.0,0.7414908407327554,0.6838820315314867,Quantized
SOC,0.0,0.45,0.0,0.55,1.0,0.5969393437968904,2.9690268412479233,Pruned
SOC,0.0,0.45,0.05,0.5,1.0,0.6092228165860167,2.759918257514452,Pruned
SOC,0.0,0.45,0.1,0.45,1.0,0.6215062893751433,2.5508096737809804,Pruned
SOC,0.0,0.45,0.15,0.4,1.0,0.6337897621642697,2.341701090047509,Pruned
SOC,0.0,0.45,0.2,0.35,1.0,0.6460732349533962,2.132592506314037,Pruned
SOC,0.0,0.45,0.25,0.3,1.0,0.6583567077425226,1.9234839225805658,Pruned
SOC,0.0,0.45,0.3,0.25,1.0,0.6706401805316492,1.7143753388470944,Pruned
SOC,0.0,0.45,0.35,0.2,1.0,0.6829236533207756,1.505266755113623,Pruned
SOC,0.0,0.45,0.4,0.15,1.0,0.6952071261099022,1.2961581713801515,Pruned
SOC,0.0,0.45,0.45,0.1,1.0,0.7074905988990287,1.0870495876466801,Pruned
SOC,0.0,0.45,0.5,0.05,1.0,0.7197740716881551,0.8779410039132086,Pruned
SOC,0.0,0.45,0.55,0.0,1.0,0.7320575444772817,0.6688324201797372,Quantized
SOC,0.0,0.5,0.0,0.5,1.0,0.599789520330543,2.7448686461627023,Pruned
SOC,0.0,0.5,0.05,0.45,1.0,0.6120729931196696,2.5357600624292305,Pruned
SOC,0.0,0.5,0.1,0.4,1.0,0.6243564659087961,2.3266514786957595,Pruned
SOC,0.0,0.5,0.15,0.35,1.0,0.6366399386979225,2.1175428949622876,Pruned
SOC,0.0,0.5,0.2,0.3,1.0,0.648923411487049,1.9084343112288162,Pruned
SOC,0.0,0.5,0.25,0.25,1.0,0.6612068842761755,1.6993257274953448,Pruned
SOC,0.0,0.5,0.3,0.2,1.0,0.6734903570653019,1.4902171437618734,Pruned
SOC,0.0,0.5,0.35,0.15,1.0,0.6857738298544285,1.281108560028402,Pruned
SOC,0.0,0.5,0.4,0.1,1.0,0.6980573026435549,1.0719999762949306,Pruned
SOC,0.0,0.5,0.45,0.05,1.0,0.7103407754326814,0.8628913925614591,Pruned
SOC,0.0,0.5,0.5,0.0,1.0,0.7226242482218079,0.6537828088279876,Quantized
SOC,0.0,0.55,0.0,0.45,1.0,0.6026396968641958,2.520710451077481,Pruned
SOC,0.0,0.55,0.05,0.4,1.0,0.6149231696533224,2.31160186734401,Pruned
SOC,0.0,0.55,0.1,0.35,1.0,0.6272066424424488,2.102493283610538,Pruned
SOC,0.0,0.55,0.15,0.3,1.0,0.6394901152315753,1.8933846998770667,Pruned
SOC,0.0,0.55,0.2,0.25,1.0,0.6517735880207018,1.6842761161435953,Pruned
SOC,0.0,0.55,0.25,0.2,1.0,0.6640570608098282,1.4751675324101239,Pruned
SOC,0.0,0.55,0.3,0.15,1.0,0.6763405335989547,1.2660589486766525,Pruned
SOC,0.0,0.55,0.35,0.1,1.0,0.6886240063880812,1.056950364943181,Pruned
SOC,0.0,0.55,0.4,0.05,1.0,0.7009074791772077,0.8478417812097095,Pruned
SOC,0.0,0.55,0.45,0.0,1.0,0.7131909519663342,0.638733197476238,Quantized
SOC,0.0,0.6,0.0,0.4,1.0,0.6054898733978485,2.2965522559922604,Pruned
SOC,0.0,0.6,0.05,0.35,1.0,0.617773346186975,2.0874436722587886,Pruned
SOC,0.0,0.6,0.1,0.3,1.0,0.6300568189761014,1.8783350885253172,Pruned
SOC,0.0,0.6,0.15,0.25,1.0,0.642340291765228,1.6692265047918458,Pruned
SOC,0.0,0.6,0.2,0.2,1.0,0.6546237645543544,1.4601179210583743,Pruned
SOC,0.0,0.6,0.25,0.15,1.0,0.666907237343481,1.2510093373249027,Pruned
SOC,0.0,0.6,0.3,0.1,0.9999999999999999,0.6791907101326075,1.0419007535914313,Pruned
SOC,0.0,0.6,0.35,0.05,1.0,0.6914741829217339,0.8327921698579598,Pruned
SOC,0.0,0.6,0.4,0.0,1.0,0.7037576557108605,0.6236835861244884,Quantized
SOC,0.0,0.65,0.0,0.35,1.0,0.6083400499315014,2.072394060907039,Pruned
SOC,0.0,0.65,0.05,0.3,1.0,0.6206235227206278,1.8632854771735676,Pruned
SOC,0.0,0.65,0.1,0.25,1.0,0.6329069955097544,1.6541768934400962,Pruned
SOC,0.0,0.65,0.15,0.2,1.0,0.6451904682988807,1.4450683097066248,Pruned
SOC,0.0,0.65,0.2,0.15,1.0,0.6574739410880074,1.2359597259731532,Pruned
SOC,0.0,0.65,0.25,0.1,1.0,0.6697574138771337,1.0268511422396818,Pruned
SOC,0.0,0.65,0.3,0.05,1.0,0.6820408866662603,0.8177425585062104,Pruned
SOC,0.0,0.65,0.35,0.0,1.0,0.6943243594553867,0.6086339747727388,Quantized
SOC,0.0,0.7,0.0,0.3,1.0,0.6111902264651541,1.8482358658218179,Pruned
SOC,0.0,0.7,0.05,0.25,1.0,0.6234736992542805,1.6391272820883467,Pruned
SOC,0.0,0.7,0.1,0.2,1.0,0.635757172043407,1.4300186983548753,Pruned
SOC,0.0,0.7,0.15,0.15,1.0,0.6480406448325335,1.2209101146214036,Pruned
SOC,0.0,0.7,0.2,0.1,0.9999999999999999,0.66032411762166,1.0118015308879322,Pruned
SOC,0.0,0.7,0.25,0.05,1.0,0.6726075904107865,0.8026929471544607,Pruned
SOC,0.0,0.7,0.3,0.0,1.0,0.684891063199913,0.5935843634209892,Quantized
SOC,0.0,0.75,0.0,0.25,1.0,0.6140404029988068,1.624077670736597,Pruned
SOC,0.0,0.75,0.05,0.2,1.0,0.6263238757879332,1.4149690870031257,Pruned
SOC,0.0,0.75,0.1,0.15,1.0,0.6386073485770598,1.2058605032696539,Pruned
SOC,0.0,0.75,0.15,0.1,1.0,0.6508908213661863,0.9967519195361827,Pruned
SOC,0.0,0.75,0.2,0.05,1.0,0.6631742941553128,0.7876433358027112,Pruned
SOC,0.0,0.75,0.25,0.0,1.0,0.6754577669444393,0.5785347520692397,Quantized
SOC,0.0,0.8,0.0,0.2,1.0,0.6168905795324596,1.399919475651376,Pruned
SOC,0.0,0.8,0.05,0.15,1.0,0.6291740523215862,1.1908108919179043,Pruned
SOC,0.0,0.8,0.1,0.1,1.0,0.6414575251107126,0.981702308184433,Pruned
SOC,0.0,0.8,0.15,0.05,1.0,0.6537409978998392,0.7725937244509615,Pruned
SOC,0.0,0.8,0.2,0.0,1.0,0.6660244706889655,0.5634851407174901,Quantized
SOC,0.0,0.85,0.0,0.15,1.0,0.6197407560661123,1.1757612805661548,Pruned
SOC,0.0,0.85,0.05,0.1,1.0,0.6320242288552388,0.9666526968326834,Pruned
SOC,0.0,0.85,0.1,0.05,1.0,0.6443077016443653,0.757544113099212,Pruned
SOC,0.0,0.85,0.15,0.0,1.0,0.6565911744334918,0.5484355293657405,Quantized
SOC,0.0,0.9,0.0,0.1,1.0,0.6225909325997651,0.9516030854809339,Pruned
SOC,0.0,0.9,0.05,0.05,1.0,0.6348744053888916,0.7424945017474625,Pruned
SOC,0.0,0.9,0.1,0.0,1.0,0.6471578781780181,0.5333859180139909,Quantized
SOC,0.0,0.95,0.0,0.05,1.0,0.6254411091334179,0.7274448903957128,Pruned
SOC,0.0,0.95,0.05,0.0,1.0,0.6377245819225443,0.5183363066622413,Quantized
SOC,0.0,1.0,0.0,0.0,1.0,0.6282912856670706,0.5032866953104917,Quantized
SOC,0.05,0.0,0.0,0.95,1.0,0.5862687068748014,4.7891143554860856,Pruned
SOC,0.05,0.0,0.05,0.9,1.0,0.5985521796639279,4.580005771752614,Pruned
SOC,0.05,0.0,0.1,0.85,1.0,0.6108356524530543,4.370897188019143,Pruned
SOC,0.05,0.0,0.15,0.8,1.0,0.6231191252421808,4.161788604285672,Pruned
SOC,0.05,0.0,0.2,0.75,1.0,0.6354025980313073,3.9526800205522,Pruned
SOC,0.05,0.0,0.25,0.7,1.0,0.6476860708204337,3.743571436818728,Pruned
SOC,0.05,0.0,0.3,0.65,1.0,0.6599695436095603,3.5344628530852567,Pruned
SOC,0.05,0.0,0.35,0.6,1.0,0.6722530163986868,3.3253542693517852,Pruned
SOC,0.05,0.0,0.4,0.55,1.0,0.6845364891878134,3.1162456856183143,Pruned
SOC,0.05,0.0,0.45,0.5,1.0,0.6968199619769397,2.9071371018848424,Pruned
SOC,0.05,0.0,0.5,0.45,1.0,0.7091034347660662,2.698028518151371,Pruned
SOC,0.05,0.0,0.55,0.4,1.0,0.7213869075551926,2.4889199344178996,Pruned
SOC,0.05,0.0,0.6,0.35,1.0,0.7336703803443192,2.2798113506844278,Pruned
SOC,0.05,0.0,0.65,0.3,1.0,0.7459538531334456,2.070702766950957,Pruned
SOC,0.05,0.0,0.7,0.25,1.0,0.7582373259225722,1.8615941832174852,Pruned
SOC,0.05,0.0,0.75,0.2,1.0,0.7705207987116987,1.6524855994840137,Pruned
SOC,0.05,0.0,0.8,0.15,1.0,0.7828042715008252,1.4433770157505421,Pruned
SOC,0.05,0.0,0.85,0.1,1.0,0.7950877442899515,1.2342684320170707,Pruned
SOC,0.05,0.0,0.9,0.05,1.0,0.8073712170790781,1.0251598482835993,Pruned
SOC,0.05,0.0,0.95,0.0,1.0,0.8196546898682046,0.8160512645501278,Quantized
SOC,0.05,0.05,0.0,0.9,1.0,0.5891188834084542,4.564956160400865,Pruned
SOC,0.05,0.05,0.05,0.85,1.0,0.6014023561975806,4.355847576667393,Pruned
SOC,0.05,0.05,0.1,0.8,1.0,0.6136858289867071,4.146738992933922,Pruned
SOC,0.05,0.05,0.15,0.75,1.0,0.6259693017758335,3.9376304092004504,Pruned
SOC,0.05,0.05,0.2,0.7,1.0,0.6382527745649601,3.7285218254669785,Pruned
SOC,0.05,0.05,0.25,0.65,1.0,0.6505362473540865,3.519413241733507,Pruned
SOC,0.05,0.05,0.3,0.6,1.0,0.6628197201432131,3.3103046580000357,Pruned
SOC,0.05,0.05,0.35,0.55,1.0,0.6751031929323397,3.1011960742665643,Pruned
SOC,0.05,0.05,0.4,0.5,1.0,0.687386665721466,2.892087490533093,Pruned
SOC,0.05,0.05,0.45,0.45,1.0,0.6996701385105925,2.6829789067996215,Pruned
SOC,0.05,0.05,0.5,0.4,1.0,0.7119536112997189,2.47387032306615,Pruned
SOC,0.05,0.05,0.55,0.35,1.0,0.7242370840888455,2.264761739332678,Pruned
SOC,0.05,0.05,0.6,0.3,1.0,0.7365205568779719,2.055653155599207,Pruned
SOC,0.05,0.05,0.65,0.25,1.0,0.7488040296670985,1.8465445718657356,Pruned
SOC,0.05,0.05,0.7,0.2,1.0,0.7610875024562249,1.6374359881322642,Pruned
SOC,0.05,0.05,0.75,0.15,1.0,0.7733709752453515,1.4283274043987926,Pruned
SOC,0.05,0.05,0.8,0.1,1.0,0.7856544480344779,1.2192188206653212,Pruned
SOC,0.05,0.05,0.85,0.05,1.0,0.7979379208236044,1.0101102369318498,Pruned
SOC,0.05,0.05,0.9,0.0,1.0,0.8102213936127308,0.8010016531983783,Quantized
SOC,0.05,0.1,0.0,0.85,1.0,0.5919690599421069,4.340797965315643,Pruned
SOC,0.05,0.1,0.05,0.8,1.0,0.6042525327312334,4.131689381582173,Pruned
SOC,0.05,0.1,0.1,0.75,1.0,0.6165360055203599,3.922580797848701,Pruned
SOC,0.05,0.1,0.15,0.7,1.0,0.6288194783094863,3.713472214115229,Pruned
SOC,0.05,0.1,0.2,0.65,1.0,0.6411029510986128,3.5043636303817576,Pruned
SOC,0.05,0.1,0.25,0.6,1.0,0.6533864238877394,3.295255046648286,Pruned
SOC,0.05,0.1,0.3,0.55,1.0,0.6656698966768658,3.0861464629148148,Pruned
SOC,0.05,0.1,0.35,0.5,1.0,0.6779533694659923,2.8770378791813433,Pruned
SOC,0.05,0.1,0.4,0.45,1.0,0.6902368422551188,2.6679292954478715,Pruned
SOC,0.05,0.1,0.45,0.4,1.0,0.7025203150442452,2.4588207117144005,Pruned
SOC,0.05,0.1,0.5,0.35,1.0,0.7148037878333717,2.2497121279809287,Pruned
SOC,0.05,0.1,0.55,0.3,1.0,0.7270872606224982,2.0406035442474573,Pruned
SOC,0.05,0.1,0.6,0.25,1.0,0.7393707334116247,1.8314949605139859,Pruned
SOC,0.05,0.1,0.65,0.2,1.0,0.7516542062007512,1.6223863767805147,Pruned
SOC,0.05,0.1,0.7,0.15,1.0,0.7639376789898777,1.413277793047043,Pruned
SOC,0.05,0.1,0.75,0.1,1.0,0.7762211517790042,1.2041692093135716,Pruned
SOC,0.05,0.1,0.8,0.05,1.0,0.7885046245681308,0.9950606255801001,Pruned
SOC,0.05,0.1,0.85,0.0,1.0,0.8007880973572571,0.7859520418466286,Quantized
SOC,0.05,0.15,0.0,0.8,1.0,0.5948192364757596,4.116639770230423,Pruned
SOC,0.05,0.15,0.05,0.75,1.0,0.6071027092648862,3.9075311864969513,Pruned
SOC,0.05,0.15,0.1,0.7,1.0,0.6193861820540126,3.698422602763479,Pruned
SOC,0.05,0.15,0.15,0.65,1.0,0.6316696548431391,3.489314019030008,Pruned
SOC,0.05,0.15,0.2,0.6,1.0,0.6439531276322656,3.2802054352965366,Pruned
SOC,0.05,0.15,0.25,0.55,1.0,0.6562366004213922,3.071096851563065,Pruned
SOC,0.05,0.15,0.3,0.5,1.0,0.6685200732105185,2.861988267829594,Pruned
SOC,0.05,0.15,0.35,0.45,1.0,0.6808035459996451,2.652879684096122,Pruned
SOC,0.05,0.15,0.4,0.4,1.0,0.6930870187887715,2.443771100362651,Pruned
SOC,0.05,0.15,0.45,0.35,1.0,0.705370491577898,2.234662516629179,Pruned
SOC,0.05,0.15,0.5,0.3,1.0,0.7176539643670244,2.0255539328957077,Pruned
SOC,0.05,0.15,0.55,0.25,1.0,0.729937437156151,1.8164453491622363,Pruned
SOC,0.05,0.15,0.6,0.2,1.0,0.7422209099452775,1.607336765428765,Pruned
SOC,0.05,0.15,0.65,0.15,1.0,0.7545043827344039,1.3982281816952935,Pruned
SOC,0.05,0.15,0.7,0.1,0.9999999999999999,0.7667878555235305,1.189119597961822,Pruned
SOC,0.05,0.15,0.75,0.05,1.0,0.7790713283126569,0.9800110142283505,Pruned
SOC,0.05,0.15,0.8,0.0,1.0,0.7913548011017835,0.770902430494879,Quantized
SOC,0.05,0.2,0.0,0.75,1.0,0.5976694130094125,3.8924815751452018,Pruned
SOC,0.05,0.2,0.05,0.7,1.0,0.6099528857985389,3.6833729914117295,Pruned
SOC,0.05,0.2,0.1,0.65,1.0,0.6222363585876654,3.4742644076782585,Pruned
SOC,0.05,0.2,0.15,0.6,1.0,0.6345198313767919,3.265155823944787,Pruned
SOC,0.05,0.2,0.2,0.55,1.0,0.6468033041659185,3.0560472402113157,Pruned
SOC,0.05,0.2,0.25,0.5,1.0,0.6590867769550448,2.8469386564778443,Pruned
SOC,0.05,0.2,0.3,0.45,1.0,0.6713702497441714,2.6378300727443724,Pruned
SOC,0.05,0.2,0.35,0.4,1.0,0.6836537225332978,2.4287214890109015,Pruned
SOC,0.05,0.2,0.4,0.35,1.0,0.6959371953224243,2.2196129052774296,Pruned
SOC,0.05,0.2,0.45,0.3,1.0,0.7082206681115507,2.010504321543958,Pruned
SOC,0.05,0.2,0.5,0.25,1.0,0.7205041409006773,1.8013957378104868,Pruned
SOC,0.05,0.2,0.55,0.2,1.0,0.7327876136898037,1.5922871540770154,Pruned
SOC,0.05,0.2,0.6,0.15,1.0,0.7450710864789302,1.383178570343544,Pruned
SOC,0.05,0.2,0.65,0.1,1.0,0.7573545592680567,1.1740699866100726,Pruned
SOC,0.05,0.2,0.7,0.05,1.0,0.7696380320571832,0.9649614028766009,Pruned
SOC,0.05,0.2,0.75,0.0,1.0,0.7819215048463097,0.7558528191431294,Quantized
SOC,0.05,0.25,0.0,0.7,1.0,0.6005195895430652,3.66832338005998,Pruned
SOC,0.05,0.25,0.05,0.65,1.0,0.6128030623321916,3.459214796326509,Pruned
SOC,0.05,0.25,0.1,0.6,1.0,0.6250865351213182,3.250106212593037,Pruned
SOC,0.05,0.25,0.15,0.55,1.0,0.6373700079104447,3.040997628859566,Pruned
SOC,0.05,0.25,0.2,0.5,1.0,0.6496534806995711,2.8318890451260943,Pruned
SOC,0.05,0.25,0.25,0.45,1.0,0.6619369534886976,2.622780461392623,Pruned
SOC,0.05,0.25,0.3,0.4,1.0,0.674220426277824,2.413671877659152,Pruned
SOC,0.05,0.25,0.35,0.35,0.9999999999999999,0.6865038990669505,2.20456329392568,Pruned
SOC,0.05,0.25,0.4,0.3,1.0,0.698787371856077,1.9954547101922087,Pruned
SOC,0.05,0.25,0.45,0.25,1.0,0.7110708446452035,1.7863461264587372,Pruned
SOC,0.05,0.25,0.5,0.2,1.0,0.72335431743433,1.5772375427252658,Pruned
SOC,0.05,0.25,0.55,0.15,1.0,0.7356377902234565,1.3681289589917942,Pruned
SOC,0.05,0.25,0.6,0.1,0.9999999999999999,0.7479212630125829,1.1590203752583228,Pruned
SOC,0.05,0.25,0.65,0.05,1.0,0.7602047358017094,0.9499117915248514,Pruned
SOC,0.05,0.25,0.7,0.0,1.0,0.7724882085908359,0.7408032077913799,Quantized
SOC,0.05,0.3,0.0,0.65,1.0,0.6033697660767179,3.4441651849747594,Pruned
SOC,0.05,0.3,0.05,0.6,1.0,0.6156532388658444,3.2350566012412876,Pruned
SOC,0.05,0.3,0.1,0.55,1.0,0.627936711654971,3.0259480175078166,Pruned
SOC,0.05,0.3,0.15,0.5,1.0,0.6402201844440973,2.816839433774345,Pruned
SOC,0.05,0.3,0.2,0.45,1.0,0.6525036572332239,2.6077308500408733,Pruned
SOC,0.05,0.3,0.25,0.4,1.0,0.6647871300223502,2.3986222663074024,Pruned
SOC,0.05,0.3,0.3,0.35,0.9999999999999999,0.6770706028114768,2.1895136825739305,Pruned
SOC,0.05,0.3,0.35,0.3,1.0,0.6893540756006032,1.9804050988404591,Pruned
SOC,0.05,0.3,0.4,0.25,1.0,0.7016375483897298,1.7712965151069877,Pruned
SOC,0.05,0.3,0.45,0.2,1.0,0.7139210211788563,1.5621879313735163,Pruned
SOC,0.05,0.3,0.5,0.15,1.0,0.7262044939679827,1.3530793476400447,Pruned
SOC,0.05,0.3,0.55,0.1,1.0,0.7384879667571093,1.1439707639065733,Pruned
SOC,0.05,0.3,0.6,0.05,1.0,0.7507714395462357,0.9348621801731017,Pruned
SOC,0.05,0.3,0.65,0.0,1.0,0.7630549123353622,0.7257535964396303,Quantized
SOC,0.05,0.35,0.0,0.6,1.0,0.6062199426103707,3.220006989889538,Pruned
SOC,0.05,0.35,0.05,0.55,1.0,0.6185034153994973,3.010898406156067,Pruned
SOC,0.05,0.35,0.1,0.5,1.0,0.6307868881886236,2.801789822422595,Pruned
SOC,0.05,0.35,0.15,0.45,1.0,0.6430703609777502,2.592681238689124,Pruned
SOC,0.05,0.35,0.2,0.4,1.0,0.6553538337668766,2.3835726549556524,Pruned
SOC,0.05,0.35,0.25,0.35,0.9999999999999999,0.6676373065560031,2.174464071222181,Pruned
SOC,0.05,0.35,0.3,0.3,1.0,0.6799207793451295,1.9653554874887096,Pruned
SOC,0.05,0.35,0.35,0.25,1.0,0.6922042521342561,1.7562469037552382,Pruned
SOC,0.05,0.35,0.4,0.2,1.0,0.7044877249233825,1.5471383200217668,Pruned
SOC,0.05,0.35,0.45,0.15,1.0,0.716771197712509,1.3380297362882951,Pruned
SOC,0.05,0.35,0.5,0.1,0.9999999999999999,0.7290546705016355,1.1289211525548237,Pruned
SOC,0.05,0.35,0.55,0.05,1.0,0.741338143290762,0.9198125688213522,Pruned
SOC,0.05,0.35,0.6,0.0,1.0,0.7536216160798884,0.7107039850878807,Quantized
SOC,0.05,0.4,0.0,0.55,1.0,0.6090701191440235,2.9958487948043175,Pruned
SOC,0.05,0.4,0.05,0.5,1.0,0.6213535919331499,2.7867402110708457,Pruned
SOC,0.05,0.4,0.1,0.45,1.0,0.6336370647222764,2.5776316273373743,Pruned
SOC,0.05,0.4,0.15,0.4,1.0,0.6459205375114029,2.3685230436039033,Pruned
SOC,0.05,0.4,0.2,0.35,1.0,0.6582040103005293,2.1594144598704315,Pruned
SOC,0.05,0.4,0.25,0.3,1.0,0.6704874830896558,1.9503058761369598,Pruned
SOC,0.05,0.4,0.3,0.25,1.0,0.6827709558787823,1.7411972924034886,Pruned
SOC,0.05,0.4,0.35,0.2,1.0,0.6950544286679088,1.5320887086700172,Pruned
SOC,0.05,0.4,0.4,0.15,1.0,0.7073379014570353,1.3229801249365456,Pruned
SOC,0.05,0.4,0.45,0.1,1.0,0.7196213742461618,1.1138715412030742,Pruned
SOC,0.05,0.4,0.5,0.05,1.0,0.7319048470352882,0.9047629574696027,Pruned
SOC,0.05,0.4,0.55,0.0,1.0,0.7441883198244148,0.6956543737361311,Quantized
SOC,0.05,0.45,0.0,0.5,1.0,0.6119202956776761,2.771690599719096,Pruned
SOC,0.05,0.45,0.05,0.45,1.0,0.6242037684668027,2.5625820159856247,Pruned
SOC,0.05,0.45,0.1,0.4,1.0,0.6364872412559293,2.3534734322521533,Pruned
SOC,0.05,0.45,0.15,0.35,1.0,0.6487707140450556,2.1443648485186815,Pruned
SOC,0.05,0.45,0.2,0.3,1.0,0.6610541868341822,1.9352562647852103,Pruned
SOC,0.05,0.45,0.25,0.25,1.0,0.6733376596233086,1.7261476810517389,Pruned
SOC,0.05,0.45,0.3,0.2,1.0,0.685621132412435,1.5170390973182677,Pruned
SOC,0.05,0.45,0.35,0.15,1.0,0.6979046052015616,1.3079305135847958,Pruned
SOC,0.05,0.45,0.4,0.1,1.0,0.7101880779906881,1.0988219298513247,Pruned
SOC,0.05,0.45,0.45,0.05,1.0,0.7224715507798145,0.8897133461178531,Pruned
SOC,0.05,0.45,0.5,0.0,1.0,0.7347550235689411,0.6806047623843816,Quantized
SOC,0.05,0.5,0.0,0.45,1.0,0.614770472211329,2.547532404633875,Pruned
SOC,0.05,0.5,0.05,0.4,1.0,0.6270539450004555,2.338423820900404,Pruned
SOC,0.05,0.5,0.1,0.35,1.0,0.639337417789582,2.129315237166932,Pruned
SOC,0.05,0.5,0.15,0.3,1.0,0.6516208905787084,1.9202066534334608,Pruned
SOC,0.05,0.5,0.2,0.25,1.0,0.663904363367835,1.7110980696999893,Pruned
SOC,0.05,0.5,0.25,0.2,1.0,0.6761878361569613,1.501989485966518,Pruned
SOC,0.05,0.5,0.3,0.15,1.0,0.6884713089460879,1.2928809022330463,Pruned
SOC,0.05,0.5,0.35,0.1,1.0,0.7007547817352143,1.083772318499575,Pruned
SOC,0.05,0.5,0.4,0.05,1.0,0.7130382545243409,0.8746637347661035,Pruned
SOC,0.05,0.5,0.45,0.0,1.0,0.7253217273134673,0.6655551510326321,Quantized
SOC,0.05,0.55,0.0,0.4,1.0,0.6176206487449818,2.3233742095486543,Pruned
SOC,0.05,0.55,0.05,0.35,1.0,0.6299041215341082,2.1142656258151824,Pruned
SOC,0.05,0.55,0.1,0.3,1.0,0.6421875943232347,1.905157042081711,Pruned
SOC,0.05,0.55,0.15,0.25,1.0,0.6544710671123612,1.6960484583482398,Pruned
SOC,0.05,0.55,0.2,0.2,1.0,0.6667545399014876,1.4869398746147684,Pruned
SOC,0.05,0.55,0.25,0.15,1.0,0.6790380126906141,1.2778312908812968,Pruned
SOC,0.05,0.55,0.3,0.1,1.0000000000000002,0.6913214854797406,1.0687227071478254,Pruned
SOC,0.05,0.55,0.35,0.05,1.0,0.7036049582688672,0.8596141234143538,Pruned
SOC,0.05,0.55,0.4,0.0,1.0,0.7158884310579936,0.6505055396808824,Quantized
SOC,0.05,0.6,0.0,0.35,1.0,0.6204708252786344,2.099216014463433,Pruned
SOC,0.05,0.6,0.05,0.3,1.0,0.6327542980677608,1.8901074307299615,Pruned
SOC,0.05,0.6,0.1,0.25,1.0,0.6450377708568874,1.68099884699649,Pruned
SOC,0.05,0.6,0.15,0.2,1.0,0.6573212436460139,1.4718902632630186,Pruned
SOC,0.05,0.6,0.2,0.15,1.0,0.6696047164351403,1.2627816795295472,Pruned
SOC,0.05,0.6,0.25,0.1,1.0,0.6818881892242667,1.0536730957960758,Pruned
SOC,0.05,0.6,0.3,0.05,1.0,0.6941716620133933,0.8445645120626043,Pruned
SOC,0.05,0.6,0.35,0.0,1.0,0.7064551348025198,0.6354559283291328,Quantized
SOC,0.05,0.65,0.0,0.3,1.0,0.6233210018122872,1.875057819378212,Pruned
SOC,0.05,0.65,0.05,0.25,1.0,0.6356044746014138,1.6659492356447405,Pruned
SOC,0.05,0.65,0.1,0.2,1.0,0.6478879473905402,1.456840651911269,Pruned
SOC,0.05,0.65,0.15,0.15,1.0,0.6601714201796668,1.2477320681777977,Pruned
SOC,0.05,0.65,0.2,0.1,1.0000000000000002,0.6724548929687931,1.0386234844443263,Pruned
SOC,0.05,0.65,0.25,0.05,1.0,0.6847383657579197,0.8295149007108548,Pruned
SOC,0.05,0.65,0.3,0.0,1.0,0.6970218385470461,0.6204063169773832,Quantized
SOC,0.05,0.7,0.0,0.25,1.0,0.6261711783459399,1.650899624292991,Pruned
SOC,0.05,0.7,0.05,0.2,1.0,0.6384546511350664,1.4417910405595196,Pruned
SOC,0.05,0.7,0.1,0.15,1.0,0.650738123924193,1.232682456826048,Pruned
SOC,0.05,0.7,0.15,0.1,1.0,0.6630215967133194,1.0235738730925767,Pruned
SOC,0.05,0.7,0.2,0.05,1.0,0.6753050695024458,0.8144652893591051,Pruned
SOC,0.05,0.7,0.25,0.0,1.0,0.6875885422915723,0.6053567056256337,Quantized
SOC,0.05,0.75,0.0,0.2,1.0,0.6290213548795927,1.42674142920777,Pruned
SOC,0.05,0.75,0.05,0.15,1.0,0.6413048276687192,1.2176328454742984,Pruned
SOC,0.05,0.75,0.1,0.1,1.0,0.6535883004578457,1.0085242617408272,Pruned
SOC,0.05,0.75,0.15,0.05,1.0,0.6658717732469721,0.7994156780073556,Pruned
SOC,0.05,0.75,0.2,0.0,1.0,0.6781552460360987,0.5903070942738841,Quantized
SOC,0.05,0.8,0.0,0.15,1.0,0.6318715314132456,1.2025832341225489,Pruned
SOC,0.05,0.8,0.05,0.1,1.0000000000000002,0.644155004202372,0.9934746503890775,Pruned
SOC,0.05,0.8,0.1,0.05,1.0,0.6564384769914986,0.784366066655606,Pruned
SOC,0.05,0.8,0.15,0.0,1.0,0.6687219497806249,0.5752574829221345,Quantized
SOC,0.05,0.85,0.0,0.1,1.0,0.6347217079468982,0.9784250390373279,Pruned
SOC,0.05,0.85,0.05,0.05,1.0,0.6470051807360248,0.7693164553038564,Pruned
SOC,0.05,0.85,0.1,0.0,1.0,0.6592886535251512,0.5602078715703849,Quantized
SOC,0.05,0.9,0.0,0.05,1.0,0.637571884480551,0.7542668439521069,Pruned
SOC,0.05,0.9,0.05,0.0,1.0,0.6498553572696775,0.5451582602186353,Quantized
SOC,0.05,0.95,0.0,0.0,1.0,0.6404220610142037,0.5301086488668858,Quantized
SOC,0.1,0.0,0.0,0.9,1.0,0.6012496587555873,4.591778113957258,Pruned
SOC,0.1,0.0,0.05,0.85,1.0,0.6135331315447137,4.382669530223787,Pruned
SOC,0.1,0.0,0.1,0.8,1.0,0.6258166043338402,4.173560946490316,Pruned
SOC,0.1,0.0,0.15,0.75,1.0,0.6381000771229667,3.9644523627568446,Pruned
SOC,0.1,0.0,0.2,0.7,1.0,0.6503835499120931,3.7553437790233724,Pruned
SOC,0.1,0.0,0.25,0.65,1.0,0.6626670227012197,3.5462351952899014,Pruned
SOC,0.1,0.0,0.3,0.6,1.0,0.6749504954903461,3.3371266115564295,Pruned
SOC,0.1,0.0,0.35,0.55,1.0,0.6872339682794727,3.1280180278229586,Pruned
SOC,0.1,0.0,0.4,0.5,1.0,0.6995174410685991,2.918909444089487,Pruned
SOC,0.1,0.0,0.45,0.45,1.0,0.7118009138577256,2.7098008603560153,Pruned
SOC,0.1,0.0,0.5,0.4,1.0,0.724084386646852,2.5006922766225443,Pruned
SOC,0.1,0.0,0.55,0.35,1.0,0.7363678594359786,2.2915836928890725,Pruned
SOC,0.1,0.0,0.6,0.3,1.0,0.748651332225105,2.082475109155601,Pruned
SOC,0.1,0.0,0.65,0.25,1.0,0.7609348050142315,1.8733665254221297,Pruned
SOC,0.1,0.0,0.7,0.2,1.0,0.7732182778033581,1.6642579416886583,Pruned
SOC,0.1,0.0,0.75,0.15,1.0,0.7855017505924845,1.4551493579551864,Pruned
SOC,0.1,0.0,0.8,0.1,1.0,0.7977852233816111,1.2460407742217152,Pruned
SOC,0.1,0.0,0.85,0.05,1.0,0.8100686961707375,1.0369321904882436,Pruned
SOC,0.1,0.0,0.9,0.0,1.0,0.8223521689598638,0.8278236067547723,Pruned
SOC,0.1,0.05,0.0,0.85,1.0,0.6040998352892399,4.3676199188720375,Pruned
SOC,0.1,0.05,0.05,0.8,1.0,0.6163833080783665,4.1585113351385665,Pruned
SOC,0.1,0.05,0.1,0.75,1.0,0.628666780867493,3.9494027514050947,Pruned
SOC,0.1,0.05,0.15,0.7,1.0,0.6409502536566194,3.740294167671623,Pruned
SOC,0.1,0.05,0.2,0.65,1.0,0.653233726445746,3.531185583938152,Pruned
SOC,0.1,0.05,0.25,0.6,1.0,0.6655171992348725,3.32207700020468,Pruned
SOC,0.1,0.05,0.3,0.55,1.0,0.677800672023999,3.112968416471209,Pruned
SOC,0.1,0.05,0.35,0.5,1.0,0.6900841448131254,2.903859832737737,Pruned
SOC,0.1,0.05,0.4,0.45,1.0,0.702367617602252,2.6947512490042658,Pruned
SOC,0.1,0.05,0.45,0.4,1.0,0.7146510903913783,2.4856426652707944,Pruned
SOC,0.1,0.05,0.5,0.35,1.0,0.7269345631805049,2.2765340815373225,Pruned
SOC,0.1,0.05,0.55,0.3,1.0,0.7392180359696313,2.0674254978038515,Pruned
SOC,0.1,0.05,0.6,0.25,1.0,0.7515015087587578,1.8583169140703801,Pruned
SOC,0.1,0.05,0.65,0.2,1.0,0.7637849815478843,1.6492083303369087,Pruned
SOC,0.1,0.05,0.7,0.15,1.0,0.7760684543370108,1.4400997466034369,Pruned
SOC,0.1,0.05,0.75,0.1,1.0,0.7883519271261373,1.2309911628699655,Pruned
SOC,0.1,0.05,0.8,0.05,1.0,0.8006353999152638,1.021882579136494,Pruned
SOC,0.1,0.05,0.85,0.0,1.0,0.8129188727043901,0.8127739954030226,Quantized
SOC,0.1,0.1,0.0,0.8,1.0,0.6069500118228928,4.1434617237868165,Pruned
SOC,0.1,0.1,0.05,0.75,1.0,0.6192334846120193,3.934353140053345,Pruned
SOC,0.1,0.1,0.1,0.7,1.0,0.6315169574011458,3.7252445563198733,Pruned
SOC,0.1,0.1,0.15,0.65,1.0,0.6438004301902722,3.516135972586402,Pruned
SOC,0.1,0.1,0.2,0.6,1.0,0.6560839029793988,3.3070273888529305,Pruned
SOC,0.1,0.1,0.25,0.55,1.0,0.6683673757685253,3.0979188051194595,Pruned
SOC,0.1,0.1,0.3,0.5,1.0,0.6806508485576517,2.8888102213859876,Pruned
SOC,0.1,0.1,0.35,0.45,1.0,0.6929343213467782,2.6797016376525162,Pruned
SOC,0.1,0.1,0.4,0.4,1.0,0.7052177941359047,2.470593053919045,Pruned
SOC,0.1,0.1,0.45,0.35,1.0,0.7175012669250311,2.2614844701855734,Pruned
SOC,0.1,0.1,0.5,0.3,1.0,0.7297847397141576,2.0523758864521016,Pruned
SOC,0.1,0.1,0.55,0.25,1.0,0.7420682125032841,1.8432673027186304,Pruned
SOC,0.1,0.1,0.6,0.2,1.0,0.7543516852924106,1.634158718985159,Pruned
SOC,0.1,0.1,0.65,0.15,1.0,0.766635158081537,1.4250501352516873,Pruned
SOC,0.1,0.1,0.7,0.1,0.9999999999999999,0.7789186308706636,1.215941551518216,Pruned
SOC,0.1,0.1,0.75,0.05,1.0,0.79120210365979,1.0068329677847445,Pruned
SOC,0.1,0.1,0.8,0.0,1.0,0.8034855764489166,0.7977243840512731,Quantized
SOC,0.1,0.15,0.0,0.75,1.0,0.6098001883565455,3.9193035287015956,Pruned
SOC,0.1,0.15,0.05,0.7,1.0,0.6220836611456719,3.7101949449681237,Pruned
SOC,0.1,0.15,0.1,0.65,1.0,0.6343671339347985,3.5010863612346523,Pruned
SOC,0.1,0.15,0.15,0.6,1.0,0.6466506067239249,3.291977777501181,Pruned
SOC,0.1,0.15,0.2,0.55,1.0,0.6589340795130515,3.08286919376771,Pruned
SOC,0.1,0.15,0.25,0.5,1.0,0.6712175523021779,2.873760610034238,Pruned
SOC,0.1,0.15,0.3,0.45,1.0,0.6835010250913044,2.6646520263007667,Pruned
SOC,0.1,0.15,0.35,0.4,1.0,0.6957844978804308,2.4555434425672953,Pruned
SOC,0.1,0.15,0.4,0.35,1.0,0.7080679706695574,2.2464348588338234,Pruned
SOC,0.1,0.15,0.45,0.3,1.0,0.7203514434586838,2.0373262751003525,Pruned
SOC,0.1,0.15,0.5,0.25,1.0,0.7326349162478103,1.8282176913668808,Pruned
SOC,0.1,0.15,0.55,0.2,1.0,0.7449183890369369,1.6191091076334094,Pruned
SOC,0.1,0.15,0.6,0.15,1.0,0.7572018618260633,1.4100005238999378,Pruned
SOC,0.1,0.15,0.65,0.1,1.0,0.7694853346151898,1.2008919401664664,Pruned
SOC,0.1,0.15,0.7,0.05,1.0,0.7817688074043163,0.991783356432995,Pruned
SOC,0.1,0.15,0.75,0.0,1.0,0.7940522801934428,0.7826747726995235,Quantized
SOC,0.1,0.2,0.0,0.7,1.0,0.6126503648901983,3.695145333616374,Pruned
SOC,0.1,0.2,0.05,0.65,1.0,0.6249338376793248,3.486036749882903,Pruned
SOC,0.1,0.2,0.1,0.6,1.0,0.6372173104684513,3.2769281661494314,Pruned
SOC,0.1,0.2,0.15,0.55,1.0,0.6495007832575779,3.06781958241596,Pruned
SOC,0.1,0.2,0.2,0.5,1.0,0.6617842560467042,2.8587109986824886,Pruned
SOC,0.1,0.2,0.25,0.45,1.0,0.6740677288358308,2.649602414949017,Pruned
SOC,0.1,0.2,0.3,0.4,1.0,0.6863512016249571,2.4404938312155458,Pruned
SOC,0.1,0.2,0.35,0.35,1.0,0.6986346744140837,2.231385247482074,Pruned
SOC,0.1,0.2,0.4,0.3,1.0,0.7109181472032101,2.0222766637486025,Pruned
SOC,0.1,0.2,0.45,0.25,1.0,0.7232016199923367,1.8131680800151313,Pruned
SOC,0.1,0.2,0.5,0.2,1.0,0.7354850927814631,1.60405949628166,Pruned
SOC,0.1,0.2,0.55,0.15,1.0,0.7477685655705897,1.3949509125481883,Pruned
SOC,0.1,0.2,0.6,0.1,1.0,0.760052038359716,1.1858423288147169,Pruned
SOC,0.1,0.2,0.65,0.05,1.0,0.7723355111488426,0.9767337450812454,Pruned
SOC,0.1,0.2,0.7,0.0,1.0,0.784618983937969,0.7676251613477739,Quantized
SOC,0.1,0.25,0.0,0.65,1.0,0.615500541423851,3.4709871385311533,Pruned
SOC,0.1,0.25,0.05,0.6,1.0,0.6277840142129776,3.261878554797682,Pruned
SOC,0.1,0.25,0.1,0.55,1.0,0.6400674870021041,3.0527699710642104,Pruned
SOC,0.1,0.25,0.15,0.5,1.0,0.6523509597912305,2.843661387330739,Pruned
SOC,0.1,0.25,0.2,0.45,1.0,0.664634432580357,2.634552803597267,Pruned
SOC,0.1,0.25,0.25,0.4,1.0,0.6769179053694834,2.425444219863796,Pruned
SOC,0.1,0.25,0.3,0.35,0.9999999999999999,0.6892013781586099,2.2163356361303244,Pruned
SOC,0.1,0.25,0.35,0.3,1.0,0.7014848509477364,2.007227052396853,Pruned
SOC,0.1,0.25,0.4,0.25,1.0,0.7137683237368629,1.7981184686633815,Pruned
SOC,0.1,0.25,0.45,0.2,1.0,0.7260517965259894,1.5890098849299104,Pruned
SOC,0.1,0.25,0.5,0.15,1.0,0.7383352693151158,1.3799013011964387,Pruned
SOC,0.1,0.25,0.55,0.1,1.0,0.7506187421042424,1.1707927174629673,Pruned
SOC,0.1,0.25,0.6,0.05,1.0,0.7629022148933688,0.9616841337294958,Pruned
SOC,0.1,0.25,0.65,0.0,1.0,0.7751856876824953,0.7525755499960244,Quantized
SOC,0.1,0.3,0.0,0.6,1.0,0.6183507179575038,3.2468289434459323,Pruned
SOC,0.1,0.3,0.05,0.55,1.0,0.6306341907466304,3.037720359712461,Pruned
SOC,0.1,0.3,0.1,0.5,1.0,0.6429176635357567,2.8286117759789895,Pruned
SOC,0.1,0.3,0.15,0.45,1.0,0.6552011363248833,2.6195031922455176,Pruned
SOC,0.1,0.3,0.2,0.4,1.0,0.6674846091140098,2.4103946085120467,Pruned
SOC,0.1,0.3,0.25,0.35,1.0,0.6797680819031362,2.201286024778575,Pruned
SOC,0.1,0.3,0.3,0.3,1.0,0.6920515546922626,1.9921774410451034,Pruned
SOC,0.1,0.3,0.35,0.25,1.0,0.7043350274813892,1.783068857311632,Pruned
SOC,0.1,0.3,0.4,0.2,1.0,0.7166185002705157,1.5739602735781606,Pruned
SOC,0.1,0.3,0.45,0.15,1.0,0.7289019730596421,1.3648516898446892,Pruned
SOC,0.1,0.3,0.5,0.1,1.0,0.7411854458487687,1.1557431061112178,Pruned
SOC,0.1,0.3,0.55,0.05,1.0,0.7534689186378951,0.9466345223777463,Pruned
SOC,0.1,0.3,0.6,0.0,1.0,0.7657523914270216,0.7375259386442747,Quantized
SOC,0.1,0.35,0.0,0.55,1.0,0.6212008944911567,3.0226707483607114,Pruned
SOC,0.1,0.35,0.05,0.5,1.0,0.633484367280283,2.81356216462724,Pruned
SOC,0.1,0.35,0.1,0.45,1.0,0.6457678400694096,2.604453580893768,Pruned
SOC,0.1,0.35,0.15,0.4,1.0,0.658051312858536,2.395344997160297,Pruned
SOC,0.1,0.35,0.2,0.35,0.9999999999999999,0.6703347856476625,2.1862364134268253,Pruned
SOC,0.1,0.35,0.25,0.3,1.0,0.6826182584367889,1.9771278296933539,Pruned
SOC,0.1,0.35,0.3,0.25,1.0,0.6949017312259155,1.7680192459598825,Pruned
SOC,0.1,0.35,0.35,0.2,1.0,0.7071852040150419,1.558910662226411,Pruned
SOC,0.1,0.35,0.4,0.15,1.0,0.7194686768041685,1.3498020784929396,Pruned
SOC,0.1,0.35,0.45,0.1,0.9999999999999999,0.7317521495932949,1.1406934947594682,Pruned
SOC,0.1,0.35,0.5,0.05,1.0,0.7440356223824214,0.9315849110259967,Pruned
SOC,0.1,0.35,0.55,0.0,1.0,0.7563190951715479,0.7224763272925252,Quantized
SOC,0.1,0.4,0.0,0.5,1.0,0.6240510710248093,2.7985125532754904,Pruned
SOC,0.1,0.4,0.05,0.45,1.0,0.6363345438139358,2.5894039695420186,Pruned
SOC,0.1,0.4,0.1,0.4,1.0,0.6486180166030624,2.3802953858085476,Pruned
SOC,0.1,0.4,0.15,0.35,1.0,0.6609014893921887,2.1711868020750758,Pruned
SOC,0.1,0.4,0.2,0.3,1.0,0.6731849621813152,1.9620782183416043,Pruned
SOC,0.1,0.4,0.25,0.25,1.0,0.6854684349704417,1.752969634608133,Pruned
SOC,0.1,0.4,0.3,0.2,1.0,0.6977519077595682,1.5438610508746615,Pruned
SOC,0.1,0.4,0.35,0.15,1.0,0.7100353805486948,1.33475246714119,Pruned
SOC,0.1,0.4,0.4,0.1,1.0,0.7223188533378212,1.1256438834077187,Pruned
SOC,0.1,0.4,0.45,0.05,1.0,0.7346023261269476,0.9165352996742472,Pruned
SOC,0.1,0.4,0.5,0.0,1.0,0.7468857989160742,0.7074267159407757,Quantized
SOC,0.1,0.45,0.0,0.45,1.0,0.6269012475584621,2.574354358190269,Pruned
SOC,0.1,0.45,0.05,0.4,1.0,0.6391847203475886,2.365245774456798,Pruned
SOC,0.1,0.45,0.1,0.35,1.0,0.651468193136715,2.156137190723326,Pruned
SOC,0.1,0.45,0.15,0.3,1.0,0.6637516659258414,1.9470286069898548,Pruned
SOC,0.1,0.45,0.2,0.25,1.0,0.676035138714968,1.7379200232563834,Pruned
SOC,0.1,0.45,0.25,0.2,1.0,0.6883186115040945,1.528811439522912,Pruned
SOC,0.1,0.45,0.3,0.15,1.0,0.7006020842932209,1.3197028557894404,Pruned
SOC,0.1,0.45,0.35,0.1,1.0,0.7128855570823475,1.110594272055969,Pruned
SOC,0.1,0.45,0.4,0.05,1.0,0.7251690298714739,0.9014856883224975,Pruned
SOC,0.1,0.45,0.45,0.0,1.0,0.7374525026606004,0.6923771045890261,Quantized
SOC,0.1,0.5,0.0,0.4,1.0,0.6297514240921148,2.350196163105048,Pruned
SOC,0.1,0.5,0.05,0.35,1.0,0.6420348968812413,2.1410875793715767,Pruned
SOC,0.1,0.5,0.1,0.3,1.0,0.6543183696703677,1.931978995638105,Pruned
SOC,0.1,0.5,0.15,0.25,1.0,0.6666018424594943,1.7228704119046339,Pruned
SOC,0.1,0.5,0.2,0.2,1.0,0.6788853152486207,1.5137618281711624,Pruned
SOC,0.1,0.5,0.25,0.15,1.0,0.6911687880377473,1.3046532444376908,Pruned
SOC,0.1,0.5,0.3,0.1,0.9999999999999999,0.7034522608268737,1.0955446607042194,Pruned
SOC,0.1,0.5,0.35,0.05,1.0,0.7157357336160002,0.8864360769707479,Pruned
SOC,0.1,0.5,0.4,0.0,1.0,0.7280192064051267,0.6773274932372764,Quantized
SOC,0.1,0.55,0.0,0.35,1.0,0.6326016006257675,2.126037968019827,Pruned
SOC,0.1,0.55,0.05,0.3,1.0,0.6448850734148941,1.9169293842863555,Pruned
SOC,0.1,0.55,0.1,0.25,1.0,0.6571685462040205,1.707820800552884,Pruned
SOC,0.1,0.55,0.15,0.2,1.0,0.669452018993147,1.498712216819413,Pruned
SOC,0.1,0.55,0.2,0.15,1.0,0.6817354917822736,1.289603633085941,Pruned
SOC,0.1,0.55,0.25,0.1,1.0,0.6940189645714,1.0804950493524699,Pruned
SOC,0.1,0.55,0.3,0.05,1.0,0.7063024373605264,0.8713864656189984,Pruned
SOC,0.1,0.55,0.35,0.0,1.0,0.718585910149653,0.6622778818855268,Quantized
SOC,0.1,0.6,0.0,0.3,1.0,0.6354517771594203,1.901879772934606,Pruned
SOC,0.1,0.6,0.05,0.25,1.0,0.6477352499485468,1.6927711892011346,Pruned
SOC,0.1,0.6,0.1,0.2,1.0,0.6600187227376733,1.4836626054676632,Pruned
SOC,0.1,0.6,0.15,0.15,1.0,0.6723021955267997,1.2745540217341915,Pruned
SOC,0.1,0.6,0.2,0.1,0.9999999999999999,0.6845856683159263,1.0654454380007201,Pruned
SOC,0.1,0.6,0.25,0.05,1.0,0.6968691411050527,0.8563368542672488,Pruned
SOC,0.1,0.6,0.3,0.0,1.0,0.7091526138941792,0.6472282705337773,Quantized
SOC,0.1,0.65,0.0,0.25,1.0,0.6383019536930731,1.677721577849385,Pruned
SOC,0.1,0.65,0.05,0.2,1.0,0.6505854264821995,1.4686129941159136,Pruned
SOC,0.1,0.65,0.1,0.15,1.0,0.6628688992713261,1.259504410382442,Pruned
SOC,0.1,0.65,0.15,0.1,1.0,0.6751523720604525,1.0503958266489706,Pruned
SOC,0.1,0.65,0.2,0.05,1.0,0.6874358448495791,0.8412872429154992,Pruned
SOC,0.1,0.65,0.25,0.0,1.0,0.6997193176387055,0.6321786591820278,Quantized
SOC,0.1,0.7,0.0,0.2,1.0,0.6411521302267258,1.453563382764164,Pruned
SOC,0.1,0.7,0.05,0.15,1.0,0.6534356030158524,1.2444547990306924,Pruned
SOC,0.1,0.7,0.1,0.1,0.9999999999999999,0.6657190758049788,1.035346215297221,Pruned
SOC,0.1,0.7,0.15,0.05,1.0,0.6780025485941052,0.8262376315637496,Pruned
SOC,0.1,0.7,0.2,0.0,1.0,0.6902860213832318,0.6171290478302781,Quantized
SOC,0.1,0.75,0.0,0.15,1.0,0.6440023067603786,1.229405187678943,Pruned
SOC,0.1,0.75,0.05,0.1,1.0,0.6562857795495051,1.0202966039454715,Pruned
SOC,0.1,0.75,0.1,0.05,1.0,0.6685692523386316,0.8111880202120001,Pruned
SOC,0.1,0.75,0.15,0.0,1.0,0.6808527251277581,0.6020794364785286,Quantized
SOC,0.1,0.8,0.0,0.1,1.0,0.6468524832940313,1.005246992593722,Pruned
SOC,0.1,0.8,0.05,0.05,1.0,0.6591359560831579,0.7961384088602504,Pruned
SOC,0.1,0.8,0.1,0.0,1.0,0.6714194288722843,0.587029825126779,Quantized
SOC,0.1,0.85,0.0,0.05,1.0,0.649702659827684,0.7810887975085008,Pruned
SOC,0.1,0.85,0.05,0.0,1.0,0.6619861326168105,0.5719802137750293,Quantized
SOC,0.1,0.9,0.0,0.0,1.0,0.6525528363613369,0.5569306024232799,Quantized
SOC,0.15,0.0,0.0,0.85,1.0,0.6162306106363731,4.394441872428431,Pruned
SOC,0.15,0.0,0.05,0.8,1.0,0.6285140834254996,4.18533328869496,Pruned
SOC,0.15,0.0,0.1,0.75,1.0,0.6407975562146261,3.976224704961489,Pruned
SOC,0.15,0.0,0.15,0.7,1.0,0.6530810290037525,3.7671161212280166,Pruned
SOC,0.15,0.0,0.2,0.65,1.0,0.6653645017928791,3.5580075374945457,Pruned
SOC,0.15,0.0,0.25,0.6,1.0,0.6776479745820054,3.348898953761074,Pruned
SOC,0.15,0.0,0.3,0.55,1.0,0.689931447371132,3.139790370027603,Pruned
SOC,0.15,0.0,0.35,0.5,1.0,0.7022149201602585,2.9306817862941315,Pruned
SOC,0.15,0.0,0.4,0.45,1.0,0.714498392949385,2.7215732025606596,Pruned
SOC,0.15,0.0,0.45,0.4,1.0,0.7267818657385114,2.5124646188271886,Pruned
SOC,0.15,0.0,0.5,0.35,1.0,0.7390653385276379,2.303356035093717,Pruned
SOC,0.15,0.0,0.55,0.3,1.0,0.7513488113167645,2.0942474513602454,Pruned
SOC,0.15,0.0,0.6,0.25,1.0,0.7636322841058909,1.885138867626774,Pruned
SOC,0.15,0.0,0.65,0.2,1.0,0.7759157568950174,1.6760302838933026,Pruned
SOC,0.15,0.0,0.7,0.15,1.0,0.7881992296841439,1.4669217001598311,Pruned
SOC,0.15,0.0,0.75,0.1,1.0,0.8004827024732704,1.2578131164263597,Pruned
SOC,0.15,0.0,0.8,0.05,1.0,0.8127661752623969,1.0487045326928883,Pruned
SOC,0.15,0.0,0.85,0.0,1.0,0.8250496480515233,0.8395959489594167,Pruned
SOC,0.15,0.05,0.0,0.8,1.0,0.6190807871700259,4.170283677343211,Pruned
SOC,0.15,0.05,0.05,0.75,1.0,0.6313642599591524,3.9611750936097394,Pruned
SOC,0.15,0.05,0.1,0.7,1.0,0.6436477327482788,3.752066509876267,Pruned
SOC,0.15,0.05,0.15,0.65,1.0,0.6559312055374054,3.542957926142796,Pruned
SOC,0.15,0.05,0.2,0.6,1.0,0.6682146783265318,3.3338493424093247,Pruned
SOC,0.15,0.05,0.25,0.55,1.0,0.6804981511156583,3.1247407586758533,Pruned
SOC,0.15,0.05,0.3,0.5,1.0,0.6927816239047848,2.915632174942382,Pruned
SOC,0.15,0.05,0.35,0.45,1.0,0.7050650966939113,2.70652359120891,Pruned
SOC,0.15,0.05,0.4,0.4,1.0,0.7173485694830377,2.497415007475439,Pruned
SOC,0.15,0.05,0.45,0.35,1.0,0.7296320422721642,2.2883064237419672,Pruned
SOC,0.15,0.05,0.5,0.3,1.0,0.7419155150612907,2.079197840008496,Pruned
SOC,0.15,0.05,0.55,0.25,1.0,0.7541989878504172,1.8700892562750244,Pruned
SOC,0.15,0.05,0.6,0.2,1.0,0.7664824606395436,1.660980672541553,Pruned
SOC,0.15,0.05,0.65,0.15,1.0,0.7787659334286702,1.4518720888080816,Pruned
SOC,0.15,0.05,0.7,0.1,0.9999999999999999,0.7910494062177966,1.2427635050746102,Pruned
SOC,0.15,0.05,0.75,0.05,1.0,0.8033328790069232,1.0336549213411386,Pruned
SOC,0.15,0.05,0.8,0.0,1.0,0.8156163517960496,0.8245463376076672,Pruned
SOC,0.15,0.1,0.0,0.75,1.0,0.6219309637036786,3.94612548225799,Pruned
SOC,0.15,0.1,0.05,0.7,1.0,0.6342144364928051,3.7370168985245176,Pruned
SOC,0.15,0.1,0.1,0.65,1.0,0.6464979092819316,3.5279083147910466,Pruned
SOC,0.15,0.1,0.15,0.6,1.0,0.6587813820710581,3.3187997310575748,Pruned
SOC,0.15,0.1,0.2,0.55,1.0,0.6710648548601846,3.109691147324104,Pruned
SOC,0.15,0.1,0.25,0.5,1.0,0.6833483276493111,2.900582563590632,Pruned
SOC,0.15,0.1,0.3,0.45,1.0,0.6956318004384375,2.6914739798571605,Pruned
SOC,0.15,0.1,0.35,0.4,1.0,0.707915273227564,2.4823653961236896,Pruned
SOC,0.15,0.1,0.4,0.35,1.0,0.7201987460166905,2.2732568123902177,Pruned
SOC,0.15,0.1,0.45,0.3,1.0,0.732482218805817,2.0641482286567463,Pruned
SOC,0.15,0.1,0.5,0.25,1.0,0.7447656915949434,1.8550396449232749,Pruned
SOC,0.15,0.1,0.55,0.2,1.0,0.75704916438407,1.6459310611898035,Pruned
SOC,0.15,0.1,0.6,0.15,1.0,0.7693326371731964,1.4368224774563318,Pruned
SOC,0.15,0.1,0.65,0.1,1.0,0.7816161099623229,1.2277138937228604,Pruned
SOC,0.15,0.1,0.7,0.05,1.0,0.7938995827514495,1.0186053099893888,Pruned
SOC,0.15,0.1,0.75,0.0,1.0,0.8061830555405759,0.8094967262559174,Pruned
SOC,0.15,0.15,0.0,0.7,1.0,0.6247811402373313,3.721967287172768,Pruned
SOC,0.15,0.15,0.05,0.65,1.0,0.6370646130264579,3.512858703439297,Pruned
SOC,0.15,0.15,0.1,0.6,1.0,0.6493480858155842,3.303750119705825,Pruned
SOC,0.15,0.15,0.15,0.55,1.0,0.6616315586047108,3.0946415359723543,Pruned
SOC,0.15,0.15,0.2,0.5,1.0,0.6739150313938373,2.885532952238883,Pruned
SOC,0.15,0.15,0.25,0.45,1.0,0.6861985041829638,2.676424368505411,Pruned
SOC,0.15,0.15,0.3,0.4,1.0,0.6984819769720902,2.46731578477194,Pruned
SOC,0.15,0.15,0.35,0.35,0.9999999999999999,0.7107654497612167,2.258207201038468,Pruned
SOC,0.15,0.15,0.4,0.3,1.0,0.7230489225503433,2.0490986173049968,Pruned
SOC,0.15,0.15,0.45,0.25,1.0,0.7353323953394697,1.8399900335715254,Pruned
SOC,0.15,0.15,0.5,0.2,1.0,0.7476158681285962,1.630881449838054,Pruned
SOC,0.15,0.15,0.55,0.15,1.0,0.7598993409177227,1.4217728661045823,Pruned
SOC,0.15,0.15,0.6,0.1,0.9999999999999999,0.772182813706849,1.212664282371111,Pruned
SOC,0.15,0.15,0.65,0.05,1.0,0.7844662864959757,1.0035556986376393,Pruned
SOC,0.15,0.15,0.7,0.0,1.0,0.796749759285102,0.7944471149041679,Quantized
SOC,0.15,0.2,0.0,0.65,1.0,0.6276313167709842,3.4978090920875475,Pruned
SOC,0.15,0.2,0.05,0.6,1.0,0.6399147895601107,3.2887005083540757,Pruned
SOC,0.15,0.2,0.1,0.55,1.0,0.6521982623492373,3.0795919246206047,Pruned
SOC,0.15,0.2,0.15,0.5,1.0,0.6644817351383636,2.870483340887133,Pruned
SOC,0.15,0.2,0.2,0.45,1.0,0.6767652079274902,2.6613747571536615,Pruned
SOC,0.15,0.2,0.25,0.4,1.0,0.6890486807166165,2.45226617342019,Pruned
SOC,0.15,0.2,0.3,0.35,0.9999999999999999,0.7013321535057431,2.243157589686718,Pruned
SOC,0.15,0.2,0.35,0.3,1.0,0.7136156262948695,2.0340490059532472,Pruned
SOC,0.15,0.2,0.4,0.25,1.0,0.7258990990839961,1.8249404222197758,Pruned
SOC,0.15,0.2,0.45,0.2,1.0,0.7381825718731225,1.6158318384863044,Pruned
SOC,0.15,0.2,0.5,0.15,1.0,0.750466044662249,1.4067232547528328,Pruned
SOC,0.15,0.2,0.55,0.1,1.0,0.7627495174513755,1.1976146710193614,Pruned
SOC,0.15,0.2,0.6,0.05,1.0,0.775032990240502,0.9885060872858898,Pruned
SOC,0.15,0.2,0.65,0.0,1.0,0.7873164630296284,0.7793975035524183,Quantized
SOC,0.15,0.25,0.0,0.6,1.0,0.6304814933046369,3.273650897002326,Pruned
SOC,0.15,0.25,0.05,0.55,1.0,0.6427649660937634,3.064542313268855,Pruned
SOC,0.15,0.25,0.1,0.5,1.0,0.6550484388828899,2.8554337295353833,Pruned
SOC,0.15,0.25,0.15,0.45,1.0,0.6673319116720163,2.646325145801912,Pruned
SOC,0.15,0.25,0.2,0.4,1.0,0.6796153844611428,2.4372165620684405,Pruned
SOC,0.15,0.25,0.25,0.35,1.0,0.6918988572502693,2.2281079783349687,Pruned
SOC,0.15,0.25,0.3,0.3,1.0,0.7041823300393958,2.0189993946014972,Pruned
SOC,0.15,0.25,0.35,0.25,1.0,0.7164658028285222,1.809890810868026,Pruned
SOC,0.15,0.25,0.4,0.2,1.0,0.7287492756176488,1.6007822271345546,Pruned
SOC,0.15,0.25,0.45,0.15,1.0,0.7410327484067752,1.391673643401083,Pruned
SOC,0.15,0.25,0.5,0.1,1.0,0.7533162211959017,1.1825650596676116,Pruned
SOC,0.15,0.25,0.55,0.05,1.0,0.7655996939850283,0.9734564759341403,Pruned
SOC,0.15,0.25,0.6,0.0,1.0,0.7778831667741546,0.7643478922006688,Quantized
SOC,0.15,0.3,0.0,0.55,1.0,0.6333316698382896,3.0494927019171056,Pruned
SOC,0.15,0.3,0.05,0.5,1.0,0.6456151426274161,2.840384118183634,Pruned
SOC,0.15,0.3,0.1,0.45,1.0,0.6578986154165426,2.6312755344501624,Pruned
SOC,0.15,0.3,0.15,0.4,1.0,0.670182088205669,2.422166950716691,Pruned
SOC,0.15,0.3,0.2,0.35,0.9999999999999999,0.6824655609947955,2.213058366983219,Pruned
SOC,0.15,0.3,0.25,0.3,1.0,0.6947490337839219,2.003949783249748,Pruned
SOC,0.15,0.3,0.3,0.25,1.0,0.7070325065730485,1.7948411995162765,Pruned
SOC,0.15,0.3,0.35,0.2,1.0,0.719315979362175,1.585732615782805,Pruned
SOC,0.15,0.3,0.4,0.15,1.0,0.7315994521513015,1.3766240320493335,Pruned
SOC,0.15,0.3,0.45,0.1,0.9999999999999999,0.7438829249404278,1.167515448315862,Pruned
SOC,0.15,0.3,0.5,0.05,1.0,0.7561663977295545,0.9584068645823907,Pruned
SOC,0.15,0.3,0.55,0.0,1.0,0.7684498705186809,0.7492982808489193,Quantized
SOC,0.15,0.35,0.0,0.5,1.0,0.6361818463719424,2.8253345068318843,Pruned
SOC,0.15,0.35,0.05,0.45,1.0,0.6484653191610689,2.616225923098413,Pruned
SOC,0.15,0.35,0.1,0.4,1.0,0.6607487919501953,2.4071173393649414,Pruned
SOC,0.15,0.35,0.15,0.35,1.0,0.6730322647393218,2.1980087556314696,Pruned
SOC,0.15,0.35,0.2,0.3,1.0,0.6853157375284483,1.9889001718979982,Pruned
SOC,0.15,0.35,0.25,0.25,1.0,0.6975992103175748,1.779791588164527,Pruned
SOC,0.15,0.35,0.3,0.2,1.0,0.7098826831067012,1.5706830044310556,Pruned
SOC,0.15,0.35,0.35,0.15,1.0,0.7221661558958278,1.361574420697584,Pruned
SOC,0.15,0.35,0.4,0.1,1.0,0.7344496286849542,1.1524658369641125,Pruned
SOC,0.15,0.35,0.45,0.05,1.0,0.7467331014740808,0.9433572532306411,Pruned
SOC,0.15,0.35,0.5,0.0,1.0,0.7590165742632071,0.7342486694971696,Quantized
SOC,0.15,0.4,0.0,0.45,1.0,0.6390320229055952,2.601176311746663,Pruned
SOC,0.15,0.4,0.05,0.4,1.0,0.6513154956947217,2.392067728013192,Pruned
SOC,0.15,0.4,0.1,0.35,1.0,0.6635989684838481,2.18295914427972,Pruned
SOC,0.15,0.4,0.15,0.3,1.0,0.6758824412729746,1.9738505605462486,Pruned
SOC,0.15,0.4,0.2,0.25,1.0,0.6881659140621011,1.7647419768127772,Pruned
SOC,0.15,0.4,0.25,0.2,1.0,0.7004493868512276,1.555633393079306,Pruned
SOC,0.15,0.4,0.3,0.15,1.0,0.712732859640354,1.3465248093458344,Pruned
SOC,0.15,0.4,0.35,0.1,1.0,0.7250163324294806,1.137416225612363,Pruned
SOC,0.15,0.4,0.4,0.05,1.0,0.737299805218607,0.9283076418788915,Pruned
SOC,0.15,0.4,0.45,0.0,1.0,0.7495832780077335,0.7191990581454201,Quantized
SOC,0.15,0.45,0.0,0.4,1.0,0.6418821994392478,2.3770181166614424,Pruned
SOC,0.15,0.45,0.05,0.35,1.0,0.6541656722283744,2.1679095329279705,Pruned
SOC,0.15,0.45,0.1,0.3,1.0,0.6664491450175009,1.958800949194499,Pruned
SOC,0.15,0.45,0.15,0.25,1.0,0.6787326178066273,1.7496923654610277,Pruned
SOC,0.15,0.45,0.2,0.2,1.0,0.6910160905957539,1.5405837817275563,Pruned
SOC,0.15,0.45,0.25,0.15,1.0,0.7032995633848803,1.3314751979940849,Pruned
SOC,0.15,0.45,0.3,0.1,0.9999999999999999,0.7155830361740068,1.1223666142606135,Pruned
SOC,0.15,0.45,0.35,0.05,1.0,0.7278665089631333,0.9132580305271419,Pruned
SOC,0.15,0.45,0.4,0.0,1.0,0.7401499817522598,0.7041494467936704,Quantized
SOC,0.15,0.5,0.0,0.35,1.0,0.6447323759729007,2.152859921576221,Pruned
SOC,0.15,0.5,0.05,0.3,1.0,0.6570158487620271,1.9437513378427496,Pruned
SOC,0.15,0.5,0.1,0.25,1.0,0.6692993215511537,1.7346427541092782,Pruned
SOC,0.15,0.5,0.15,0.2,1.0,0.6815827943402801,1.5255341703758067,Pruned
SOC,0.15,0.5,0.2,0.15,1.0,0.6938662671294066,1.3164255866423353,Pruned
SOC,0.15,0.5,0.25,0.1,1.0,0.706149739918533,1.107317002908864,Pruned
SOC,0.15,0.5,0.3,0.05,1.0,0.7184332127076596,0.8982084191753924,Pruned
SOC,0.15,0.5,0.35,0.0,1.0,0.730716685496786,0.6890998354419209,Quantized
SOC,0.15,0.55,0.0,0.3,1.0,0.6475825525065534,1.928701726491,Pruned
SOC,0.15,0.55,0.05,0.25,1.0,0.65986602529568,1.7195931427575286,Pruned
SOC,0.15,0.55,0.1,0.2,1.0,0.6721494980848064,1.5104845590240572,Pruned
SOC,0.15,0.55,0.15,0.15,1.0,0.6844329708739328,1.3013759752905858,Pruned
SOC,0.15,0.55,0.2,0.1,1.0000000000000002,0.6967164436630594,1.0922673915571144,Pruned
SOC,0.15,0.55,0.25,0.05,1.0,0.7089999164521859,0.8831588078236429,Pruned
SOC,0.15,0.55,0.3,0.0,1.0,0.7212833892413123,0.6740502240901713,Quantized
SOC,0.15,0.6,0.0,0.25,1.0,0.6504327290402061,1.704543531405779,Pruned
SOC,0.15,0.6,0.05,0.2,1.0,0.6627162018293326,1.4954349476723077,Pruned
SOC,0.15,0.6,0.1,0.15,1.0,0.6749996746184591,1.286326363938836,Pruned
SOC,0.15,0.6,0.15,0.1,1.0,0.6872831474075854,1.0772177802053646,Pruned
SOC,0.15,0.6,0.2,0.05,1.0,0.6995666201967121,0.8681091964718931,Pruned
SOC,0.15,0.6,0.25,0.0,1.0,0.7118500929858385,0.6590006127384216,Quantized
SOC,0.15,0.65,0.0,0.2,1.0,0.6532829055738589,1.4803853363205581,Pruned
SOC,0.15,0.65,0.05,0.15,1.0,0.6655663783629855,1.2712767525870865,Pruned
SOC,0.15,0.65,0.1,0.1,1.0,0.6778498511521119,1.0621681688536153,Pruned
SOC,0.15,0.65,0.15,0.05,1.0,0.6901333239412384,0.8530595851201437,Pruned
SOC,0.15,0.65,0.2,0.0,1.0,0.702416796730365,0.6439510013866722,Quantized
SOC,0.15,0.7,0.0,0.15,1.0,0.6561330821075116,1.2562271412353367,Pruned
SOC,0.15,0.7,0.05,0.1,1.0,0.6684165548966381,1.0471185575018653,Pruned
SOC,0.15,0.7,0.1,0.05,1.0,0.6807000276857647,0.838009973768394,Pruned
SOC,0.15,0.7,0.15,0.0,1.0,0.692983500474891,0.6289013900349225,Quantized
SOC,0.15,0.75,0.0,0.1,1.0,0.6589832586411645,1.0320689461501158,Pruned
SOC,0.15,0.75,0.05,0.05,1.0,0.671266731430291,0.8229603624166444,Pruned
SOC,0.15,0.75,0.1,0.0,1.0,0.6835502042194175,0.613851778683173,Quantized
SOC,0.15,0.8,0.0,0.05,1.0,0.6618334351748173,0.8079107510648948,Pruned
SOC,0.15,0.8,0.05,0.0,1.0,0.6741169079639437,0.5988021673314233,Quantized
SOC,0.15,0.85,0.0,0.0,1.0,0.6646836117084699,0.5837525559796738,Quantized
SOC,0.2,0.0,0.0,0.8,1.0,0.631211562517159,4.197105630899605,Pruned
SOC,0.2,0.0,0.05,0.75,1.0,0.6434950353062855,3.9879970471661332,Pruned
SOC,0.2,0.0,0.1,0.7,1.0,0.6557785080954119,3.7788884634326614,Pruned
SOC,0.2,0.0,0.15,0.65,1.0,0.6680619808845385,3.56977987969919,Pruned
SOC,0.2,0.0,0.2,0.6,1.0,0.680345453673665,3.3606712959657186,Pruned
SOC,0.2,0.0,0.25,0.55,1.0,0.6926289264627914,3.1515627122322476,Pruned
SOC,0.2,0.0,0.3,0.5,1.0,0.704912399251918,2.9424541284987757,Pruned
SOC,0.2,0.0,0.35,0.45,1.0,0.7171958720410444,2.7333455447653043,Pruned
SOC,0.2,0.0,0.4,0.4,1.0,0.7294793448301709,2.524236961031833,Pruned
SOC,0.2,0.0,0.45,0.35,1.0,0.7417628176192973,2.315128377298361,Pruned
SOC,0.2,0.0,0.5,0.3,1.0,0.7540462904084239,2.10601979356489,Pruned
SOC,0.2,0.0,0.55,0.25,1.0,0.7663297631975503,1.8969112098314185,Pruned
SOC,0.2,0.0,0.6,0.2,1.0,0.7786132359866768,1.687802626097947,Pruned
SOC,0.2,0.0,0.65,0.15,1.0,0.7908967087758033,1.4786940423644754,Pruned
SOC,0.2,0.0,0.7,0.1,0.9999999999999999,0.8031801815649298,1.269585458631004,Pruned
SOC,0.2,0.0,0.75,0.05,1.0,0.8154636543540563,1.0604768748975326,Pruned
SOC,0.2,0.0,0.8,0.0,1.0,0.8277471271431828,0.8513682911640612,Pruned
SOC,0.2,0.05,0.0,0.75,1.0,0.6340617390508118,3.9729474358143837,Pruned
SOC,0.2,0.05,0.05,0.7,1.0,0.6463452118399382,3.763838852080912,Pruned
SOC,0.2,0.05,0.1,0.65,1.0,0.6586286846290648,3.5547302683474404,Pruned
SOC,0.2,0.05,0.15,0.6,1.0,0.6709121574181912,3.345621684613969,Pruned
SOC,0.2,0.05,0.2,0.55,1.0,0.6831956302073178,3.1365131008804976,Pruned
SOC,0.2,0.05,0.25,0.5,1.0,0.6954791029964442,2.927404517147026,Pruned
SOC,0.2,0.05,0.3,0.45,1.0,0.7077625757855707,2.718295933413555,Pruned
SOC,0.2,0.05,0.35,0.4,1.0,0.7200460485746971,2.5091873496800834,Pruned
SOC,0.2,0.05,0.4,0.35,1.0,0.7323295213638237,2.3000787659466115,Pruned
SOC,0.2,0.05,0.45,0.3,1.0,0.7446129941529501,2.09097018221314,Pruned
SOC,0.2,0.05,0.5,0.25,1.0,0.7568964669420766,1.881861598479669,Pruned
SOC,0.2,0.05,0.55,0.2,1.0,0.7691799397312031,1.6727530147461975,Pruned
SOC,0.2,0.05,0.6,0.15,1.0,0.7814634125203296,1.463644431012726,Pruned
SOC,0.2,0.05,0.65,0.1,1.0,0.793746885309456,1.2545358472792545,Pruned
SOC,0.2,0.05,0.7,0.05,1.0,0.8060303580985826,1.045427263545783,Pruned
SOC,0.2,0.05,0.75,0.0,1.0,0.818313830887709,0.8363186798123114,Pruned
SOC,0.2,0.1,0.0,0.7,1.0,0.6369119155844645,3.7487892407291623,Pruned
SOC,0.2,0.1,0.05,0.65,1.0,0.649195388373591,3.539680656995691,Pruned
SOC,0.2,0.1,0.1,0.6,1.0,0.6614788611627176,3.3305720732622195,Pruned
SOC,0.2,0.1,0.15,0.55,1.0,0.673762333951844,3.121463489528748,Pruned
SOC,0.2,0.1,0.2,0.5,1.0,0.6860458067409705,2.9123549057952767,Pruned
SOC,0.2,0.1,0.25,0.45,1.0,0.6983292795300969,2.703246322061805,Pruned
SOC,0.2,0.1,0.3,0.4,1.0,0.7106127523192234,2.494137738328334,Pruned
SOC,0.2,0.1,0.35,0.35,1.0,0.7228962251083499,2.285029154594862,Pruned
SOC,0.2,0.1,0.4,0.3,1.0,0.7351796978974764,2.0759205708613906,Pruned
SOC,0.2,0.1,0.45,0.25,1.0,0.7474631706866028,1.8668119871279194,Pruned
SOC,0.2,0.1,0.5,0.2,1.0,0.7597466434757294,1.657703403394448,Pruned
SOC,0.2,0.1,0.55,0.15,1.0,0.7720301162648558,1.4485948196609764,Pruned
SOC,0.2,0.1,0.6,0.1,1.0,0.7843135890539823,1.239486235927505,Pruned
SOC,0.2,0.1,0.65,0.05,1.0,0.7965970618431089,1.0303776521940335,Pruned
SOC,0.2,0.1,0.7,0.0,1.0,0.8088805346322353,0.8212690684605619,Pruned
SOC,0.2,0.15,0.0,0.65,1.0,0.6397620921181173,3.5246310456439414,Pruned
SOC,0.2,0.15,0.05,0.6,1.0,0.6520455649072437,3.31552246191047,Pruned
SOC,0.2,0.15,0.1,0.55,1.0,0.6643290376963702,3.1064138781769985,Pruned
SOC,0.2,0.15,0.15,0.5,1.0,0.6766125104854968,2.897305294443527,Pruned
SOC,0.2,0.15,0.2,0.45,1.0,0.6888959832746232,2.6881967107100553,Pruned
SOC,0.2,0.15,0.25,0.4,1.0,0.7011794560637497,2.4790881269765843,Pruned
SOC,0.2,0.15,0.3,0.35,0.9999999999999999,0.7134629288528761,2.2699795432431125,Pruned
SOC,0.2,0.15,0.35,0.3,1.0,0.7257464016420027,2.060870959509641,Pruned
SOC,0.2,0.15,0.4,0.25,1.0,0.7380298744311291,1.8517623757761696,Pruned
SOC,0.2,0.15,0.45,0.2,1.0,0.7503133472202556,1.6426537920426982,Pruned
SOC,0.2,0.15,0.5,0.15,1.0,0.7625968200093821,1.4335452083092268,Pruned
SOC,0.2,0.15,0.55,0.1,1.0,0.7748802927985086,1.2244366245757554,Pruned
SOC,0.2,0.15,0.6,0.05,1.0,0.7871637655876351,1.015328040842284,Pruned
SOC,0.2,0.15,0.65,0.0,1.0,0.7994472383767615,0.8062194571088124,Pruned
SOC,0.2,0.2,0.0,0.6,1.0,0.6426122686517701,3.3004728505587204,Pruned
SOC,0.2,0.2,0.05,0.55,1.0,0.6548957414408967,3.091364266825249,Pruned
SOC,0.2,0.2,0.1,0.5,1.0,0.667179214230023,2.8822556830917776,Pruned
SOC,0.2,0.2,0.15,0.45,1.0,0.6794626870191496,2.6731470993583057,Pruned
SOC,0.2,0.2,0.2,0.4,1.0,0.691746159808276,2.464038515624835,Pruned
SOC,0.2,0.2,0.25,0.35,1.0,0.7040296325974025,2.254929931891363,Pruned
SOC,0.2,0.2,0.3,0.3,1.0,0.7163131053865289,2.0458213481578915,Pruned
SOC,0.2,0.2,0.35,0.25,1.0,0.7285965781756555,1.83671276442442,Pruned
SOC,0.2,0.2,0.4,0.2,1.0,0.7408800509647819,1.6276041806909487,Pruned
SOC,0.2,0.2,0.45,0.15,1.0,0.7531635237539084,1.4184955969574773,Pruned
SOC,0.2,0.2,0.5,0.1,1.0,0.7654469965430349,1.2093870132240059,Pruned
SOC,0.2,0.2,0.55,0.05,1.0,0.7777304693321614,1.0002784294905345,Pruned
SOC,0.2,0.2,0.6,0.0,1.0,0.7900139421212878,0.7911698457570628,Pruned
SOC,0.2,0.25,0.0,0.55,1.0,0.6454624451854228,3.0763146554734995,Pruned
SOC,0.2,0.25,0.05,0.5,1.0,0.6577459179745493,2.867206071740028,Pruned
SOC,0.2,0.25,0.1,0.45,1.0,0.6700293907636757,2.658097488006556,Pruned
SOC,0.2,0.25,0.15,0.4,1.0,0.6823128635528022,2.4489889042730852,Pruned
SOC,0.2,0.25,0.2,0.35,1.0,0.6945963363419287,2.2398803205396134,Pruned
SOC,0.2,0.25,0.25,0.3,1.0,0.7068798091310552,2.030771736806142,Pruned
SOC,0.2,0.25,0.3,0.25,1.0,0.7191632819201816,1.8216631530726706,Pruned
SOC,0.2,0.25,0.35,0.2,1.0,0.7314467547093082,1.6125545693391992,Pruned
SOC,0.2,0.25,0.4,0.15,1.0,0.7437302274984346,1.4034459856057275,Pruned
SOC,0.2,0.25,0.45,0.1,1.0,0.7560137002875611,1.1943374018722563,Pruned
SOC,0.2,0.25,0.5,0.05,1.0,0.7682971730766877,0.9852288181387847,Pruned
SOC,0.2,0.25,0.55,0.0,1.0,0.7805806458658141,0.7761202344053133,Quantized
SOC,0.2,0.3,0.0,0.5,1.0,0.6483126217190756,2.8521564603882785,Pruned
SOC,0.2,0.3,0.05,0.45,1.0,0.660596094508202,2.6430478766548067,Pruned
SOC,0.2,0.3,0.1,0.4,1.0,0.6728795672973285,2.4339392929213357,Pruned
SOC,0.2,0.3,0.15,0.35,1.0,0.6851630400864549,2.224830709187864,Pruned
SOC,0.2,0.3,0.2,0.3,1.0,0.6974465128755815,2.0157221254543924,Pruned
SOC,0.2,0.3,0.25,0.25,1.0,0.7097299856647079,1.806613541720921,Pruned
SOC,0.2,0.3,0.3,0.2,1.0,0.7220134584538344,1.5975049579874496,Pruned
SOC,0.2,0.3,0.35,0.15,1.0,0.7342969312429609,1.388396374253978,Pruned
SOC,0.2,0.3,0.4,0.1,1.0,0.7465804040320874,1.1792877905205066,Pruned
SOC,0.2,0.3,0.45,0.05,1.0,0.7588638768212139,0.9701792067870352,Pruned
SOC,0.2,0.3,0.5,0.0,1.0,0.7711473496103403,0.7610706230535637,Quantized
SOC,0.2,0.35,0.0,0.45,1.0,0.6511627982527283,2.627998265303057,Pruned
SOC,0.2,0.35,0.05,0.4,1.0,0.6634462710418547,2.418889681569586,Pruned
SOC,0.2,0.35,0.1,0.35,1.0,0.6757297438309813,2.2097810978361143,Pruned
SOC,0.2,0.35,0.15,0.3,1.0,0.6880132166201077,2.000672514102643,Pruned
SOC,0.2,0.35,0.2,0.25,1.0,0.7002966894092342,1.7915639303691715,Pruned
SOC,0.2,0.35,0.25,0.2,1.0,0.7125801621983606,1.5824553466357,Pruned
SOC,0.2,0.35,0.3,0.15,1.0,0.7248636349874872,1.3733467629022285,Pruned
SOC,0.2,0.35,0.35,0.1,1.0,0.7371471077766136,1.164238179168757,Pruned
SOC,0.2,0.35,0.4,0.05,1.0,0.7494305805657402,0.9551295954352855,Pruned
SOC,0.2,0.35,0.45,0.0,1.0,0.7617140533548665,0.7460210117018141,Quantized
SOC,0.2,0.4,0.0,0.4,1.0,0.6540129747863811,2.4038400702178366,Pruned
SOC,0.2,0.4,0.05,0.35,1.0,0.6662964475755075,2.194731486484365,Pruned
SOC,0.2,0.4,0.1,0.3,1.0,0.678579920364634,1.9856229027508931,Pruned
SOC,0.2,0.4,0.15,0.25,1.0,0.6908633931537606,1.776514319017422,Pruned
SOC,0.2,0.4,0.2,0.2,1.0,0.703146865942887,1.5674057352839506,Pruned
SOC,0.2,0.4,0.25,0.15,1.0,0.7154303387320136,1.358297151550479,Pruned
SOC,0.2,0.4,0.3,0.1,1.0000000000000002,0.72771381152114,1.1491885678170075,Pruned
SOC,0.2,0.4,0.35,0.05,1.0,0.7399972843102665,0.940079984083536,Pruned
SOC,0.2,0.4,0.4,0.0,1.0,0.752280757099393,0.7309714003500645,Quantized
SOC,0.2,0.45,0.0,0.35,1.0,0.6568631513200338,2.179681875132615,Pruned
SOC,0.2,0.45,0.05,0.3,1.0,0.6691466241091603,1.9705732913991436,Pruned
SOC,0.2,0.45,0.1,0.25,1.0,0.6814300968982868,1.7614647076656724,Pruned
SOC,0.2,0.45,0.15,0.2,1.0,0.6937135696874133,1.552356123932201,Pruned
SOC,0.2,0.45,0.2,0.15,1.0,0.7059970424765397,1.3432475401987292,Pruned
SOC,0.2,0.45,0.25,0.1,1.0,0.7182805152656662,1.134138956465258,Pruned
SOC,0.2,0.45,0.3,0.05,1.0,0.7305639880547927,0.9250303727317865,Pruned
SOC,0.2,0.45,0.35,0.0,1.0,0.7428474608439192,0.7159217889983149,Quantized
SOC,0.2,0.5,0.0,0.3,1.0,0.6597133278536865,1.955523680047394,Pruned
SOC,0.2,0.5,0.05,0.25,1.0,0.6719968006428131,1.7464150963139227,Pruned
SOC,0.2,0.5,0.1,0.2,1.0,0.6842802734319395,1.5373065125804513,Pruned
SOC,0.2,0.5,0.15,0.15,1.0,0.696563746221066,1.3281979288469796,Pruned
SOC,0.2,0.5,0.2,0.1,0.9999999999999999,0.7088472190101925,1.1190893451135082,Pruned
SOC,0.2,0.5,0.25,0.05,1.0,0.721130691799319,0.9099807613800368,Pruned
SOC,0.2,0.5,0.3,0.0,1.0,0.7334141645884454,0.7008721776465653,Quantized
SOC,0.2,0.55,0.0,0.25,1.0,0.6625635043873394,1.7313654849621731,Pruned
SOC,0.2,0.55,0.05,0.2,1.0,0.6748469771764658,1.5222569012287017,Pruned
SOC,0.2,0.55,0.1,0.15,1.0,0.6871304499655924,1.31314831749523,Pruned
SOC,0.2,0.55,0.15,0.1,1.0,0.6994139227547188,1.1040397337617587,Pruned
SOC,0.2,0.55,0.2,0.05,1.0,0.7116973955438453,0.8949311500282873,Pruned
SOC,0.2,0.55,0.25,0.0,1.0,0.7239808683329717,0.6858225662948157,Quantized
SOC,0.2,0.6,0.0,0.2,1.0,0.6654136809209921,1.507207289876952,Pruned
SOC,0.2,0.6,0.05,0.15,1.0,0.6776971537101186,1.2980987061434806,Pruned
SOC,0.2,0.6,0.1,0.1,1.0,0.6899806264992451,1.0889901224100091,Pruned
SOC,0.2,0.6,0.15,0.05,1.0,0.7022640992883715,0.8798815386765376,Pruned
SOC,0.2,0.6,0.2,0.0,1.0,0.7145475720774981,0.6707729549430661,Quantized
SOC,0.2,0.65,0.0,0.15,1.0,0.6682638574546449,1.283049094791731,Pruned
SOC,0.2,0.65,0.05,0.1,1.0000000000000002,0.6805473302437713,1.0739405110582596,Pruned
SOC,0.2,0.65,0.1,0.05,1.0,0.6928308030328979,0.8648319273247882,Pruned
SOC,0.2,0.65,0.15,0.0,1.0,0.7051142758220244,0.6557233435913167,Quantized
SOC,0.2,0.7,0.0,0.1,0.9999999999999999,0.6711140339882976,1.05889089970651,Pruned
SOC,0.2,0.7,0.05,0.05,1.0,0.6833975067774242,0.8497823159730384,Pruned
SOC,0.2,0.7,0.1,0.0,0.9999999999999999,0.6956809795665506,0.640673732239567,Quantized
SOC,0.2,0.75,0.0,0.05,1.0,0.6739642105219503,0.8347327046212889,Pruned
SOC,0.2,0.75,0.05,0.0,1.0,0.6862476833110768,0.6256241208878174,Quantized
SOC,0.2,0.8,0.0,0.0,1.0,0.6768143870556032,0.6105745095360678,Quantized
SOC,0.25,0.0,0.0,0.75,1.0,0.6461925143979448,3.999769389370778,Pruned
SOC,0.25,0.0,0.05,0.7,1.0,0.6584759871870713,3.7906608056373057,Pruned
SOC,0.25,0.0,0.1,0.65,1.0,0.6707594599761979,3.5815522219038347,Pruned
SOC,0.25,0.0,0.15,0.6,1.0,0.6830429327653242,3.372443638170363,Pruned
SOC,0.25,0.0,0.2,0.55,1.0,0.6953264055544508,3.163335054436892,Pruned
SOC,0.25,0.0,0.25,0.5,1.0,0.7076098783435774,2.95422647070342,Pruned
SOC,0.25,0.0,0.3,0.45,1.0,0.7198933511327037,2.7451178869699486,Pruned
SOC,0.25,0.0,0.35,0.4,1.0,0.7321768239218303,2.5360093032364777,Pruned
SOC,0.25,0.0,0.4,0.35,1.0,0.7444602967109567,2.326900719503006,Pruned
SOC,0.25,0.0,0.45,0.3,1.0,0.7567437695000832,2.1177921357695344,Pruned
SOC,0.25,0.0,0.5,0.25,1.0,0.7690272422892097,1.908683552036063,Pruned
SOC,0.25,0.0,0.55,0.2,1.0,0.7813107150783362,1.6995749683025916,Pruned
SOC,0.25,0.0,0.6,0.15,1.0,0.7935941878674627,1.49046638456912,Pruned
SOC,0.25,0.0,0.65,0.1,1.0,0.8058776606565891,1.2813578008356485,Pruned
SOC,0.25,0.0,0.7,0.05,1.0,0.8181611334457157,1.072249217102177,Pruned
SOC,0.25,0.0,0.75,0.0,1.0,0.8304446062348421,0.8631406333687055,Pruned
SOC,0.25,0.05,0.0,0.7,1.0,0.6490426909315976,3.775611194285556,Pruned
SOC,0.25,0.05,0.05,0.65,1.0,0.6613261637207242,3.566502610552085,Pruned
SOC,0.25,0.05,0.1,0.6,1.0,0.6736096365098505,3.3573940268186133,Pruned
SOC,0.25,0.05,0.15,0.55,1.0,0.6858931092989771,3.1482854430851424,Pruned
SOC,0.25,0.05,0.2,0.5,1.0,0.6981765820881036,2.9391768593516705,Pruned
SOC,0.25,0.05,0.25,0.45,1.0,0.7104600548772301,2.730068275618199,Pruned
SOC,0.25,0.05,0.3,0.4,1.0,0.7227435276663565,2.5209596918847277,Pruned
SOC,0.25,0.05,0.35,0.35,0.9999999999999999,0.735027000455483,2.311851108151256,Pruned
SOC,0.25,0.05,0.4,0.3,1.0,0.7473104732446095,2.102742524417785,Pruned
SOC,0.25,0.05,0.45,0.25,1.0,0.759593946033736,1.8936339406843135,Pruned
SOC,0.25,0.05,0.5,0.2,1.0,0.7718774188228624,1.684525356950842,Pruned
SOC,0.25,0.05,0.55,0.15,1.0,0.784160891611989,1.4754167732173704,Pruned
SOC,0.25,0.05,0.6,0.1,0.9999999999999999,0.7964443644011153,1.266308189483899,Pruned
SOC,0.25,0.05,0.65,0.05,1.0,0.808727837190242,1.0571996057504274,Pruned
SOC,0.25,0.05,0.7,0.0,1.0,0.8210113099793683,0.848091022016956,Pruned
SOC,0.25,0.1,0.0,0.65,1.0,0.6518928674652504,3.551452999200335,Pruned
SOC,0.25,0.1,0.05,0.6,1.0,0.6641763402543769,3.342344415466864,Pruned
SOC,0.25,0.1,0.1,0.55,1.0,0.6764598130435033,3.133235831733393,Pruned
SOC,0.25,0.1,0.15,0.5,1.0,0.6887432858326299,2.924127247999921,Pruned
SOC,0.25,0.1,0.2,0.45,1.0,0.7010267586217563,2.7150186642664496,Pruned
SOC,0.25,0.1,0.25,0.4,1.0,0.7133102314108828,2.5059100805329786,Pruned
SOC,0.25,0.1,0.3,0.35,0.9999999999999999,0.7255937042000092,2.2968014967995067,Pruned
SOC,0.25,0.1,0.35,0.3,1.0,0.7378771769891358,2.087692913066035,Pruned
SOC,0.25,0.1,0.4,0.25,1.0,0.7501606497782622,1.8785843293325637,Pruned
SOC,0.25,0.1,0.45,0.2,1.0,0.7624441225673887,1.6694757455990925,Pruned
SOC,0.25,0.1,0.5,0.15,1.0,0.7747275953565153,1.4603671618656207,Pruned
SOC,0.25,0.1,0.55,0.1,1.0,0.7870110681456417,1.2512585781321495,Pruned
SOC,0.25,0.1,0.6,0.05,1.0,0.7992945409347683,1.0421499943986778,Pruned
SOC,0.25,0.1,0.65,0.0,1.0,0.8115780137238946,0.8330414106652064,Pruned
SOC,0.25,0.15,0.0,0.6,1.0,0.654743043998903,3.3272948041151142,Pruned
SOC,0.25,0.15,0.05,0.55,1.0,0.6670265167880296,3.1181862203816433,Pruned
SOC,0.25,0.15,0.1,0.5,1.0,0.6793099895771562,2.9090776366481714,Pruned
SOC,0.25,0.15,0.15,0.45,1.0,0.6915934623662825,2.6999690529147,Pruned
SOC,0.25,0.15,0.2,0.4,1.0,0.7038769351554091,2.4908604691812286,Pruned
SOC,0.25,0.15,0.25,0.35,1.0,0.7161604079445355,2.2817518854477568,Pruned
SOC,0.25,0.15,0.3,0.3,1.0,0.728443880733662,2.0726433017142853,Pruned
SOC,0.25,0.15,0.35,0.25,1.0,0.7407273535227885,1.8635347179808142,Pruned
SOC,0.25,0.15,0.4,0.2,1.0,0.753010826311915,1.6544261342473428,Pruned
SOC,0.25,0.15,0.45,0.15,1.0,0.7652942991010415,1.4453175505138711,Pruned
SOC,0.25,0.15,0.5,0.1,1.0,0.7775777718901679,1.2362089667803997,Pruned
SOC,0.25,0.15,0.55,0.05,1.0,0.7898612446792945,1.0271003830469283,Pruned
SOC,0.25,0.15,0.6,0.0,1.0,0.8021447174684209,0.8179917993134568,Pruned
SOC,0.25,0.2,0.0,0.55,1.0,0.6575932205325559,3.1031366090298933,Pruned
SOC,0.25,0.2,0.05,0.5,1.0,0.6698766933216824,2.894028025296422,Pruned
SOC,0.25,0.2,0.1,0.45,1.0,0.6821601661108089,2.6849194415629505,Pruned
SOC,0.25,0.2,0.15,0.4,1.0,0.6944436388999353,2.475810857829479,Pruned
SOC,0.25,0.2,0.2,0.35,1.0,0.7067271116890618,2.266702274096007,Pruned
SOC,0.25,0.2,0.25,0.3,1.0,0.7190105844781882,2.057593690362536,Pruned
SOC,0.25,0.2,0.3,0.25,1.0,0.7312940572673148,1.8484851066290644,Pruned
SOC,0.25,0.2,0.35,0.2,1.0,0.7435775300564412,1.6393765228955932,Pruned
SOC,0.25,0.2,0.4,0.15,1.0,0.7558610028455678,1.4302679391621216,Pruned
SOC,0.25,0.2,0.45,0.1,1.0,0.7681444756346941,1.2211593554286502,Pruned
SOC,0.25,0.2,0.5,0.05,1.0,0.7804279484238208,1.0120507716951788,Pruned
SOC,0.25,0.2,0.55,0.0,1.0,0.7927114212129471,0.8029421879617072,Pruned
SOC,0.25,0.25,0.0,0.5,1.0,0.6604433970662087,2.8789784139446724,Pruned
SOC,0.25,0.25,0.05,0.45,1.0,0.6727268698553351,2.6698698302112005,Pruned
SOC,0.25,0.25,0.1,0.4,1.0,0.6850103426444616,2.4607612464777295,Pruned
SOC,0.25,0.25,0.15,0.35,1.0,0.697293815433588,2.2516526627442577,Pruned
SOC,0.25,0.25,0.2,0.3,1.0,0.7095772882227146,2.0425440790107863,Pruned
SOC,0.25,0.25,0.25,0.25,1.0,0.721860761011841,1.8334354952773149,Pruned
SOC,0.25,0.25,0.3,0.2,1.0,0.7341442338009675,1.6243269115438435,Pruned
SOC,0.25,0.25,0.35,0.15,1.0,0.746427706590094,1.415218327810372,Pruned
SOC,0.25,0.25,0.4,0.1,1.0,0.7587111793792205,1.2061097440769006,Pruned
SOC,0.25,0.25,0.45,0.05,1.0,0.7709946521683471,0.9970011603434291,Pruned
SOC,0.25,0.25,0.5,0.0,1.0,0.7832781249574734,0.7878925766099576,Pruned
SOC,0.25,0.3,0.0,0.45,1.0,0.6632935735998614,2.654820218859451,Pruned
SOC,0.25,0.3,0.05,0.4,1.0,0.6755770463889879,2.44571163512598,Pruned
SOC,0.25,0.3,0.1,0.35,1.0,0.6878605191781144,2.236603051392508,Pruned
SOC,0.25,0.3,0.15,0.3,1.0,0.7001439919672409,2.0274944676590367,Pruned
SOC,0.25,0.3,0.2,0.25,1.0,0.7124274647563673,1.8183858839255653,Pruned
SOC,0.25,0.3,0.25,0.2,1.0,0.7247109375454938,1.609277300192094,Pruned
SOC,0.25,0.3,0.3,0.15,1.0,0.7369944103346203,1.4001687164586225,Pruned
SOC,0.25,0.3,0.35,0.1,1.0,0.7492778831237468,1.191060132725151,Pruned
SOC,0.25,0.3,0.4,0.05,1.0,0.7615613559128733,0.9819515489916796,Pruned
SOC,0.25,0.3,0.45,0.0,1.0,0.7738448287019997,0.7728429652582081,Quantized
SOC,0.25,0.35,0.0,0.4,1.0,0.6661437501335141,2.4306620237742305,Pruned
SOC,0.25,0.35,0.05,0.35,1.0,0.6784272229226407,2.2215534400407586,Pruned
SOC,0.25,0.35,0.1,0.3,1.0,0.6907106957117671,2.012444856307287,Pruned
SOC,0.25,0.35,0.15,0.25,1.0,0.7029941685008936,1.8033362725738158,Pruned
SOC,0.25,0.35,0.2,0.2,1.0,0.7152776412900201,1.5942276888403444,Pruned
SOC,0.25,0.35,0.25,0.15,1.0,0.7275611140791466,1.3851191051068727,Pruned
SOC,0.25,0.35,0.3,0.1,0.9999999999999999,0.739844586868273,1.1760105213734016,Pruned
SOC,0.25,0.35,0.35,0.05,1.0,0.7521280596573996,0.9669019376399299,Pruned
SOC,0.25,0.35,0.4,0.0,1.0,0.764411532446526,0.7577933539064585,Quantized
SOC,0.25,0.4,0.0,0.35,1.0,0.668993926667167,2.206503828689009,Pruned
SOC,0.25,0.4,0.05,0.3,1.0,0.6812773994562934,1.9973952449555377,Pruned
SOC,0.25,0.4,0.1,0.25,1.0,0.69356087224542,1.7882866612220663,Pruned
SOC,0.25,0.4,0.15,0.2,1.0,0.7058443450345464,1.5791780774885948,Pruned
SOC,0.25,0.4,0.2,0.15,1.0,0.7181278178236729,1.3700694937551232,Pruned
SOC,0.25,0.4,0.25,0.1,1.0,0.7304112906127993,1.1609609100216518,Pruned
SOC,0.25,0.4,0.3,0.05,1.0,0.7426947634019259,0.9518523262881804,Pruned
SOC,0.25,0.4,0.35,0.0,1.0,0.7549782361910523,0.7427437425547089,Quantized
SOC,0.25,0.45,0.0,0.3,1.0,0.6718441032008197,1.9823456336037881,Pruned
SOC,0.25,0.45,0.05,0.25,1.0,0.6841275759899462,1.7732370498703167,Pruned
SOC,0.25,0.45,0.1,0.2,1.0,0.6964110487790727,1.5641284661368453,Pruned
SOC,0.25,0.45,0.15,0.15,1.0,0.7086945215681991,1.3550198824033737,Pruned
SOC,0.25,0.45,0.2,0.1,0.9999999999999999,0.7209779943573257,1.1459112986699023,Pruned
SOC,0.25,0.45,0.25,0.05,1.0,0.7332614671464521,0.9368027149364307,Pruned
SOC,0.25,0.45,0.3,0.0,1.0,0.7455449399355786,0.7276941312029593,Quantized
SOC,0.25,0.5,0.0,0.25,1.0,0.6746942797344724,1.7581874385185672,Pruned
SOC,0.25,0.5,0.05,0.2,1.0,0.6869777525235988,1.5490788547850958,Pruned
SOC,0.25,0.5,0.1,0.15,1.0,0.6992612253127254,1.3399702710516241,Pruned
SOC,0.25,0.5,0.15,0.1,1.0,0.7115446981018517,1.1308616873181527,Pruned
SOC,0.25,0.5,0.2,0.05,1.0,0.7238281708909784,0.9217531035846812,Pruned
SOC,0.25,0.5,0.25,0.0,1.0,0.7361116436801047,0.7126445198512097,Quantized
SOC,0.25,0.55,0.0,0.2,1.0,0.6775444562681252,1.5340292434333462,Pruned
SOC,0.25,0.55,0.05,0.15,1.0,0.6898279290572518,1.3249206596998744,Pruned
SOC,0.25,0.55,0.1,0.1,1.0,0.7021114018463782,1.1158120759664032,Pruned
SOC,0.25,0.55,0.15,0.05,1.0,0.7143948746355047,0.9067034922329317,Pruned
SOC,0.25,0.55,0.2,0.0,1.0,0.7266783474246312,0.6975949084994602,Quantized
SOC,0.25,0.6,0.0,0.15,1.0,0.6803946328017779,1.3098710483481248,Pruned
SOC,0.25,0.6,0.05,0.1,1.0,0.6926781055909044,1.1007624646146534,Pruned
SOC,0.25,0.6,0.1,0.05,1.0,0.7049615783800309,0.891653880881182,Pruned
SOC,0.25,0.6,0.15,0.0,1.0,0.7172450511691573,0.6825452971477105,Quantized
SOC,0.25,0.65,0.0,0.1,1.0,0.6832448093354307,1.085712853262904,Pruned
SOC,0.25,0.65,0.05,0.05,1.0,0.6955282821245573,0.8766042695294325,Pruned
SOC,0.25,0.65,0.1,0.0,1.0,0.7078117549136838,0.6674956857959611,Quantized
SOC,0.25,0.7,0.0,0.05,1.0,0.6860949858690835,0.8615546581776828,Pruned
SOC,0.25,0.7,0.05,0.0,1.0,0.6983784586582099,0.6524460744442113,Quantized
SOC,0.25,0.75,0.0,0.0,1.0,0.6889451624027362,0.6373964630924618,Quantized
SOC,0.3,0.0,0.0,0.7,1.0,0.6611734662787307,3.80243314784195,Pruned
SOC,0.3,0.0,0.05,0.65,1.0,0.6734569390678573,3.593324564108479,Pruned
SOC,0.3,0.0,0.1,0.6,1.0,0.6857404118569836,3.384215980375007,Pruned
SOC,0.3,0.0,0.15,0.55,1.0,0.6980238846461102,3.175107396641536,Pruned
SOC,0.3,0.0,0.2,0.5,1.0,0.7103073574352367,2.9659988129080648,Pruned
SOC,0.3,0.0,0.25,0.45,1.0,0.7225908302243631,2.756890229174593,Pruned
SOC,0.3,0.0,0.3,0.4,1.0,0.7348743030134897,2.547781645441122,Pruned
SOC,0.3,0.0,0.35,0.35,0.9999999999999999,0.7471577758026161,2.33867306170765,Pruned
SOC,0.3,0.0,0.4,0.3,1.0,0.7594412485917426,2.1295644779741787,Pruned
SOC,0.3,0.0,0.45,0.25,1.0,0.7717247213808691,1.9204558942407073,Pruned
SOC,0.3,0.0,0.5,0.2,1.0,0.7840081941699955,1.7113473105072359,Pruned
SOC,0.3,0.0,0.55,0.15,1.0,0.7962916669591221,1.5022387267737645,Pruned
SOC,0.3,0.0,0.6,0.1,0.9999999999999999,0.8085751397482485,1.293130143040293,Pruned
SOC,0.3,0.0,0.65,0.05,1.0,0.820858612537375,1.0840215593068216,Pruned
SOC,0.3,0.0,0.7,0.0,1.0,0.8331420853265015,0.87491297557335,Pruned
SOC,0.3,0.05,0.0,0.65,1.0,0.6640236428123836,3.5782749527567295,Pruned
SOC,0.3,0.05,0.05,0.6,1.0,0.6763071156015099,3.369166369023258,Pruned
SOC,0.3,0.05,0.1,0.55,1.0,0.6885905883906365,3.1600577852897866,Pruned
SOC,0.3,0.05,0.15,0.5,1.0,0.7008740611797629,2.9509492015563152,Pruned
SOC,0.3,0.05,0.2,0.45,1.0,0.7131575339688894,2.7418406178228434,Pruned
SOC,0.3,0.05,0.25,0.4,1.0,0.7254410067580159,2.5327320340893724,Pruned
SOC,0.3,0.05,0.3,0.35,0.9999999999999999,0.7377244795471424,2.3236234503559006,Pruned
SOC,0.3,0.05,0.35,0.3,1.0,0.7500079523362688,2.114514866622429,Pruned
SOC,0.3,0.05,0.4,0.25,1.0,0.7622914251253954,1.9054062828889577,Pruned
SOC,0.3,0.05,0.45,0.2,1.0,0.7745748979145217,1.6962976991554863,Pruned
SOC,0.3,0.05,0.5,0.15,1.0,0.7868583707036484,1.4871891154220147,Pruned
SOC,0.3,0.05,0.55,0.1,1.0,0.7991418434927747,1.2780805316885435,Pruned
SOC,0.3,0.05,0.6,0.05,1.0,0.8114253162819013,1.0689719479550719,Pruned
SOC,0.3,0.05,0.65,0.0,1.0,0.8237087890710277,0.8598633642216005,Pruned
SOC,0.3,0.1,0.0,0.6,1.0,0.6668738193460362,3.354116757671508,Pruned
SOC,0.3,0.1,0.05,0.55,1.0,0.6791572921351627,3.145008173938037,Pruned
SOC,0.3,0.1,0.1,0.5,1.0,0.6914407649242893,2.9358995902045653,Pruned
SOC,0.3,0.1,0.15,0.45,1.0,0.7037242377134156,2.726791006471094,Pruned
SOC,0.3,0.1,0.2,0.4,1.0,0.7160077105025422,2.517682422737623,Pruned
SOC,0.3,0.1,0.25,0.35,1.0,0.7282911832916686,2.308573839004151,Pruned
SOC,0.3,0.1,0.3,0.3,1.0,0.7405746560807951,2.0994652552706796,Pruned
SOC,0.3,0.1,0.35,0.25,1.0,0.7528581288699217,1.8903566715372082,Pruned
SOC,0.3,0.1,0.4,0.2,1.0,0.7651416016590481,1.6812480878037368,Pruned
SOC,0.3,0.1,0.45,0.15,1.0,0.7774250744481747,1.4721395040702652,Pruned
SOC,0.3,0.1,0.5,0.1,1.0,0.789708547237301,1.2630309203367938,Pruned
SOC,0.3,0.1,0.55,0.05,1.0,0.8019920200264277,1.0539223366033224,Pruned
SOC,0.3,0.1,0.6,0.0,1.0,0.814275492815554,0.8448137528698508,Pruned
SOC,0.3,0.15,0.0,0.55,1.0,0.669723995879689,3.1299585625862876,Pruned
SOC,0.3,0.15,0.05,0.5,1.0,0.6820074686688155,2.9208499788528157,Pruned
SOC,0.3,0.15,0.1,0.45,1.0,0.6942909414579419,2.7117413951193443,Pruned
SOC,0.3,0.15,0.15,0.4,1.0,0.7065744142470685,2.5026328113858733,Pruned
SOC,0.3,0.15,0.2,0.35,0.9999999999999999,0.7188578870361949,2.2935242276524015,Pruned
SOC,0.3,0.15,0.25,0.3,1.0,0.7311413598253214,2.0844156439189296,Pruned
SOC,0.3,0.15,0.3,0.25,1.0,0.7434248326144479,1.8753070601854587,Pruned
SOC,0.3,0.15,0.35,0.2,1.0,0.7557083054035743,1.6661984764519873,Pruned
SOC,0.3,0.15,0.4,0.15,1.0,0.7679917781927009,1.4570898927185156,Pruned
SOC,0.3,0.15,0.45,0.1,0.9999999999999999,0.7802752509818273,1.2479813089850442,Pruned
SOC,0.3,0.15,0.5,0.05,1.0,0.7925587237709538,1.0388727252515726,Pruned
SOC,0.3,0.15,0.55,0.0,1.0,0.8048421965600803,0.8297641415181012,Pruned
SOC,0.3,0.2,0.0,0.5,1.0,0.6725741724133418,2.905800367501066,Pruned
SOC,0.3,0.2,0.05,0.45,1.0,0.6848576452024683,2.6966917837675948,Pruned
SOC,0.3,0.2,0.1,0.4,1.0,0.6971411179915947,2.4875832000341234,Pruned
SOC,0.3,0.2,0.15,0.35,1.0,0.7094245907807212,2.2784746163006515,Pruned
SOC,0.3,0.2,0.2,0.3,1.0,0.7217080635698477,2.0693660325671805,Pruned
SOC,0.3,0.2,0.25,0.25,1.0,0.7339915363589742,1.860257448833709,Pruned
SOC,0.3,0.2,0.3,0.2,1.0,0.7462750091481006,1.6511488651002377,Pruned
SOC,0.3,0.2,0.35,0.15,1.0,0.7585584819372272,1.4420402813667659,Pruned
SOC,0.3,0.2,0.4,0.1,1.0,0.7708419547263536,1.2329316976332947,Pruned
SOC,0.3,0.2,0.45,0.05,1.0,0.7831254275154802,1.023823113899823,Pruned
SOC,0.3,0.2,0.5,0.0,1.0,0.7954089003046065,0.8147145301663516,Pruned
SOC,0.3,0.25,0.0,0.45,1.0,0.6754243489469944,2.6816421724158452,Pruned
SOC,0.3,0.25,0.05,0.4,1.0,0.687707821736121,2.472533588682374,Pruned
SOC,0.3,0.25,0.1,0.35,1.0,0.6999912945252474,2.2634250049489024,Pruned
SOC,0.3,0.25,0.15,0.3,1.0,0.7122747673143739,2.0543164212154306,Pruned
SOC,0.3,0.25,0.2,0.25,1.0,0.7245582401035005,1.8452078374819594,Pruned
SOC,0.3,0.25,0.25,0.2,1.0,0.7368417128926269,1.636099253748488,Pruned
SOC,0.3,0.25,0.3,0.15,1.0,0.7491251856817535,1.4269906700150163,Pruned
SOC,0.3,0.25,0.35,0.1,1.0,0.7614086584708798,1.217882086281545,Pruned
SOC,0.3,0.25,0.4,0.05,1.0,0.7736921312600065,1.0087735025480735,Pruned
SOC,0.3,0.25,0.45,0.0,1.0,0.7859756040491328,0.7996649188146021,Pruned
SOC,0.3,0.3,0.0,0.4,1.0,0.6782745254806473,2.4574839773306243,Pruned
SOC,0.3,0.3,0.05,0.35,1.0,0.6905579982697737,2.2483753935971524,Pruned
SOC,0.3,0.3,0.1,0.3,1.0,0.7028414710589002,2.0392668098636815,Pruned
SOC,0.3,0.3,0.15,0.25,1.0,0.7151249438480267,1.8301582261302098,Pruned
SOC,0.3,0.3,0.2,0.2,1.0,0.727408416637153,1.6210496423967384,Pruned
SOC,0.3,0.3,0.25,0.15,1.0,0.7396918894262796,1.4119410586632668,Pruned
SOC,0.3,0.3,0.3,0.1,0.9999999999999999,0.7519753622154061,1.2028324749297954,Pruned
SOC,0.3,0.3,0.35,0.05,1.0,0.7642588350045326,0.993723891196324,Pruned
SOC,0.3,0.3,0.4,0.0,1.0,0.7765423077936591,0.7846153074628526,Pruned
SOC,0.3,0.35,0.0,0.35,0.9999999999999999,0.6811247020143,2.233325782245403,Pruned
SOC,0.3,0.35,0.05,0.3,1.0,0.6934081748034264,2.0242171985119315,Pruned
SOC,0.3,0.35,0.1,0.25,0.9999999999999999,0.705691647592553,1.8151086147784603,Pruned
SOC,0.3,0.35,0.15,0.2,1.0,0.7179751203816793,1.606000031044989,Pruned
SOC,0.3,0.35,0.2,0.15,0.9999999999999999,0.730258593170806,1.3968914473115173,Pruned
SOC,0.3,0.35,0.25,0.1,0.9999999999999999,0.7425420659599323,1.1877828635780459,Pruned
SOC,0.3,0.35,0.3,0.05,1.0,0.7548255387490589,0.9786742798445744,Pruned
SOC,0.3,0.35,0.35,0.0,0.9999999999999999,0.7671090115381853,0.7695656961111029,Pruned
SOC,0.3,0.4,0.0,0.3,1.0,0.6839748785479528,2.009167587160182,Pruned
SOC,0.3,0.4,0.05,0.25,1.0,0.6962583513370794,1.8000590034267105,Pruned
SOC,0.3,0.4,0.1,0.2,1.0,0.7085418241262058,1.5909504196932394,Pruned
SOC,0.3,0.4,0.15,0.15,1.0,0.7208252969153323,1.3818418359597677,Pruned
SOC,0.3,0.4,0.2,0.1,0.9999999999999999,0.7331087697044588,1.1727332522262963,Pruned
SOC,0.3,0.4,0.25,0.05,1.0,0.7453922424935853,0.9636246684928248,Pruned
SOC,0.3,0.4,0.3,0.0,1.0,0.7576757152827117,0.7545160847593534,Quantized
SOC,0.3,0.45,0.0,0.25,1.0,0.6868250550816055,1.785009392074961,Pruned
SOC,0.3,0.45,0.05,0.2,1.0,0.699108527870732,1.5759008083414896,Pruned
SOC,0.3,0.45,0.1,0.15,1.0,0.7113920006598585,1.3667922246080182,Pruned
SOC,0.3,0.45,0.15,0.1,1.0,0.7236754734489849,1.1576836408745468,Pruned
SOC,0.3,0.45,0.2,0.05,1.0,0.7359589462381115,0.9485750571410753,Pruned
SOC,0.3,0.45,0.25,0.0,1.0,0.7482424190272379,0.7394664734076037,Quantized
SOC,0.3,0.5,0.0,0.2,1.0,0.6896752316152582,1.56085119698974,Pruned
SOC,0.3,0.5,0.05,0.15,1.0,0.7019587044043848,1.3517426132562684,Pruned
SOC,0.3,0.5,0.1,0.1,1.0,0.7142421771935112,1.1426340295227972,Pruned
SOC,0.3,0.5,0.15,0.05,1.0,0.7265256499826378,0.9335254457893256,Pruned
SOC,0.3,0.5,0.2,0.0,1.0,0.7388091227717641,0.7244168620558541,Quantized
SOC,0.3,0.55,0.0,0.15,1.0,0.6925254081489111,1.336693001904519,Pruned
SOC,0.3,0.55,0.05,0.1,1.0000000000000002,0.7048088809380375,1.1275844181710475,Pruned
SOC,0.3,0.55,0.1,0.05,1.0,0.7170923537271641,0.9184758344375761,Pruned
SOC,0.3,0.55,0.15,0.0,1.0,0.7293758265162904,0.7093672507041046,Quantized
SOC,0.3,0.6,0.0,0.1,0.9999999999999999,0.6953755846825637,1.112534806819298,Pruned
SOC,0.3,0.6,0.05,0.05,1.0,0.7076590574716902,0.9034262230858264,Pruned
SOC,0.3,0.6,0.1,0.0,0.9999999999999999,0.7199425302608167,0.694317639352355,Quantized
SOC,0.3,0.65,0.0,0.05,1.0,0.6982257612162166,0.8883766117340769,Pruned
SOC,0.3,0.65,0.05,0.0,1.0,0.710509234005343,0.6792680280006054,Quantized
SOC,0.3,0.7,0.0,0.0,1.0,0.7010759377498692,0.6642184166488558,Quantized
SOC,0.35,0.0,0.0,0.65,1.0,0.6761544181595166,3.6050969063131233,Pruned
SOC,0.35,0.0,0.05,0.6,1.0,0.688437890948643,3.395988322579652,Pruned
SOC,0.35,0.0,0.1,0.55,1.0,0.7007213637377696,3.1868797388461805,Pruned
SOC,0.35,0.0,0.15,0.5,1.0,0.713004836526896,2.977771155112709,Pruned
SOC,0.35,0.0,0.2,0.45,1.0,0.7252883093160225,2.768662571379237,Pruned
SOC,0.35,0.0,0.25,0.4,1.0,0.7375717821051491,2.5595539876457662,Pruned
SOC,0.35,0.0,0.3,0.35,0.9999999999999999,0.7498552548942755,2.3504454039122944,Pruned
SOC,0.35,0.0,0.35,0.3,1.0,0.7621387276834019,2.141336820178823,Pruned
SOC,0.35,0.0,0.4,0.25,1.0,0.7744222004725285,1.9322282364453518,Pruned
SOC,0.35,0.0,0.45,0.2,1.0,0.7867056732616549,1.7231196527118804,Pruned
SOC,0.35,0.0,0.5,0.15,1.0,0.7989891460507814,1.5140110689784088,Pruned
SOC,0.35,0.0,0.55,0.1,1.0,0.8112726188399079,1.3049024852449373,Pruned
SOC,0.35,0.0,0.6,0.05,1.0,0.8235560916290343,1.095793901511466,Pruned
SOC,0.35,0.0,0.65,0.0,1.0,0.8358395644181609,0.8866853177779944,Pruned
SOC,0.35,0.05,0.0,0.6,1.0,0.6790045946931693,3.3809387112279023,Pruned
SOC,0.35,0.05,0.05,0.55,1.0,0.6912880674822959,3.171830127494431,Pruned
SOC,0.35,0.05,0.1,0.5,1.0,0.7035715402714222,2.9627215437609595,Pruned
SOC,0.35,0.05,0.15,0.45,1.0,0.7158550130605488,2.753612960027488,Pruned
SOC,0.35,0.05,0.2,0.4,1.0,0.7281384858496753,2.5445043762940167,Pruned
SOC,0.35,0.05,0.25,0.35,0.9999999999999999,0.7404219586388018,2.335395792560545,Pruned
SOC,0.35,0.05,0.3,0.3,1.0,0.7527054314279281,2.1262872088270734,Pruned
SOC,0.35,0.05,0.35,0.25,1.0,0.7649889042170548,1.917178625093602,Pruned
SOC,0.35,0.05,0.4,0.2,1.0,0.7772723770061811,1.7080700413601309,Pruned
SOC,0.35,0.05,0.45,0.15,1.0,0.7895558497953077,1.4989614576266592,Pruned
SOC,0.35,0.05,0.5,0.1,0.9999999999999999,0.8018393225844341,1.2898528738931878,Pruned
SOC,0.35,0.05,0.55,0.05,1.0,0.8141227953735607,1.0807442901597164,Pruned
SOC,0.35,0.05,0.6,0.0,1.0,0.8264062681626871,0.8716357064262448,Pruned
SOC,0.35,0.1,0.0,0.55,1.0,0.6818547712268221,3.1567805161426814,Pruned
SOC,0.35,0.1,0.05,0.5,1.0,0.6941382440159486,2.94767193240921,Pruned
SOC,0.35,0.1,0.1,0.45,1.0,0.706421716805075,2.738563348675738,Pruned
SOC,0.35,0.1,0.15,0.4,1.0,0.7187051895942016,2.529454764942267,Pruned
SOC,0.35,0.1,0.2,0.35,0.9999999999999999,0.730988662383328,2.3203461812087953,Pruned
SOC,0.35,0.1,0.25,0.3,1.0,0.7432721351724545,2.111237597475324,Pruned
SOC,0.35,0.1,0.3,0.25,1.0,0.755555607961581,1.9021290137418525,Pruned
SOC,0.35,0.1,0.35,0.2,1.0,0.7678390807507074,1.693020430008381,Pruned
SOC,0.35,0.1,0.4,0.15,1.0,0.7801225535398341,1.4839118462749097,Pruned
SOC,0.35,0.1,0.45,0.1,0.9999999999999999,0.7924060263289604,1.2748032625414383,Pruned
SOC,0.35,0.1,0.5,0.05,1.0,0.804689499118087,1.0656946788079669,Pruned
SOC,0.35,0.1,0.55,0.0,1.0,0.8169729719072134,0.8565860950744952,Pruned
SOC,0.35,0.15,0.0,0.5,1.0,0.6847049477604747,2.9326223210574605,Pruned
SOC,0.35,0.15,0.05,0.45,1.0,0.6969884205496013,2.7235137373239886,Pruned
SOC,0.35,0.15,0.1,0.4,1.0,0.7092718933387279,2.5144051535905176,Pruned
SOC,0.35,0.15,0.15,0.35,1.0,0.7215553661278543,2.305296569857046,Pruned
SOC,0.35,0.15,0.2,0.3,1.0,0.7338388389169807,2.0961879861235744,Pruned
SOC,0.35,0.15,0.25,0.25,1.0,0.7461223117061072,1.887079402390103,Pruned
SOC,0.35,0.15,0.3,0.2,1.0,0.7584057844952337,1.6779708186566316,Pruned
SOC,0.35,0.15,0.35,0.15,1.0,0.7706892572843602,1.46886223492316,Pruned
SOC,0.35,0.15,0.4,0.1,1.0,0.7829727300734867,1.2597536511896887,Pruned
SOC,0.35,0.15,0.45,0.05,1.0,0.7952562028626131,1.0506450674562173,Pruned
SOC,0.35,0.15,0.5,0.0,1.0,0.8075396756517397,0.8415364837227457,Pruned
SOC,0.35,0.2,0.0,0.45,1.0,0.6875551242941276,2.708464125972239,Pruned
SOC,0.35,0.2,0.05,0.4,1.0,0.6998385970832541,2.499355542238768,Pruned
SOC,0.35,0.2,0.1,0.35,1.0,0.7121220698723806,2.2902469585052962,Pruned
SOC,0.35,0.2,0.15,0.3,1.0,0.7244055426615069,2.081138374771825,Pruned
SOC,0.35,0.2,0.2,0.25,1.0,0.7366890154506336,1.8720297910383534,Pruned
SOC,0.35,0.2,0.25,0.2,1.0,0.7489724882397599,1.662921207304882,Pruned
SOC,0.35,0.2,0.3,0.15,1.0,0.7612559610288865,1.4538126235714104,Pruned
SOC,0.35,0.2,0.35,0.1,1.0,0.7735394338180129,1.244704039837939,Pruned
SOC,0.35,0.2,0.4,0.05,1.0,0.7858229066071395,1.0355954561044676,Pruned
SOC,0.35,0.2,0.45,0.0,1.0,0.7981063793962659,0.8264868723709962,Pruned
SOC,0.35,0.25,0.0,0.4,1.0,0.6904053008277804,2.4843059308870186,Pruned
SOC,0.35,0.25,0.05,0.35,1.0,0.7026887736169068,2.2751973471535467,Pruned
SOC,0.35,0.25,0.1,0.3,1.0,0.7149722464060333,2.0660887634200753,Pruned
SOC,0.35,0.25,0.15,0.25,1.0,0.7272557191951599,1.856980179686604,Pruned
SOC,0.35,0.25,0.2,0.2,1.0,0.7395391919842862,1.6478715959531325,Pruned
SOC,0.35,0.25,0.25,0.15,1.0,0.7518226647734128,1.4387630122196609,Pruned
SOC,0.35,0.25,0.3,0.1,0.9999999999999999,0.7641061375625392,1.2296544284861894,Pruned
SOC,0.35,0.25,0.35,0.05,1.0,0.7763896103516658,1.0205458447527178,Pruned
SOC,0.35,0.25,0.4,0.0,1.0,0.7886730831407922,0.8114372610192465,Pruned
SOC,0.35,0.3,0.0,0.35,0.9999999999999999,0.6932554773614331,2.260147735801797,Pruned
SOC,0.35,0.3,0.05,0.3,1.0,0.7055389501505596,2.0510391520683253,Pruned
SOC,0.35,0.3,0.1,0.25,0.9999999999999999,0.7178224229396861,1.8419305683348544,Pruned
SOC,0.35,0.3,0.15,0.2,1.0,0.7301058957288125,1.632821984601383,Pruned
SOC,0.35,0.3,0.2,0.15,0.9999999999999999,0.7423893685179391,1.423713400867911,Pruned
SOC,0.35,0.3,0.25,0.1,0.9999999999999999,0.7546728413070655,1.21460481713444,Pruned
SOC,0.35,0.3,0.3,0.05,1.0,0.766956314096192,1.0054962334009683,Pruned
SOC,0.35,0.3,0.35,0.0,0.9999999999999999,0.7792397868853185,0.7963876496674969,Pruned
SOC,0.35,0.35,0.0,0.3,1.0,0.6961056538950858,2.0359895407165762,Pruned
SOC,0.35,0.35,0.05,0.25,1.0,0.7083891266842124,1.8268809569831046,Pruned
SOC,0.35,0.35,0.1,0.2,1.0,0.7206725994733388,1.6177723732496334,Pruned
SOC,0.35,0.35,0.15,0.15,1.0,0.7329560722624654,1.4086637895161616,Pruned
SOC,0.35,0.35,0.2,0.1,0.9999999999999999,0.7452395450515917,1.1995552057826901,Pruned
SOC,0.35,0.35,0.25,0.05,1.0,0.7575230178407183,0.9904466220492188,Pruned
SOC,0.35,0.35,0.3,0.0,1.0,0.7698064906298447,0.7813380383157473,Pruned
SOC,0.35,0.4,0.0,0.25,1.0,0.6989558304287387,1.811831345631355,Pruned
SOC,0.35,0.4,0.05,0.2,1.0,0.7112393032178651,1.6027227618978837,Pruned
SOC,0.35,0.4,0.1,0.15,1.0,0.7235227760069917,1.393614178164412,Pruned
SOC,0.35,0.4,0.15,0.1,1.0,0.735806248796118,1.1845055944309406,Pruned
SOC,0.35,0.4,0.2,0.05,1.0,0.7480897215852447,0.9753970106974692,Pruned
SOC,0.35,0.4,0.25,0.0,1.0,0.760373194374371,0.7662884269639978,Pruned
SOC,0.35,0.45,0.0,0.2,1.0,0.7018060069623913,1.5876731505461341,Pruned
SOC,0.35,0.45,0.05,0.15,1.0,0.7140894797515178,1.3785645668126625,Pruned
SOC,0.35,0.45,0.1,0.1,1.0,0.7263729525406443,1.169455983079191,Pruned
SOC,0.35,0.45,0.15,0.05,1.0,0.7386564253297707,0.9603473993457197,Pruned
SOC,0.35,0.45,0.2,0.0,1.0,0.7509398981188973,0.7512388156122481,Pruned
SOC,0.35,0.5,0.0,0.15,1.0,0.7046561834960442,1.363514955460913,Pruned
SOC,0.35,0.5,0.05,0.1,1.0,0.7169396562851706,1.1544063717274415,Pruned
SOC,0.35,0.5,0.1,0.05,1.0,0.7292231290742972,0.9452977879939701,Pruned
SOC,0.35,0.5,0.15,0.0,1.0,0.7415066018634235,0.7361892042604986,Quantized
SOC,0.35,0.55,0.0,0.1,1.0,0.7075063600296968,1.139356760375692,Pruned
SOC,0.35,0.55,0.05,0.05,1.0,0.7197898328188234,0.9302481766422205,Pruned
SOC,0.35,0.55,0.1,0.0,1.0,0.7320733056079498,0.7211395929087491,Quantized
SOC,0.35,0.6,0.0,0.05,1.0,0.7103565365633496,0.915198565290471,Pruned
SOC,0.35,0.6,0.05,0.0,1.0,0.7226400093524761,0.7060899815569994,Quantized
SOC,0.35,0.65,0.0,0.0,1.0,0.7132067130970023,0.6910403702052499,Quantized
SOC,0.4,0.0,0.0,0.6,1.0,0.6911353700403025,3.407760664784296,Pruned
SOC,0.4,0.0,0.05,0.55,1.0,0.703418842829429,3.198652081050825,Pruned
SOC,0.4,0.0,0.1,0.5,1.0,0.7157023156185556,2.9895434973173534,Pruned
SOC,0.4,0.0,0.15,0.45,1.0,0.7279857884076819,2.780434913583882,Pruned
SOC,0.4,0.0,0.2,0.4,1.0,0.7402692611968085,2.571326329850411,Pruned
SOC,0.4,0.0,0.25,0.35,1.0,0.7525527339859349,2.362217746116939,Pruned
SOC,0.4,0.0,0.3,0.3,1.0,0.7648362067750614,2.1531091623834677,Pruned
SOC,0.4,0.0,0.35,0.25,1.0,0.7771196795641879,1.9440005786499963,Pruned
SOC,0.4,0.0,0.4,0.2,1.0,0.7894031523533144,1.734891994916525,Pruned
SOC,0.4,0.0,0.45,0.15,1.0,0.8016866251424409,1.5257834111830533,Pruned
SOC,0.4,0.0,0.5,0.1,1.0,0.8139700979315673,1.3166748274495819,Pruned
SOC,0.4,0.0,0.55,0.05,1.0,0.8262535707206939,1.1075662437161102,Pruned
SOC,0.4,0.0,0.6,0.0,1.0,0.8385370435098203,0.8984576599826388,Pruned
SOC,0.4,0.05,0.0,0.55,1.0,0.6939855465739553,3.1836024696990757,Pruned
SOC,0.4,0.05,0.05,0.5,1.0,0.7062690193630818,2.974493885965604,Pruned
SOC,0.4,0.05,0.1,0.45,1.0,0.7185524921522083,2.7653853022321324,Pruned
SOC,0.4,0.05,0.15,0.4,1.0,0.7308359649413347,2.556276718498661,Pruned
SOC,0.4,0.05,0.2,0.35,1.0,0.7431194377304612,2.347168134765189,Pruned
SOC,0.4,0.05,0.25,0.3,1.0,0.7554029105195876,2.138059551031718,Pruned
SOC,0.4,0.05,0.3,0.25,1.0,0.7676863833087142,1.9289509672982468,Pruned
SOC,0.4,0.05,0.35,0.2,1.0,0.7799698560978406,1.7198423835647754,Pruned
SOC,0.4,0.05,0.4,0.15,1.0,0.7922533288869672,1.5107337998313037,Pruned
SOC,0.4,0.05,0.45,0.1,1.0,0.8045368016760935,1.3016252160978323,Pruned
SOC,0.4,0.05,0.5,0.05,1.0,0.8168202744652202,1.0925166323643607,Pruned
SOC,0.4,0.05,0.55,0.0,1.0,0.8291037472543465,0.8834080486308893,Pruned
SOC,0.4,0.1,0.0,0.5,1.0,0.6968357231076081,2.9594442746138543,Pruned
SOC,0.4,0.1,0.05,0.45,1.0,0.7091191958967346,2.750335690880383,Pruned
SOC,0.4,0.1,0.1,0.4,1.0,0.721402668685861,2.541227107146912,Pruned
SOC,0.4,0.1,0.15,0.35,1.0,0.7336861414749875,2.33211852341344,Pruned
SOC,0.4,0.1,0.2,0.3,1.0,0.745969614264114,2.123009939679968,Pruned
SOC,0.4,0.1,0.25,0.25,1.0,0.7582530870532405,1.913901355946497,Pruned
SOC,0.4,0.1,0.3,0.2,1.0,0.7705365598423669,1.7047927722130258,Pruned
SOC,0.4,0.1,0.35,0.15,1.0,0.7828200326314935,1.495684188479554,Pruned
SOC,0.4,0.1,0.4,0.1,1.0,0.7951035054206199,1.2865756047460828,Pruned
SOC,0.4,0.1,0.45,0.05,1.0,0.8073869782097465,1.0774670210126112,Pruned
SOC,0.4,0.1,0.5,0.0,1.0,0.8196704509988728,0.8683584372791397,Pruned
SOC,0.4,0.15,0.0,0.45,1.0,0.6996858996412607,2.7352860795286333,Pruned
SOC,0.4,0.15,0.05,0.4,1.0,0.7119693724303873,2.526177495795162,Pruned
SOC,0.4,0.15,0.1,0.35,1.0,0.7242528452195137,2.31706891206169,Pruned
SOC,0.4,0.15,0.15,0.3,1.0,0.7365363180086402,2.1079603283282187,Pruned
SOC,0.4,0.15,0.2,0.25,1.0,0.7488197907977667,1.8988517445947475,Pruned
SOC,0.4,0.15,0.25,0.2,1.0,0.7611032635868932,1.689743160861276,Pruned
SOC,0.4,0.15,0.3,0.15,1.0,0.7733867363760197,1.4806345771278044,Pruned
SOC,0.4,0.15,0.35,0.1,1.0,0.7856702091651461,1.271525993394333,Pruned
SOC,0.4,0.15,0.4,0.05,1.0,0.7979536819542727,1.0624174096608616,Pruned
SOC,0.4,0.15,0.45,0.0,1.0,0.8102371547433991,0.8533088259273902,Pruned
SOC,0.4,0.2,0.0,0.4,1.0,0.7025360761749135,2.5111278844434124,Pruned
SOC,0.4,0.2,0.05,0.35,1.0,0.7148195489640401,2.3020193007099405,Pruned
SOC,0.4,0.2,0.1,0.3,1.0,0.7271030217531665,2.092910716976469,Pruned
SOC,0.4,0.2,0.15,0.25,1.0,0.739386494542293,1.883802133242998,Pruned
SOC,0.4,0.2,0.2,0.2,1.0,0.7516699673314196,1.6746935495095265,Pruned
SOC,0.4,0.2,0.25,0.15,1.0,0.763953440120546,1.465584965776055,Pruned
SOC,0.4,0.2,0.3,0.1,1.0000000000000002,0.7762369129096724,1.2564763820425835,Pruned
SOC,0.4,0.2,0.35,0.05,1.0,0.788520385698799,1.047367798309112,Pruned
SOC,0.4,0.2,0.4,0.0,1.0,0.8008038584879255,0.8382592145756407,Pruned
SOC,0.4,0.25,0.0,0.35,1.0,0.7053862527085663,2.286969689358191,Pruned
SOC,0.4,0.25,0.05,0.3,1.0,0.7176697254976927,2.0778611056247196,Pruned
SOC,0.4,0.25,0.1,0.25,1.0,0.7299531982868193,1.8687525218912482,Pruned
SOC,0.4,0.25,0.15,0.2,1.0,0.7422366710759456,1.6596439381577768,Pruned
SOC,0.4,0.25,0.2,0.15,1.0,0.7545201438650723,1.4505353544243054,Pruned
SOC,0.4,0.25,0.25,0.1,1.0,0.7668036166541986,1.241426770690834,Pruned
SOC,0.4,0.25,0.3,0.05,1.0,0.7790870894433252,1.0323181869573625,Pruned
SOC,0.4,0.25,0.35,0.0,1.0,0.7913705622324516,0.8232096032238909,Pruned
SOC,0.4,0.3,0.0,0.3,1.0,0.708236429242219,2.06281149427297,Pruned
SOC,0.4,0.3,0.05,0.25,1.0,0.7205199020313455,1.8537029105394986,Pruned
SOC,0.4,0.3,0.1,0.2,1.0,0.732803374820472,1.6445943268060272,Pruned
SOC,0.4,0.3,0.15,0.15,1.0,0.7450868476095985,1.4354857430725558,Pruned
SOC,0.4,0.3,0.2,0.1,0.9999999999999999,0.7573703203987249,1.2263771593390844,Pruned
SOC,0.4,0.3,0.25,0.05,1.0,0.7696537931878514,1.017268575605613,Pruned
SOC,0.4,0.3,0.3,0.0,1.0,0.7819372659769779,0.8081599918721414,Pruned
SOC,0.4,0.35,0.0,0.25,1.0,0.7110866057758718,1.8386532991877491,Pruned
SOC,0.4,0.35,0.05,0.2,1.0,0.7233700785649982,1.6295447154542777,Pruned
SOC,0.4,0.35,0.1,0.15,1.0,0.7356535513541248,1.4204361317208063,Pruned
SOC,0.4,0.35,0.15,0.1,1.0,0.7479370241432511,1.2113275479873349,Pruned
SOC,0.4,0.35,0.2,0.05,1.0,0.7602204969323778,1.0022189642538633,Pruned
SOC,0.4,0.35,0.25,0.0,1.0,0.7725039697215041,0.7931103805203918,Pruned
SOC,0.4,0.4,0.0,0.2,1.0,0.7139367823095246,1.6144951041025282,Pruned
SOC,0.4,0.4,0.05,0.15,1.0,0.7262202550986512,1.4053865203690565,Pruned
SOC,0.4,0.4,0.1,0.1,1.0,0.7385037278877776,1.1962779366355853,Pruned
SOC,0.4,0.4,0.15,0.05,1.0,0.7507872006769041,0.9871693529021137,Pruned
SOC,0.4,0.4,0.2,0.0,1.0,0.7630706734660306,0.7780607691686422,Pruned
SOC,0.4,0.45,0.0,0.15,1.0,0.7167869588431773,1.390336909017307,Pruned
SOC,0.4,0.45,0.05,0.1,1.0000000000000002,0.7290704316323038,1.1812283252838356,Pruned
SOC,0.4,0.45,0.1,0.05,1.0,0.7413539044214303,0.9721197415503642,Pruned
SOC,0.4,0.45,0.15,0.0,1.0,0.7536373772105567,0.7630111578168927,Pruned
SOC,0.4,0.5,0.0,0.1,1.0,0.71963713537683,1.166178713932086,Pruned
SOC,0.4,0.5,0.05,0.05,1.0,0.7319206081659566,0.9570701301986145,Pruned
SOC,0.4,0.5,0.1,0.0,1.0,0.7442040809550831,0.7479615464651431,Pruned
SOC,0.4,0.55,0.0,0.05,1.0,0.7224873119104829,0.942020518846865,Pruned
SOC,0.4,0.55,0.05,0.0,1.0,0.7347707846996093,0.7329119351133935,Quantized
SOC,0.4,0.6,0.0,0.0,1.0,0.7253374884441355,0.7178623237616439,Quantized
SOC,0.45,0.0,0.0,0.55,1.0,0.7061163219210884,3.2104244232554695,Pruned
SOC,0.45,0.0,0.05,0.5,1.0,0.7183997947102149,3.001315839521998,Pruned
SOC,0.45,0.0,0.1,0.45,1.0,0.7306832674993413,2.7922072557885262,Pruned
SOC,0.45,0.0,0.15,0.4,1.0,0.7429667402884679,2.5830986720550553,Pruned
SOC,0.45,0.0,0.2,0.35,1.0,0.7552502130775943,2.3739900883215834,Pruned
SOC,0.45,0.0,0.25,0.3,1.0,0.7675336858667208,2.164881504588112,Pruned
SOC,0.45,0.0,0.3,0.25,1.0,0.7798171586558473,1.9557729208546406,Pruned
SOC,0.45,0.0,0.35,0.2,1.0,0.7921006314449737,1.7466643371211692,Pruned
SOC,0.45,0.0,0.4,0.15,1.0,0.8043841042341003,1.5375557533876978,Pruned
SOC,0.45,0.0,0.45,0.1,1.0,0.8166675770232267,1.3284471696542264,Pruned
SOC,0.45,0.0,0.5,0.05,1.0,0.8289510498123532,1.119338585920755,Pruned
SOC,0.45,0.0,0.55,0.0,1.0,0.8412345226014797,0.9102300021872833,Pruned
SOC,0.45,0.05,0.0,0.5,1.0,0.7089664984547411,2.9862662281702486,Pruned
SOC,0.45,0.05,0.05,0.45,1.0,0.7212499712438676,2.7771576444367767,Pruned
SOC,0.45,0.05,0.1,0.4,1.0,0.7335334440329941,2.5680490607033057,Pruned
SOC,0.45,0.05,0.15,0.35,1.0,0.7458169168221206,2.358940476969834,Pruned
SOC,0.45,0.05,0.2,0.3,1.0,0.758100389611247,2.1498318932363625,Pruned
SOC,0.45,0.05,0.25,0.25,1.0,0.7703838624003736,1.940723309502891,Pruned
SOC,0.45,0.05,0.3,0.2,1.0,0.7826673351894999,1.7316147257694197,Pruned
SOC,0.45,0.05,0.35,0.15,1.0,0.7949508079786266,1.522506142035948,Pruned
SOC,0.45,0.05,0.4,0.1,1.0,0.8072342807677529,1.3133975583024768,Pruned
SOC,0.45,0.05,0.45,0.05,1.0,0.8195177535568795,1.1042889745690054,Pruned
SOC,0.45,0.05,0.5,0.0,1.0,0.831801226346006,0.8951803908355338,Pruned
SOC,0.45,0.1,0.0,0.45,1.0,0.7118166749883938,2.762108033085027,Pruned
SOC,0.45,0.1,0.05,0.4,1.0,0.7241001477775204,2.5529994493515558,Pruned
SOC,0.45,0.1,0.1,0.35,1.0,0.7363836205666469,2.3438908656180844,Pruned
SOC,0.45,0.1,0.15,0.3,1.0,0.7486670933557733,2.134782281884613,Pruned
SOC,0.45,0.1,0.2,0.25,1.0,0.7609505661448999,1.9256736981511415,Pruned
SOC,0.45,0.1,0.25,0.2,1.0,0.7732340389340263,1.7165651144176701,Pruned
SOC,0.45,0.1,0.3,0.15,1.0,0.7855175117231529,1.5074565306841985,Pruned
SOC,0.45,0.1,0.35,0.1,1.0,0.7978009845122792,1.298347946950727,Pruned
SOC,0.45,0.1,0.4,0.05,1.0,0.8100844573014059,1.0892393632172555,Pruned
SOC,0.45,0.1,0.45,0.0,1.0,0.8223679300905322,0.8801307794837842,Pruned
SOC,0.45,0.15,0.0,0.4,1.0,0.7146668515220467,2.5379498379998067,Pruned
SOC,0.45,0.15,0.05,0.35,1.0,0.7269503243111731,2.328841254266335,Pruned
SOC,0.45,0.15,0.1,0.3,1.0,0.7392337971002996,2.1197326705328634,Pruned
SOC,0.45,0.15,0.15,0.25,1.0,0.7515172698894261,1.910624086799392,Pruned
SOC,0.45,0.15,0.2,0.2,1.0,0.7638007426785525,1.7015155030659206,Pruned
SOC,0.45,0.15,0.25,0.15,1.0,0.776084215467679,1.492406919332449,Pruned
SOC,0.45,0.15,0.3,0.1,0.9999999999999999,0.7883676882568055,1.2832983355989775,Pruned
SOC,0.45,0.15,0.35,0.05,1.0,0.800651161045932,1.074189751865506,Pruned
SOC,0.45,0.15,0.4,0.0,1.0,0.8129346338350585,0.8650811681320345,Pruned
SOC,0.45,0.2,0.0,0.35,1.0,0.7175170280556994,2.313791642914585,Pruned
SOC,0.45,0.2,0.05,0.3,1.0,0.7298005008448258,2.104683059181114,Pruned
SOC,0.45,0.2,0.1,0.25,1.0,0.7420839736339524,1.8955744754476425,Pruned
SOC,0.45,0.2,0.15,0.2,1.0,0.7543674464230787,1.686465891714171,Pruned
SOC,0.45,0.2,0.2,0.15,1.0,0.7666509192122054,1.4773573079806992,Pruned
SOC,0.45,0.2,0.25,0.1,1.0,0.7789343920013317,1.268248724247228,Pruned
SOC,0.45,0.2,0.3,0.05,1.0,0.7912178647904583,1.0591401405137564,Pruned
SOC,0.45,0.2,0.35,0.0,1.0,0.8035013375795848,0.850031556780285,Pruned
SOC,0.45,0.25,0.0,0.3,1.0,0.7203672045893521,2.089633447829364,Pruned
SOC,0.45,0.25,0.05,0.25,1.0,0.7326506773784787,1.8805248640958927,Pruned
SOC,0.45,0.25,0.1,0.2,1.0,0.7449341501676051,1.6714162803624215,Pruned
SOC,0.45,0.25,0.15,0.15,1.0,0.7572176229567317,1.4623076966289497,Pruned
SOC,0.45,0.25,0.2,0.1,0.9999999999999999,0.769501095745858,1.2531991128954783,Pruned
SOC,0.45,0.25,0.25,0.05,1.0,0.7817845685349846,1.0440905291620068,Pruned
SOC,0.45,0.25,0.3,0.0,1.0,0.794068041324111,0.8349819454285354,Pruned
SOC,0.45,0.3,0.0,0.25,1.0,0.7232173811230049,1.8654752527441432,Pruned
SOC,0.45,0.3,0.05,0.2,1.0,0.7355008539121314,1.6563666690106718,Pruned
SOC,0.45,0.3,0.1,0.15,1.0,0.7477843267012579,1.4472580852772001,Pruned
SOC,0.45,0.3,0.15,0.1,1.0,0.7600677994903843,1.2381495015437287,Pruned
SOC,0.45,0.3,0.2,0.05,1.0,0.772351272279511,1.0290409178102573,Pruned
SOC,0.45,0.3,0.25,0.0,1.0,0.7846347450686373,0.8199323340767859,Pruned
SOC,0.45,0.35,0.0,0.2,1.0,0.7260675576566576,1.6413170576589222,Pruned
SOC,0.45,0.35,0.05,0.15,1.0,0.7383510304457842,1.4322084739254506,Pruned
SOC,0.45,0.35,0.1,0.1,1.0,0.7506345032349107,1.2230998901919792,Pruned
SOC,0.45,0.35,0.15,0.05,1.0,0.7629179760240372,1.0139913064585078,Pruned
SOC,0.45,0.35,0.2,0.0,1.0,0.7752014488131636,0.8048827227250362,Pruned
SOC,0.45,0.4,0.0,0.15,1.0,0.7289177341903105,1.417158862573701,Pruned
SOC,0.45,0.4,0.05,0.1,1.0000000000000002,0.7412012069794369,1.2080502788402296,Pruned
SOC,0.45,0.4,0.1,0.05,1.0,0.7534846797685635,0.9989416951067582,Pruned
SOC,0.45,0.4,0.15,0.0,1.0,0.7657681525576898,0.7898331113732867,Pruned
SOC,0.45,0.45,0.0,0.1,1.0,0.7317679107239631,1.19300066748848,Pruned
SOC,0.45,0.45,0.05,0.05,1.0,0.7440513835130896,0.9838920837550086,Pruned
SOC,0.45,0.45,0.1,0.0,1.0,0.7563348563022161,0.7747835000215372,Pruned
SOC,0.45,0.5,0.0,0.05,1.0,0.734618087257616,0.968842472403259,Pruned
SOC,0.45,0.5,0.05,0.0,1.0,0.7469015600467425,0.7597338886697875,Pruned
SOC,0.45,0.55,0.0,0.0,1.0,0.7374682637912686,0.744684277318038,Pruned
SOC,0.5,0.0,0.0,0.5,1.0,0.7210972738018742,3.0130881817266424,Pruned
SOC,0.5,0.0,0.05,0.45,1.0,0.7333807465910007,2.8039795979931705,Pruned
SOC,0.5,0.0,0.1,0.4,1.0,0.7456642193801273,2.5948710142596996,Pruned
SOC,0.5,0.0,0.15,0.35,1.0,0.7579476921692537,2.3857624305262277,Pruned
SOC,0.5,0.0,0.2,0.3,1.0,0.7702311649583801,2.1766538467927563,Pruned
SOC,0.5,0.0,0.25,0.25,1.0,0.7825146377475066,1.9675452630592851,Pruned
SOC,0.5,0.0,0.3,0.2,1.0,0.7947981105366331,1.7584366793258137,Pruned
SOC,0.5,0.0,0.35,0.15,1.0,0.8070815833257596,1.549328095592342,Pruned
SOC,0.5,0.0,0.4,0.1,1.0,0.8193650561148861,1.3402195118588707,Pruned
SOC,0.5,0.0,0.45,0.05,1.0,0.8316485289040125,1.1311109281253993,Pruned
SOC,0.5,0.0,0.5,0.0,1.0,0.8439320016931391,0.9220023443919277,Pruned
SOC,0.5,0.05,0.0,0.45,1.0,0.723947450335527,2.7889299866414214,Pruned
SOC,0.5,0.05,0.05,0.4,1.0,0.7362309231246535,2.57982140290795,Pruned
SOC,0.5,0.05,0.1,0.35,1.0,0.74851439591378,2.370712819174478,Pruned
SOC,0.5,0.05,0.15,0.3,1.0,0.7607978687029063,2.1616042354410068,Pruned
SOC,0.5,0.05,0.2,0.25,1.0,0.773081341492033,1.9524956517075354,Pruned
SOC,0.5,0.05,0.25,0.2,1.0,0.7853648142811593,1.7433870679740642,Pruned
SOC,0.5,0.05,0.3,0.15,1.0,0.7976482870702859,1.5342784842405925,Pruned
SOC,0.5,0.05,0.35,0.1,1.0,0.8099317598594123,1.3251699005071211,Pruned
SOC,0.5,0.05,0.4,0.05,1.0,0.8222152326485389,1.1160613167736497,Pruned
SOC,0.5,0.05,0.45,0.0,1.0,0.8344987054376654,0.9069527330401782,Pruned
SOC,0.5,0.1,0.0,0.4,1.0,0.7267976268691798,2.5647717915562005,Pruned
SOC,0.5,0.1,0.05,0.35,1.0,0.7390810996583063,2.3556632078227286,Pruned
SOC,0.5,0.1,0.1,0.3,1.0,0.7513645724474327,2.1465546240892572,Pruned
SOC,0.5,0.1,0.15,0.25,1.0,0.7636480452365593,1.9374460403557858,Pruned
SOC,0.5,0.1,0.2,0.2,1.0,0.7759315180256856,1.7283374566223144,Pruned
SOC,0.5,0.1,0.25,0.15,1.0,0.7882149908148122,1.519228872888843,Pruned
SOC,0.5,0.1,0.3,0.1,0.9999999999999999,0.8004984636039386,1.3101202891553716,Pruned
SOC,0.5,0.1,0.35,0.05,1.0,0.8127819363930652,1.1010117054219002,Pruned
SOC,0.5,0.1,0.4,0.0,1.0,0.8250654091821916,0.8919031216884286,Pruned
SOC,0.5,0.15,0.0,0.35,1.0,0.7296478034028325,2.340613596470979,Pruned
SOC,0.5,0.15,0.05,0.3,1.0,0.741931276191959,2.1315050127375077,Pruned
SOC,0.5,0.15,0.1,0.25,1.0,0.7542147489810855,1.9223964290040363,Pruned
SOC,0.5,0.15,0.15,0.2,1.0,0.7664982217702119,1.7132878452705649,Pruned
SOC,0.5,0.15,0.2,0.15,1.0,0.7787816945593385,1.5041792615370935,Pruned
SOC,0.5,0.15,0.25,0.1,1.0,0.7910651673484649,1.295070677803622,Pruned
SOC,0.5,0.15,0.3,0.05,1.0,0.8033486401375914,1.0859620940701507,Pruned
SOC,0.5,0.15,0.35,0.0,1.0,0.8156321129267179,0.876853510336679,Pruned
SOC,0.5,0.2,0.0,0.3,1.0,0.7324979799364852,2.116455401385758,Pruned
SOC,0.5,0.2,0.05,0.25,1.0,0.7447814527256118,1.9073468176522868,Pruned
SOC,0.5,0.2,0.1,0.2,1.0,0.7570649255147383,1.6982382339188153,Pruned
SOC,0.5,0.2,0.15,0.15,1.0,0.7693483983038648,1.489129650185344,Pruned
SOC,0.5,0.2,0.2,0.1,0.9999999999999999,0.7816318710929911,1.2800210664518725,Pruned
SOC,0.5,0.2,0.25,0.05,1.0,0.7939153438821177,1.0709124827184011,Pruned
SOC,0.5,0.2,0.3,0.0,1.0,0.8061988166712442,0.8618038989849295,Pruned
SOC,0.5,0.25,0.0,0.25,1.0,0.7353481564701381,1.8922972063005372,Pruned
SOC,0.5,0.25,0.05,0.2,1.0,0.7476316292592645,1.6831886225670658,Pruned
SOC,0.5,0.25,0.1,0.15,1.0,0.7599151020483911,1.4740800388335944,Pruned
SOC,0.5,0.25,0.15,0.1,1.0,0.7721985748375174,1.264971455100123,Pruned
SOC,0.5,0.25,0.2,0.05,1.0,0.7844820476266441,1.0558628713666514,Pruned
SOC,0.5,0.25,0.25,0.0,1.0,0.7967655204157704,0.84675428763318,Pruned
SOC,0.5,0.3,0.0,0.2,1.0,0.7381983330037907,1.6681390112153163,Pruned
SOC,0.5,0.3,0.05,0.15,1.0,0.7504818057929172,1.4590304274818444,Pruned
SOC,0.5,0.3,0.1,0.1,1.0,0.7627652785820437,1.2499218437483732,Pruned
SOC,0.5,0.3,0.15,0.05,1.0,0.7750487513711701,1.0408132600149016,Pruned
SOC,0.5,0.3,0.2,0.0,1.0,0.7873322241602967,0.8317046762814302,Pruned
SOC,0.5,0.35,0.0,0.15,1.0,0.7410485095374435,1.4439808161300949,Pruned
SOC,0.5,0.35,0.05,0.1,1.0,0.75333198232657,1.2348722323966235,Pruned
SOC,0.5,0.35,0.1,0.05,1.0,0.7656154551156965,1.025763648663152,Pruned
SOC,0.5,0.35,0.15,0.0,1.0,0.777898927904823,0.8166550649296807,Pruned
SOC,0.5,0.4,0.0,0.1,1.0,0.7438986860710962,1.219822621044874,Pruned
SOC,0.5,0.4,0.05,0.05,1.0,0.7561821588602228,1.0107140373114025,Pruned
SOC,0.5,0.4,0.1,0.0,1.0,0.7684656316493492,0.8016054535779311,Pruned
SOC,0.5,0.45,0.0,0.05,1.0,0.746748862604749,0.995664425959653,Pruned
SOC,0.5,0.45,0.05,0.0,1.0,0.7590323353938755,0.7865558422261815,Pruned
SOC,0.5,0.5,0.0,0.0,1.0,0.7495990391384018,0.7715062308744319,Pruned
SOC,0.55,0.0,0.0,0.45,1.0,0.7360782256826601,2.8157519401978153,Pruned
SOC,0.55,0.0,0.05,0.4,1.0,0.7483616984717867,2.6066433564643443,Pruned
SOC,0.55,0.0,0.1,0.35,1.0,0.7606451712609131,2.3975347727308725,Pruned
SOC,0.55,0.0,0.15,0.3,1.0,0.7729286440500395,2.188426188997401,Pruned
SOC,0.55,0.0,0.2,0.25,1.0,0.7852121168391661,1.9793176052639296,Pruned
SOC,0.55,0.0,0.25,0.2,1.0,0.7974955896282925,1.7702090215304582,Pruned
SOC,0.55,0.0,0.3,0.15,1.0,0.809779062417419,1.5611004377969866,Pruned
SOC,0.55,0.0,0.35,0.1,1.0,0.8220625352065455,1.3519918540635152,Pruned
SOC,0.55,0.0,0.4,0.05,1.0,0.834346007995672,1.1428832703300436,Pruned
SOC,0.55,0.0,0.45,0.0,1.0,0.8466294807847985,0.9337746865965723,Pruned
SOC,0.55,0.05,0.0,0.4,1.0,0.738928402216313,2.5915937451125943,Pruned
SOC,0.55,0.05,0.05,0.35,1.0,0.7512118750054394,2.3824851613791225,Pruned
SOC,0.55,0.05,0.1,0.3,1.0,0.7634953477945658,2.1733765776456515,Pruned
SOC,0.55,0.05,0.15,0.25,1.0,0.7757788205836924,1.96426799391218,Pruned
SOC,0.55,0.05,0.2,0.2,1.0,0.7880622933728187,1.7551594101787087,Pruned
SOC,0.55,0.05,0.25,0.15,1.0,0.8003457661619453,1.546050826445237,Pruned
SOC,0.55,0.05,0.3,0.1,1.0000000000000002,0.8126292389510718,1.3369422427117656,Pruned
SOC,0.55,0.05,0.35,0.05,1.0,0.8249127117401983,1.127833658978294,Pruned
SOC,0.55,0.05,0.4,0.0,1.0,0.8371961845293248,0.9187250752448226,Pruned
SOC,0.55,0.1,0.0,0.35,1.0,0.7417785787499657,2.3674355500273734,Pruned
SOC,0.55,0.1,0.05,0.3,1.0,0.7540620515390921,2.1583269662939015,Pruned
SOC,0.55,0.1,0.1,0.25,1.0,0.7663455243282187,1.9492183825604306,Pruned
SOC,0.55,0.1,0.15,0.2,1.0,0.778628997117345,1.7401097988269592,Pruned
SOC,0.55,0.1,0.2,0.15,1.0,0.7909124699064717,1.5310012150934873,Pruned
SOC,0.55,0.1,0.25,0.1,1.0,0.803195942695598,1.3218926313600161,Pruned
SOC,0.55,0.1,0.3,0.05,1.0,0.8154794154847246,1.1127840476265445,Pruned
SOC,0.55,0.1,0.35,0.0,1.0,0.827762888273851,0.9036754638930731,Pruned
SOC,0.55,0.15,0.0,0.3,1.0,0.7446287552836184,2.1432773549421524,Pruned
SOC,0.55,0.15,0.05,0.25,1.0,0.7569122280727449,1.9341687712086808,Pruned
SOC,0.55,0.15,0.1,0.2,1.0,0.7691957008618714,1.7250601874752096,Pruned
SOC,0.55,0.15,0.15,0.15,1.0,0.781479173650998,1.5159516037417378,Pruned
SOC,0.55,0.15,0.2,0.1,1.0000000000000002,0.7937626464401243,1.3068430200082664,Pruned
SOC,0.55,0.15,0.25,0.05,1.0,0.8060461192292508,1.097734436274795,Pruned
SOC,0.55,0.15,0.3,0.0,1.0,0.8183295920183773,0.8886258525413235,Pruned
SOC,0.55,0.2,0.0,0.25,1.0,0.7474789318172712,1.9191191598569313,Pruned
SOC,0.55,0.2,0.05,0.2,1.0,0.7597624046063977,1.7100105761234599,Pruned
SOC,0.55,0.2,0.1,0.15,1.0,0.7720458773955242,1.5009019923899882,Pruned
SOC,0.55,0.2,0.15,0.1,1.0,0.7843293501846506,1.2917934086565168,Pruned
SOC,0.55,0.2,0.2,0.05,1.0,0.7966128229737772,1.0826848249230454,Pruned
SOC,0.55,0.2,0.25,0.0,1.0,0.8088962957629036,0.873576241189574,Pruned
SOC,0.55,0.25,0.0,0.2,1.0,0.7503291083509238,1.6949609647717103,Pruned
SOC,0.55,0.25,0.05,0.15,1.0,0.7626125811400504,1.4858523810382387,Pruned
SOC,0.55,0.25,0.1,0.1,1.0,0.7748960539291768,1.2767437973047673,Pruned
SOC,0.55,0.25,0.15,0.05,1.0,0.7871795267183033,1.0676352135712959,Pruned
SOC,0.55,0.25,0.2,0.0,1.0,0.7994629995074298,0.8585266298378244,Pruned
SOC,0.55,0.3,0.0,0.15,1.0,0.7531792848845766,1.4708027696864892,Pruned
SOC,0.55,0.3,0.05,0.1,1.0000000000000002,0.7654627576737031,1.2616941859530177,Pruned
SOC,0.55,0.3,0.1,0.05,1.0,0.7777462304628296,1.0525856022195463,Pruned
SOC,0.55,0.3,0.15,0.0,1.0,0.7900297032519561,0.8434770184860747,Pruned
SOC,0.55,0.35,0.0,0.1,1.0,0.7560294614182294,1.2466445746012682,Pruned
SOC,0.55,0.35,0.05,0.05,1.0,0.7683129342073559,1.0375359908677966,Pruned
SOC,0.55,0.35,0.1,0.0,1.0,0.7805964069964824,0.8284274071343252,Pruned
SOC,0.55,0.4,0.0,0.05,1.0,0.7588796379518823,1.022486379516047,Pruned
SOC,0.55,0.4,0.05,0.0,1.0,0.7711631107410087,0.8133777957825755,Pruned
SOC,0.55,0.45,0.0,0.0,1.0,0.7617298144855349,0.798328184430826,Pruned
SOC,0.6,0.0,0.0,0.4,1.0,0.7510591775634459,2.6184156986689886,Pruned
SOC,0.6,0.0,0.05,0.35,1.0,0.7633426503525724,2.4093071149355167,Pruned
SOC,0.6,0.0,0.1,0.3,1.0,0.7756261231416989,2.2001985312020453,Pruned
SOC,0.6,0.0,0.15,0.25,1.0,0.7879095959308253,1.991089947468574,Pruned
SOC,0.6,0.0,0.2,0.2,1.0,0.8001930687199519,1.7819813637351025,Pruned
SOC,0.6,0.0,0.25,0.15,1.0,0.8124765415090783,1.5728727800016309,Pruned
SOC,0.6,0.0,0.3,0.1,0.9999999999999999,0.8247600142982048,1.3637641962681597,Pruned
SOC,0.6,0.0,0.35,0.05,1.0,0.8370434870873313,1.154655612534688,Pruned
SOC,0.6,0.0,0.4,0.0,1.0,0.8493269598764578,0.9455470288012167,Pruned
SOC,0.6,0.05,0.0,0.35,1.0,0.7539093540970987,2.394257503583767,Pruned
SOC,0.6,0.05,0.05,0.3,1.0,0.7661928268862251,2.185148919850296,Pruned
SOC,0.6,0.05,0.1,0.25,1.0,0.7784762996753517,1.9760403361168244,Pruned
SOC,0.6,0.05,0.15,0.2,1.0,0.7907597724644782,1.766931752383353,Pruned
SOC,0.6,0.05,0.2,0.15,1.0,0.8030432452536046,1.5578231686498814,Pruned
SOC,0.6,0.05,0.25,0.1,1.0,0.815326718042731,1.34871458491641,Pruned
SOC,0.6,0.05,0.3,0.05,1.0,0.8276101908318576,1.1396060011829385,Pruned
SOC,0.6,0.05,0.35,0.0,1.0,0.839893663620984,0.930497417449467,Pruned
SOC,0.6,0.1,0.0,0.3,1.0,0.7567595306307514,2.1700993084985463,Pruned
SOC,0.6,0.1,0.05,0.25,1.0,0.769043003419878,1.9609907247650749,Pruned
SOC,0.6,0.1,0.1,0.2,1.0,0.7813264762090044,1.7518821410316034,Pruned
SOC,0.6,0.1,0.15,0.15,1.0,0.7936099489981309,1.5427735572981318,Pruned
SOC,0.6,0.1,0.2,0.1,0.9999999999999999,0.8058934217872574,1.3336649735646604,Pruned
SOC,0.6,0.1,0.25,0.05,1.0,0.8181768945763839,1.1245563898311888,Pruned
SOC,0.6,0.1,0.3,0.0,1.0,0.8304603673655103,0.9154478060977175,Pruned
SOC,0.6,0.15,0.0,0.25,1.0,0.7596097071644042,1.9459411134133253,Pruned
SOC,0.6,0.15,0.05,0.2,1.0,0.7718931799535307,1.736832529679854,Pruned
SOC,0.6,0.15,0.1,0.15,1.0,0.7841766527426572,1.5277239459463823,Pruned
SOC,0.6,0.15,0.15,0.1,1.0,0.7964601255317837,1.3186153622129109,Pruned
SOC,0.6,0.15,0.2,0.05,1.0,0.8087435983209101,1.1095067784794392,Pruned
SOC,0.6,0.15,0.25,0.0,1.0,0.8210270711100366,0.9003981947459678,Pruned
SOC,0.6,0.2,0.0,0.2,1.0,0.762459883698057,1.7217829183281044,Pruned
SOC,0.6,0.2,0.05,0.15,1.0,0.7747433564871835,1.5126743345946325,Pruned
SOC,0.6,0.2,0.1,0.1,1.0,0.78702682927631,1.3035657508611613,Pruned
SOC,0.6,0.2,0.15,0.05,1.0,0.7993103020654364,1.0944571671276897,Pruned
SOC,0.6,0.2,0.2,0.0,1.0,0.811593774854563,0.8853485833942183,Pruned
SOC,0.6,0.25,0.0,0.15,1.0,0.7653100602317097,1.497624723242883,Pruned
SOC,0.6,0.25,0.05,0.1,1.0,0.7775935330208361,1.2885161395094116,Pruned
SOC,0.6,0.25,0.1,0.05,1.0,0.7898770058099627,1.0794075557759402,Pruned
SOC,0.6,0.25,0.15,0.0,1.0,0.802160478599089,0.8702989720424686,Pruned
SOC,0.6,0.3,0.0,0.1,0.9999999999999999,0.7681602367653624,1.273466528157662,Pruned
SOC,0.6,0.3,0.05,0.05,1.0,0.7804437095544889,1.0643579444241906,Pruned
SOC,0.6,0.3,0.1,0.0,0.9999999999999999,0.7927271823436154,0.8552493606907191,Pruned
SOC,0.6,0.35,0.0,0.05,1.0,0.7710104132990152,1.049308333072441,Pruned
SOC,0.6,0.35,0.05,0.0,1.0,0.7832938860881417,0.8401997493389695,Pruned
SOC,0.6,0.4,0.0,0.0,1.0,0.773860589832668,0.8251501379872199,Pruned
SOC,0.65,0.0,0.0,0.35,1.0,0.7660401294442318,2.421079457140161,Pruned
SOC,0.65,0.0,0.05,0.3,1.0,0.7783236022333583,2.2119708734066896,Pruned
SOC,0.65,0.0,0.1,0.25,1.0,0.7906070750224848,2.002862289673218,Pruned
SOC,0.65,0.0,0.15,0.2,1.0,0.8028905478116113,1.793753705939747,Pruned
SOC,0.65,0.0,0.2,0.15,1.0,0.8151740206007377,1.5846451222062754,Pruned
SOC,0.65,0.0,0.25,0.1,1.0,0.8274574933898642,1.375536538472804,Pruned
SOC,0.65,0.0,0.3,0.05,1.0,0.8397409661789907,1.1664279547393326,Pruned
SOC,0.65,0.0,0.35,0.0,1.0,0.8520244389681172,0.9573193710058611,Pruned
SOC,0.65,0.05,0.0,0.3,1.0,0.7688903059778845,2.19692126205494,Pruned
SOC,0.65,0.05,0.05,0.25,1.0,0.7811737787670111,1.9878126783214687,Pruned
SOC,0.65,0.05,0.1,0.2,1.0,0.7934572515561376,1.7787040945879975,Pruned
SOC,0.65,0.05,0.15,0.15,1.0,0.805740724345264,1.5695955108545259,Pruned
SOC,0.65,0.05,0.2,0.1,1.0000000000000002,0.8180241971343906,1.3604869271210545,Pruned
SOC,0.65,0.05,0.25,0.05,1.0,0.830307669923517,1.151378343387583,Pruned
SOC,0.65,0.05,0.3,0.0,1.0,0.8425911427126435,0.9422697596541115,Pruned
SOC,0.65,0.1,0.0,0.25,1.0,0.7717404825115374,1.9727630669697191,Pruned
SOC,0.65,0.1,0.05,0.2,1.0,0.7840239553006638,1.7636544832362477,Pruned
SOC,0.65,0.1,0.1,0.15,1.0,0.7963074280897904,1.5545458995027763,Pruned
SOC,0.65,0.1,0.15,0.1,1.0,0.8085909008789168,1.345437315769305,Pruned
SOC,0.65,0.1,0.2,0.05,1.0,0.8208743736680433,1.1363287320358335,Pruned
SOC,0.65,0.1,0.25,0.0,1.0,0.8331578464571697,0.9272201483023619,Pruned
SOC,0.65,0.15,0.0,0.2,1.0,0.7745906590451901,1.7486048718844982,Pruned
SOC,0.65,0.15,0.05,0.15,1.0,0.7868741318343166,1.5394962881510268,Pruned
SOC,0.65,0.15,0.1,0.1,1.0,0.7991576046234431,1.3303877044175554,Pruned
SOC,0.65,0.15,0.15,0.05,1.0,0.8114410774125695,1.121279120684084,Pruned
SOC,0.65,0.15,0.2,0.0,1.0,0.8237245502016961,0.9121705369506123,Pruned
SOC,0.65,0.2,0.0,0.15,1.0,0.7774408355788429,1.5244466767992773,Pruned
SOC,0.65,0.2,0.05,0.1,1.0000000000000002,0.7897243083679694,1.3153380930658058,Pruned
SOC,0.65,0.2,0.1,0.05,1.0,0.8020077811570959,1.1062295093323344,Pruned
SOC,0.65,0.2,0.15,0.0,1.0,0.8142912539462224,0.8971209255988628,Pruned
SOC,0.65,0.25,0.0,0.1,1.0,0.7802910121124956,1.300288481714056,Pruned
SOC,0.65,0.25,0.05,0.05,1.0,0.7925744849016222,1.0911798979805845,Pruned
SOC,0.65,0.25,0.1,0.0,1.0,0.8048579576907486,0.8820713142471132,Pruned
SOC,0.65,0.3,0.0,0.05,1.0,0.7831411886461483,1.076130286628835,Pruned
SOC,0.65,0.3,0.05,0.0,1.0,0.7954246614352748,0.8670217028953635,Pruned
SOC,0.65,0.35,0.0,0.0,1.0,0.7859913651798011,0.851972091543614,Pruned
SOC,0.7,0.0,0.0,0.3,1.0,0.7810210813250176,2.223743215611334,Pruned
SOC,0.7,0.0,0.05,0.25,1.0,0.7933045541141441,2.014634631877863,Pruned
SOC,0.7,0.0,0.1,0.2,1.0,0.8055880269032706,1.8055260481443915,Pruned
SOC,0.7,0.0,0.15,0.15,1.0,0.8178714996923971,1.5964174644109197,Pruned
SOC,0.7,0.0,0.2,0.1,0.9999999999999999,0.8301549724815235,1.3873088806774483,Pruned
SOC,0.7,0.0,0.25,0.05,1.0,0.84243844527065,1.1782002969439769,Pruned
SOC,0.7,0.0,0.3,0.0,1.0,0.8547219180597765,0.9690917132105055,Pruned
SOC,0.7,0.05,0.0,0.25,1.0,0.7838712578586704,1.9995850205261132,Pruned
SOC,0.7,0.05,0.05,0.2,1.0,0.7961547306477968,1.7904764367926418,Pruned
SOC,0.7,0.05,0.1,0.15,1.0,0.8084382034369234,1.5813678530591702,Pruned
SOC,0.7,0.05,0.15,0.1,1.0,0.8207216762260497,1.3722592693256987,Pruned
SOC,0.7,0.05,0.2,0.05,1.0,0.8330051490151764,1.1631506855922273,Pruned
SOC,0.7,0.05,0.25,0.0,1.0,0.8452886218043028,0.9540421018587559,Pruned
SOC,0.7,0.1,0.0,0.2,1.0,0.7867214343923231,1.7754268254408923,Pruned
SOC,0.7,0.1,0.05,0.15,1.0,0.7990049071814497,1.5663182417074206,Pruned
SOC,0.7,0.1,0.1,0.1,0.9999999999999999,0.8112883799705761,1.3572096579739492,Pruned
SOC,0.7,0.1,0.15,0.05,1.0,0.8235718527597027,1.1481010742404778,Pruned
SOC,0.7,0.1,0.2,0.0,1.0,0.835855325548829,0.9389924905070063,Pruned
SOC,0.7,0.15,0.0,0.15,1.0,0.7895716109259759,1.551268630355671,Pruned
SOC,0.7,0.15,0.05,0.1,1.0,0.8018550837151024,1.3421600466221997,Pruned
SOC,0.7,0.15,0.1,0.05,1.0,0.814138556504229,1.1330514628887283,Pruned
SOC,0.7,0.15,0.15,0.0,1.0,0.8264220292933553,0.9239428791552567,Pruned
SOC,0.7,0.2,0.0,0.1,0.9999999999999999,0.7924217874596287,1.3271104352704501,Pruned
SOC,0.7,0.2,0.05,0.05,1.0,0.8047052602487552,1.1180018515369787,Pruned
SOC,0.7,0.2,0.1,0.0,0.9999999999999999,0.8169887330378817,0.9088932678035072,Pruned
SOC,0.7,0.25,0.0,0.05,1.0,0.7952719639932815,1.1029522401852292,Pruned
SOC,0.7,0.25,0.05,0.0,1.0,0.8075554367824079,0.8938436564517576,Pruned
SOC,0.7,0.3,0.0,0.0,1.0,0.7981221405269341,0.8787940451000079,Pruned
SOC,0.75,0.0,0.0,0.25,1.0,0.7960020332058035,2.0264069740825073,Pruned
SOC,0.75,0.0,0.05,0.2,1.0,0.80828550599493,1.8172983903490358,Pruned
SOC,0.75,0.0,0.1,0.15,1.0,0.8205689787840565,1.6081898066155644,Pruned
SOC,0.75,0.0,0.15,0.1,1.0,0.8328524515731829,1.399081222882093,Pruned
SOC,0.75,0.0,0.2,0.05,1.0,0.8451359243623096,1.1899726391486214,Pruned
SOC,0.75,0.0,0.25,0.0,1.0,0.8574193971514359,0.98086405541515,Pruned
SOC,0.75,0.05,0.0,0.2,1.0,0.7988522097394563,1.8022487789972863,Pruned
SOC,0.75,0.05,0.05,0.15,1.0,0.8111356825285828,1.5931401952638147,Pruned
SOC,0.75,0.05,0.1,0.1,1.0,0.8234191553177093,1.3840316115303435,Pruned
SOC,0.75,0.05,0.15,0.05,1.0,0.8357026281068358,1.1749230277968719,Pruned
SOC,0.75,0.05,0.2,0.0,1.0,0.8479861008959622,0.9658144440634003,Pruned
SOC,0.75,0.1,0.0,0.15,1.0,0.8017023862731091,1.5780905839120651,Pruned
SOC,0.75,0.1,0.05,0.1,1.0,0.8139858590622355,1.3689820001785937,Pruned
SOC,0.75,0.1,0.1,0.05,1.0,0.8262693318513621,1.1598734164451223,Pruned
SOC,0.75,0.1,0.15,0.0,1.0,0.8385528046404884,0.9507648327116508,Pruned
SOC,0.75,0.15,0.0,0.1,1.0,0.8045525628067618,1.3539323888268442,Pruned
SOC,0.75,0.15,0.05,0.05,1.0,0.8168360355958884,1.1448238050933726,Pruned
SOC,0.75,0.15,0.1,0.0,1.0,0.8291195083850148,0.9357152213599013,Pruned
SOC,0.75,0.2,0.0,0.05,1.0,0.8074027393404146,1.129774193741623,Pruned
SOC,0.75,0.2,0.05,0.0,1.0,0.8196862121295411,0.9206656100081516,Pruned
SOC,0.75,0.25,0.0,0.0,1.0,0.8102529158740672,0.9056159986564021,Pruned
SOC,0.8,0.0,0.0,0.2,1.0,0.8109829850865895,1.8290707325536804,Pruned
SOC,0.8,0.0,0.05,0.15,1.0,0.8232664578757161,1.6199621488202087,Pruned
SOC,0.8,0.0,0.1,0.1,1.0,0.8355499306648425,1.4108535650867373,Pruned
SOC,0.8,0.0,0.15,0.05,1.0,0.847833403453969,1.201744981353266,Pruned
SOC,0.8,0.0,0.2,0.0,1.0,0.8601168762430955,0.9926363976197944,Pruned
SOC,0.8,0.05,0.0,0.15,1.0,0.8138331616202423,1.6049125374684592,Pruned
SOC,0.8,0.05,0.05,0.1,1.0000000000000002,0.8261166344093688,1.3958039537349878,Pruned
SOC,0.8,0.05,0.1,0.05,1.0,0.8384001071984953,1.1866953700015164,Pruned
SOC,0.8,0.05,0.15,0.0,1.0,0.8506835799876218,0.9775867862680448,Pruned
SOC,0.8,0.1,0.0,0.1,1.0,0.816683338153895,1.3807543423832382,Pruned
SOC,0.8,0.1,0.05,0.05,1.0,0.8289668109430216,1.1716457586497668,Pruned
SOC,0.8,0.1,0.1,0.0,1.0,0.841250283732148,0.9625371749162953,Pruned
SOC,0.8,0.15,0.0,0.05,1.0,0.8195335146875479,1.1565961472980173,Pruned
SOC,0.8,0.15,0.05,0.0,1.0,0.8318169874766743,0.9474875635645457,Pruned
SOC,0.8,0.2,0.0,0.0,1.0,0.8223836912212006,0.9324379522127961,Pruned
SOC,0.85,0.0,0.0,0.15,1.0,0.8259639369673754,1.631734491024853,Pruned
SOC,0.85,0.0,0.05,0.1,1.0,0.8382474097565018,1.4226259072913816,Pruned
SOC,0.85,0.0,0.1,0.05,1.0,0.8505308825456284,1.2135173235579102,Pruned
SOC,0.85,0.0,0.15,0.0,1.0,0.8628143553347547,1.0044087398244388,Pruned
SOC,0.85,0.05,0.0,0.1,1.0,0.8288141135010281,1.407576295939632,Pruned
SOC,0.85,0.05,0.05,0.05,1.0,0.8410975862901546,1.1984677122061607,Pruned
SOC,0.85,0.05,0.1,0.0,1.0,0.8533810590792811,0.9893591284726893,Pruned
SOC,0.85,0.1,0.0,0.05,1.0,0.8316642900346809,1.1834181008544111,Pruned
SOC,0.85,0.1,0.05,0.0,1.0,0.8439477628238073,0.9743095171209396,Pruned
SOC,0.85,0.15,0.0,0.0,1.0,0.8345144665683336,0.9592599057691901,Pruned
SOC,0.9,0.0,0.0,0.1,1.0,0.8409448888481612,1.4343982494960263,Pruned
SOC,0.9,0.0,0.05,0.05,1.0,0.8532283616372878,1.2252896657625547,Pruned
SOC,0.9,0.0,0.1,0.0,1.0,0.8655118344264142,1.0161810820290833,Pruned
SOC,0.9,0.05,0.0,0.05,1.0,0.843795065381814,1.2102400544108052,Pruned
SOC,0.9,0.05,0.05,0.0,1.0,0.8560785381709405,1.0011314706773338,Pruned
SOC,0.9,0.1,0.0,0.0,1.0,0.8466452419154668,0.9860818593255841,Pruned
SOC,0.95,0.0,0.0,0.05,1.0,0.8559258407289471,1.2370620079671992,Pruned
SOC,0.95,0.0,0.05,0.0,1.0,0.8682093135180735,1.0279534242337276,Pruned
SOC,0.95,0.05,0.0,0.0,1.0,0.8587760172625998,1.012903812881978,Pruned
SOC,1.0,0.0,0.0,0.0,1.0,0.8709067926097329,1.0397257664383721,Pruned
SOH,0.0,0.0,0.0,1.0,1.0,0.5597138828234103,1.284802851564721,Pruned
SOH,0.0,0.0,0.05,0.95,1.0,0.5717911383225275,1.2591418456771322,Pruned
SOH,0.0,0.0,0.1,0.9,1.0,0.5838683938216448,1.2334808397895438,Pruned
SOH,0.0,0.0,0.15,0.85,1.0,0.595945649320762,1.2078198339019552,Pruned
SOH,0.0,0.0,0.2,0.8,1.0,0.6080229048198793,1.182158828014367,Pruned
SOH,0.0,0.0,0.25,0.75,1.0,0.6201001603189966,1.156497822126778,Pruned
SOH,0.0,0.0,0.3,0.7,1.0,0.6321774158181138,1.1308368162391895,Pruned
SOH,0.0,0.0,0.35,0.65,1.0,0.644254671317231,1.105175810351601,Pruned
SOH,0.0,0.0,0.4,0.6,1.0,0.6563319268163483,1.0795148044640124,Pruned
SOH,0.0,0.0,0.45,0.55,1.0,0.6684091823154656,1.0538537985764238,Pruned
SOH,0.0,0.0,0.5,0.5,1.0,0.6804864378145828,1.0281927926888352,Pruned
SOH,0.0,0.0,0.55,0.45,1.0,0.6925636933137,1.0025317868012467,Pruned
SOH,0.0,0.0,0.6,0.4,1.0,0.7046409488128174,0.9768707809136582,Pruned
SOH,0.0,0.0,0.65,0.35,1.0,0.7167182043119347,0.9512097750260695,Pruned
SOH,0.0,0.0,0.7,0.3,1.0,0.7287954598110518,0.9255487691384809,Pruned
SOH,0.0,0.0,0.75,0.25,1.0,0.7408727153101691,0.8998877632508925,Pruned
SOH,0.0,0.0,0.8,0.2,1.0,0.7529499708092865,0.874226757363304,Pruned
SOH,0.0,0.0,0.85,0.15,1.0,0.7650272263084036,0.8485657514757152,Pruned
SOH,0.0,0.0,0.9,0.1,1.0,0.7771044818075209,0.8229047455881268,Pruned
SOH,0.0,0.0,0.95,0.05,1.0,0.7891817373066381,0.7972437397005382,Pruned
SOH,0.0,0.0,1.0,0.0,1.0,0.8012589928057554,0.7715827338129496,Quantized
SOH,0.0,0.05,0.0,0.95,1.0,0.560084679176494,1.2426072508306774,Pruned
SOH,0.0,0.05,0.05,0.9,1.0,0.5721619346756113,1.2169462449430888,Pruned
SOH,0.0,0.05,0.1,0.85,1.0,0.5842391901747286,1.1912852390555004,Pruned
SOH,0.0,0.05,0.15,0.8,1.0,0.5963164456738458,1.1656242331679119,Pruned
SOH,0.0,0.05,0.2,0.75,1.0,0.6083937011729631,1.1399632272803233,Pruned
SOH,0.0,0.05,0.25,0.7,1.0,0.6204709566720803,1.1143022213927347,Pruned
SOH,0.0,0.05,0.3,0.65,1.0,0.6325482121711976,1.0886412155051461,Pruned
SOH,0.0,0.05,0.35,0.6,1.0,0.6446254676703147,1.0629802096175573,Pruned
SOH,0.0,0.05,0.4,0.55,1.0,0.6567027231694321,1.037319203729969,Pruned
SOH,0.0,0.05,0.45,0.5,1.0,0.6687799786685493,1.0116581978423804,Pruned
SOH,0.0,0.05,0.5,0.45,1.0,0.6808572341676666,0.9859971919547917,Pruned
SOH,0.0,0.05,0.55,0.4,1.0,0.6929344896667838,0.9603361860672033,Pruned
SOH,0.0,0.05,0.6,0.35,1.0,0.7050117451659011,0.9346751801796146,Pruned
SOH,0.0,0.05,0.65,0.3,1.0,0.7170890006650184,0.9090141742920261,Pruned
SOH,0.0,0.05,0.7,0.25,1.0,0.7291662561641356,0.8833531684044376,Pruned
SOH,0.0,0.05,0.75,0.2,1.0,0.7412435116632529,0.857692162516849,Pruned
SOH,0.0,0.05,0.8,0.15,1.0,0.7533207671623702,0.8320311566292604,Pruned
SOH,0.0,0.05,0.85,0.1,1.0,0.7653980226614874,0.8063701507416718,Pruned
SOH,0.0,0.05,0.9,0.05,1.0,0.7774752781606046,0.7807091448540833,Pruned
SOH,0.0,0.05,0.95,0.0,1.0,0.7895525336597219,0.7550481389664947,Quantized
SOH,0.0,0.1,0.0,0.9,1.0,0.5604554755295778,1.200411650096634,Pruned
SOH,0.0,0.1,0.05,0.85,1.0,0.5725327310286951,1.1747506442090454,Pruned
SOH,0.0,0.1,0.1,0.8,1.0,0.5846099865278124,1.149089638321457,Pruned
SOH,0.0,0.1,0.15,0.75,1.0,0.5966872420269296,1.1234286324338683,Pruned
SOH,0.0,0.1,0.2,0.7,1.0,0.6087644975260469,1.0977676265462797,Pruned
SOH,0.0,0.1,0.25,0.65,1.0,0.6208417530251642,1.0721066206586911,Pruned
SOH,0.0,0.1,0.3,0.6,1.0,0.6329190085242813,1.0464456147711025,Pruned
SOH,0.0,0.1,0.35,0.55,1.0,0.6449962640233986,1.020784608883514,Pruned
SOH,0.0,0.1,0.4,0.5,1.0,0.6570735195225159,0.9951236029959254,Pruned
SOH,0.0,0.1,0.45,0.45,1.0,0.6691507750216331,0.9694625971083368,Pruned
SOH,0.0,0.1,0.5,0.4,1.0,0.6812280305207504,0.9438015912207484,Pruned
SOH,0.0,0.1,0.55,0.35,1.0,0.6933052860198676,0.9181405853331597,Pruned
SOH,0.0,0.1,0.6,0.3,1.0,0.7053825415189848,0.8924795794455711,Pruned
SOH,0.0,0.1,0.65,0.25,1.0,0.7174597970181021,0.8668185735579825,Pruned
SOH,0.0,0.1,0.7,0.2,1.0,0.7295370525172193,0.841157567670394,Pruned
SOH,0.0,0.1,0.75,0.15,1.0,0.7416143080163365,0.8154965617828054,Pruned
SOH,0.0,0.1,0.8,0.1,1.0,0.753691563515454,0.7898355558952169,Pruned
SOH,0.0,0.1,0.85,0.05,1.0,0.7657688190145711,0.7641745500076282,Quantized
SOH,0.0,0.1,0.9,0.0,1.0,0.7778460745136884,0.7385135441200397,Quantized
SOH,0.0,0.15,0.0,0.85,1.0,0.5608262718826615,1.1582160493625904,Pruned
SOH,0.0,0.15,0.05,0.8,1.0,0.5729035273817789,1.132555043475002,Pruned
SOH,0.0,0.15,0.1,0.75,1.0,0.5849807828808962,1.1068940375874132,Pruned
SOH,0.0,0.15,0.15,0.7,1.0,0.5970580383800134,1.0812330316998247,Pruned
SOH,0.0,0.15,0.2,0.65,1.0,0.6091352938791307,1.0555720258122363,Pruned
SOH,0.0,0.15,0.25,0.6,1.0,0.6212125493782479,1.0299110199246475,Pruned
SOH,0.0,0.15,0.3,0.55,1.0,0.6332898048773652,1.004250014037059,Pruned
SOH,0.0,0.15,0.35,0.5,1.0,0.6453670603764823,0.9785890081494705,Pruned
SOH,0.0,0.15,0.4,0.45,1.0,0.6574443158755996,0.9529280022618819,Pruned
SOH,0.0,0.15,0.45,0.4,1.0,0.6695215713747169,0.9272669963742934,Pruned
SOH,0.0,0.15,0.5,0.35,1.0,0.6815988268738341,0.9016059904867048,Pruned
SOH,0.0,0.15,0.55,0.3,1.0,0.6936760823729514,0.8759449845991162,Pruned
SOH,0.0,0.15,0.6,0.25,1.0,0.7057533378720686,0.8502839787115276,Pruned
SOH,0.0,0.15,0.65,0.2,1.0,0.717830593371186,0.8246229728239391,Pruned
SOH,0.0,0.15,0.7,0.15,1.0,0.7299078488703031,0.7989619669363505,Pruned
SOH,0.0,0.15,0.75,0.1,1.0,0.7419851043694204,0.773300961048762,Pruned
SOH,0.0,0.15,0.8,0.05,1.0,0.7540623598685378,0.7476399551611734,Quantized
SOH,0.0,0.15,0.85,0.0,1.0,0.766139615367655,0.7219789492735847,Quantized
SOH,0.0,0.2,0.0,0.8,1.0,0.5611970682357453,1.116020448628547,Pruned
SOH,0.0,0.2,0.05,0.75,1.0,0.5732743237348626,1.0903594427409584,Pruned
SOH,0.0,0.2,0.1,0.7,1.0,0.5853515792339798,1.0646984368533698,Pruned
SOH,0.0,0.2,0.15,0.65,1.0,0.5974288347330972,1.0390374309657813,Pruned
SOH,0.0,0.2,0.2,0.6,1.0,0.6095060902322144,1.0133764250781927,Pruned
SOH,0.0,0.2,0.25,0.55,1.0,0.6215833457313317,0.9877154191906041,Pruned
SOH,0.0,0.2,0.3,0.5,1.0,0.6336606012304489,0.9620544133030156,Pruned
SOH,0.0,0.2,0.35,0.45,1.0,0.6457378567295662,0.936393407415427,Pruned
SOH,0.0,0.2,0.4,0.4,1.0,0.6578151122286835,0.9107324015278384,Pruned
SOH,0.0,0.2,0.45,0.35,1.0,0.6698923677278007,0.8850713956402498,Pruned
SOH,0.0,0.2,0.5,0.3,1.0,0.6819696232269179,0.8594103897526613,Pruned
SOH,0.0,0.2,0.55,0.25,1.0,0.6940468787260352,0.8337493838650727,Pruned
SOH,0.0,0.2,0.6,0.2,1.0,0.7061241342251524,0.8080883779774841,Pruned
SOH,0.0,0.2,0.65,0.15,1.0,0.7182013897242697,0.7824273720898955,Pruned
SOH,0.0,0.2,0.7,0.1,0.9999999999999999,0.7302786452233869,0.7567663662023071,Pruned
SOH,0.0,0.2,0.75,0.05,1.0,0.7423559007225041,0.7311053603147185,Quantized
SOH,0.0,0.2,0.8,0.0,1.0,0.7544331562216215,0.7054443544271299,Quantized
SOH,0.0,0.25,0.0,0.75,1.0,0.5615678645888291,1.0738248478945034,Pruned
SOH,0.0,0.25,0.05,0.7,1.0,0.5736451200879464,1.0481638420069148,Pruned
SOH,0.0,0.25,0.1,0.65,1.0,0.5857223755870637,1.0225028361193265,Pruned
SOH,0.0,0.25,0.15,0.6,1.0,0.5977996310861808,0.9968418302317377,Pruned
SOH,0.0,0.25,0.2,0.55,1.0,0.6098768865852982,0.9711808243441492,Pruned
SOH,0.0,0.25,0.25,0.5,1.0,0.6219541420844155,0.9455198184565605,Pruned
SOH,0.0,0.25,0.3,0.45,1.0,0.6340313975835326,0.919858812568972,Pruned
SOH,0.0,0.25,0.35,0.4,1.0,0.6461086530826499,0.8941978066813835,Pruned
SOH,0.0,0.25,0.4,0.35,1.0,0.6581859085817672,0.8685368007937948,Pruned
SOH,0.0,0.25,0.45,0.3,1.0,0.6702631640808844,0.8428757949062062,Pruned
SOH,0.0,0.25,0.5,0.25,1.0,0.6823404195800017,0.8172147890186178,Pruned
SOH,0.0,0.25,0.55,0.2,1.0,0.694417675079119,0.7915537831310293,Pruned
SOH,0.0,0.25,0.6,0.15,1.0,0.7064949305782361,0.7658927772434405,Pruned
SOH,0.0,0.25,0.65,0.1,1.0,0.7185721860773535,0.740231771355852,Pruned
SOH,0.0,0.25,0.7,0.05,1.0,0.7306494415764706,0.7145707654682635,Quantized
SOH,0.0,0.25,0.75,0.0,1.0,0.7427266970755879,0.6889097595806749,Quantized
SOH,0.0,0.3,0.0,0.7,1.0,0.5619386609419129,1.0316292471604598,Pruned
SOH,0.0,0.3,0.05,0.65,1.0,0.5740159164410302,1.0059682412728714,Pruned
SOH,0.0,0.3,0.1,0.6,1.0,0.5860931719401474,0.9803072353852826,Pruned
SOH,0.0,0.3,0.15,0.55,1.0,0.5981704274392647,0.9546462294976942,Pruned
SOH,0.0,0.3,0.2,0.5,1.0,0.6102476829383819,0.9289852236101056,Pruned
SOH,0.0,0.3,0.25,0.45,1.0,0.6223249384374991,0.903324217722517,Pruned
SOH,0.0,0.3,0.3,0.4,1.0,0.6344021939366165,0.8776632118349286,Pruned
SOH,0.0,0.3,0.35,0.35,0.9999999999999999,0.6464794494357337,0.85200220594734,Pruned
SOH,0.0,0.3,0.4,0.3,1.0,0.658556704934851,0.8263412000597514,Pruned
SOH,0.0,0.3,0.45,0.25,1.0,0.6706339604339682,0.8006801941721627,Pruned
SOH,0.0,0.3,0.5,0.2,1.0,0.6827112159330855,0.7750191882845743,Pruned
SOH,0.0,0.3,0.55,0.15,1.0,0.6947884714322027,0.7493581823969856,Pruned
SOH,0.0,0.3,0.6,0.1,0.9999999999999999,0.70686572693132,0.7236971765093971,Pruned
SOH,0.0,0.3,0.65,0.05,1.0,0.7189429824304372,0.6980361706218086,Quantized
SOH,0.0,0.3,0.7,0.0,1.0,0.7310202379295544,0.67237516473422,Quantized
SOH,0.0,0.35,0.0,0.65,1.0,0.5623094572949967,0.9894336464264164,Pruned
SOH,0.0,0.35,0.05,0.6,1.0,0.5743867127941139,0.9637726405388278,Pruned
SOH,0.0,0.35,0.1,0.55,1.0,0.5864639682932311,0.9381116346512393,Pruned
SOH,0.0,0.35,0.15,0.5,1.0,0.5985412237923484,0.9124506287636507,Pruned
SOH,0.0,0.35,0.2,0.45,1.0,0.6106184792914657,0.8867896228760621,Pruned
SOH,0.0,0.35,0.25,0.4,1.0,0.6226957347905829,0.8611286169884736,Pruned
SOH,0.0,0.35,0.3,0.35,0.9999999999999999,0.6347729902897001,0.835467611100885,Pruned
SOH,0.0,0.35,0.35,0.3,1.0,0.6468502457888173,0.8098066052132964,Pruned
SOH,0.0,0.35,0.4,0.25,1.0,0.6589275012879348,0.7841455993257078,Pruned
SOH,0.0,0.35,0.45,0.2,1.0,0.671004756787052,0.7584845934381192,Pruned
SOH,0.0,0.35,0.5,0.15,1.0,0.6830820122861692,0.7328235875505307,Pruned
SOH,0.0,0.35,0.55,0.1,1.0,0.6951592677852865,0.7071625816629422,Pruned
SOH,0.0,0.35,0.6,0.05,1.0,0.7072365232844037,0.6815015757753536,Quantized
SOH,0.0,0.35,0.65,0.0,1.0,0.719313778783521,0.655840569887765,Quantized
SOH,0.0,0.4,0.0,0.6,1.0,0.5626802536480804,0.9472380456923728,Pruned
SOH,0.0,0.4,0.05,0.55,1.0,0.5747575091471977,0.9215770398047843,Pruned
SOH,0.0,0.4,0.1,0.5,1.0,0.586834764646315,0.8959160339171958,Pruned
SOH,0.0,0.4,0.15,0.45,1.0,0.5989120201454322,0.8702550280296072,Pruned
SOH,0.0,0.4,0.2,0.4,1.0,0.6109892756445495,0.8445940221420187,Pruned
SOH,0.0,0.4,0.25,0.35,1.0,0.6230665311436667,0.81893301625443,Pruned
SOH,0.0,0.4,0.3,0.3,1.0,0.6351437866427839,0.7932720103668414,Pruned
SOH,0.0,0.4,0.35,0.25,1.0,0.6472210421419012,0.7676110044792529,Pruned
SOH,0.0,0.4,0.4,0.2,1.0,0.6592982976410185,0.7419499985916644,Pruned
SOH,0.0,0.4,0.45,0.15,1.0,0.6713755531401358,0.7162889927040758,Pruned
SOH,0.0,0.4,0.5,0.1,1.0,0.6834528086392531,0.6906279868164873,Pruned
SOH,0.0,0.4,0.55,0.05,1.0,0.6955300641383703,0.6649669809288987,Quantized
SOH,0.0,0.4,0.6,0.0,1.0,0.7076073196374875,0.63930597504131,Quantized
SOH,0.0,0.45,0.0,0.55,1.0,0.5630510500011643,0.9050424449583294,Pruned
SOH,0.0,0.45,0.05,0.5,1.0,0.5751283055002815,0.8793814390707408,Pruned
SOH,0.0,0.45,0.1,0.45,1.0,0.5872055609993987,0.8537204331831523,Pruned
SOH,0.0,0.45,0.15,0.4,1.0,0.599282816498516,0.8280594272955637,Pruned
SOH,0.0,0.45,0.2,0.35,1.0,0.6113600719976333,0.8023984214079751,Pruned
SOH,0.0,0.45,0.25,0.3,1.0,0.6234373274967505,0.7767374155203866,Pruned
SOH,0.0,0.45,0.3,0.25,1.0,0.6355145829958677,0.751076409632798,Pruned
SOH,0.0,0.45,0.35,0.2,1.0,0.647591838494985,0.7254154037452094,Pruned
SOH,0.0,0.45,0.4,0.15,1.0,0.6596690939941022,0.6997543978576208,Pruned
SOH,0.0,0.45,0.45,0.1,1.0,0.6717463494932195,0.6740933919700323,Pruned
SOH,0.0,0.45,0.5,0.05,1.0,0.6838236049923367,0.6484323860824438,Quantized
SOH,0.0,0.45,0.55,0.0,1.0,0.695900860491454,0.6227713801948551,Quantized
SOH,0.0,0.5,0.0,0.5,1.0,0.563421846354248,0.8628468442242858,Pruned
SOH,0.0,0.5,0.05,0.45,1.0,0.5754991018533653,0.8371858383366972,Pruned
SOH,0.0,0.5,0.1,0.4,1.0,0.5875763573524825,0.8115248324491088,Pruned
SOH,0.0,0.5,0.15,0.35,1.0,0.5996536128515997,0.7858638265615201,Pruned
SOH,0.0,0.5,0.2,0.3,1.0,0.611730868350717,0.7602028206739315,Pruned
SOH,0.0,0.5,0.25,0.25,1.0,0.6238081238498343,0.7345418147863431,Pruned
SOH,0.0,0.5,0.3,0.2,1.0,0.6358853793489515,0.7088808088987545,Pruned
SOH,0.0,0.5,0.35,0.15,1.0,0.6479626348480687,0.6832198030111659,Pruned
SOH,0.0,0.5,0.4,0.1,1.0,0.6600398903471861,0.6575587971235775,Quantized
SOH,0.0,0.5,0.45,0.05,1.0,0.6721171458463032,0.6318977912359888,Quantized
SOH,0.0,0.5,0.5,0.0,1.0,0.6841944013454205,0.6062367853484002,Quantized
SOH,0.0,0.55,0.0,0.45,1.0,0.5637926427073318,0.8206512434902423,Pruned
SOH,0.0,0.55,0.05,0.4,1.0,0.5758698982064491,0.7949902376026539,Pruned
SOH,0.0,0.55,0.1,0.35,1.0,0.5879471537055663,0.7693292317150653,Pruned
SOH,0.0,0.55,0.15,0.3,1.0,0.6000244092046835,0.7436682258274767,Pruned
SOH,0.0,0.55,0.2,0.25,1.0,0.6121016647038008,0.7180072199398881,Pruned
SOH,0.0,0.55,0.25,0.2,1.0,0.6241789202029181,0.6923462140522996,Pruned
SOH,0.0,0.55,0.3,0.15,1.0,0.6362561757020353,0.6666852081647109,Pruned
SOH,0.0,0.55,0.35,0.1,1.0,0.6483334312011525,0.6410242022771224,Quantized
SOH,0.0,0.55,0.4,0.05,1.0,0.6604106867002698,0.6153631963895339,Quantized
SOH,0.0,0.55,0.45,0.0,1.0,0.672487942199387,0.5897021905019453,Quantized
SOH,0.0,0.6,0.0,0.4,1.0,0.5641634390604156,0.7784556427561988,Pruned
SOH,0.0,0.6,0.05,0.35,1.0,0.5762406945595328,0.7527946368686103,Pruned
SOH,0.0,0.6,0.1,0.3,1.0,0.5883179500586501,0.7271336309810217,Pruned
SOH,0.0,0.6,0.15,0.25,1.0,0.6003952055577673,0.7014726250934331,Pruned
SOH,0.0,0.6,0.2,0.2,1.0,0.6124724610568846,0.6758116192058445,Pruned
SOH,0.0,0.6,0.25,0.15,1.0,0.6245497165560018,0.650150613318256,Pruned
SOH,0.0,0.6,0.3,0.1,0.9999999999999999,0.6366269720551191,0.6244896074306674,Quantized
SOH,0.0,0.6,0.35,0.05,1.0,0.6487042275542363,0.5988286015430789,Quantized
SOH,0.0,0.6,0.4,0.0,1.0,0.6607814830533536,0.5731675956554902,Quantized
SOH,0.0,0.65,0.0,0.35,1.0,0.5645342354134992,0.7362600420221553,Pruned
SOH,0.0,0.65,0.05,0.3,1.0,0.5766114909126165,0.7105990361345668,Pruned
SOH,0.0,0.65,0.1,0.25,1.0,0.5886887464117339,0.6849380302469782,Pruned
SOH,0.0,0.65,0.15,0.2,1.0,0.600766001910851,0.6592770243593897,Pruned
SOH,0.0,0.65,0.2,0.15,1.0,0.6128432574099683,0.633616018471801,Pruned
SOH,0.0,0.65,0.25,0.1,1.0,0.6249205129090856,0.6079550125842126,Quantized
SOH,0.0,0.65,0.3,0.05,1.0,0.6369977684082028,0.5822940066966239,Quantized
SOH,0.0,0.65,0.35,0.0,1.0,0.64907502390732,0.5566330008090354,Quantized
SOH,0.0,0.7,0.0,0.3,1.0,0.564905031766583,0.6940644412881118,Pruned
SOH,0.0,0.7,0.05,0.25,1.0,0.5769822872657002,0.6684034354005233,Pruned
SOH,0.0,0.7,0.1,0.2,1.0,0.5890595427648175,0.6427424295129347,Pruned
SOH,0.0,0.7,0.15,0.15,1.0,0.6011367982639347,0.6170814236253461,Pruned
SOH,0.0,0.7,0.2,0.1,0.9999999999999999,0.613214053763052,0.5914204177377576,Quantized
SOH,0.0,0.7,0.25,0.05,1.0,0.6252913092621692,0.565759411850169,Quantized
SOH,0.0,0.7,0.3,0.0,1.0,0.6373685647612866,0.5400984059625804,Quantized
SOH,0.0,0.75,0.0,0.25,1.0,0.5652758281196668,0.6518688405540684,Pruned
SOH,0.0,0.75,0.05,0.2,1.0,0.5773530836187841,0.6262078346664799,Pruned
SOH,0.0,0.75,0.1,0.15,1.0,0.5894303391179013,0.6005468287788912,Pruned
SOH,0.0,0.75,0.15,0.1,1.0,0.6015075946170186,0.5748858228913026,Quantized
SOH,0.0,0.75,0.2,0.05,1.0,0.6135848501161358,0.5492248170037141,Quantized
SOH,0.0,0.75,0.25,0.0,1.0,0.6256621056152532,0.5235638111161255,Quantized
SOH,0.0,0.8,0.0,0.2,1.0,0.5656466244727506,0.6096732398200249,Pruned
SOH,0.0,0.8,0.05,0.15,1.0,0.5777238799718679,0.5840122339324363,Pruned
SOH,0.0,0.8,0.1,0.1,1.0,0.5898011354709851,0.5583512280448477,Quantized
SOH,0.0,0.8,0.15,0.05,1.0,0.6018783909701023,0.5326902221572591,Quantized
SOH,0.0,0.8,0.2,0.0,1.0,0.6139556464692196,0.5070292162696706,Quantized
SOH,0.0,0.85,0.0,0.15,1.0,0.5660174208258344,0.5674776390859813,Pruned
SOH,0.0,0.85,0.05,0.1,1.0,0.5780946763249516,0.5418166331983928,Quantized
SOH,0.0,0.85,0.1,0.05,1.0,0.5901719318240688,0.5161556273108042,Quantized
SOH,0.0,0.85,0.15,0.0,1.0,0.6022491873231861,0.4904946214232156,Quantized
SOH,0.0,0.9,0.0,0.1,1.0,0.5663882171789182,0.5252820383519379,Quantized
SOH,0.0,0.9,0.05,0.05,1.0,0.5784654726780354,0.4996210324643493,Quantized
SOH,0.0,0.9,0.1,0.0,1.0,0.5905427281771527,0.47396002657676073,Quantized
SOH,0.0,0.95,0.0,0.05,1.0,0.5667590135320019,0.48308643761789427,Quantized
SOH,0.0,0.95,0.05,0.0,1.0,0.5788362690311192,0.4574254317303057,Quantized
SOH,0.0,1.0,0.0,0.0,1.0,0.5671298098850857,0.4408908368838508,Quantized
SOH,0.05,0.0,0.0,0.95,1.0,0.6172160308316841,1.303297417301902,Pruned
SOH,0.05,0.0,0.05,0.9,1.0,0.6292932863308014,1.2776364114143135,Pruned
SOH,0.05,0.0,0.1,0.85,1.0,0.6413705418299187,1.251975405526725,Pruned
SOH,0.05,0.0,0.15,0.8,1.0,0.6534477973290359,1.2263143996391366,Pruned
SOH,0.05,0.0,0.2,0.75,1.0,0.6655250528281532,1.2006533937515478,Pruned
SOH,0.05,0.0,0.25,0.7,1.0,0.6776023083272704,1.1749923878639592,Pruned
SOH,0.05,0.0,0.3,0.65,1.0,0.6896795638263877,1.1493313819763706,Pruned
SOH,0.05,0.0,0.35,0.6,1.0,0.7017568193255048,1.123670376088782,Pruned
SOH,0.05,0.0,0.4,0.55,1.0,0.7138340748246222,1.0980093702011935,Pruned
SOH,0.05,0.0,0.45,0.5,1.0,0.7259113303237394,1.072348364313605,Pruned
SOH,0.05,0.0,0.5,0.45,1.0,0.7379885858228568,1.0466873584260163,Pruned
SOH,0.05,0.0,0.55,0.4,1.0,0.750065841321974,1.021026352538428,Pruned
SOH,0.05,0.0,0.6,0.35,1.0,0.7621430968210913,0.9953653466508392,Pruned
SOH,0.05,0.0,0.65,0.3,1.0,0.7742203523202085,0.9697043407632506,Pruned
SOH,0.05,0.0,0.7,0.25,1.0,0.7862976078193257,0.9440433348756622,Pruned
SOH,0.05,0.0,0.75,0.2,1.0,0.798374863318443,0.9183823289880737,Pruned
SOH,0.05,0.0,0.8,0.15,1.0,0.8104521188175603,0.892721323100485,Pruned
SOH,0.05,0.0,0.85,0.1,1.0,0.8225293743166775,0.8670603172128964,Pruned
SOH,0.05,0.0,0.9,0.05,1.0,0.8346066298157947,0.8413993113253079,Pruned
SOH,0.05,0.0,0.95,0.0,1.0,0.846683885314912,0.8157383054377193,Quantized
SOH,0.05,0.05,0.0,0.9,1.0,0.6175868271847679,1.2611018165678585,Pruned
SOH,0.05,0.05,0.05,0.85,1.0,0.6296640826838852,1.2354408106802701,Pruned
SOH,0.05,0.05,0.1,0.8,1.0,0.6417413381830025,1.2097798047926815,Pruned
SOH,0.05,0.05,0.15,0.75,1.0,0.6538185936821197,1.184118798905093,Pruned
SOH,0.05,0.05,0.2,0.7,1.0,0.665895849181237,1.1584577930175044,Pruned
SOH,0.05,0.05,0.25,0.65,1.0,0.6779731046803543,1.1327967871299158,Pruned
SOH,0.05,0.05,0.3,0.6,1.0,0.6900503601794714,1.1071357812423273,Pruned
SOH,0.05,0.05,0.35,0.55,1.0,0.7021276156785887,1.0814747753547387,Pruned
SOH,0.05,0.05,0.4,0.5,1.0,0.714204871177706,1.05581376946715,Pruned
SOH,0.05,0.05,0.45,0.45,1.0,0.7262821266768232,1.0301527635795615,Pruned
SOH,0.05,0.05,0.5,0.4,1.0,0.7383593821759404,1.004491757691973,Pruned
SOH,0.05,0.05,0.55,0.35,1.0,0.7504366376750577,0.9788307518043844,Pruned
SOH,0.05,0.05,0.6,0.3,1.0,0.762513893174175,0.9531697459167958,Pruned
SOH,0.05,0.05,0.65,0.25,1.0,0.7745911486732923,0.9275087400292072,Pruned
SOH,0.05,0.05,0.7,0.2,1.0,0.7866684041724095,0.9018477341416187,Pruned
SOH,0.05,0.05,0.75,0.15,1.0,0.7987456596715267,0.8761867282540301,Pruned
SOH,0.05,0.05,0.8,0.1,1.0,0.8108229151706441,0.8505257223664416,Pruned
SOH,0.05,0.05,0.85,0.05,1.0,0.8229001706697612,0.824864716478853,Pruned
SOH,0.05,0.05,0.9,0.0,1.0,0.8349774261688785,0.7992037105912644,Quantized
SOH,0.05,0.1,0.0,0.85,1.0,0.6179576235378517,1.218906215833815,Pruned
SOH,0.05,0.1,0.05,0.8,1.0,0.630034879036969,1.1932452099462267,Pruned
SOH,0.05,0.1,0.1,0.75,1.0,0.6421121345360863,1.167584204058638,Pruned
SOH,0.05,0.1,0.15,0.7,1.0,0.6541893900352034,1.1419231981710494,Pruned
SOH,0.05,0.1,0.2,0.65,1.0,0.6662666455343207,1.116262192283461,Pruned
SOH,0.05,0.1,0.25,0.6,1.0,0.678343901033438,1.0906011863958722,Pruned
SOH,0.05,0.1,0.3,0.55,1.0,0.6904211565325553,1.0649401805082837,Pruned
SOH,0.05,0.1,0.35,0.5,1.0,0.7024984120316724,1.039279174620695,Pruned
SOH,0.05,0.1,0.4,0.45,1.0,0.7145756675307897,1.0136181687331065,Pruned
SOH,0.05,0.1,0.45,0.4,1.0,0.7266529230299069,0.987957162845518,Pruned
SOH,0.05,0.1,0.5,0.35,1.0,0.7387301785290242,0.9622961569579294,Pruned
SOH,0.05,0.1,0.55,0.3,1.0,0.7508074340281414,0.9366351510703408,Pruned
SOH,0.05,0.1,0.6,0.25,1.0,0.7628846895272587,0.9109741451827522,Pruned
SOH,0.05,0.1,0.65,0.2,1.0,0.774961945026376,0.8853131392951639,Pruned
SOH,0.05,0.1,0.7,0.15,1.0,0.7870392005254933,0.8596521334075751,Pruned
SOH,0.05,0.1,0.75,0.1,1.0,0.7991164560246106,0.8339911275199867,Pruned
SOH,0.05,0.1,0.8,0.05,1.0,0.8111937115237278,0.808330121632398,Quantized
SOH,0.05,0.1,0.85,0.0,1.0,0.8232709670228451,0.7826691157448094,Quantized
SOH,0.05,0.15,0.0,0.8,1.0,0.6183284198909355,1.1767106150997717,Pruned
SOH,0.05,0.15,0.05,0.75,1.0,0.6304056753900528,1.151049609212183,Pruned
SOH,0.05,0.15,0.1,0.7,1.0,0.64248293088917,1.1253886033245943,Pruned
SOH,0.05,0.15,0.15,0.65,1.0,0.6545601863882873,1.099727597437006,Pruned
SOH,0.05,0.15,0.2,0.6,1.0,0.6666374418874045,1.0740665915494172,Pruned
SOH,0.05,0.15,0.25,0.55,1.0,0.6787146973865217,1.0484055856618286,Pruned
SOH,0.05,0.15,0.3,0.5,1.0,0.690791952885639,1.02274457977424,Pruned
SOH,0.05,0.15,0.35,0.45,1.0,0.7028692083847563,0.9970835738866516,Pruned
SOH,0.05,0.15,0.4,0.4,1.0,0.7149464638838735,0.9714225679990631,Pruned
SOH,0.05,0.15,0.45,0.35,1.0,0.7270237193829908,0.9457615621114744,Pruned
SOH,0.05,0.15,0.5,0.3,1.0,0.739100974882108,0.9201005562238858,Pruned
SOH,0.05,0.15,0.55,0.25,1.0,0.7511782303812253,0.8944395503362974,Pruned
SOH,0.05,0.15,0.6,0.2,1.0,0.7632554858803425,0.8687785444487088,Pruned
SOH,0.05,0.15,0.65,0.15,1.0,0.7753327413794598,0.8431175385611202,Pruned
SOH,0.05,0.15,0.7,0.1,0.9999999999999999,0.787409996878577,0.8174565326735317,Pruned
SOH,0.05,0.15,0.75,0.05,1.0,0.7994872523776942,0.7917955267859431,Quantized
SOH,0.05,0.15,0.8,0.0,1.0,0.8115645078768117,0.7661345208983545,Quantized
SOH,0.05,0.2,0.0,0.75,1.0,0.6186992162440192,1.134515014365728,Pruned
SOH,0.05,0.2,0.05,0.7,1.0,0.6307764717431366,1.1088540084781395,Pruned
SOH,0.05,0.2,0.1,0.65,1.0,0.6428537272422539,1.083193002590551,Pruned
SOH,0.05,0.2,0.15,0.6,1.0,0.654930982741371,1.0575319967029624,Pruned
SOH,0.05,0.2,0.2,0.55,1.0,0.6670082382404883,1.0318709908153738,Pruned
SOH,0.05,0.2,0.25,0.5,1.0,0.6790854937396056,1.0062099849277852,Pruned
SOH,0.05,0.2,0.3,0.45,1.0,0.6911627492387227,0.9805489790401967,Pruned
SOH,0.05,0.2,0.35,0.4,1.0,0.70324000473784,0.9548879731526082,Pruned
SOH,0.05,0.2,0.4,0.35,1.0,0.7153172602369574,0.9292269672650195,Pruned
SOH,0.05,0.2,0.45,0.3,1.0,0.7273945157360745,0.903565961377431,Pruned
SOH,0.05,0.2,0.5,0.25,1.0,0.7394717712351918,0.8779049554898424,Pruned
SOH,0.05,0.2,0.55,0.2,1.0,0.7515490267343091,0.8522439496022538,Pruned
SOH,0.05,0.2,0.6,0.15,1.0,0.7636262822334262,0.8265829437146652,Pruned
SOH,0.05,0.2,0.65,0.1,1.0,0.7757035377325436,0.8009219378270768,Pruned
SOH,0.05,0.2,0.7,0.05,1.0,0.7877807932316607,0.7752609319394882,Quantized
SOH,0.05,0.2,0.75,0.0,1.0,0.799858048730778,0.7495999260518996,Quantized
SOH,0.05,0.25,0.0,0.7,1.0,0.6190700125971029,1.0923194136316845,Pruned
SOH,0.05,0.25,0.05,0.65,1.0,0.6311472680962202,1.0666584077440961,Pruned
SOH,0.05,0.25,0.1,0.6,1.0,0.6432245235953375,1.0409974018565074,Pruned
SOH,0.05,0.25,0.15,0.55,1.0,0.6553017790944548,1.015336395968919,Pruned
SOH,0.05,0.25,0.2,0.5,1.0,0.6673790345935721,0.9896753900813303,Pruned
SOH,0.05,0.25,0.25,0.45,1.0,0.6794562900926893,0.9640143841937417,Pruned
SOH,0.05,0.25,0.3,0.4,1.0,0.6915335455918065,0.9383533783061533,Pruned
SOH,0.05,0.25,0.35,0.35,0.9999999999999999,0.7036108010909238,0.9126923724185646,Pruned
SOH,0.05,0.25,0.4,0.3,1.0,0.715688056590041,0.8870313665309759,Pruned
SOH,0.05,0.25,0.45,0.25,1.0,0.7277653120891583,0.8613703606433875,Pruned
SOH,0.05,0.25,0.5,0.2,1.0,0.7398425675882756,0.835709354755799,Pruned
SOH,0.05,0.25,0.55,0.15,1.0,0.7519198230873928,0.8100483488682103,Pruned
SOH,0.05,0.25,0.6,0.1,0.9999999999999999,0.7639970785865101,0.7843873429806218,Pruned
SOH,0.05,0.25,0.65,0.05,1.0,0.7760743340856273,0.7587263370930332,Quantized
SOH,0.05,0.25,0.7,0.0,1.0,0.7881515895847445,0.7330653312054447,Quantized
SOH,0.05,0.3,0.0,0.65,1.0,0.6194408089501868,1.0501238128976411,Pruned
SOH,0.05,0.3,0.05,0.6,1.0,0.631518064449304,1.0244628070100523,Pruned
SOH,0.05,0.3,0.1,0.55,1.0,0.6435953199484213,0.998801801122464,Pruned
SOH,0.05,0.3,0.15,0.5,1.0,0.6556725754475385,0.9731407952348754,Pruned
SOH,0.05,0.3,0.2,0.45,1.0,0.6677498309466559,0.9474797893472868,Pruned
SOH,0.05,0.3,0.25,0.4,1.0,0.679827086445773,0.9218187834596983,Pruned
SOH,0.05,0.3,0.3,0.35,0.9999999999999999,0.6919043419448904,0.8961577775721097,Pruned
SOH,0.05,0.3,0.35,0.3,1.0,0.7039815974440076,0.8704967716845211,Pruned
SOH,0.05,0.3,0.4,0.25,1.0,0.7160588529431249,0.8448357657969325,Pruned
SOH,0.05,0.3,0.45,0.2,1.0,0.7281361084422422,0.819174759909344,Pruned
SOH,0.05,0.3,0.5,0.15,1.0,0.7402133639413594,0.7935137540217554,Pruned
SOH,0.05,0.3,0.55,0.1,1.0,0.7522906194404767,0.7678527481341668,Pruned
SOH,0.05,0.3,0.6,0.05,1.0,0.7643678749395938,0.7421917422465782,Quantized
SOH,0.05,0.3,0.65,0.0,1.0,0.7764451304387112,0.7165307363589897,Quantized
SOH,0.05,0.35,0.0,0.6,1.0,0.6198116053032705,1.0079282121635975,Pruned
SOH,0.05,0.35,0.05,0.55,1.0,0.6318888608023878,0.9822672062760089,Pruned
SOH,0.05,0.35,0.1,0.5,1.0,0.6439661163015051,0.9566062003884204,Pruned
SOH,0.05,0.35,0.15,0.45,1.0,0.6560433718006222,0.9309451945008318,Pruned
SOH,0.05,0.35,0.2,0.4,1.0,0.6681206272997395,0.9052841886132433,Pruned
SOH,0.05,0.35,0.25,0.35,0.9999999999999999,0.6801978827988568,0.8796231827256547,Pruned
SOH,0.05,0.35,0.3,0.3,1.0,0.692275138297974,0.8539621768380661,Pruned
SOH,0.05,0.35,0.35,0.25,1.0,0.7043523937970912,0.8283011709504775,Pruned
SOH,0.05,0.35,0.4,0.2,1.0,0.7164296492962087,0.8026401650628892,Pruned
SOH,0.05,0.35,0.45,0.15,1.0,0.7285069047953258,0.7769791591753004,Pruned
SOH,0.05,0.35,0.5,0.1,0.9999999999999999,0.7405841602944431,0.7513181532877119,Pruned
SOH,0.05,0.35,0.55,0.05,1.0,0.7526614157935603,0.7256571474001233,Quantized
SOH,0.05,0.35,0.6,0.0,1.0,0.7647386712926776,0.6999961415125346,Quantized
SOH,0.05,0.4,0.0,0.55,1.0,0.6201824016563544,0.9657326114295541,Pruned
SOH,0.05,0.4,0.05,0.5,1.0,0.6322596571554716,0.9400716055419656,Pruned
SOH,0.05,0.4,0.1,0.45,1.0,0.6443369126545888,0.9144105996543769,Pruned
SOH,0.05,0.4,0.15,0.4,1.0,0.6564141681537061,0.8887495937667884,Pruned
SOH,0.05,0.4,0.2,0.35,1.0,0.6684914236528234,0.8630885878791998,Pruned
SOH,0.05,0.4,0.25,0.3,1.0,0.6805686791519405,0.8374275819916113,Pruned
SOH,0.05,0.4,0.3,0.25,1.0,0.6926459346510578,0.8117665761040227,Pruned
SOH,0.05,0.4,0.35,0.2,1.0,0.7047231901501751,0.7861055702164341,Pruned
SOH,0.05,0.4,0.4,0.15,1.0,0.7168004456492924,0.7604445643288456,Pruned
SOH,0.05,0.4,0.45,0.1,1.0,0.7288777011484097,0.734783558441257,Pruned
SOH,0.05,0.4,0.5,0.05,1.0,0.7409549566475269,0.7091225525536684,Quantized
SOH,0.05,0.4,0.55,0.0,1.0,0.7530322121466442,0.6834615466660798,Quantized
SOH,0.05,0.45,0.0,0.5,1.0,0.6205531980094381,0.9235370106955105,Pruned
SOH,0.05,0.45,0.05,0.45,1.0,0.6326304535085554,0.897876004807922,Pruned
SOH,0.05,0.45,0.1,0.4,1.0,0.6447077090076726,0.8722149989203335,Pruned
SOH,0.05,0.45,0.15,0.35,1.0,0.6567849645067898,0.8465539930327448,Pruned
SOH,0.05,0.45,0.2,0.3,1.0,0.6688622200059071,0.8208929871451562,Pruned
SOH,0.05,0.45,0.25,0.25,1.0,0.6809394755050244,0.7952319812575677,Pruned
SOH,0.05,0.45,0.3,0.2,1.0,0.6930167310041416,0.7695709753699791,Pruned
SOH,0.05,0.45,0.35,0.15,1.0,0.7050939865032588,0.7439099694823905,Pruned
SOH,0.05,0.45,0.4,0.1,1.0,0.7171712420023763,0.7182489635948021,Pruned
SOH,0.05,0.45,0.45,0.05,1.0,0.7292484975014933,0.6925879577072135,Quantized
SOH,0.05,0.45,0.5,0.0,1.0,0.7413257530006107,0.6669269518196248,Quantized
SOH,0.05,0.5,0.0,0.45,1.0,0.6209239943625218,0.8813414099614669,Pruned
SOH,0.05,0.5,0.05,0.4,1.0,0.6330012498616391,0.8556804040738786,Pruned
SOH,0.05,0.5,0.1,0.35,1.0,0.6450785053607564,0.8300193981862898,Pruned
SOH,0.05,0.5,0.15,0.3,1.0,0.6571557608598736,0.8043583922987012,Pruned
SOH,0.05,0.5,0.2,0.25,1.0,0.6692330163589909,0.7786973864111127,Pruned
SOH,0.05,0.5,0.25,0.2,1.0,0.6813102718581081,0.7530363805235243,Pruned
SOH,0.05,0.5,0.3,0.15,1.0,0.6933875273572253,0.7273753746359355,Pruned
SOH,0.05,0.5,0.35,0.1,1.0,0.7054647828563426,0.7017143687483471,Quantized
SOH,0.05,0.5,0.4,0.05,1.0,0.7175420383554598,0.6760533628607585,Quantized
SOH,0.05,0.5,0.45,0.0,1.0,0.7296192938545771,0.6503923569731699,Quantized
SOH,0.05,0.55,0.0,0.4,1.0,0.6212947907156057,0.8391458092274235,Pruned
SOH,0.05,0.55,0.05,0.35,1.0,0.6333720462147229,0.813484803339835,Pruned
SOH,0.05,0.55,0.1,0.3,1.0,0.6454493017138402,0.7878237974522464,Pruned
SOH,0.05,0.55,0.15,0.25,1.0,0.6575265572129574,0.7621627915646578,Pruned
SOH,0.05,0.55,0.2,0.2,1.0,0.6696038127120747,0.7365017856770693,Pruned
SOH,0.05,0.55,0.25,0.15,1.0,0.6816810682111919,0.7108407797894807,Pruned
SOH,0.05,0.55,0.3,0.1,1.0000000000000002,0.6937583237103092,0.6851797739018921,Quantized
SOH,0.05,0.55,0.35,0.05,1.0,0.7058355792094264,0.6595187680143036,Quantized
SOH,0.05,0.55,0.4,0.0,1.0,0.7179128347085437,0.633857762126715,Quantized
SOH,0.05,0.6,0.0,0.35,1.0,0.6216655870686894,0.7969502084933799,Pruned
SOH,0.05,0.6,0.05,0.3,1.0,0.6337428425678067,0.7712892026057914,Pruned
SOH,0.05,0.6,0.1,0.25,1.0,0.6458200980669239,0.7456281967182028,Pruned
SOH,0.05,0.6,0.15,0.2,1.0,0.6578973535660412,0.7199671908306142,Pruned
SOH,0.05,0.6,0.2,0.15,1.0,0.6699746090651584,0.6943061849430257,Pruned
SOH,0.05,0.6,0.25,0.1,1.0,0.6820518645642757,0.6686451790554372,Quantized
SOH,0.05,0.6,0.3,0.05,1.0,0.6941291200633929,0.6429841731678486,Quantized
SOH,0.05,0.6,0.35,0.0,1.0,0.7062063755625101,0.6173231672802599,Quantized
SOH,0.05,0.65,0.0,0.3,1.0,0.6220363834217731,0.7547546077593364,Pruned
SOH,0.05,0.65,0.05,0.25,1.0,0.6341136389208903,0.729093601871748,Pruned
SOH,0.05,0.65,0.1,0.2,1.0,0.6461908944200077,0.7034325959841594,Pruned
SOH,0.05,0.65,0.15,0.15,1.0,0.6582681499191249,0.6777715900965707,Pruned
SOH,0.05,0.65,0.2,0.1,1.0000000000000002,0.6703454054182422,0.6521105842089823,Quantized
SOH,0.05,0.65,0.25,0.05,1.0,0.6824226609173594,0.6264495783213937,Quantized
SOH,0.05,0.65,0.3,0.0,1.0,0.6944999164164767,0.6007885724338051,Quantized
SOH,0.05,0.7,0.0,0.25,1.0,0.6224071797748569,0.712559007025293,Pruned
SOH,0.05,0.7,0.05,0.2,1.0,0.6344844352739741,0.6868980011377044,Pruned
SOH,0.05,0.7,0.1,0.15,1.0,0.6465616907730913,0.6612369952501158,Pruned
SOH,0.05,0.7,0.15,0.1,1.0,0.6586389462722086,0.6355759893625272,Quantized
SOH,0.05,0.7,0.2,0.05,1.0,0.6707162017713258,0.6099149834749388,Quantized
SOH,0.05,0.7,0.25,0.0,1.0,0.6827934572704432,0.5842539775873501,Quantized
SOH,0.05,0.75,0.0,0.2,1.0,0.6227779761279407,0.6703634062912496,Pruned
SOH,0.05,0.75,0.05,0.15,1.0,0.6348552316270579,0.6447024004036609,Pruned
SOH,0.05,0.75,0.1,0.1,1.0,0.6469324871261752,0.6190413945160724,Quantized
SOH,0.05,0.75,0.15,0.05,1.0,0.6590097426252924,0.5933803886284837,Quantized
SOH,0.05,0.75,0.2,0.0,1.0,0.6710869981244098,0.5677193827408953,Quantized
SOH,0.05,0.8,0.0,0.15,1.0,0.6231487724810245,0.628167805557206,Pruned
SOH,0.05,0.8,0.05,0.1,1.0000000000000002,0.6352260279801418,0.6025067996696174,Quantized
SOH,0.05,0.8,0.1,0.05,1.0,0.647303283479259,0.5768457937820288,Quantized
SOH,0.05,0.8,0.15,0.0,1.0,0.6593805389783763,0.5511847878944403,Quantized
SOH,0.05,0.85,0.0,0.1,1.0,0.6235195688341083,0.5859722048231625,Quantized
SOH,0.05,0.85,0.05,0.05,1.0,0.6355968243332255,0.5603111989355739,Quantized
SOH,0.05,0.85,0.1,0.0,1.0,0.6476740798323428,0.5346501930479853,Quantized
SOH,0.05,0.9,0.0,0.05,1.0,0.623890365187192,0.543776604089119,Quantized
SOH,0.05,0.9,0.05,0.0,1.0,0.6359676206863093,0.5181155982015304,Quantized
SOH,0.05,0.95,0.0,0.0,1.0,0.6242611615402758,0.5015810033550754,Quantized
SOH,0.1,0.0,0.0,0.9,1.0,0.674718178839958,1.3217919830390832,Pruned
SOH,0.1,0.0,0.05,0.85,1.0,0.6867954343390753,1.2961309771514946,Pruned
SOH,0.1,0.0,0.1,0.8,1.0,0.6988726898381925,1.2704699712639063,Pruned
SOH,0.1,0.0,0.15,0.75,1.0,0.7109499453373098,1.2448089653763175,Pruned
SOH,0.1,0.0,0.2,0.7,1.0,0.7230272008364271,1.219147959488729,Pruned
SOH,0.1,0.0,0.25,0.65,1.0,0.7351044563355444,1.1934869536011405,Pruned
SOH,0.1,0.0,0.3,0.6,1.0,0.7471817118346615,1.1678259477135517,Pruned
SOH,0.1,0.0,0.35,0.55,1.0,0.7592589673337788,1.1421649418259632,Pruned
SOH,0.1,0.0,0.4,0.5,1.0,0.7713362228328962,1.1165039359383746,Pruned
SOH,0.1,0.0,0.45,0.45,1.0,0.7834134783320132,1.090842930050786,Pruned
SOH,0.1,0.0,0.5,0.4,1.0,0.7954907338311306,1.0651819241631977,Pruned
SOH,0.1,0.0,0.55,0.35,1.0,0.8075679893302479,1.039520918275609,Pruned
SOH,0.1,0.0,0.6,0.3,1.0,0.8196452448293651,1.0138599123880203,Pruned
SOH,0.1,0.0,0.65,0.25,1.0,0.8317225003284824,0.9881989065004319,Pruned
SOH,0.1,0.0,0.7,0.2,1.0,0.8437997558275996,0.9625379006128434,Pruned
SOH,0.1,0.0,0.75,0.15,1.0,0.8558770113267168,0.9368768947252547,Pruned
SOH,0.1,0.0,0.8,0.1,1.0,0.8679542668258342,0.9112158888376662,Pruned
SOH,0.1,0.0,0.85,0.05,1.0,0.8800315223249513,0.8855548829500776,Pruned
SOH,0.1,0.0,0.9,0.0,1.0,0.8921087778240686,0.859893877062489,Quantized
SOH,0.1,0.05,0.0,0.85,1.0,0.6750889751930418,1.2795963823050398,Pruned
SOH,0.1,0.05,0.05,0.8,1.0,0.6871662306921591,1.2539353764174512,Pruned
SOH,0.1,0.05,0.1,0.75,1.0,0.6992434861912764,1.2282743705298627,Pruned
SOH,0.1,0.05,0.15,0.7,1.0,0.7113207416903935,1.202613364642274,Pruned
SOH,0.1,0.05,0.2,0.65,1.0,0.7233979971895108,1.1769523587546855,Pruned
SOH,0.1,0.05,0.25,0.6,1.0,0.7354752526886281,1.151291352867097,Pruned
SOH,0.1,0.05,0.3,0.55,1.0,0.7475525081877454,1.1256303469795084,Pruned
SOH,0.1,0.05,0.35,0.5,1.0,0.7596297636868625,1.0999693410919198,Pruned
SOH,0.1,0.05,0.4,0.45,1.0,0.7717070191859798,1.0743083352043312,Pruned
SOH,0.1,0.05,0.45,0.4,1.0,0.783784274685097,1.0486473293167426,Pruned
SOH,0.1,0.05,0.5,0.35,1.0,0.7958615301842143,1.022986323429154,Pruned
SOH,0.1,0.05,0.55,0.3,1.0,0.8079387856833316,0.9973253175415655,Pruned
SOH,0.1,0.05,0.6,0.25,1.0,0.8200160411824489,0.9716643116539769,Pruned
SOH,0.1,0.05,0.65,0.2,1.0,0.8320932966815662,0.9460033057663884,Pruned
SOH,0.1,0.05,0.7,0.15,1.0,0.8441705521806834,0.9203422998787998,Pruned
SOH,0.1,0.05,0.75,0.1,1.0,0.8562478076798007,0.8946812939912113,Pruned
SOH,0.1,0.05,0.8,0.05,1.0,0.8683250631789179,0.8690202881036228,Pruned
SOH,0.1,0.05,0.85,0.0,1.0,0.8804023186780352,0.8433592822160341,Quantized
SOH,0.1,0.1,0.0,0.8,1.0,0.6754597715461256,1.2374007815709964,Pruned
SOH,0.1,0.1,0.05,0.75,1.0,0.6875370270452428,1.2117397756834076,Pruned
SOH,0.1,0.1,0.1,0.7,1.0,0.6996142825443601,1.186078769795819,Pruned
SOH,0.1,0.1,0.15,0.65,1.0,0.7116915380434774,1.1604177639082307,Pruned
SOH,0.1,0.1,0.2,0.6,1.0,0.7237687935425946,1.134756758020642,Pruned
SOH,0.1,0.1,0.25,0.55,1.0,0.7358460490417118,1.1090957521330536,Pruned
SOH,0.1,0.1,0.3,0.5,1.0,0.7479233045408291,1.0834347462454648,Pruned
SOH,0.1,0.1,0.35,0.45,1.0,0.7600005600399464,1.0577737403578762,Pruned
SOH,0.1,0.1,0.4,0.4,1.0,0.7720778155390636,1.0321127344702878,Pruned
SOH,0.1,0.1,0.45,0.35,1.0,0.7841550710381809,1.006451728582699,Pruned
SOH,0.1,0.1,0.5,0.3,1.0,0.7962323265372981,0.9807907226951105,Pruned
SOH,0.1,0.1,0.55,0.25,1.0,0.8083095820364155,0.955129716807522,Pruned
SOH,0.1,0.1,0.6,0.2,1.0,0.8203868375355327,0.9294687109199335,Pruned
SOH,0.1,0.1,0.65,0.15,1.0,0.83246409303465,0.9038077050323448,Pruned
SOH,0.1,0.1,0.7,0.1,0.9999999999999999,0.8445413485337672,0.8781466991447564,Pruned
SOH,0.1,0.1,0.75,0.05,1.0,0.8566186040328844,0.8524856932571677,Quantized
SOH,0.1,0.1,0.8,0.0,1.0,0.8686958595320018,0.8268246873695793,Quantized
SOH,0.1,0.15,0.0,0.75,1.0,0.6758305678992094,1.1952051808369526,Pruned
SOH,0.1,0.15,0.05,0.7,1.0,0.6879078233983267,1.169544174949364,Pruned
SOH,0.1,0.15,0.1,0.65,1.0,0.699985078897444,1.1438831690617757,Pruned
SOH,0.1,0.15,0.15,0.6,1.0,0.7120623343965611,1.1182221631741869,Pruned
SOH,0.1,0.15,0.2,0.55,1.0,0.7241395898956784,1.0925611572865985,Pruned
SOH,0.1,0.15,0.25,0.5,1.0,0.7362168453947957,1.0669001513990097,Pruned
SOH,0.1,0.15,0.3,0.45,1.0,0.7482941008939128,1.0412391455114212,Pruned
SOH,0.1,0.15,0.35,0.4,1.0,0.7603713563930301,1.0155781396238328,Pruned
SOH,0.1,0.15,0.4,0.35,1.0,0.7724486118921475,0.9899171337362442,Pruned
SOH,0.1,0.15,0.45,0.3,1.0,0.7845258673912646,0.9642561278486554,Pruned
SOH,0.1,0.15,0.5,0.25,1.0,0.7966031228903819,0.9385951219610671,Pruned
SOH,0.1,0.15,0.55,0.2,1.0,0.8086803783894992,0.9129341160734785,Pruned
SOH,0.1,0.15,0.6,0.15,1.0,0.8207576338886163,0.8872731101858898,Pruned
SOH,0.1,0.15,0.65,0.1,1.0,0.8328348893877338,0.8616121042983014,Pruned
SOH,0.1,0.15,0.7,0.05,1.0,0.8449121448868508,0.8359510984107128,Quantized
SOH,0.1,0.15,0.75,0.0,1.0,0.8569894003859682,0.8102900925231242,Quantized
SOH,0.1,0.2,0.0,0.7,1.0,0.676201364252293,1.1530095801029092,Pruned
SOH,0.1,0.2,0.05,0.65,1.0,0.6882786197514104,1.1273485742153206,Pruned
SOH,0.1,0.2,0.1,0.6,1.0,0.7003558752505277,1.101687568327732,Pruned
SOH,0.1,0.2,0.15,0.55,1.0,0.7124331307496449,1.0760265624401435,Pruned
SOH,0.1,0.2,0.2,0.5,1.0,0.7245103862487622,1.050365556552555,Pruned
SOH,0.1,0.2,0.25,0.45,1.0,0.7365876417478794,1.0247045506649664,Pruned
SOH,0.1,0.2,0.3,0.4,1.0,0.7486648972469966,0.9990435447773779,Pruned
SOH,0.1,0.2,0.35,0.35,1.0,0.7607421527461139,0.9733825388897892,Pruned
SOH,0.1,0.2,0.4,0.3,1.0,0.7728194082452311,0.9477215330022006,Pruned
SOH,0.1,0.2,0.45,0.25,1.0,0.7848966637443484,0.9220605271146121,Pruned
SOH,0.1,0.2,0.5,0.2,1.0,0.7969739192434657,0.8963995212270237,Pruned
SOH,0.1,0.2,0.55,0.15,1.0,0.8090511747425829,0.8707385153394349,Pruned
SOH,0.1,0.2,0.6,0.1,1.0,0.8211284302417002,0.8450775094518465,Pruned
SOH,0.1,0.2,0.65,0.05,1.0,0.8332056857408174,0.8194165035642579,Quantized
SOH,0.1,0.2,0.7,0.0,1.0,0.8452829412399346,0.7937554976766693,Quantized
SOH,0.1,0.25,0.0,0.65,1.0,0.676572160605377,1.1108139793688658,Pruned
SOH,0.1,0.25,0.05,0.6,1.0,0.688649416104494,1.085152973481277,Pruned
SOH,0.1,0.25,0.1,0.55,1.0,0.7007266716036114,1.0594919675936887,Pruned
SOH,0.1,0.25,0.15,0.5,1.0,0.7128039271027287,1.0338309617061001,Pruned
SOH,0.1,0.25,0.2,0.45,1.0,0.724881182601846,1.0081699558185115,Pruned
SOH,0.1,0.25,0.25,0.4,1.0,0.7369584381009632,0.982508949930923,Pruned
SOH,0.1,0.25,0.3,0.35,0.9999999999999999,0.7490356936000804,0.9568479440433344,Pruned
SOH,0.1,0.25,0.35,0.3,1.0,0.7611129490991976,0.9311869381557456,Pruned
SOH,0.1,0.25,0.4,0.25,1.0,0.773190204598315,0.9055259322681573,Pruned
SOH,0.1,0.25,0.45,0.2,1.0,0.7852674600974322,0.8798649263805687,Pruned
SOH,0.1,0.25,0.5,0.15,1.0,0.7973447155965494,0.85420392049298,Pruned
SOH,0.1,0.25,0.55,0.1,1.0,0.8094219710956667,0.8285429146053915,Pruned
SOH,0.1,0.25,0.6,0.05,1.0,0.8214992265947838,0.8028819087178029,Quantized
SOH,0.1,0.25,0.65,0.0,1.0,0.8335764820939012,0.7772209028302144,Quantized
SOH,0.1,0.3,0.0,0.6,1.0,0.6769429569584606,1.068618378634822,Pruned
SOH,0.1,0.3,0.05,0.55,1.0,0.6890202124575779,1.0429573727472337,Pruned
SOH,0.1,0.3,0.1,0.5,1.0,0.7010974679566953,1.017296366859645,Pruned
SOH,0.1,0.3,0.15,0.45,1.0,0.7131747234558123,0.9916353609720565,Pruned
SOH,0.1,0.3,0.2,0.4,1.0,0.7252519789549297,0.9659743550844679,Pruned
SOH,0.1,0.3,0.25,0.35,1.0,0.737329234454047,0.9403133491968794,Pruned
SOH,0.1,0.3,0.3,0.3,1.0,0.7494064899531642,0.9146523433092908,Pruned
SOH,0.1,0.3,0.35,0.25,1.0,0.7614837454522814,0.8889913374217022,Pruned
SOH,0.1,0.3,0.4,0.2,1.0,0.7735610009513988,0.8633303315341136,Pruned
SOH,0.1,0.3,0.45,0.15,1.0,0.7856382564505159,0.8376693256465251,Pruned
SOH,0.1,0.3,0.5,0.1,1.0,0.7977155119496332,0.8120083197589365,Pruned
SOH,0.1,0.3,0.55,0.05,1.0,0.8097927674487504,0.786347313871348,Quantized
SOH,0.1,0.3,0.6,0.0,1.0,0.8218700229478677,0.7606863079837594,Quantized
SOH,0.1,0.35,0.0,0.55,1.0,0.6773137533115444,1.0264227779007786,Pruned
SOH,0.1,0.35,0.05,0.5,1.0,0.6893910088106616,1.00076177201319,Pruned
SOH,0.1,0.35,0.1,0.45,1.0,0.7014682643097789,0.9751007661256016,Pruned
SOH,0.1,0.35,0.15,0.4,1.0,0.7135455198088961,0.9494397602380131,Pruned
SOH,0.1,0.35,0.2,0.35,0.9999999999999999,0.7256227753080134,0.9237787543504244,Pruned
SOH,0.1,0.35,0.25,0.3,1.0,0.7377000308071306,0.8981177484628358,Pruned
SOH,0.1,0.35,0.3,0.25,1.0,0.749777286306248,0.8724567425752473,Pruned
SOH,0.1,0.35,0.35,0.2,1.0,0.7618545418053653,0.8467957366876588,Pruned
SOH,0.1,0.35,0.4,0.15,1.0,0.7739317973044825,0.8211347308000702,Pruned
SOH,0.1,0.35,0.45,0.1,0.9999999999999999,0.7860090528035998,0.7954737249124817,Pruned
SOH,0.1,0.35,0.5,0.05,1.0,0.798086308302717,0.769812719024893,Quantized
SOH,0.1,0.35,0.55,0.0,1.0,0.8101635638018343,0.7441517131373045,Quantized
SOH,0.1,0.4,0.0,0.5,1.0,0.6776845496646282,0.9842271771667352,Pruned
SOH,0.1,0.4,0.05,0.45,1.0,0.6897618051637455,0.9585661712791467,Pruned
SOH,0.1,0.4,0.1,0.4,1.0,0.7018390606628627,0.9329051653915581,Pruned
SOH,0.1,0.4,0.15,0.35,1.0,0.71391631616198,0.9072441595039695,Pruned
SOH,0.1,0.4,0.2,0.3,1.0,0.7259935716610972,0.881583153616381,Pruned
SOH,0.1,0.4,0.25,0.25,1.0,0.7380708271602145,0.8559221477287924,Pruned
SOH,0.1,0.4,0.3,0.2,1.0,0.7501480826593317,0.8302611418412038,Pruned
SOH,0.1,0.4,0.35,0.15,1.0,0.762225338158449,0.8046001359536152,Pruned
SOH,0.1,0.4,0.4,0.1,1.0,0.7743025936575664,0.7789391300660267,Pruned
SOH,0.1,0.4,0.45,0.05,1.0,0.7863798491566835,0.7532781241784381,Quantized
SOH,0.1,0.4,0.5,0.0,1.0,0.7984571046558008,0.7276171182908495,Quantized
SOH,0.1,0.45,0.0,0.45,1.0,0.6780553460177119,0.9420315764326916,Pruned
SOH,0.1,0.45,0.05,0.4,1.0,0.6901326015168292,0.9163705705451032,Pruned
SOH,0.1,0.45,0.1,0.35,1.0,0.7022098570159465,0.8907095646575145,Pruned
SOH,0.1,0.45,0.15,0.3,1.0,0.7142871125150637,0.8650485587699259,Pruned
SOH,0.1,0.45,0.2,0.25,1.0,0.726364368014181,0.8393875528823374,Pruned
SOH,0.1,0.45,0.25,0.2,1.0,0.7384416235132982,0.8137265469947488,Pruned
SOH,0.1,0.45,0.3,0.15,1.0,0.7505188790124154,0.7880655411071602,Pruned
SOH,0.1,0.45,0.35,0.1,1.0,0.7625961345115327,0.7624045352195717,Quantized
SOH,0.1,0.45,0.4,0.05,1.0,0.7746733900106499,0.7367435293319832,Quantized
SOH,0.1,0.45,0.45,0.0,1.0,0.7867506455097673,0.7110825234443945,Quantized
SOH,0.1,0.5,0.0,0.4,1.0,0.6784261423707957,0.8998359756986483,Pruned
SOH,0.1,0.5,0.05,0.35,1.0,0.690503397869913,0.8741749698110597,Pruned
SOH,0.1,0.5,0.1,0.3,1.0,0.7025806533690302,0.8485139639234711,Pruned
SOH,0.1,0.5,0.15,0.25,1.0,0.7146579088681475,0.8228529580358825,Pruned
SOH,0.1,0.5,0.2,0.2,1.0,0.7267351643672648,0.797191952148294,Pruned
SOH,0.1,0.5,0.25,0.15,1.0,0.738812419866382,0.7715309462607053,Pruned
SOH,0.1,0.5,0.3,0.1,0.9999999999999999,0.7508896753654992,0.7458699403731168,Quantized
SOH,0.1,0.5,0.35,0.05,1.0,0.7629669308646164,0.7202089344855283,Quantized
SOH,0.1,0.5,0.4,0.0,1.0,0.7750441863637338,0.6945479285979397,Quantized
SOH,0.1,0.55,0.0,0.35,1.0,0.6787969387238796,0.8576403749646047,Pruned
SOH,0.1,0.55,0.05,0.3,1.0,0.6908741942229968,0.8319793690770161,Pruned
SOH,0.1,0.55,0.1,0.25,1.0,0.7029514497221141,0.8063183631894275,Pruned
SOH,0.1,0.55,0.15,0.2,1.0,0.7150287052212314,0.7806573573018389,Pruned
SOH,0.1,0.55,0.2,0.15,1.0,0.7271059607203486,0.7549963514142504,Pruned
SOH,0.1,0.55,0.25,0.1,1.0,0.7391832162194659,0.7293353455266619,Quantized
SOH,0.1,0.55,0.3,0.05,1.0,0.751260471718583,0.7036743396390733,Quantized
SOH,0.1,0.55,0.35,0.0,1.0,0.7633377272177003,0.6780133337514846,Quantized
SOH,0.1,0.6,0.0,0.3,1.0,0.6791677350769633,0.815444774230561,Pruned
SOH,0.1,0.6,0.05,0.25,1.0,0.6912449905760806,0.7897837683429726,Pruned
SOH,0.1,0.6,0.1,0.2,1.0,0.7033222460751979,0.7641227624553841,Pruned
SOH,0.1,0.6,0.15,0.15,1.0,0.7153995015743151,0.7384617565677953,Pruned
SOH,0.1,0.6,0.2,0.1,0.9999999999999999,0.7274767570734324,0.712800750680207,Quantized
SOH,0.1,0.6,0.25,0.05,1.0,0.7395540125725495,0.6871397447926183,Quantized
SOH,0.1,0.6,0.3,0.0,1.0,0.7516312680716668,0.6614787389050297,Quantized
SOH,0.1,0.65,0.0,0.25,1.0,0.679538531430047,0.7732491734965177,Pruned
SOH,0.1,0.65,0.05,0.2,1.0,0.6916157869291644,0.7475881676089291,Pruned
SOH,0.1,0.65,0.1,0.15,1.0,0.7036930424282816,0.7219271617213405,Pruned
SOH,0.1,0.65,0.15,0.1,1.0,0.7157702979273989,0.696266155833752,Quantized
SOH,0.1,0.65,0.2,0.05,1.0,0.7278475534265161,0.6706051499461635,Quantized
SOH,0.1,0.65,0.25,0.0,1.0,0.7399248089256334,0.6449441440585748,Quantized
SOH,0.1,0.7,0.0,0.2,1.0,0.6799093277831308,0.7310535727624741,Pruned
SOH,0.1,0.7,0.05,0.15,1.0,0.691986583282248,0.7053925668748855,Pruned
SOH,0.1,0.7,0.1,0.1,0.9999999999999999,0.7040638387813654,0.679731560987297,Quantized
SOH,0.1,0.7,0.15,0.05,1.0,0.7161410942804826,0.6540705550997085,Quantized
SOH,0.1,0.7,0.2,0.0,1.0,0.7282183497795999,0.6284095492121198,Quantized
SOH,0.1,0.75,0.0,0.15,1.0,0.6802801241362145,0.6888579720284306,Pruned
SOH,0.1,0.75,0.05,0.1,1.0,0.6923573796353318,0.6631969661408421,Quantized
SOH,0.1,0.75,0.1,0.05,1.0,0.704434635134449,0.6375359602532535,Quantized
SOH,0.1,0.75,0.15,0.0,1.0,0.7165118906335664,0.611874954365665,Quantized
SOH,0.1,0.8,0.0,0.1,1.0,0.6806509204892984,0.6466623712943872,Quantized
SOH,0.1,0.8,0.05,0.05,1.0,0.6927281759884156,0.6210013654067986,Quantized
SOH,0.1,0.8,0.1,0.0,1.0,0.7048054314875329,0.59534035951921,Quantized
SOH,0.1,0.85,0.0,0.05,1.0,0.6810217168423821,0.6044667705603436,Quantized
SOH,0.1,0.85,0.05,0.0,1.0,0.6930989723414994,0.578805764672755,Quantized
SOH,0.1,0.9,0.0,0.0,1.0,0.6813925131954659,0.5622711698263001,Quantized
SOH,0.15,0.0,0.0,0.85,1.0,0.7322203268482319,1.3402865487762645,Pruned
SOH,0.15,0.0,0.05,0.8,1.0,0.7442975823473492,1.314625542888676,Pruned
SOH,0.15,0.0,0.1,0.75,1.0,0.7563748378464664,1.2889645370010872,Pruned
SOH,0.15,0.0,0.15,0.7,1.0,0.7684520933455836,1.2633035311134986,Pruned
SOH,0.15,0.0,0.2,0.65,1.0,0.7805293488447009,1.2376425252259102,Pruned
SOH,0.15,0.0,0.25,0.6,1.0,0.7926066043438181,1.2119815193383214,Pruned
SOH,0.15,0.0,0.3,0.55,1.0,0.8046838598429353,1.1863205134507329,Pruned
SOH,0.15,0.0,0.35,0.5,1.0,0.8167611153420526,1.1606595075631443,Pruned
SOH,0.15,0.0,0.4,0.45,1.0,0.82883837084117,1.1349985016755557,Pruned
SOH,0.15,0.0,0.45,0.4,1.0,0.8409156263402872,1.1093374957879674,Pruned
SOH,0.15,0.0,0.5,0.35,1.0,0.8529928818394045,1.0836764899003788,Pruned
SOH,0.15,0.0,0.55,0.3,1.0,0.8650701373385217,1.0580154840127902,Pruned
SOH,0.15,0.0,0.6,0.25,1.0,0.877147392837639,1.0323544781252014,Pruned
SOH,0.15,0.0,0.65,0.2,1.0,0.8892246483367563,1.006693472237613,Pruned
SOH,0.15,0.0,0.7,0.15,1.0,0.9013019038358734,0.9810324663500244,Pruned
SOH,0.15,0.0,0.75,0.1,1.0,0.9133791593349907,0.9553714604624359,Pruned
SOH,0.15,0.0,0.8,0.05,1.0,0.925456414834108,0.9297104545748474,Pruned
SOH,0.15,0.0,0.85,0.0,1.0,0.9375336703332252,0.9040494486872587,Quantized
SOH,0.15,0.05,0.0,0.8,1.0,0.7325911232013156,1.298090948042221,Pruned
SOH,0.15,0.05,0.05,0.75,1.0,0.7446683787004329,1.2724299421546323,Pruned
SOH,0.15,0.05,0.1,0.7,1.0,0.7567456341995502,1.2467689362670438,Pruned
SOH,0.15,0.05,0.15,0.65,1.0,0.7688228896986674,1.2211079303794552,Pruned
SOH,0.15,0.05,0.2,0.6,1.0,0.7809001451977846,1.1954469244918666,Pruned
SOH,0.15,0.05,0.25,0.55,1.0,0.7929774006969019,1.169785918604278,Pruned
SOH,0.15,0.05,0.3,0.5,1.0,0.8050546561960191,1.1441249127166895,Pruned
SOH,0.15,0.05,0.35,0.45,1.0,0.8171319116951363,1.118463906829101,Pruned
SOH,0.15,0.05,0.4,0.4,1.0,0.8292091671942537,1.0928029009415123,Pruned
SOH,0.15,0.05,0.45,0.35,1.0,0.841286422693371,1.0671418950539238,Pruned
SOH,0.15,0.05,0.5,0.3,1.0,0.8533636781924882,1.0414808891663352,Pruned
SOH,0.15,0.05,0.55,0.25,1.0,0.8654409336916055,1.0158198832787466,Pruned
SOH,0.15,0.05,0.6,0.2,1.0,0.8775181891907227,0.990158877391158,Pruned
SOH,0.15,0.05,0.65,0.15,1.0,0.88959544468984,0.9644978715035695,Pruned
SOH,0.15,0.05,0.7,0.1,0.9999999999999999,0.9016727001889572,0.938836865615981,Pruned
SOH,0.15,0.05,0.75,0.05,1.0,0.9137499556880744,0.9131758597283924,Quantized
SOH,0.15,0.05,0.8,0.0,1.0,0.9258272111871918,0.8875148538408039,Quantized
SOH,0.15,0.1,0.0,0.75,1.0,0.7329619195543995,1.2558953473081773,Pruned
SOH,0.15,0.1,0.05,0.7,1.0,0.7450391750535167,1.2302343414205887,Pruned
SOH,0.15,0.1,0.1,0.65,1.0,0.757116430552634,1.2045733355330004,Pruned
SOH,0.15,0.1,0.15,0.6,1.0,0.7691936860517512,1.1789123296454116,Pruned
SOH,0.15,0.1,0.2,0.55,1.0,0.7812709415508685,1.1532513237578232,Pruned
SOH,0.15,0.1,0.25,0.5,1.0,0.7933481970499857,1.1275903178702347,Pruned
SOH,0.15,0.1,0.3,0.45,1.0,0.8054254525491029,1.101929311982646,Pruned
SOH,0.15,0.1,0.35,0.4,1.0,0.8175027080482201,1.0762683060950575,Pruned
SOH,0.15,0.1,0.4,0.35,1.0,0.8295799635473375,1.050607300207469,Pruned
SOH,0.15,0.1,0.45,0.3,1.0,0.8416572190464546,1.0249462943198802,Pruned
SOH,0.15,0.1,0.5,0.25,1.0,0.8537344745455719,0.9992852884322917,Pruned
SOH,0.15,0.1,0.55,0.2,1.0,0.8658117300446893,0.9736242825447032,Pruned
SOH,0.15,0.1,0.6,0.15,1.0,0.8778889855438065,0.9479632766571144,Pruned
SOH,0.15,0.1,0.65,0.1,1.0,0.8899662410429238,0.9223022707695261,Pruned
SOH,0.15,0.1,0.7,0.05,1.0,0.902043496542041,0.8966412648819374,Quantized
SOH,0.15,0.1,0.75,0.0,1.0,0.9141207520411583,0.8709802589943489,Quantized
SOH,0.15,0.15,0.0,0.7,1.0,0.7333327159074832,1.2136997465741337,Pruned
SOH,0.15,0.15,0.05,0.65,1.0,0.7454099714066005,1.1880387406865454,Pruned
SOH,0.15,0.15,0.1,0.6,1.0,0.7574872269057177,1.1623777347989566,Pruned
SOH,0.15,0.15,0.15,0.55,1.0,0.7695644824048349,1.1367167289113682,Pruned
SOH,0.15,0.15,0.2,0.5,1.0,0.7816417379039522,1.1110557230237796,Pruned
SOH,0.15,0.15,0.25,0.45,1.0,0.7937189934030695,1.0853947171361908,Pruned
SOH,0.15,0.15,0.3,0.4,1.0,0.8057962489021867,1.0597337112486025,Pruned
SOH,0.15,0.15,0.35,0.35,0.9999999999999999,0.817873504401304,1.034072705361014,Pruned
SOH,0.15,0.15,0.4,0.3,1.0,0.8299507599004212,1.0084116994734253,Pruned
SOH,0.15,0.15,0.45,0.25,1.0,0.8420280153995385,0.9827506935858368,Pruned
SOH,0.15,0.15,0.5,0.2,1.0,0.8541052708986558,0.9570896876982482,Pruned
SOH,0.15,0.15,0.55,0.15,1.0,0.866182526397773,0.9314286818106596,Pruned
SOH,0.15,0.15,0.6,0.1,0.9999999999999999,0.8782597818968902,0.9057676759230711,Pruned
SOH,0.15,0.15,0.65,0.05,1.0,0.8903370373960076,0.8801066700354825,Quantized
SOH,0.15,0.15,0.7,0.0,1.0,0.9024142928951246,0.8544456641478939,Quantized
SOH,0.15,0.2,0.0,0.65,1.0,0.7337035122605671,1.1715041458400903,Pruned
SOH,0.15,0.2,0.05,0.6,1.0,0.7457807677596842,1.1458431399525018,Pruned
SOH,0.15,0.2,0.1,0.55,1.0,0.7578580232588015,1.1201821340649132,Pruned
SOH,0.15,0.2,0.15,0.5,1.0,0.7699352787579188,1.0945211281773246,Pruned
SOH,0.15,0.2,0.2,0.45,1.0,0.7820125342570361,1.068860122289736,Pruned
SOH,0.15,0.2,0.25,0.4,1.0,0.7940897897561533,1.0431991164021475,Pruned
SOH,0.15,0.2,0.3,0.35,0.9999999999999999,0.8061670452552705,1.017538110514559,Pruned
SOH,0.15,0.2,0.35,0.3,1.0,0.8182443007543877,0.9918771046269703,Pruned
SOH,0.15,0.2,0.4,0.25,1.0,0.8303215562535051,0.9662160987393819,Pruned
SOH,0.15,0.2,0.45,0.2,1.0,0.8423988117526223,0.9405550928517934,Pruned
SOH,0.15,0.2,0.5,0.15,1.0,0.8544760672517395,0.9148940869642046,Pruned
SOH,0.15,0.2,0.55,0.1,1.0,0.8665533227508568,0.8892330810766162,Pruned
SOH,0.15,0.2,0.6,0.05,1.0,0.8786305782499739,0.8635720751890276,Quantized
SOH,0.15,0.2,0.65,0.0,1.0,0.8907078337490913,0.837911069301439,Quantized
SOH,0.15,0.25,0.0,0.6,1.0,0.7340743086136508,1.1293085451060467,Pruned
SOH,0.15,0.25,0.05,0.55,1.0,0.7461515641127681,1.1036475392184584,Pruned
SOH,0.15,0.25,0.1,0.5,1.0,0.7582288196118853,1.0779865333308698,Pruned
SOH,0.15,0.25,0.15,0.45,1.0,0.7703060751110025,1.0523255274432812,Pruned
SOH,0.15,0.25,0.2,0.4,1.0,0.7823833306101198,1.0266645215556927,Pruned
SOH,0.15,0.25,0.25,0.35,1.0,0.794460586109237,1.001003515668104,Pruned
SOH,0.15,0.25,0.3,0.3,1.0,0.8065378416083542,0.9753425097805153,Pruned
SOH,0.15,0.25,0.35,0.25,1.0,0.8186150971074715,0.9496815038929269,Pruned
SOH,0.15,0.25,0.4,0.2,1.0,0.8306923526065888,0.9240204980053384,Pruned
SOH,0.15,0.25,0.45,0.15,1.0,0.842769608105706,0.8983594921177497,Pruned
SOH,0.15,0.25,0.5,0.1,1.0,0.8548468636048233,0.8726984862301612,Pruned
SOH,0.15,0.25,0.55,0.05,1.0,0.8669241191039405,0.8470374803425726,Quantized
SOH,0.15,0.25,0.6,0.0,1.0,0.8790013746030578,0.8213764744549841,Quantized
SOH,0.15,0.3,0.0,0.55,1.0,0.7344451049667344,1.0871129443720033,Pruned
SOH,0.15,0.3,0.05,0.5,1.0,0.7465223604658517,1.0614519384844148,Pruned
SOH,0.15,0.3,0.1,0.45,1.0,0.758599615964969,1.0357909325968262,Pruned
SOH,0.15,0.3,0.15,0.4,1.0,0.7706768714640863,1.0101299267092376,Pruned
SOH,0.15,0.3,0.2,0.35,0.9999999999999999,0.7827541269632036,0.984468920821649,Pruned
SOH,0.15,0.3,0.25,0.3,1.0,0.7948313824623208,0.9588079149340605,Pruned
SOH,0.15,0.3,0.3,0.25,1.0,0.806908637961438,0.9331469090464719,Pruned
SOH,0.15,0.3,0.35,0.2,1.0,0.8189858934605553,0.9074859031588833,Pruned
SOH,0.15,0.3,0.4,0.15,1.0,0.8310631489596726,0.8818248972712948,Pruned
SOH,0.15,0.3,0.45,0.1,0.9999999999999999,0.8431404044587898,0.8561638913837062,Pruned
SOH,0.15,0.3,0.5,0.05,1.0,0.855217659957907,0.8305028854961177,Quantized
SOH,0.15,0.3,0.55,0.0,1.0,0.8672949154570243,0.804841879608529,Quantized
SOH,0.15,0.35,0.0,0.5,1.0,0.7348159013198182,1.0449173436379597,Pruned
SOH,0.15,0.35,0.05,0.45,1.0,0.7468931568189354,1.0192563377503712,Pruned
SOH,0.15,0.35,0.1,0.4,1.0,0.7589704123180527,0.9935953318627828,Pruned
SOH,0.15,0.35,0.15,0.35,1.0,0.77104766781717,0.9679343259751942,Pruned
SOH,0.15,0.35,0.2,0.3,1.0,0.7831249233162872,0.9422733200876054,Pruned
SOH,0.15,0.35,0.25,0.25,1.0,0.7952021788154044,0.916612314200017,Pruned
SOH,0.15,0.35,0.3,0.2,1.0,0.8072794343145218,0.8909513083124285,Pruned
SOH,0.15,0.35,0.35,0.15,1.0,0.819356689813639,0.8652903024248398,Pruned
SOH,0.15,0.35,0.4,0.1,1.0,0.8314339453127563,0.8396292965372514,Pruned
SOH,0.15,0.35,0.45,0.05,1.0,0.8435112008118735,0.8139682906496627,Quantized
SOH,0.15,0.35,0.5,0.0,1.0,0.8555884563109908,0.7883072847620742,Quantized
SOH,0.15,0.4,0.0,0.45,1.0,0.735186697672902,1.0027217429039164,Pruned
SOH,0.15,0.4,0.05,0.4,1.0,0.7472639531720193,0.9770607370163278,Pruned
SOH,0.15,0.4,0.1,0.35,1.0,0.7593412086711366,0.9513997311287392,Pruned
SOH,0.15,0.4,0.15,0.3,1.0,0.7714184641702538,0.9257387252411506,Pruned
SOH,0.15,0.4,0.2,0.25,1.0,0.7834957196693711,0.9000777193535621,Pruned
SOH,0.15,0.4,0.25,0.2,1.0,0.7955729751684883,0.8744167134659735,Pruned
SOH,0.15,0.4,0.3,0.15,1.0,0.8076502306676056,0.8487557075783849,Pruned
SOH,0.15,0.4,0.35,0.1,1.0,0.8197274861667229,0.8230947016907963,Pruned
SOH,0.15,0.4,0.4,0.05,1.0,0.8318047416658401,0.7974336958032079,Quantized
SOH,0.15,0.4,0.45,0.0,1.0,0.8438819971649574,0.7717726899156192,Quantized
SOH,0.15,0.45,0.0,0.4,1.0,0.7355574940259858,0.9605261421698729,Pruned
SOH,0.15,0.45,0.05,0.35,1.0,0.7476347495251031,0.9348651362822842,Pruned
SOH,0.15,0.45,0.1,0.3,1.0,0.7597120050242203,0.9092041303946956,Pruned
SOH,0.15,0.45,0.15,0.25,1.0,0.7717892605233376,0.883543124507107,Pruned
SOH,0.15,0.45,0.2,0.2,1.0,0.7838665160224549,0.8578821186195187,Pruned
SOH,0.15,0.45,0.25,0.15,1.0,0.7959437715215721,0.8322211127319299,Pruned
SOH,0.15,0.45,0.3,0.1,0.9999999999999999,0.8080210270206893,0.8065601068443414,Quantized
SOH,0.15,0.45,0.35,0.05,1.0,0.8200982825198065,0.7808991009567529,Quantized
SOH,0.15,0.45,0.4,0.0,1.0,0.832175538018924,0.7552380950691643,Quantized
SOH,0.15,0.5,0.0,0.35,1.0,0.7359282903790696,0.9183305414358294,Pruned
SOH,0.15,0.5,0.05,0.3,1.0,0.7480055458781868,0.8926695355482408,Pruned
SOH,0.15,0.5,0.1,0.25,1.0,0.7600828013773041,0.8670085296606522,Pruned
SOH,0.15,0.5,0.15,0.2,1.0,0.7721600568764214,0.8413475237730637,Pruned
SOH,0.15,0.5,0.2,0.15,1.0,0.7842373123755386,0.8156865178854751,Pruned
SOH,0.15,0.5,0.25,0.1,1.0,0.7963145678746558,0.7900255119978865,Quantized
SOH,0.15,0.5,0.3,0.05,1.0,0.808391823373773,0.7643645061102979,Quantized
SOH,0.15,0.5,0.35,0.0,1.0,0.8204690788728903,0.7387035002227094,Quantized
SOH,0.15,0.55,0.0,0.3,1.0,0.7362990867321533,0.8761349407017858,Pruned
SOH,0.15,0.55,0.05,0.25,1.0,0.7483763422312706,0.8504739348141972,Pruned
SOH,0.15,0.55,0.1,0.2,1.0,0.7604535977303879,0.8248129289266086,Pruned
SOH,0.15,0.55,0.15,0.15,1.0,0.7725308532295051,0.79915192303902,Pruned
SOH,0.15,0.55,0.2,0.1,1.0000000000000002,0.7846081087286224,0.7734909171514316,Quantized
SOH,0.15,0.55,0.25,0.05,1.0,0.7966853642277396,0.747829911263843,Quantized
SOH,0.15,0.55,0.3,0.0,1.0,0.8087626197268568,0.7221689053762543,Quantized
SOH,0.15,0.6,0.0,0.25,1.0,0.7366698830852372,0.8339393399677423,Pruned
SOH,0.15,0.6,0.05,0.2,1.0,0.7487471385843545,0.8082783340801538,Pruned
SOH,0.15,0.6,0.1,0.15,1.0,0.7608243940834717,0.7826173281925651,Pruned
SOH,0.15,0.6,0.15,0.1,1.0,0.772901649582589,0.7569563223049767,Quantized
SOH,0.15,0.6,0.2,0.05,1.0,0.7849789050817062,0.731295316417388,Quantized
SOH,0.15,0.6,0.25,0.0,1.0,0.7970561605808235,0.7056343105297994,Quantized
SOH,0.15,0.65,0.0,0.2,1.0,0.7370406794383209,0.7917437392336988,Pruned
SOH,0.15,0.65,0.05,0.15,1.0,0.7491179349374381,0.7660827333461102,Pruned
SOH,0.15,0.65,0.1,0.1,1.0,0.7611951904365554,0.7404217274585218,Quantized
SOH,0.15,0.65,0.15,0.05,1.0,0.7732724459356726,0.7147607215709332,Quantized
SOH,0.15,0.65,0.2,0.0,1.0,0.7853497014347899,0.6890997156833445,Quantized
SOH,0.15,0.7,0.0,0.15,1.0,0.7374114757914046,0.7495481384996552,Pruned
SOH,0.15,0.7,0.05,0.1,1.0,0.749488731290522,0.7238871326120667,Quantized
SOH,0.15,0.7,0.1,0.05,1.0,0.7615659867896392,0.6982261267244781,Quantized
SOH,0.15,0.7,0.15,0.0,1.0,0.7736432422887565,0.6725651208368895,Quantized
SOH,0.15,0.75,0.0,0.1,1.0,0.7377822721444884,0.7073525377656118,Quantized
SOH,0.15,0.75,0.05,0.05,1.0,0.7498595276436056,0.6816915318780232,Quantized
SOH,0.15,0.75,0.1,0.0,1.0,0.761936783142723,0.6560305259904347,Quantized
SOH,0.15,0.8,0.0,0.05,1.0,0.7381530684975721,0.6651569370315683,Quantized
SOH,0.15,0.8,0.05,0.0,1.0,0.7502303239966894,0.6394959311439797,Quantized
SOH,0.15,0.85,0.0,0.0,1.0,0.738523864850656,0.6229613362975247,Quantized
SOH,0.2,0.0,0.0,0.8,1.0,0.7897224748565058,1.3587811145134456,Pruned
SOH,0.2,0.0,0.05,0.75,1.0,0.801799730355623,1.333120108625857,Pruned
SOH,0.2,0.0,0.1,0.7,1.0,0.8138769858547403,1.3074591027382683,Pruned
SOH,0.2,0.0,0.15,0.65,1.0,0.8259542413538576,1.28179809685068,Pruned
SOH,0.2,0.0,0.2,0.6,1.0,0.8380314968529747,1.2561370909630911,Pruned
SOH,0.2,0.0,0.25,0.55,1.0,0.850108752352092,1.2304760850755028,Pruned
SOH,0.2,0.0,0.3,0.5,1.0,0.8621860078512094,1.2048150791879142,Pruned
SOH,0.2,0.0,0.35,0.45,1.0,0.8742632633503267,1.1791540733003254,Pruned
SOH,0.2,0.0,0.4,0.4,1.0,0.8863405188494439,1.1534930674127373,Pruned
SOH,0.2,0.0,0.45,0.35,1.0,0.8984177743485612,1.1278320615251485,Pruned
SOH,0.2,0.0,0.5,0.3,1.0,0.9104950298476784,1.10217105563756,Pruned
SOH,0.2,0.0,0.55,0.25,1.0,0.9225722853467957,1.0765100497499713,Pruned
SOH,0.2,0.0,0.6,0.2,1.0,0.9346495408459129,1.0508490438623828,Pruned
SOH,0.2,0.0,0.65,0.15,1.0,0.9467267963450302,1.0251880379747942,Pruned
SOH,0.2,0.0,0.7,0.1,0.9999999999999999,0.9588040518441473,0.9995270320872056,Pruned
SOH,0.2,0.0,0.75,0.05,1.0,0.9708813073432645,0.9738660261996172,Pruned
SOH,0.2,0.0,0.8,0.0,1.0,0.982958562842382,0.9482050203120285,Quantized
SOH,0.2,0.05,0.0,0.75,1.0,0.7900932712095896,1.316585513779402,Pruned
SOH,0.2,0.05,0.05,0.7,1.0,0.8021705267087068,1.2909245078918135,Pruned
SOH,0.2,0.05,0.1,0.65,1.0,0.8142477822078241,1.2652635020042249,Pruned
SOH,0.2,0.05,0.15,0.6,1.0,0.8263250377069413,1.2396024961166363,Pruned
SOH,0.2,0.05,0.2,0.55,1.0,0.8384022932060586,1.2139414902290477,Pruned
SOH,0.2,0.05,0.25,0.5,1.0,0.8504795487051758,1.1882804843414592,Pruned
SOH,0.2,0.05,0.3,0.45,1.0,0.862556804204293,1.1626194784538706,Pruned
SOH,0.2,0.05,0.35,0.4,1.0,0.8746340597034102,1.136958472566282,Pruned
SOH,0.2,0.05,0.4,0.35,1.0,0.8867113152025277,1.1112974666786934,Pruned
SOH,0.2,0.05,0.45,0.3,1.0,0.8987885707016448,1.0856364607911049,Pruned
SOH,0.2,0.05,0.5,0.25,1.0,0.9108658262007621,1.0599754549035163,Pruned
SOH,0.2,0.05,0.55,0.2,1.0,0.9229430816998794,1.034314449015928,Pruned
SOH,0.2,0.05,0.6,0.15,1.0,0.9350203371989966,1.0086534431283392,Pruned
SOH,0.2,0.05,0.65,0.1,1.0,0.9470975926981139,0.9829924372407507,Pruned
SOH,0.2,0.05,0.7,0.05,1.0,0.9591748481972311,0.9573314313531621,Quantized
SOH,0.2,0.05,0.75,0.0,1.0,0.9712521036963484,0.9316704254655735,Quantized
SOH,0.2,0.1,0.0,0.7,1.0,0.7904640675626733,1.2743899130453586,Pruned
SOH,0.2,0.1,0.05,0.65,1.0,0.8025413230617906,1.24872890715777,Pruned
SOH,0.2,0.1,0.1,0.6,1.0,0.8146185785609079,1.2230679012701815,Pruned
SOH,0.2,0.1,0.15,0.55,1.0,0.8266958340600252,1.197406895382593,Pruned
SOH,0.2,0.1,0.2,0.5,1.0,0.8387730895591424,1.1717458894950044,Pruned
SOH,0.2,0.1,0.25,0.45,1.0,0.8508503450582596,1.1460848836074158,Pruned
SOH,0.2,0.1,0.3,0.4,1.0,0.8629276005573768,1.1204238777198272,Pruned
SOH,0.2,0.1,0.35,0.35,1.0,0.8750048560564941,1.0947628718322386,Pruned
SOH,0.2,0.1,0.4,0.3,1.0,0.8870821115556113,1.06910186594465,Pruned
SOH,0.2,0.1,0.45,0.25,1.0,0.8991593670547287,1.0434408600570615,Pruned
SOH,0.2,0.1,0.5,0.2,1.0,0.911236622553846,1.017779854169473,Pruned
SOH,0.2,0.1,0.55,0.15,1.0,0.9233138780529632,0.9921188482818843,Pruned
SOH,0.2,0.1,0.6,0.1,1.0,0.9353911335520805,0.9664578423942958,Pruned
SOH,0.2,0.1,0.65,0.05,1.0,0.9474683890511977,0.9407968365067072,Quantized
SOH,0.2,0.1,0.7,0.0,1.0,0.9595456445503149,0.9151358306191186,Quantized
SOH,0.2,0.15,0.0,0.65,1.0,0.7908348639157572,1.232194312311315,Pruned
SOH,0.2,0.15,0.05,0.6,1.0,0.8029121194148743,1.2065333064237265,Pruned
SOH,0.2,0.15,0.1,0.55,1.0,0.8149893749139916,1.180872300536138,Pruned
SOH,0.2,0.15,0.15,0.5,1.0,0.8270666304131089,1.1552112946485493,Pruned
SOH,0.2,0.15,0.2,0.45,1.0,0.8391438859122262,1.1295502887609608,Pruned
SOH,0.2,0.15,0.25,0.4,1.0,0.8512211414113434,1.1038892828733724,Pruned
SOH,0.2,0.15,0.3,0.35,0.9999999999999999,0.8632983969104606,1.0782282769857836,Pruned
SOH,0.2,0.15,0.35,0.3,1.0,0.8753756524095778,1.052567271098195,Pruned
SOH,0.2,0.15,0.4,0.25,1.0,0.8874529079086952,1.0269062652106065,Pruned
SOH,0.2,0.15,0.45,0.2,1.0,0.8995301634078124,1.0012452593230179,Pruned
SOH,0.2,0.15,0.5,0.15,1.0,0.9116074189069296,0.9755842534354293,Pruned
SOH,0.2,0.15,0.55,0.1,1.0,0.923684674406047,0.9499232475478409,Pruned
SOH,0.2,0.15,0.6,0.05,1.0,0.935761929905164,0.9242622416602523,Quantized
SOH,0.2,0.15,0.65,0.0,1.0,0.9478391854042815,0.8986012357726636,Quantized
SOH,0.2,0.2,0.0,0.6,1.0,0.7912056602688409,1.1899987115772714,Pruned
SOH,0.2,0.2,0.05,0.55,1.0,0.8032829157679582,1.1643377056896829,Pruned
SOH,0.2,0.2,0.1,0.5,1.0,0.8153601712670754,1.1386766998020943,Pruned
SOH,0.2,0.2,0.15,0.45,1.0,0.8274374267661926,1.1130156939145057,Pruned
SOH,0.2,0.2,0.2,0.4,1.0,0.8395146822653099,1.0873546880269171,Pruned
SOH,0.2,0.2,0.25,0.35,1.0,0.8515919377644272,1.0616936821393286,Pruned
SOH,0.2,0.2,0.3,0.3,1.0,0.8636691932635444,1.03603267625174,Pruned
SOH,0.2,0.2,0.35,0.25,1.0,0.8757464487626616,1.0103716703641514,Pruned
SOH,0.2,0.2,0.4,0.2,1.0,0.887823704261779,0.9847106644765631,Pruned
SOH,0.2,0.2,0.45,0.15,1.0,0.8999009597608961,0.9590496585889743,Pruned
SOH,0.2,0.2,0.5,0.1,1.0,0.9119782152600134,0.9333886527013859,Pruned
SOH,0.2,0.2,0.55,0.05,1.0,0.9240554707591306,0.9077276468137973,Quantized
SOH,0.2,0.2,0.6,0.0,1.0,0.936132726258248,0.8820666409262087,Quantized
SOH,0.2,0.25,0.0,0.55,1.0,0.7915764566219247,1.147803110843228,Pruned
SOH,0.2,0.25,0.05,0.5,1.0,0.8036537121210419,1.1221421049556395,Pruned
SOH,0.2,0.25,0.1,0.45,1.0,0.8157309676201592,1.096481099068051,Pruned
SOH,0.2,0.25,0.15,0.4,1.0,0.8278082231192764,1.0708200931804623,Pruned
SOH,0.2,0.25,0.2,0.35,1.0,0.8398854786183937,1.0451590872928738,Pruned
SOH,0.2,0.25,0.25,0.3,1.0,0.8519627341175109,1.0194980814052852,Pruned
SOH,0.2,0.25,0.3,0.25,1.0,0.8640399896166282,0.9938370755176966,Pruned
SOH,0.2,0.25,0.35,0.2,1.0,0.8761172451157455,0.968176069630108,Pruned
SOH,0.2,0.25,0.4,0.15,1.0,0.8881945006148627,0.9425150637425195,Pruned
SOH,0.2,0.25,0.45,0.1,1.0,0.90027175611398,0.9168540578549309,Pruned
SOH,0.2,0.25,0.5,0.05,1.0,0.9123490116130972,0.8911930519673424,Quantized
SOH,0.2,0.25,0.55,0.0,1.0,0.9244262671122145,0.8655320460797538,Quantized
SOH,0.2,0.3,0.0,0.5,1.0,0.7919472529750085,1.1056075101091845,Pruned
SOH,0.2,0.3,0.05,0.45,1.0,0.8040245084741258,1.0799465042215959,Pruned
SOH,0.2,0.3,0.1,0.4,1.0,0.816101763973243,1.0542854983340075,Pruned
SOH,0.2,0.3,0.15,0.35,1.0,0.8281790194723603,1.0286244924464187,Pruned
SOH,0.2,0.3,0.2,0.3,1.0,0.8402562749714775,1.0029634865588302,Pruned
SOH,0.2,0.3,0.25,0.25,1.0,0.8523335304705948,0.9773024806712416,Pruned
SOH,0.2,0.3,0.3,0.2,1.0,0.864410785969712,0.951641474783653,Pruned
SOH,0.2,0.3,0.35,0.15,1.0,0.8764880414688292,0.9259804688960644,Pruned
SOH,0.2,0.3,0.4,0.1,1.0,0.8885652969679466,0.900319463008476,Pruned
SOH,0.2,0.3,0.45,0.05,1.0,0.9006425524670637,0.8746584571208874,Quantized
SOH,0.2,0.3,0.5,0.0,1.0,0.912719807966181,0.8489974512332987,Quantized
SOH,0.2,0.35,0.0,0.45,1.0,0.7923180493280921,1.0634119093751409,Pruned
SOH,0.2,0.35,0.05,0.4,1.0,0.8043953048272094,1.0377509034875525,Pruned
SOH,0.2,0.35,0.1,0.35,1.0,0.8164725603263268,1.012089897599964,Pruned
SOH,0.2,0.35,0.15,0.3,1.0,0.828549815825444,0.9864288917123751,Pruned
SOH,0.2,0.35,0.2,0.25,1.0,0.8406270713245613,0.9607678858247868,Pruned
SOH,0.2,0.35,0.25,0.2,1.0,0.8527043268236785,0.9351068799371982,Pruned
SOH,0.2,0.35,0.3,0.15,1.0,0.8647815823227957,0.9094458740496095,Pruned
SOH,0.2,0.35,0.35,0.1,1.0,0.876858837821913,0.8837848681620211,Pruned
SOH,0.2,0.35,0.4,0.05,1.0,0.8889360933210302,0.8581238622744325,Quantized
SOH,0.2,0.35,0.45,0.0,1.0,0.9010133488201475,0.8324628563868439,Quantized
SOH,0.2,0.4,0.0,0.4,1.0,0.7926888456811759,1.0212163086410975,Pruned
SOH,0.2,0.4,0.05,0.35,1.0,0.8047661011802932,0.9955553027535089,Pruned
SOH,0.2,0.4,0.1,0.3,1.0,0.8168433566794104,0.9698942968659203,Pruned
SOH,0.2,0.4,0.15,0.25,1.0,0.8289206121785277,0.9442332909783318,Pruned
SOH,0.2,0.4,0.2,0.2,1.0,0.8409978676776451,0.9185722850907434,Pruned
SOH,0.2,0.4,0.25,0.15,1.0,0.8530751231767623,0.8929112792031546,Pruned
SOH,0.2,0.4,0.3,0.1,1.0000000000000002,0.8651523786758795,0.8672502733155661,Pruned
SOH,0.2,0.4,0.35,0.05,1.0,0.8772296341749967,0.8415892674279776,Quantized
SOH,0.2,0.4,0.4,0.0,1.0,0.8893068896741141,0.815928261540389,Quantized
SOH,0.2,0.45,0.0,0.35,1.0,0.7930596420342598,0.9790207079070541,Pruned
SOH,0.2,0.45,0.05,0.3,1.0,0.805136897533377,0.9533597020194655,Pruned
SOH,0.2,0.45,0.1,0.25,1.0,0.8172141530324943,0.9276986961318769,Pruned
SOH,0.2,0.45,0.15,0.2,1.0,0.8292914085316117,0.9020376902442884,Pruned
SOH,0.2,0.45,0.2,0.15,1.0,0.8413686640307289,0.8763766843566998,Pruned
SOH,0.2,0.45,0.25,0.1,1.0,0.8534459195298462,0.8507156784691112,Quantized
SOH,0.2,0.45,0.3,0.05,1.0,0.8655231750289633,0.8250546725815227,Quantized
SOH,0.2,0.45,0.35,0.0,1.0,0.8776004305280806,0.7993936666939341,Quantized
SOH,0.2,0.5,0.0,0.3,1.0,0.7934304383873434,0.9368251071730105,Pruned
SOH,0.2,0.5,0.05,0.25,1.0,0.8055076938864607,0.9111641012854219,Pruned
SOH,0.2,0.5,0.1,0.2,1.0,0.817584949385578,0.8855030953978333,Pruned
SOH,0.2,0.5,0.15,0.15,1.0,0.8296622048846952,0.8598420895102448,Pruned
SOH,0.2,0.5,0.2,0.1,0.9999999999999999,0.8417394603838125,0.8341810836226562,Quantized
SOH,0.2,0.5,0.25,0.05,1.0,0.8538167158829297,0.8085200777350676,Quantized
SOH,0.2,0.5,0.3,0.0,1.0,0.8658939713820469,0.782859071847479,Quantized
SOH,0.2,0.55,0.0,0.25,1.0,0.7938012347404273,0.894629506438967,Pruned
SOH,0.2,0.55,0.05,0.2,1.0,0.8058784902395446,0.8689685005513785,Pruned
SOH,0.2,0.55,0.1,0.15,1.0,0.8179557457386618,0.8433074946637898,Pruned
SOH,0.2,0.55,0.15,0.1,1.0,0.8300330012377791,0.8176464887762014,Quantized
SOH,0.2,0.55,0.2,0.05,1.0,0.8421102567368963,0.7919854828886127,Quantized
SOH,0.2,0.55,0.25,0.0,1.0,0.8541875122360136,0.7663244770010241,Quantized
SOH,0.2,0.6,0.0,0.2,1.0,0.7941720310935111,0.8524339057049235,Pruned
SOH,0.2,0.6,0.05,0.15,1.0,0.8062492865926283,0.8267728998173348,Pruned
SOH,0.2,0.6,0.1,0.1,1.0,0.8183265420917456,0.8011118939297464,Quantized
SOH,0.2,0.6,0.15,0.05,1.0,0.8304037975908628,0.7754508880421577,Quantized
SOH,0.2,0.6,0.2,0.0,1.0,0.8424810530899801,0.7497898821545692,Quantized
SOH,0.2,0.65,0.0,0.15,1.0,0.7945428274465948,0.8102383049708799,Pruned
SOH,0.2,0.65,0.05,0.1,1.0000000000000002,0.8066200829457121,0.7845772990832914,Quantized
SOH,0.2,0.65,0.1,0.05,1.0,0.8186973384448293,0.7589162931957029,Quantized
SOH,0.2,0.65,0.15,0.0,1.0,0.8307745939439466,0.7332552873081142,Quantized
SOH,0.2,0.7,0.0,0.1,0.9999999999999999,0.7949136237996786,0.7680427042368365,Quantized
SOH,0.2,0.7,0.05,0.05,1.0,0.8069908792987958,0.7423816983492479,Quantized
SOH,0.2,0.7,0.1,0.0,0.9999999999999999,0.8190681347979131,0.7167206924616594,Quantized
SOH,0.2,0.75,0.0,0.05,1.0,0.7952844201527622,0.725847103502793,Quantized
SOH,0.2,0.75,0.05,0.0,1.0,0.8073616756518796,0.7001860976152045,Quantized
SOH,0.2,0.8,0.0,0.0,1.0,0.7956552165058461,0.6836515027687494,Quantized
SOH,0.25,0.0,0.0,0.75,1.0,0.8472246228647797,1.3772756802506267,Pruned
SOH,0.25,0.0,0.05,0.7,1.0,0.8593018783638969,1.3516146743630382,Pruned
SOH,0.25,0.0,0.1,0.65,1.0,0.8713791338630141,1.3259536684754496,Pruned
SOH,0.25,0.0,0.15,0.6,1.0,0.8834563893621314,1.3002926625878608,Pruned
SOH,0.25,0.0,0.2,0.55,1.0,0.8955336448612488,1.2746316567002725,Pruned
SOH,0.25,0.0,0.25,0.5,1.0,0.907610900360366,1.2489706508126839,Pruned
SOH,0.25,0.0,0.3,0.45,1.0,0.9196881558594832,1.223309644925095,Pruned
SOH,0.25,0.0,0.35,0.4,1.0,0.9317654113586004,1.197648639037507,Pruned
SOH,0.25,0.0,0.4,0.35,1.0,0.9438426668577178,1.1719876331499182,Pruned
SOH,0.25,0.0,0.45,0.3,1.0,0.9559199223568349,1.1463266272623296,Pruned
SOH,0.25,0.0,0.5,0.25,1.0,0.9679971778559522,1.120665621374741,Pruned
SOH,0.25,0.0,0.55,0.2,1.0,0.9800744333550695,1.0950046154871524,Pruned
SOH,0.25,0.0,0.6,0.15,1.0,0.9921516888541867,1.0693436095995639,Pruned
SOH,0.25,0.0,0.65,0.1,1.0,1.004228944353304,1.0436826037119753,Base
SOH,0.25,0.0,0.7,0.05,1.0,1.0163061998524212,1.0180215978243867,Base
SOH,0.25,0.0,0.75,0.0,1.0,1.0283834553515385,0.9923605919367982,Quantized
SOH,0.25,0.05,0.0,0.7,1.0,0.8475954192178634,1.3350800795165831,Pruned
SOH,0.25,0.05,0.05,0.65,1.0,0.8596726747169807,1.3094190736289946,Pruned
SOH,0.25,0.05,0.1,0.6,1.0,0.8717499302160978,1.283758067741406,Pruned
SOH,0.25,0.05,0.15,0.55,1.0,0.8838271857152151,1.2580970618538174,Pruned
SOH,0.25,0.05,0.2,0.5,1.0,0.8959044412143324,1.2324360559662288,Pruned
SOH,0.25,0.05,0.25,0.45,1.0,0.9079816967134497,1.2067750500786403,Pruned
SOH,0.25,0.05,0.3,0.4,1.0,0.920058952212567,1.1811140441910517,Pruned
SOH,0.25,0.05,0.35,0.35,0.9999999999999999,0.9321362077116843,1.1554530383034631,Pruned
SOH,0.25,0.05,0.4,0.3,1.0,0.9442134632108015,1.1297920324158746,Pruned
SOH,0.25,0.05,0.45,0.25,1.0,0.9562907187099188,1.104131026528286,Pruned
SOH,0.25,0.05,0.5,0.2,1.0,0.9683679742090361,1.0784700206406976,Pruned
SOH,0.25,0.05,0.55,0.15,1.0,0.9804452297081533,1.0528090147531088,Pruned
SOH,0.25,0.05,0.6,0.1,0.9999999999999999,0.9925224852072705,1.0271480088655203,Pruned
SOH,0.25,0.05,0.65,0.05,1.0,1.0045997407063878,1.0014870029779317,Base
SOH,0.25,0.05,0.7,0.0,1.0,1.016676996205505,0.9758259970903432,Quantized
SOH,0.25,0.1,0.0,0.65,1.0,0.8479662155709473,1.2928844787825398,Pruned
SOH,0.25,0.1,0.05,0.6,1.0,0.8600434710700644,1.2672234728949512,Pruned
SOH,0.25,0.1,0.1,0.55,1.0,0.8721207265691817,1.2415624670073626,Pruned
SOH,0.25,0.1,0.15,0.5,1.0,0.884197982068299,1.215901461119774,Pruned
SOH,0.25,0.1,0.2,0.45,1.0,0.8962752375674163,1.1902404552321855,Pruned
SOH,0.25,0.1,0.25,0.4,1.0,0.9083524930665335,1.164579449344597,Pruned
SOH,0.25,0.1,0.3,0.35,0.9999999999999999,0.9204297485656507,1.1389184434570083,Pruned
SOH,0.25,0.1,0.35,0.3,1.0,0.9325070040647679,1.1132574375694197,Pruned
SOH,0.25,0.1,0.4,0.25,1.0,0.9445842595638854,1.0875964316818312,Pruned
SOH,0.25,0.1,0.45,0.2,1.0,0.9566615150630026,1.0619354257942426,Pruned
SOH,0.25,0.1,0.5,0.15,1.0,0.9687387705621198,1.036274419906654,Pruned
SOH,0.25,0.1,0.55,0.1,1.0,0.9808160260612371,1.0106134140190655,Pruned
SOH,0.25,0.1,0.6,0.05,1.0,0.9928932815603542,0.9849524081314769,Quantized
SOH,0.25,0.1,0.65,0.0,1.0,1.0049705370594717,0.9592914022438883,Quantized
SOH,0.25,0.15,0.0,0.6,1.0,0.848337011924031,1.2506888780484962,Pruned
SOH,0.25,0.15,0.05,0.55,1.0,0.8604142674231483,1.2250278721609076,Pruned
SOH,0.25,0.15,0.1,0.5,1.0,0.8724915229222655,1.199366866273319,Pruned
SOH,0.25,0.15,0.15,0.45,1.0,0.8845687784213827,1.1737058603857304,Pruned
SOH,0.25,0.15,0.2,0.4,1.0,0.8966460339205,1.148044854498142,Pruned
SOH,0.25,0.15,0.25,0.35,1.0,0.9087232894196172,1.1223838486105533,Pruned
SOH,0.25,0.15,0.3,0.3,1.0,0.9208005449187344,1.0967228427229647,Pruned
SOH,0.25,0.15,0.35,0.25,1.0,0.9328778004178517,1.0710618368353761,Pruned
SOH,0.25,0.15,0.4,0.2,1.0,0.944955055916969,1.0454008309477878,Pruned
SOH,0.25,0.15,0.45,0.15,1.0,0.9570323114160862,1.019739825060199,Pruned
SOH,0.25,0.15,0.5,0.1,1.0,0.9691095669152036,0.9940788191726105,Pruned
SOH,0.25,0.15,0.55,0.05,1.0,0.9811868224143208,0.968417813285022,Quantized
SOH,0.25,0.15,0.6,0.0,1.0,0.9932640779134381,0.9427568073974333,Quantized
SOH,0.25,0.2,0.0,0.55,1.0,0.8487078082771147,1.2084932773144526,Pruned
SOH,0.25,0.2,0.05,0.5,1.0,0.860785063776232,1.182832271426864,Pruned
SOH,0.25,0.2,0.1,0.45,1.0,0.8728623192753493,1.1571712655392754,Pruned
SOH,0.25,0.2,0.15,0.4,1.0,0.8849395747744665,1.1315102596516868,Pruned
SOH,0.25,0.2,0.2,0.35,1.0,0.8970168302735838,1.1058492537640985,Pruned
SOH,0.25,0.2,0.25,0.3,1.0,0.909094085772701,1.0801882478765097,Pruned
SOH,0.25,0.2,0.3,0.25,1.0,0.9211713412718182,1.0545272419889211,Pruned
SOH,0.25,0.2,0.35,0.2,1.0,0.9332485967709355,1.0288662361013328,Pruned
SOH,0.25,0.2,0.4,0.15,1.0,0.9453258522700528,1.0032052302137442,Pruned
SOH,0.25,0.2,0.45,0.1,1.0,0.95740310776917,0.9775442243261556,Pruned
SOH,0.25,0.2,0.5,0.05,1.0,0.9694803632682872,0.9518832184385669,Quantized
SOH,0.25,0.2,0.55,0.0,1.0,0.9815576187674045,0.9262222125509785,Quantized
SOH,0.25,0.25,0.0,0.5,1.0,0.8490786046301986,1.1662976765804092,Pruned
SOH,0.25,0.25,0.05,0.45,1.0,0.8611558601293159,1.1406366706928206,Pruned
SOH,0.25,0.25,0.1,0.4,1.0,0.8732331156284331,1.114975664805232,Pruned
SOH,0.25,0.25,0.15,0.35,1.0,0.8853103711275504,1.0893146589176435,Pruned
SOH,0.25,0.25,0.2,0.3,1.0,0.8973876266266676,1.0636536530300549,Pruned
SOH,0.25,0.25,0.25,0.25,1.0,0.9094648821257849,1.0379926471424663,Pruned
SOH,0.25,0.25,0.3,0.2,1.0,0.9215421376249021,1.0123316412548777,Pruned
SOH,0.25,0.25,0.35,0.15,1.0,0.9336193931240193,0.9866706353672892,Pruned
SOH,0.25,0.25,0.4,0.1,1.0,0.9456966486231367,0.9610096294797007,Pruned
SOH,0.25,0.25,0.45,0.05,1.0,0.9577739041222538,0.9353486235921121,Quantized
SOH,0.25,0.25,0.5,0.0,1.0,0.9698511596213711,0.9096876177045234,Quantized
SOH,0.25,0.3,0.0,0.45,1.0,0.8494494009832823,1.1241020758463656,Pruned
SOH,0.25,0.3,0.05,0.4,1.0,0.8615266564823996,1.0984410699587772,Pruned
SOH,0.25,0.3,0.1,0.35,1.0,0.8736039119815169,1.0727800640711884,Pruned
SOH,0.25,0.3,0.15,0.3,1.0,0.8856811674806341,1.0471190581835998,Pruned
SOH,0.25,0.3,0.2,0.25,1.0,0.8977584229797514,1.0214580522960113,Pruned
SOH,0.25,0.3,0.25,0.2,1.0,0.9098356784788686,0.9957970464084227,Pruned
SOH,0.25,0.3,0.3,0.15,1.0,0.9219129339779858,0.9701360405208341,Pruned
SOH,0.25,0.3,0.35,0.1,1.0,0.9339901894771031,0.9444750346332457,Pruned
SOH,0.25,0.3,0.4,0.05,1.0,0.9460674449762203,0.9188140287456571,Quantized
SOH,0.25,0.3,0.45,0.0,1.0,0.9581447004753376,0.8931530228580684,Quantized
SOH,0.25,0.35,0.0,0.4,1.0,0.849820197336366,1.0819064751123222,Pruned
SOH,0.25,0.35,0.05,0.35,1.0,0.8618974528354834,1.0562454692247336,Pruned
SOH,0.25,0.35,0.1,0.3,1.0,0.8739747083346006,1.030584463337145,Pruned
SOH,0.25,0.35,0.15,0.25,1.0,0.8860519638337179,1.0049234574495565,Pruned
SOH,0.25,0.35,0.2,0.2,1.0,0.8981292193328352,0.9792624515619679,Pruned
SOH,0.25,0.35,0.25,0.15,1.0,0.9102064748319524,0.9536014456743792,Pruned
SOH,0.25,0.35,0.3,0.1,0.9999999999999999,0.9222837303310696,0.9279404397867907,Pruned
SOH,0.25,0.35,0.35,0.05,1.0,0.9343609858301868,0.9022794338992022,Quantized
SOH,0.25,0.35,0.4,0.0,1.0,0.9464382413293042,0.8766184280116136,Quantized
SOH,0.25,0.4,0.0,0.35,1.0,0.8501909936894498,1.0397108743782786,Pruned
SOH,0.25,0.4,0.05,0.3,1.0,0.862268249188567,1.01404986849069,Pruned
SOH,0.25,0.4,0.1,0.25,1.0,0.8743455046876843,0.9883888626031015,Pruned
SOH,0.25,0.4,0.15,0.2,1.0,0.8864227601868017,0.9627278567155131,Pruned
SOH,0.25,0.4,0.2,0.15,1.0,0.8985000156859189,0.9370668508279243,Pruned
SOH,0.25,0.4,0.25,0.1,1.0,0.9105772711850361,0.9114058449403358,Pruned
SOH,0.25,0.4,0.3,0.05,1.0,0.9226545266841533,0.8857448390527473,Quantized
SOH,0.25,0.4,0.35,0.0,1.0,0.9347317821832706,0.8600838331651587,Quantized
SOH,0.25,0.45,0.0,0.3,1.0,0.8505617900425335,0.997515273644235,Pruned
SOH,0.25,0.45,0.05,0.25,1.0,0.8626390455416508,0.9718542677566465,Pruned
SOH,0.25,0.45,0.1,0.2,1.0,0.8747163010407681,0.946193261869058,Pruned
SOH,0.25,0.45,0.15,0.15,1.0,0.8867935565398853,0.9205322559814693,Pruned
SOH,0.25,0.45,0.2,0.1,0.9999999999999999,0.8988708120390027,0.8948712500938809,Quantized
SOH,0.25,0.45,0.25,0.05,1.0,0.9109480675381199,0.8692102442062922,Quantized
SOH,0.25,0.45,0.3,0.0,1.0,0.923025323037237,0.8435492383187037,Quantized
SOH,0.25,0.5,0.0,0.25,1.0,0.8509325863956174,0.9553196729101916,Pruned
SOH,0.25,0.5,0.05,0.2,1.0,0.8630098418947347,0.929658667022603,Pruned
SOH,0.25,0.5,0.1,0.15,1.0,0.8750870973938519,0.9039976611350145,Pruned
SOH,0.25,0.5,0.15,0.1,1.0,0.8871643528929692,0.8783366552474259,Quantized
SOH,0.25,0.5,0.2,0.05,1.0,0.8992416083920864,0.8526756493598374,Quantized
SOH,0.25,0.5,0.25,0.0,1.0,0.9113188638912038,0.8270146434722487,Quantized
SOH,0.25,0.55,0.0,0.2,1.0,0.8513033827487012,0.9131240721761482,Pruned
SOH,0.25,0.55,0.05,0.15,1.0,0.8633806382478184,0.8874630662885595,Pruned
SOH,0.25,0.55,0.1,0.1,1.0,0.8754578937469357,0.8618020604009711,Quantized
SOH,0.25,0.55,0.15,0.05,1.0,0.8875351492460529,0.8361410545133824,Quantized
SOH,0.25,0.55,0.2,0.0,1.0,0.8996124047451702,0.8104800486257939,Quantized
SOH,0.25,0.6,0.0,0.15,1.0,0.8516741791017849,0.8709284714421045,Pruned
SOH,0.25,0.6,0.05,0.1,1.0,0.8637514346009022,0.845267465554516,Quantized
SOH,0.25,0.6,0.1,0.05,1.0,0.8758286901000194,0.8196064596669275,Quantized
SOH,0.25,0.6,0.15,0.0,1.0,0.8879059455991367,0.7939454537793389,Quantized
SOH,0.25,0.65,0.0,0.1,1.0,0.8520449754548687,0.8287328707080611,Quantized
SOH,0.25,0.65,0.05,0.05,1.0,0.8641222309539859,0.8030718648204725,Quantized
SOH,0.25,0.65,0.1,0.0,1.0,0.8761994864531032,0.777410858932884,Quantized
SOH,0.25,0.7,0.0,0.05,1.0,0.8524157718079524,0.7865372699740175,Quantized
SOH,0.25,0.7,0.05,0.0,1.0,0.8644930273070697,0.7608762640864289,Quantized
SOH,0.25,0.75,0.0,0.0,1.0,0.8527865681610363,0.744341669239974,Quantized
SOH,0.3,0.0,0.0,0.7,1.0,0.9047267708730535,1.3957702459878079,Pruned
SOH,0.3,0.0,0.05,0.65,1.0,0.9168040263721708,1.3701092401002193,Pruned
SOH,0.3,0.0,0.1,0.6,1.0,0.9288812818712879,1.3444482342126305,Pruned
SOH,0.3,0.0,0.15,0.55,1.0,0.9409585373704052,1.3187872283250421,Pruned
SOH,0.3,0.0,0.2,0.5,1.0,0.9530357928695226,1.2931262224374536,Pruned
SOH,0.3,0.0,0.25,0.45,1.0,0.9651130483686399,1.267465216549865,Pruned
SOH,0.3,0.0,0.3,0.4,1.0,0.977190303867757,1.2418042106622766,Pruned
SOH,0.3,0.0,0.35,0.35,0.9999999999999999,0.9892675593668743,1.2161432047746878,Pruned
SOH,0.3,0.0,0.4,0.3,1.0,1.0013448148659916,1.1904821988870993,Base
SOH,0.3,0.0,0.45,0.25,1.0,1.0134220703651087,1.1648211929995107,Base
SOH,0.3,0.0,0.5,0.2,1.0,1.025499325864226,1.1391601871119221,Base
SOH,0.3,0.0,0.55,0.15,1.0,1.0375765813633433,1.1134991812243336,Base
SOH,0.3,0.0,0.6,0.1,0.9999999999999999,1.0496538368624604,1.087838175336745,Base
SOH,0.3,0.0,0.65,0.05,1.0,1.061731092361578,1.0621771694491564,Base
SOH,0.3,0.0,0.7,0.0,1.0,1.073808347860695,1.0365161635615678,Base
SOH,0.3,0.05,0.0,0.65,1.0,0.9050975672261372,1.3535746452537643,Pruned
SOH,0.3,0.05,0.05,0.6,1.0,0.9171748227252545,1.3279136393661757,Pruned
SOH,0.3,0.05,0.1,0.55,1.0,0.9292520782243718,1.302252633478587,Pruned
SOH,0.3,0.05,0.15,0.5,1.0,0.941329333723489,1.2765916275909985,Pruned
SOH,0.3,0.05,0.2,0.45,1.0,0.9534065892226062,1.25093062170341,Pruned
SOH,0.3,0.05,0.25,0.4,1.0,0.9654838447217234,1.2252696158158214,Pruned
SOH,0.3,0.05,0.3,0.35,0.9999999999999999,0.9775611002208408,1.1996086099282328,Pruned
SOH,0.3,0.05,0.35,0.3,1.0,0.989638355719958,1.1739476040406442,Pruned
SOH,0.3,0.05,0.4,0.25,1.0,1.0017156112190753,1.1482865981530557,Base
SOH,0.3,0.05,0.45,0.2,1.0,1.0137928667181926,1.1226255922654673,Base
SOH,0.3,0.05,0.5,0.15,1.0,1.0258701222173099,1.0969645863778785,Base
SOH,0.3,0.05,0.55,0.1,1.0,1.037947377716427,1.0713035804902902,Base
SOH,0.3,0.05,0.6,0.05,1.0,1.0500246332155443,1.0456425746027014,Base
SOH,0.3,0.05,0.65,0.0,1.0,1.0621018887146616,1.0199815687151128,Base
SOH,0.3,0.1,0.0,0.6,1.0,0.9054683635792209,1.3113790445197209,Pruned
SOH,0.3,0.1,0.05,0.55,1.0,0.9175456190783382,1.2857180386321323,Pruned
SOH,0.3,0.1,0.1,0.5,1.0,0.9296228745774555,1.2600570327445437,Pruned
SOH,0.3,0.1,0.15,0.45,1.0,0.9417001300765728,1.2343960268569552,Pruned
SOH,0.3,0.1,0.2,0.4,1.0,0.95377738557569,1.2087350209693666,Pruned
SOH,0.3,0.1,0.25,0.35,1.0,0.9658546410748073,1.183074015081778,Pruned
SOH,0.3,0.1,0.3,0.3,1.0,0.9779318965739244,1.1574130091941894,Pruned
SOH,0.3,0.1,0.35,0.25,1.0,0.9900091520730417,1.1317520033066009,Pruned
SOH,0.3,0.1,0.4,0.2,1.0,1.0020864075721592,1.1060909974190123,Base
SOH,0.3,0.1,0.45,0.15,1.0,1.0141636630712763,1.0804299915314237,Base
SOH,0.3,0.1,0.5,0.1,1.0,1.0262409185703936,1.0547689856438351,Base
SOH,0.3,0.1,0.55,0.05,1.0,1.0383181740695107,1.0291079797562466,Base
SOH,0.3,0.1,0.6,0.0,1.0,1.050395429568628,1.003446973868658,Base
SOH,0.3,0.15,0.0,0.55,1.0,0.9058391599323048,1.2691834437856773,Pruned
SOH,0.3,0.15,0.05,0.5,1.0,0.9179164154314221,1.2435224378980887,Pruned
SOH,0.3,0.15,0.1,0.45,1.0,0.9299936709305394,1.2178614320105001,Pruned
SOH,0.3,0.15,0.15,0.4,1.0,0.9420709264296566,1.1922004261229118,Pruned
SOH,0.3,0.15,0.2,0.35,0.9999999999999999,0.9541481819287739,1.166539420235323,Pruned
SOH,0.3,0.15,0.25,0.3,1.0,0.9662254374278911,1.1408784143477344,Pruned
SOH,0.3,0.15,0.3,0.25,1.0,0.9783026929270083,1.1152174084601458,Pruned
SOH,0.3,0.15,0.35,0.2,1.0,0.9903799484261256,1.0895564025725573,Pruned
SOH,0.3,0.15,0.4,0.15,1.0,1.002457203925243,1.0638953966849687,Base
SOH,0.3,0.15,0.45,0.1,0.9999999999999999,1.0145344594243602,1.0382343907973801,Base
SOH,0.3,0.15,0.5,0.05,1.0,1.0266117149234775,1.0125733849097915,Base
SOH,0.3,0.15,0.55,0.0,1.0,1.0386889704225948,0.986912379022203,Quantized
SOH,0.3,0.2,0.0,0.5,1.0,0.9062099562853886,1.2269878430516337,Pruned
SOH,0.3,0.2,0.05,0.45,1.0,0.9182872117845058,1.201326837164045,Pruned
SOH,0.3,0.2,0.1,0.4,1.0,0.9303644672836231,1.1756658312764567,Pruned
SOH,0.3,0.2,0.15,0.35,1.0,0.9424417227827404,1.1500048253888682,Pruned
SOH,0.3,0.2,0.2,0.3,1.0,0.9545189782818576,1.1243438195012794,Pruned
SOH,0.3,0.2,0.25,0.25,1.0,0.9665962337809748,1.0986828136136908,Pruned
SOH,0.3,0.2,0.3,0.2,1.0,0.9786734892800921,1.0730218077261025,Pruned
SOH,0.3,0.2,0.35,0.15,1.0,0.9907507447792093,1.0473608018385139,Pruned
SOH,0.3,0.2,0.4,0.1,1.0,1.0028280002783265,1.0216997959509253,Base
SOH,0.3,0.2,0.45,0.05,1.0,1.0149052557774438,0.9960387900633366,Quantized
SOH,0.3,0.2,0.5,0.0,1.0,1.0269825112765611,0.9703777841757482,Quantized
SOH,0.3,0.25,0.0,0.45,1.0,0.9065807526384724,1.1847922423175903,Pruned
SOH,0.3,0.25,0.05,0.4,1.0,0.9186580081375896,1.1591312364300017,Pruned
SOH,0.3,0.25,0.1,0.35,1.0,0.9307352636367069,1.1334702305424131,Pruned
SOH,0.3,0.25,0.15,0.3,1.0,0.9428125191358241,1.1078092246548246,Pruned
SOH,0.3,0.25,0.2,0.25,1.0,0.9548897746349414,1.082148218767236,Pruned
SOH,0.3,0.25,0.25,0.2,1.0,0.9669670301340587,1.0564872128796474,Pruned
SOH,0.3,0.25,0.3,0.15,1.0,0.9790442856331758,1.0308262069920588,Pruned
SOH,0.3,0.25,0.35,0.1,1.0,0.9911215411322931,1.0051652011044703,Pruned
SOH,0.3,0.25,0.4,0.05,1.0,1.0031987966314104,0.9795041952168818,Quantized
SOH,0.3,0.25,0.45,0.0,1.0,1.0152760521305275,0.9538431893292931,Quantized
SOH,0.3,0.3,0.0,0.4,1.0,0.9069515489915561,1.142596641583547,Pruned
SOH,0.3,0.3,0.05,0.35,1.0,0.9190288044906734,1.116935635695958,Pruned
SOH,0.3,0.3,0.1,0.3,1.0,0.9311060599897906,1.0912746298083695,Pruned
SOH,0.3,0.3,0.15,0.25,1.0,0.9431833154889079,1.065613623920781,Pruned
SOH,0.3,0.3,0.2,0.2,1.0,0.9552605709880252,1.0399526180331926,Pruned
SOH,0.3,0.3,0.25,0.15,1.0,0.9673378264871423,1.0142916121456038,Pruned
SOH,0.3,0.3,0.3,0.1,0.9999999999999999,0.9794150819862596,0.9886306062580154,Pruned
SOH,0.3,0.3,0.35,0.05,1.0,0.9914923374853768,0.9629696003704268,Quantized
SOH,0.3,0.3,0.4,0.0,1.0,1.003569592984494,0.9373085944828382,Quantized
SOH,0.3,0.35,0.0,0.35,0.9999999999999999,0.9073223453446398,1.1004010408495033,Pruned
SOH,0.3,0.35,0.05,0.3,1.0,0.919399600843757,1.0747400349619147,Pruned
SOH,0.3,0.35,0.1,0.25,0.9999999999999999,0.9314768563428744,1.0490790290743262,Pruned
SOH,0.3,0.35,0.15,0.2,1.0,0.9435541118419917,1.0234180231867376,Pruned
SOH,0.3,0.35,0.2,0.15,0.9999999999999999,0.9556313673411089,0.997757017299149,Pruned
SOH,0.3,0.35,0.25,0.1,0.9999999999999999,0.9677086228402262,0.9720960114115604,Pruned
SOH,0.3,0.35,0.3,0.05,1.0,0.9797858783393433,0.9464350055239719,Quantized
SOH,0.3,0.35,0.35,0.0,0.9999999999999999,0.9918631338384606,0.9207739996363833,Quantized
SOH,0.3,0.4,0.0,0.3,1.0,0.9076931416977236,1.0582054401154597,Pruned
SOH,0.3,0.4,0.05,0.25,1.0,0.919770397196841,1.0325444342278711,Pruned
SOH,0.3,0.4,0.1,0.2,1.0,0.9318476526959583,1.0068834283402828,Pruned
SOH,0.3,0.4,0.15,0.15,1.0,0.9439249081950755,0.981222422452694,Pruned
SOH,0.3,0.4,0.2,0.1,0.9999999999999999,0.9560021636941928,0.9555614165651056,Quantized
SOH,0.3,0.4,0.25,0.05,1.0,0.96807941919331,0.9299004106775169,Quantized
SOH,0.3,0.4,0.3,0.0,1.0,0.9801566746924272,0.9042394047899284,Quantized
SOH,0.3,0.45,0.0,0.25,1.0,0.9080639380508074,1.0160098393814163,Pruned
SOH,0.3,0.45,0.05,0.2,1.0,0.9201411935499247,0.9903488334938277,Pruned
SOH,0.3,0.45,0.1,0.15,1.0,0.9322184490490419,0.9646878276062392,Pruned
SOH,0.3,0.45,0.15,0.1,1.0,0.9442957045481593,0.9390268217186506,Quantized
SOH,0.3,0.45,0.2,0.05,1.0,0.9563729600472765,0.9133658158310621,Quantized
SOH,0.3,0.45,0.25,0.0,1.0,0.9684502155463937,0.8877048099434734,Quantized
SOH,0.3,0.5,0.0,0.2,1.0,0.9084347344038912,0.9738142386473727,Pruned
SOH,0.3,0.5,0.05,0.15,1.0,0.9205119899030084,0.9481532327597841,Pruned
SOH,0.3,0.5,0.1,0.1,1.0,0.9325892454021257,0.9224922268721957,Quantized
SOH,0.3,0.5,0.15,0.05,1.0,0.9446665009012429,0.8968312209846071,Quantized
SOH,0.3,0.5,0.2,0.0,1.0,0.9567437564003602,0.8711702150970184,Quantized
SOH,0.3,0.55,0.0,0.15,1.0,0.908805530756975,0.9316186379133292,Pruned
SOH,0.3,0.55,0.05,0.1,1.0000000000000002,0.9208827862560923,0.9059576320257408,Quantized
SOH,0.3,0.55,0.1,0.05,1.0,0.9329600417552095,0.8802966261381522,Quantized
SOH,0.3,0.55,0.15,0.0,1.0,0.9450372972543268,0.8546356202505636,Quantized
SOH,0.3,0.6,0.0,0.1,0.9999999999999999,0.9091763271100587,0.8894230371792857,Quantized
SOH,0.3,0.6,0.05,0.05,1.0,0.9212535826091759,0.8637620312916972,Quantized
SOH,0.3,0.6,0.1,0.0,0.9999999999999999,0.9333308381082932,0.8381010254041086,Quantized
SOH,0.3,0.65,0.0,0.05,1.0,0.9095471234631425,0.8472274364452422,Quantized
SOH,0.3,0.65,0.05,0.0,1.0,0.9216243789622598,0.8215664305576537,Quantized
SOH,0.3,0.7,0.0,0.0,1.0,0.9099179198162262,0.8050318357111987,Quantized
SOH,0.35,0.0,0.0,0.65,1.0,0.9622289188813273,1.414264811724989,Pruned
SOH,0.35,0.0,0.05,0.6,1.0,0.9743061743804446,1.3886038058374002,Pruned
SOH,0.35,0.0,0.1,0.55,1.0,0.986383429879562,1.3629427999498118,Pruned
SOH,0.35,0.0,0.15,0.5,1.0,0.9984606853786792,1.3372817940622233,Pruned
SOH,0.35,0.0,0.2,0.45,1.0,1.0105379408777964,1.3116207881746345,Base
SOH,0.35,0.0,0.25,0.4,1.0,1.0226151963769137,1.285959782287046,Base
SOH,0.35,0.0,0.3,0.35,0.9999999999999999,1.0346924518760308,1.2602987763994575,Base
SOH,0.35,0.0,0.35,0.3,1.0,1.046769707375148,1.234637770511869,Base
SOH,0.35,0.0,0.4,0.25,1.0,1.0588469628742654,1.2089767646242804,Base
SOH,0.35,0.0,0.45,0.2,1.0,1.0709242183733827,1.1833157587366918,Base
SOH,0.35,0.0,0.5,0.15,1.0,1.0830014738725,1.1576547528491032,Base
SOH,0.35,0.0,0.55,0.1,1.0,1.095078729371617,1.1319937469615147,Base
SOH,0.35,0.0,0.6,0.05,1.0,1.1071559848707344,1.106332741073926,Base
SOH,0.35,0.0,0.65,0.0,1.0,1.1192332403698517,1.0806717351863375,Base
SOH,0.35,0.05,0.0,0.6,1.0,0.962599715234411,1.3720692109909454,Pruned
SOH,0.35,0.05,0.05,0.55,1.0,0.9746769707335283,1.3464082051033568,Pruned
SOH,0.35,0.05,0.1,0.5,1.0,0.9867542262326456,1.3207471992157682,Pruned
SOH,0.35,0.05,0.15,0.45,1.0,0.998831481731763,1.2950861933281796,Pruned
SOH,0.35,0.05,0.2,0.4,1.0,1.0109087372308803,1.269425187440591,Base
SOH,0.35,0.05,0.25,0.35,0.9999999999999999,1.0229859927299974,1.2437641815530025,Base
SOH,0.35,0.05,0.3,0.3,1.0,1.0350632482291147,1.218103175665414,Base
SOH,0.35,0.05,0.35,0.25,1.0,1.0471405037282318,1.1924421697778254,Base
SOH,0.35,0.05,0.4,0.2,1.0,1.0592177592273493,1.166781163890237,Base
SOH,0.35,0.05,0.45,0.15,1.0,1.0712950147264664,1.1411201580026482,Base
SOH,0.35,0.05,0.5,0.1,0.9999999999999999,1.0833722702255835,1.1154591521150599,Base
SOH,0.35,0.05,0.55,0.05,1.0,1.095449525724701,1.089798146227471,Base
SOH,0.35,0.05,0.6,0.0,1.0,1.107526781223818,1.0641371403398825,Base
SOH,0.35,0.1,0.0,0.55,1.0,0.9629705115874949,1.329873610256902,Pruned
SOH,0.35,0.1,0.05,0.5,1.0,0.9750477670866121,1.3042126043693134,Pruned
SOH,0.35,0.1,0.1,0.45,1.0,0.9871250225857293,1.2785515984817248,Pruned
SOH,0.35,0.1,0.15,0.4,1.0,0.9992022780848466,1.2528905925941363,Pruned
SOH,0.35,0.1,0.2,0.35,0.9999999999999999,1.011279533583964,1.2272295867065477,Base
SOH,0.35,0.1,0.25,0.3,1.0,1.023356789083081,1.201568580818959,Base
SOH,0.35,0.1,0.3,0.25,1.0,1.0354340445821983,1.1759075749313705,Base
SOH,0.35,0.1,0.35,0.2,1.0,1.0475113000813157,1.150246569043782,Base
SOH,0.35,0.1,0.4,0.15,1.0,1.059588555580433,1.1245855631561934,Base
SOH,0.35,0.1,0.45,0.1,0.9999999999999999,1.07166581107955,1.0989245572686048,Base
SOH,0.35,0.1,0.5,0.05,1.0,1.0837430665786674,1.073263551381016,Base
SOH,0.35,0.1,0.55,0.0,1.0,1.0958203220777847,1.0476025454934277,Base
SOH,0.35,0.15,0.0,0.5,1.0,0.9633413079405787,1.2876780095228584,Pruned
SOH,0.35,0.15,0.05,0.45,1.0,0.9754185634396959,1.2620170036352698,Pruned
SOH,0.35,0.15,0.1,0.4,1.0,0.9874958189388132,1.2363559977476815,Pruned
SOH,0.35,0.15,0.15,0.35,1.0,0.9995730744379305,1.2106949918600927,Pruned
SOH,0.35,0.15,0.2,0.3,1.0,1.0116503299370478,1.185033985972504,Base
SOH,0.35,0.15,0.25,0.25,1.0,1.023727585436165,1.1593729800849155,Base
SOH,0.35,0.15,0.3,0.2,1.0,1.0358048409352822,1.133711974197327,Base
SOH,0.35,0.15,0.35,0.15,1.0,1.0478820964343996,1.1080509683097384,Base
SOH,0.35,0.15,0.4,0.1,1.0,1.0599593519335166,1.0823899624221498,Base
SOH,0.35,0.15,0.45,0.05,1.0,1.072036607432634,1.0567289565345612,Base
SOH,0.35,0.15,0.5,0.0,1.0,1.0841138629317513,1.0310679506469727,Base
SOH,0.35,0.2,0.0,0.45,1.0,0.9637121042936625,1.2454824087888148,Pruned
SOH,0.35,0.2,0.05,0.4,1.0,0.9757893597927797,1.2198214029012264,Pruned
SOH,0.35,0.2,0.1,0.35,1.0,0.987866615291897,1.1941603970136379,Pruned
SOH,0.35,0.2,0.15,0.3,1.0,0.9999438707910142,1.168499391126049,Pruned
SOH,0.35,0.2,0.2,0.25,1.0,1.0120211262901315,1.1428383852384607,Base
SOH,0.35,0.2,0.25,0.2,1.0,1.0240983817892488,1.1171773793508721,Base
SOH,0.35,0.2,0.3,0.15,1.0,1.036175637288366,1.0915163734632836,Base
SOH,0.35,0.2,0.35,0.1,1.0,1.0482528927874832,1.065855367575695,Base
SOH,0.35,0.2,0.4,0.05,1.0,1.0603301482866005,1.0401943616881064,Base
SOH,0.35,0.2,0.45,0.0,1.0,1.0724074037857179,1.0145333558005178,Base
SOH,0.35,0.25,0.0,0.4,1.0,0.9640829006467462,1.2032868080547714,Pruned
SOH,0.35,0.25,0.05,0.35,1.0,0.9761601561458635,1.1776258021671828,Pruned
SOH,0.35,0.25,0.1,0.3,1.0,0.9882374116449807,1.1519647962795942,Pruned
SOH,0.35,0.25,0.15,0.25,1.0,1.0003146671440981,1.1263037903920057,Base
SOH,0.35,0.25,0.2,0.2,1.0,1.0123919226432152,1.100642784504417,Base
SOH,0.35,0.25,0.25,0.15,1.0,1.0244691781423325,1.0749817786168285,Base
SOH,0.35,0.25,0.3,0.1,0.9999999999999999,1.0365464336414496,1.04932077272924,Base
SOH,0.35,0.25,0.35,0.05,1.0,1.048623689140567,1.0236597668416514,Base
SOH,0.35,0.25,0.4,0.0,1.0,1.0607009446396842,0.9979987609540628,Quantized
SOH,0.35,0.3,0.0,0.35,0.9999999999999999,0.96445369699983,1.1610912073207278,Pruned
SOH,0.35,0.3,0.05,0.3,1.0,0.9765309524989472,1.1354302014331392,Pruned
SOH,0.35,0.3,0.1,0.25,0.9999999999999999,0.9886082079980645,1.1097691955455509,Pruned
SOH,0.35,0.3,0.15,0.2,1.0,1.0006854634971818,1.0841081896579623,Base
SOH,0.35,0.3,0.2,0.15,0.9999999999999999,1.012762718996299,1.0584471837703735,Base
SOH,0.35,0.3,0.25,0.1,0.9999999999999999,1.0248399744954162,1.032786177882785,Base
SOH,0.35,0.3,0.3,0.05,1.0,1.0369172299945335,1.0071251719951964,Base
SOH,0.35,0.3,0.35,0.0,0.9999999999999999,1.0489944854936506,0.9814641661076079,Quantized
SOH,0.35,0.35,0.0,0.3,1.0,0.9648244933529136,1.1188956065866842,Pruned
SOH,0.35,0.35,0.05,0.25,1.0,0.976901748852031,1.0932346006990956,Pruned
SOH,0.35,0.35,0.1,0.2,1.0,0.9889790043511483,1.0675735948115073,Pruned
SOH,0.35,0.35,0.15,0.15,1.0,1.0010562598502655,1.0419125889239185,Base
SOH,0.35,0.35,0.2,0.1,0.9999999999999999,1.0131335153493828,1.0162515830363301,Base
SOH,0.35,0.35,0.25,0.05,1.0,1.0252107708484999,0.9905905771487414,Quantized
SOH,0.35,0.35,0.3,0.0,1.0,1.0372880263476172,0.9649295712611529,Quantized
SOH,0.35,0.4,0.0,0.25,1.0,0.9651952897059976,1.0767000058526408,Pruned
SOH,0.35,0.4,0.05,0.2,1.0,0.9772725452051149,1.0510389999650522,Pruned
SOH,0.35,0.4,0.1,0.15,1.0,0.9893498007042321,1.0253779940774637,Pruned
SOH,0.35,0.4,0.15,0.1,1.0,1.0014270562033494,0.9997169881898751,Quantized
SOH,0.35,0.4,0.2,0.05,1.0,1.0135043117024667,0.9740559823022866,Quantized
SOH,0.35,0.4,0.25,0.0,1.0,1.0255815672015838,0.9483949764146979,Quantized
SOH,0.35,0.45,0.0,0.2,1.0,0.9655660860590813,1.0345044051185974,Pruned
SOH,0.35,0.45,0.05,0.15,1.0,0.9776433415581985,1.0088433992310089,Pruned
SOH,0.35,0.45,0.1,0.1,1.0,0.9897205970573159,0.9831823933434203,Quantized
SOH,0.35,0.45,0.15,0.05,1.0,1.001797852556433,0.9575213874558316,Quantized
SOH,0.35,0.45,0.2,0.0,1.0,1.0138751080555504,0.9318603815682431,Quantized
SOH,0.35,0.5,0.0,0.15,1.0,0.965936882412165,0.9923088043845538,Pruned
SOH,0.35,0.5,0.05,0.1,1.0,0.9780141379112823,0.9666477984969654,Quantized
SOH,0.35,0.5,0.1,0.05,1.0,0.9900913934103995,0.9409867926093768,Quantized
SOH,0.35,0.5,0.15,0.0,1.0,1.0021686489095167,0.9153257867217881,Quantized
SOH,0.35,0.55,0.0,0.1,1.0,0.9663076787652488,0.9501132036505103,Quantized
SOH,0.35,0.55,0.05,0.05,1.0,0.978384934264366,0.9244521977629218,Quantized
SOH,0.35,0.55,0.1,0.0,1.0,0.9904621897634833,0.8987911918753332,Quantized
SOH,0.35,0.6,0.0,0.05,1.0,0.9666784751183326,0.9079176029164667,Quantized
SOH,0.35,0.6,0.05,0.0,1.0,0.9787557306174499,0.8822565970288782,Quantized
SOH,0.35,0.65,0.0,0.0,1.0,0.9670492714714163,0.8657220021824232,Quantized
SOH,0.4,0.0,0.0,0.6,1.0,1.0197310668896014,1.43275937746217,Base
SOH,0.4,0.0,0.05,0.55,1.0,1.0318083223887187,1.4070983715745817,Base
SOH,0.4,0.0,0.1,0.5,1.0,1.0438855778878358,1.3814373656869932,Base
SOH,0.4,0.0,0.15,0.45,1.0,1.055962833386953,1.3557763597994046,Base
SOH,0.4,0.0,0.2,0.4,1.0,1.0680400888860704,1.330115353911816,Base
SOH,0.4,0.0,0.25,0.35,1.0,1.0801173443851875,1.3044543480242272,Base
SOH,0.4,0.0,0.3,0.3,1.0,1.0921945998843048,1.2787933421366386,Base
SOH,0.4,0.0,0.35,0.25,1.0,1.104271855383422,1.2531323362490503,Base
SOH,0.4,0.0,0.4,0.2,1.0,1.1163491108825394,1.2274713303614617,Base
SOH,0.4,0.0,0.45,0.15,1.0,1.1284263663816567,1.201810324473873,Base
SOH,0.4,0.0,0.5,0.1,1.0,1.1405036218807738,1.1761493185862846,Base
SOH,0.4,0.0,0.55,0.05,1.0,1.1525808773798911,1.1504883126986958,Base
SOH,0.4,0.0,0.6,0.0,1.0,1.1646581328790084,1.1248273068111074,Base
SOH,0.4,0.05,0.0,0.55,1.0,1.020101863242685,1.3905637767281267,Base
SOH,0.4,0.05,0.05,0.5,1.0,1.0321791187418023,1.3649027708405381,Base
SOH,0.4,0.05,0.1,0.45,1.0,1.0442563742409197,1.3392417649529496,Base
SOH,0.4,0.05,0.15,0.4,1.0,1.056333629740037,1.3135807590653612,Base
SOH,0.4,0.05,0.2,0.35,1.0,1.068410885239154,1.2879197531777724,Base
SOH,0.4,0.05,0.25,0.3,1.0,1.0804881407382714,1.2622587472901838,Base
SOH,0.4,0.05,0.3,0.25,1.0,1.0925653962373887,1.2365977414025953,Base
SOH,0.4,0.05,0.35,0.2,1.0,1.1046426517365058,1.2109367355150067,Base
SOH,0.4,0.05,0.4,0.15,1.0,1.1167199072356233,1.1852757296274181,Base
SOH,0.4,0.05,0.45,0.1,1.0,1.1287971627347404,1.1596147237398295,Base
SOH,0.4,0.05,0.5,0.05,1.0,1.1408744182338575,1.133953717852241,Base
SOH,0.4,0.05,0.55,0.0,1.0,1.152951673732975,1.1082927119646524,Base
SOH,0.4,0.1,0.0,0.5,1.0,1.020472659595769,1.348368175994083,Base
SOH,0.4,0.1,0.05,0.45,1.0,1.032549915094886,1.3227071701064945,Base
SOH,0.4,0.1,0.1,0.4,1.0,1.0446271705940033,1.297046164218906,Base
SOH,0.4,0.1,0.15,0.35,1.0,1.0567044260931207,1.2713851583313174,Base
SOH,0.4,0.1,0.2,0.3,1.0,1.068781681592238,1.2457241524437288,Base
SOH,0.4,0.1,0.25,0.25,1.0,1.080858937091355,1.2200631465561402,Base
SOH,0.4,0.1,0.3,0.2,1.0,1.0929361925904724,1.1944021406685517,Base
SOH,0.4,0.1,0.35,0.15,1.0,1.1050134480895897,1.168741134780963,Base
SOH,0.4,0.1,0.4,0.1,1.0,1.1170907035887068,1.1430801288933747,Base
SOH,0.4,0.1,0.45,0.05,1.0,1.129167959087824,1.117419123005786,Base
SOH,0.4,0.1,0.5,0.0,1.0,1.1412452145869414,1.0917581171181974,Base
SOH,0.4,0.15,0.0,0.45,1.0,1.0208434559488526,1.3061725752600397,Base
SOH,0.4,0.15,0.05,0.4,1.0,1.03292071144797,1.2805115693724511,Base
SOH,0.4,0.15,0.1,0.35,1.0,1.0449979669470872,1.2548505634848626,Base
SOH,0.4,0.15,0.15,0.3,1.0,1.0570752224462046,1.2291895575972738,Base
SOH,0.4,0.15,0.2,0.25,1.0,1.0691524779453219,1.2035285517096854,Base
SOH,0.4,0.15,0.25,0.2,1.0,1.081229733444439,1.1778675458220969,Base
SOH,0.4,0.15,0.3,0.15,1.0,1.0933069889435563,1.1522065399345083,Base
SOH,0.4,0.15,0.35,0.1,1.0,1.1053842444426734,1.1265455340469197,Base
SOH,0.4,0.15,0.4,0.05,1.0,1.1174614999417907,1.100884528159331,Base
SOH,0.4,0.15,0.45,0.0,1.0,1.129538755440908,1.0752235222717426,Base
SOH,0.4,0.2,0.0,0.4,1.0,1.0212142523019365,1.2639769745259963,Base
SOH,0.4,0.2,0.05,0.35,1.0,1.0332915078010536,1.2383159686384075,Base
SOH,0.4,0.2,0.1,0.3,1.0,1.045368763300171,1.212654962750819,Base
SOH,0.4,0.2,0.15,0.25,1.0,1.0574460187992882,1.1869939568632304,Base
SOH,0.4,0.2,0.2,0.2,1.0,1.0695232742984055,1.161332950975642,Base
SOH,0.4,0.2,0.25,0.15,1.0,1.0816005297975229,1.1356719450880532,Base
SOH,0.4,0.2,0.3,0.1,1.0000000000000002,1.09367778529664,1.1100109392004647,Base
SOH,0.4,0.2,0.35,0.05,1.0,1.1057550407957573,1.084349933312876,Base
SOH,0.4,0.2,0.4,0.0,1.0,1.1178322962948746,1.0586889274252878,Base
SOH,0.4,0.25,0.0,0.35,1.0,1.0215850486550202,1.2217813737919525,Base
SOH,0.4,0.25,0.05,0.3,1.0,1.0336623041541375,1.196120367904364,Base
SOH,0.4,0.25,0.1,0.25,1.0,1.0457395596532546,1.1704593620167754,Base
SOH,0.4,0.25,0.15,0.2,1.0,1.057816815152372,1.144798356129187,Base
SOH,0.4,0.25,0.2,0.15,1.0,1.0698940706514892,1.1191373502415982,Base
SOH,0.4,0.25,0.25,0.1,1.0,1.0819713261506063,1.0934763443540096,Base
SOH,0.4,0.25,0.3,0.05,1.0,1.0940485816497236,1.067815338466421,Base
SOH,0.4,0.25,0.35,0.0,1.0,1.106125837148841,1.0421543325788325,Base
SOH,0.4,0.3,0.0,0.3,1.0,1.0219558450081039,1.1795857730579091,Base
SOH,0.4,0.3,0.05,0.25,1.0,1.0340331005072212,1.1539247671703206,Base
SOH,0.4,0.3,0.1,0.2,1.0,1.0461103560063385,1.128263761282732,Base
SOH,0.4,0.3,0.15,0.15,1.0,1.0581876115054558,1.1026027553951434,Base
SOH,0.4,0.3,0.2,0.1,0.9999999999999999,1.070264867004573,1.0769417495075548,Base
SOH,0.4,0.3,0.25,0.05,1.0,1.0823421225036902,1.0512807436199663,Base
SOH,0.4,0.3,0.3,0.0,1.0,1.0944193780028075,1.0256197377323777,Base
SOH,0.4,0.35,0.0,0.25,1.0,1.0223266413611878,1.1373901723238655,Base
SOH,0.4,0.35,0.05,0.2,1.0,1.0344038968603049,1.111729166436277,Base
SOH,0.4,0.35,0.1,0.15,1.0,1.0464811523594222,1.0860681605486884,Base
SOH,0.4,0.35,0.15,0.1,1.0,1.0585584078585393,1.0604071546610998,Base
SOH,0.4,0.35,0.2,0.05,1.0,1.0706356633576566,1.0347461487735112,Base
SOH,0.4,0.35,0.25,0.0,1.0,1.082712918856774,1.0090851428859227,Base
SOH,0.4,0.4,0.0,0.2,1.0,1.0226974377142715,1.0951945715898221,Base
SOH,0.4,0.4,0.05,0.15,1.0,1.0347746932133888,1.0695335657022336,Base
SOH,0.4,0.4,0.1,0.1,1.0,1.046851948712506,1.043872559814645,Base
SOH,0.4,0.4,0.15,0.05,1.0,1.0589292042116232,1.0182115539270562,Base
SOH,0.4,0.4,0.2,0.0,1.0,1.0710064597107405,0.9925505480394679,Quantized
SOH,0.4,0.45,0.0,0.15,1.0,1.0230682340673554,1.0529989708557785,Base
SOH,0.4,0.45,0.05,0.1,1.0000000000000002,1.0351454895664725,1.02733796496819,Base
SOH,0.4,0.45,0.1,0.05,1.0,1.0472227450655898,1.0016769590806014,Base
SOH,0.4,0.45,0.15,0.0,1.0,1.059300000564707,0.9760159531930128,Quantized
SOH,0.4,0.5,0.0,0.1,1.0,1.023439030420439,1.0108033701217352,Base
SOH,0.4,0.5,0.05,0.05,1.0,1.0355162859195561,0.9851423642341466,Quantized
SOH,0.4,0.5,0.1,0.0,1.0,1.0475935414186734,0.959481358346558,Quantized
SOH,0.4,0.55,0.0,0.05,1.0,1.0238098267735227,0.9686077693876916,Quantized
SOH,0.4,0.55,0.05,0.0,1.0,1.03588708227264,0.942946763500103,Quantized
SOH,0.4,0.6,0.0,0.0,1.0,1.0241806231266066,0.926412168653648,Quantized
SOH,0.45,0.0,0.0,0.55,1.0,1.0772332148978752,1.4512539431993514,Base
SOH,0.45,0.0,0.05,0.5,1.0,1.0893104703969925,1.4255929373117628,Base
SOH,0.45,0.0,0.1,0.45,1.0,1.1013877258961098,1.3999319314241743,Base
SOH,0.45,0.0,0.15,0.4,1.0,1.113464981395227,1.3742709255365857,Base
SOH,0.45,0.0,0.2,0.35,1.0,1.1255422368943442,1.3486099196489971,Base
SOH,0.45,0.0,0.25,0.3,1.0,1.1376194923934615,1.3229489137614083,Base
SOH,0.45,0.0,0.3,0.25,1.0,1.1496967478925788,1.29728790787382,Base
SOH,0.45,0.0,0.35,0.2,1.0,1.161774003391696,1.2716269019862314,Base
SOH,0.45,0.0,0.4,0.15,1.0,1.1738512588908134,1.2459658960986428,Base
SOH,0.45,0.0,0.45,0.1,1.0,1.1859285143899303,1.2203048902110543,Base
SOH,0.45,0.0,0.5,0.05,1.0,1.1980057698890478,1.1946438843234655,Base
SOH,0.45,0.0,0.55,0.0,1.0,1.210083025388165,1.1689828784358771,Base
SOH,0.45,0.05,0.0,0.5,1.0,1.0776040112509588,1.4090583424653078,Base
SOH,0.45,0.05,0.05,0.45,1.0,1.0896812667500761,1.3833973365777192,Base
SOH,0.45,0.05,0.1,0.4,1.0,1.1017585222491935,1.3577363306901309,Base
SOH,0.45,0.05,0.15,0.35,1.0,1.1138357777483108,1.332075324802542,Base
SOH,0.45,0.05,0.2,0.3,1.0,1.125913033247428,1.3064143189149535,Base
SOH,0.45,0.05,0.25,0.25,1.0,1.1379902887465452,1.280753313027365,Base
SOH,0.45,0.05,0.3,0.2,1.0,1.1500675442456625,1.2550923071397764,Base
SOH,0.45,0.05,0.35,0.15,1.0,1.1621447997447798,1.2294313012521878,Base
SOH,0.45,0.05,0.4,0.1,1.0,1.174222055243897,1.2037702953645992,Base
SOH,0.45,0.05,0.45,0.05,1.0,1.1862993107430142,1.1781092894770107,Base
SOH,0.45,0.05,0.5,0.0,1.0,1.1983765662421315,1.152448283589422,Base
SOH,0.45,0.1,0.0,0.45,1.0,1.0779748076040427,1.3668627417312642,Base
SOH,0.45,0.1,0.05,0.4,1.0,1.09005206310316,1.3412017358436756,Base
SOH,0.45,0.1,0.1,0.35,1.0,1.1021293186022771,1.315540729956087,Base
SOH,0.45,0.1,0.15,0.3,1.0,1.1142065741013945,1.2898797240684985,Base
SOH,0.45,0.1,0.2,0.25,1.0,1.1262838296005118,1.26421871818091,Base
SOH,0.45,0.1,0.25,0.2,1.0,1.138361085099629,1.2385577122933213,Base
SOH,0.45,0.1,0.3,0.15,1.0,1.1504383405987464,1.2128967064057328,Base
SOH,0.45,0.1,0.35,0.1,1.0,1.1625155960978635,1.1872357005181444,Base
SOH,0.45,0.1,0.4,0.05,1.0,1.1745928515969808,1.1615746946305556,Base
SOH,0.45,0.1,0.45,0.0,1.0,1.186670107096098,1.135913688742967,Base
SOH,0.45,0.15,0.0,0.4,1.0,1.0783456039571266,1.3246671409972208,Base
SOH,0.45,0.15,0.05,0.35,1.0,1.0904228594562437,1.2990061351096323,Base
SOH,0.45,0.15,0.1,0.3,1.0,1.102500114955361,1.2733451292220437,Base
SOH,0.45,0.15,0.15,0.25,1.0,1.1145773704544784,1.247684123334455,Base
SOH,0.45,0.15,0.2,0.2,1.0,1.1266546259535957,1.2220231174468665,Base
SOH,0.45,0.15,0.25,0.15,1.0,1.138731881452713,1.196362111559278,Base
SOH,0.45,0.15,0.3,0.1,0.9999999999999999,1.15080913695183,1.1707011056716894,Base
SOH,0.45,0.15,0.35,0.05,1.0,1.1628863924509472,1.1450400997841006,Base
SOH,0.45,0.15,0.4,0.0,1.0,1.1749636479500647,1.1193790938965122,Base
SOH,0.45,0.2,0.0,0.35,1.0,1.0787164003102103,1.2824715402631772,Base
SOH,0.45,0.2,0.05,0.3,1.0,1.0907936558093276,1.2568105343755887,Base
SOH,0.45,0.2,0.1,0.25,1.0,1.102870911308445,1.2311495284880003,Base
SOH,0.45,0.2,0.15,0.2,1.0,1.114948166807562,1.2054885226004117,Base
SOH,0.45,0.2,0.2,0.15,1.0,1.1270254223066793,1.179827516712823,Base
SOH,0.45,0.2,0.25,0.1,1.0,1.1391026778057964,1.1541665108252346,Base
SOH,0.45,0.2,0.3,0.05,1.0,1.1511799333049137,1.1285055049376458,Base
SOH,0.45,0.2,0.35,0.0,1.0,1.163257188804031,1.1028444990500574,Base
SOH,0.45,0.25,0.0,0.3,1.0,1.079087196663294,1.2402759395291336,Base
SOH,0.45,0.25,0.05,0.25,1.0,1.0911644521624113,1.214614933641545,Base
SOH,0.45,0.25,0.1,0.2,1.0,1.1032417076615286,1.1889539277539567,Base
SOH,0.45,0.25,0.15,0.15,1.0,1.115318963160646,1.163292921866368,Base
SOH,0.45,0.25,0.2,0.1,0.9999999999999999,1.127396218659763,1.1376319159787796,Base
SOH,0.45,0.25,0.25,0.05,1.0,1.1394734741588803,1.1119709100911908,Base
SOH,0.45,0.25,0.3,0.0,1.0,1.1515507296579977,1.0863099042036022,Base
SOH,0.45,0.3,0.0,0.25,1.0,1.0794579930163777,1.1980803387950902,Base
SOH,0.45,0.3,0.05,0.2,1.0,1.091535248515495,1.1724193329075017,Base
SOH,0.45,0.3,0.1,0.15,1.0,1.1036125040146123,1.146758327019913,Base
SOH,0.45,0.3,0.15,0.1,1.0,1.1156897595137294,1.1210973211323245,Base
SOH,0.45,0.3,0.2,0.05,1.0,1.1277670150128467,1.095436315244736,Base
SOH,0.45,0.3,0.25,0.0,1.0,1.139844270511964,1.0697753093571474,Base
SOH,0.45,0.35,0.0,0.2,1.0,1.0798287893694616,1.1558847380610469,Base
SOH,0.45,0.35,0.05,0.15,1.0,1.091906044868579,1.1302237321734583,Base
SOH,0.45,0.35,0.1,0.1,1.0,1.103983300367696,1.1045627262858697,Base
SOH,0.45,0.35,0.15,0.05,1.0,1.1160605558668133,1.078901720398281,Base
SOH,0.45,0.35,0.2,0.0,1.0,1.1281378113659306,1.0532407145106926,Base
SOH,0.45,0.4,0.0,0.15,1.0,1.0801995857225455,1.1136891373270033,Base
SOH,0.45,0.4,0.05,0.1,1.0000000000000002,1.0922768412216626,1.0880281314394147,Base
SOH,0.45,0.4,0.1,0.05,1.0,1.1043540967207799,1.062367125551826,Base
SOH,0.45,0.4,0.15,0.0,1.0,1.1164313522198972,1.0367061196642375,Base
SOH,0.45,0.45,0.0,0.1,1.0,1.0805703820756292,1.0714935365929597,Base
SOH,0.45,0.45,0.05,0.05,1.0,1.0926476375747465,1.045832530705371,Base
SOH,0.45,0.45,0.1,0.0,1.0,1.1047248930738638,1.0201715248177825,Base
SOH,0.45,0.5,0.0,0.05,1.0,1.0809411784287128,1.029297935858916,Base
SOH,0.45,0.5,0.05,0.0,1.0,1.0930184339278302,1.0036369299713275,Base
SOH,0.45,0.55,0.0,0.0,1.0,1.0813119747817967,0.9871023351248727,Quantized
SOH,0.5,0.0,0.0,0.5,1.0,1.1347353629061492,1.4697485089365325,Base
SOH,0.5,0.0,0.05,0.45,1.0,1.1468126184052663,1.444087503048944,Base
SOH,0.5,0.0,0.1,0.4,1.0,1.1588898739043836,1.4184264971613554,Base
SOH,0.5,0.0,0.15,0.35,1.0,1.170967129403501,1.3927654912737668,Base
SOH,0.5,0.0,0.2,0.3,1.0,1.183044384902618,1.367104485386178,Base
SOH,0.5,0.0,0.25,0.25,1.0,1.1951216404017353,1.3414434794985897,Base
SOH,0.5,0.0,0.3,0.2,1.0,1.2071988959008526,1.315782473611001,Base
SOH,0.5,0.0,0.35,0.15,1.0,1.21927615139997,1.2901214677234125,Base
SOH,0.5,0.0,0.4,0.1,1.0,1.231353406899087,1.264460461835824,Base
SOH,0.5,0.0,0.45,0.05,1.0,1.2434306623982043,1.2387994559482352,Base
SOH,0.5,0.0,0.5,0.0,1.0,1.2555079178973216,1.2131384500606468,Base
SOH,0.5,0.05,0.0,0.45,1.0,1.1351061592592329,1.427552908202489,Base
SOH,0.5,0.05,0.05,0.4,1.0,1.1471834147583502,1.4018919023149006,Base
SOH,0.5,0.05,0.1,0.35,1.0,1.1592606702574673,1.3762308964273118,Base
SOH,0.5,0.05,0.15,0.3,1.0,1.1713379257565846,1.3505698905397232,Base
SOH,0.5,0.05,0.2,0.25,1.0,1.1834151812557019,1.3249088846521346,Base
SOH,0.5,0.05,0.25,0.2,1.0,1.1954924367548192,1.2992478787645463,Base
SOH,0.5,0.05,0.3,0.15,1.0,1.2075696922539365,1.2735868728769575,Base
SOH,0.5,0.05,0.35,0.1,1.0,1.2196469477530534,1.247925866989369,Base
SOH,0.5,0.05,0.4,0.05,1.0,1.231724203252171,1.2222648611017803,Base
SOH,0.5,0.05,0.45,0.0,1.0,1.243801458751288,1.1966038552141918,Base
SOH,0.5,0.1,0.0,0.4,1.0,1.1354769556123165,1.3853573074684453,Base
SOH,0.5,0.1,0.05,0.35,1.0,1.1475542111114339,1.3596963015808567,Base
SOH,0.5,0.1,0.1,0.3,1.0,1.1596314666105512,1.3340352956932682,Base
SOH,0.5,0.1,0.15,0.25,1.0,1.1717087221096683,1.3083742898056796,Base
SOH,0.5,0.1,0.2,0.2,1.0,1.1837859776087856,1.2827132839180913,Base
SOH,0.5,0.1,0.25,0.15,1.0,1.1958632331079029,1.2570522780305025,Base
SOH,0.5,0.1,0.3,0.1,0.9999999999999999,1.20794048860702,1.231391272142914,Base
SOH,0.5,0.1,0.35,0.05,1.0,1.2200177441061373,1.2057302662553253,Base
SOH,0.5,0.1,0.4,0.0,1.0,1.2320949996052546,1.1800692603677367,Base
SOH,0.5,0.15,0.0,0.35,1.0,1.1358477519654004,1.343161706734402,Base
SOH,0.5,0.15,0.05,0.3,1.0,1.1479250074645178,1.3175007008468134,Base
SOH,0.5,0.15,0.1,0.25,1.0,1.1600022629636348,1.2918396949592248,Base
SOH,0.5,0.15,0.15,0.2,1.0,1.1720795184627522,1.2661786890716362,Base
SOH,0.5,0.15,0.2,0.15,1.0,1.1841567739618695,1.2405176831840476,Base
SOH,0.5,0.15,0.25,0.1,1.0,1.1962340294609866,1.214856677296459,Base
SOH,0.5,0.15,0.3,0.05,1.0,1.2083112849601039,1.1891956714088703,Base
SOH,0.5,0.15,0.35,0.0,1.0,1.2203885404592212,1.163534665521282,Base
SOH,0.5,0.2,0.0,0.3,1.0,1.1362185483184841,1.3009661060003583,Base
SOH,0.5,0.2,0.05,0.25,1.0,1.1482958038176014,1.27530510011277,Base
SOH,0.5,0.2,0.1,0.2,1.0,1.1603730593167187,1.2496440942251814,Base
SOH,0.5,0.2,0.15,0.15,1.0,1.172450314815836,1.2239830883375926,Base
SOH,0.5,0.2,0.2,0.1,0.9999999999999999,1.1845275703149531,1.1983220824500043,Base
SOH,0.5,0.2,0.25,0.05,1.0,1.1966048258140705,1.1726610765624155,Base
SOH,0.5,0.2,0.3,0.0,1.0,1.2086820813131878,1.1470000706748271,Base
SOH,0.5,0.25,0.0,0.25,1.0,1.136589344671568,1.2587705052663147,Base
SOH,0.5,0.25,0.05,0.2,1.0,1.1486666001706851,1.2331094993787264,Base
SOH,0.5,0.25,0.1,0.15,1.0,1.1607438556698024,1.2074484934911376,Base
SOH,0.5,0.25,0.15,0.1,1.0,1.1728211111689195,1.1817874876035492,Base
SOH,0.5,0.25,0.2,0.05,1.0,1.1848983666680368,1.1561264817159604,Base
SOH,0.5,0.25,0.25,0.0,1.0,1.1969756221671541,1.130465475828372,Base
SOH,0.5,0.3,0.0,0.2,1.0,1.1369601410246517,1.2165749045322714,Base
SOH,0.5,0.3,0.05,0.15,1.0,1.149037396523769,1.1909138986446828,Base
SOH,0.5,0.3,0.1,0.1,1.0,1.161114652022886,1.1652528927570942,Base
SOH,0.5,0.3,0.15,0.05,1.0,1.1731919075220034,1.1395918868695056,Base
SOH,0.5,0.3,0.2,0.0,1.0,1.1852691630211207,1.113930880981917,Base
SOH,0.5,0.35,0.0,0.15,1.0,1.1373309373777356,1.1743793037982277,Base
SOH,0.5,0.35,0.05,0.1,1.0,1.1494081928768527,1.1487182979106392,Base
SOH,0.5,0.35,0.1,0.05,1.0,1.16148544837597,1.1230572920230506,Base
SOH,0.5,0.35,0.15,0.0,1.0,1.1735627038750873,1.097396286135462,Base
SOH,0.5,0.4,0.0,0.1,1.0,1.137701733730819,1.1321837030641844,Base
SOH,0.5,0.4,0.05,0.05,1.0,1.1497789892299364,1.1065226971765956,Base
SOH,0.5,0.4,0.1,0.0,1.0,1.1618562447290537,1.0808616912890072,Base
SOH,0.5,0.45,0.0,0.05,1.0,1.138072530083903,1.0899881023301408,Base
SOH,0.5,0.45,0.05,0.0,1.0,1.1501497855830203,1.0643270964425522,Base
SOH,0.5,0.5,0.0,0.0,1.0,1.1384433264369869,1.0477925015960974,Base
SOH,0.55,0.0,0.0,0.45,1.0,1.192237510914423,1.4882430746737136,Base
SOH,0.55,0.0,0.05,0.4,1.0,1.2043147664135403,1.462582068786125,Base
SOH,0.55,0.0,0.1,0.35,1.0,1.2163920219126574,1.4369210628985365,Base
SOH,0.55,0.0,0.15,0.3,1.0,1.2284692774117747,1.411260057010948,Base
SOH,0.55,0.0,0.2,0.25,1.0,1.240546532910892,1.3855990511233593,Base
SOH,0.55,0.0,0.25,0.2,1.0,1.2526237884100093,1.359938045235771,Base
SOH,0.55,0.0,0.3,0.15,1.0,1.2647010439091266,1.3342770393481822,Base
SOH,0.55,0.0,0.35,0.1,1.0,1.2767782994082437,1.3086160334605939,Base
SOH,0.55,0.0,0.4,0.05,1.0,1.288855554907361,1.282955027573005,Base
SOH,0.55,0.0,0.45,0.0,1.0,1.3009328104064783,1.2572940216854165,Base
SOH,0.55,0.05,0.0,0.4,1.0,1.1926083072675069,1.4460474739396703,Base
SOH,0.55,0.05,0.05,0.35,1.0,1.204685562766624,1.4203864680520817,Base
SOH,0.55,0.05,0.1,0.3,1.0,1.2167628182657413,1.394725462164493,Base
SOH,0.55,0.05,0.15,0.25,1.0,1.2288400737648586,1.3690644562769045,Base
SOH,0.55,0.05,0.2,0.2,1.0,1.240917329263976,1.343403450389316,Base
SOH,0.55,0.05,0.25,0.15,1.0,1.2529945847630932,1.3177424445017274,Base
SOH,0.55,0.05,0.3,0.1,1.0000000000000002,1.2650718402622103,1.2920814386141388,Base
SOH,0.55,0.05,0.35,0.05,1.0,1.2771490957613274,1.26642043272655,Base
SOH,0.55,0.05,0.4,0.0,1.0,1.289226351260445,1.2407594268389617,Base
SOH,0.55,0.1,0.0,0.35,1.0,1.1929791036205906,1.4038518732056267,Base
SOH,0.55,0.1,0.05,0.3,1.0,1.2050563591197077,1.378190867318038,Base
SOH,0.55,0.1,0.1,0.25,1.0,1.217133614618825,1.3525298614304495,Base
SOH,0.55,0.1,0.15,0.2,1.0,1.2292108701179423,1.326868855542861,Base
SOH,0.55,0.1,0.2,0.15,1.0,1.2412881256170596,1.3012078496552724,Base
SOH,0.55,0.1,0.25,0.1,1.0,1.2533653811161767,1.2755468437676838,Base
SOH,0.55,0.1,0.3,0.05,1.0,1.265442636615294,1.2498858378800952,Base
SOH,0.55,0.1,0.35,0.0,1.0,1.2775198921144113,1.2242248319925066,Base
SOH,0.55,0.15,0.0,0.3,1.0,1.1933498999736742,1.361656272471583,Base
SOH,0.55,0.15,0.05,0.25,1.0,1.2054271554727916,1.3359952665839945,Base
SOH,0.55,0.15,0.1,0.2,1.0,1.2175044109719089,1.3103342606964061,Base
SOH,0.55,0.15,0.15,0.15,1.0,1.2295816664710262,1.2846732548088173,Base
SOH,0.55,0.15,0.2,0.1,1.0000000000000002,1.2416589219701433,1.259012248921229,Base
SOH,0.55,0.15,0.25,0.05,1.0,1.2537361774692606,1.2333512430336402,Base
SOH,0.55,0.15,0.3,0.0,1.0,1.265813432968378,1.2076902371460516,Base
SOH,0.55,0.2,0.0,0.25,1.0,1.1937206963267581,1.3194606717375397,Base
SOH,0.55,0.2,0.05,0.2,1.0,1.2057979518258755,1.293799665849951,Base
SOH,0.55,0.2,0.1,0.15,1.0,1.2178752073249928,1.2681386599623625,Base
SOH,0.55,0.2,0.15,0.1,1.0,1.2299524628241099,1.242477654074774,Base
SOH,0.55,0.2,0.2,0.05,1.0,1.2420297183232272,1.2168166481871854,Base
SOH,0.55,0.2,0.25,0.0,1.0,1.2541069738223445,1.1911556422995968,Base
SOH,0.55,0.25,0.0,0.2,1.0,1.1940914926798418,1.2772650710034963,Base
SOH,0.55,0.25,0.05,0.15,1.0,1.2061687481789591,1.2516040651159075,Base
SOH,0.55,0.25,0.1,0.1,1.0,1.2182460036780762,1.2259430592283191,Base
SOH,0.55,0.25,0.15,0.05,1.0,1.2303232591771935,1.2002820533407303,Base
SOH,0.55,0.25,0.2,0.0,1.0,1.2424005146763109,1.174621047453142,Base
SOH,0.55,0.3,0.0,0.15,1.0,1.1944622890329257,1.2350694702694525,Base
SOH,0.55,0.3,0.05,0.1,1.0000000000000002,1.2065395445320428,1.209408464381864,Base
SOH,0.55,0.3,0.1,0.05,1.0,1.2186168000311601,1.1837474584942753,Base
SOH,0.55,0.3,0.15,0.0,1.0,1.2306940555302774,1.1580864526066867,Base
SOH,0.55,0.35,0.0,0.1,1.0,1.1948330853860094,1.192873869535409,Base
SOH,0.55,0.35,0.05,0.05,1.0,1.2069103408851267,1.1672128636478203,Base
SOH,0.55,0.35,0.1,0.0,1.0,1.218987596384244,1.141551857760232,Base
SOH,0.55,0.4,0.0,0.05,1.0,1.195203881739093,1.1506782688013655,Base
SOH,0.55,0.4,0.05,0.0,1.0,1.2072811372382104,1.125017262913777,Base
SOH,0.55,0.45,0.0,0.0,1.0,1.195574678092177,1.108482668067322,Base
SOH,0.6,0.0,0.0,0.4,1.0,1.2497396589226968,1.5067376404108948,Base
SOH,0.6,0.0,0.05,0.35,1.0,1.2618169144218139,1.4810766345233062,Base
SOH,0.6,0.0,0.1,0.3,1.0,1.2738941699209312,1.4554156286357174,Base
SOH,0.6,0.0,0.15,0.25,1.0,1.2859714254200485,1.429754622748129,Base
SOH,0.6,0.0,0.2,0.2,1.0,1.2980486809191658,1.4040936168605405,Base
SOH,0.6,0.0,0.25,0.15,1.0,1.3101259364182831,1.3784326109729519,Base
SOH,0.6,0.0,0.3,0.1,0.9999999999999999,1.3222031919174002,1.3527716050853633,Base
SOH,0.6,0.0,0.35,0.05,1.0,1.3342804474165173,1.3271105991977745,Base
SOH,0.6,0.0,0.4,0.0,1.0,1.3463577029156348,1.3014495933101862,Base
SOH,0.6,0.05,0.0,0.35,1.0,1.2501104552757805,1.4645420396768511,Base
SOH,0.6,0.05,0.05,0.3,1.0,1.2621877107748978,1.4388810337892624,Base
SOH,0.6,0.05,0.1,0.25,1.0,1.274264966274015,1.413220027901674,Base
SOH,0.6,0.05,0.15,0.2,1.0,1.2863422217731324,1.3875590220140854,Base
SOH,0.6,0.05,0.2,0.15,1.0,1.2984194772722497,1.3618980161264969,Base
SOH,0.6,0.05,0.25,0.1,1.0,1.3104967327713668,1.3362370102389083,Base
SOH,0.6,0.05,0.3,0.05,1.0,1.3225739882704841,1.3105760043513197,Base
SOH,0.6,0.05,0.35,0.0,1.0,1.3346512437696014,1.2849149984637311,Base
SOH,0.6,0.1,0.0,0.3,1.0,1.2504812516288641,1.4223464389428075,Base
SOH,0.6,0.1,0.05,0.25,1.0,1.2625585071279815,1.396685433055219,Base
SOH,0.6,0.1,0.1,0.2,1.0,1.2746357626270988,1.3710244271676306,Base
SOH,0.6,0.1,0.15,0.15,1.0,1.286713018126216,1.3453634212800418,Base
SOH,0.6,0.1,0.2,0.1,0.9999999999999999,1.2987902736253332,1.3197024153924535,Base
SOH,0.6,0.1,0.25,0.05,1.0,1.3108675291244505,1.2940414095048647,Base
SOH,0.6,0.1,0.3,0.0,1.0,1.3229447846235678,1.268380403617276,Base
SOH,0.6,0.15,0.0,0.25,1.0,1.250852047981948,1.3801508382087642,Base
SOH,0.6,0.15,0.05,0.2,1.0,1.2629293034810654,1.3544898323211756,Base
SOH,0.6,0.15,0.1,0.15,1.0,1.2750065589801827,1.328828826433587,Base
SOH,0.6,0.15,0.15,0.1,1.0,1.2870838144792998,1.3031678205459984,Base
SOH,0.6,0.15,0.2,0.05,1.0,1.299161069978417,1.2775068146584099,Base
SOH,0.6,0.15,0.25,0.0,1.0,1.3112383254775344,1.2518458087708213,Base
SOH,0.6,0.2,0.0,0.2,1.0,1.2512228443350317,1.3379552374747208,Base
SOH,0.6,0.2,0.05,0.15,1.0,1.263300099834149,1.312294231587132,Base
SOH,0.6,0.2,0.1,0.1,1.0,1.2753773553332661,1.2866332256995436,Base
SOH,0.6,0.2,0.15,0.05,1.0,1.2874546108323834,1.2609722198119548,Base
SOH,0.6,0.2,0.2,0.0,1.0,1.2995318663315008,1.2353112139243665,Base
SOH,0.6,0.25,0.0,0.15,1.0,1.2515936406881156,1.2957596367406772,Base
SOH,0.6,0.25,0.05,0.1,1.0,1.2636708961872327,1.2700986308530886,Base
SOH,0.6,0.25,0.1,0.05,1.0,1.27574815168635,1.2444376249655,Base
SOH,0.6,0.25,0.15,0.0,1.0,1.2878254071854673,1.2187766190779115,Base
SOH,0.6,0.3,0.0,0.1,0.9999999999999999,1.2519644370411993,1.2535640360066336,Base
SOH,0.6,0.3,0.05,0.05,1.0,1.2640416925403166,1.2279030301190448,Base
SOH,0.6,0.3,0.1,0.0,0.9999999999999999,1.276118948039434,1.2022420242314564,Base
SOH,0.6,0.35,0.0,0.05,1.0,1.252335233394283,1.21136843527259,Base
SOH,0.6,0.35,0.05,0.0,1.0,1.2644124888934003,1.1857074293850014,Base
SOH,0.6,0.4,0.0,0.0,1.0,1.252706029747367,1.1691728345385466,Base
SOH,0.65,0.0,0.0,0.35,1.0,1.3072418069309706,1.5252322061480759,Base
SOH,0.65,0.0,0.05,0.3,1.0,1.319319062430088,1.499571200260487,Base
SOH,0.65,0.0,0.1,0.25,1.0,1.3313963179292052,1.4739101943728987,Base
SOH,0.65,0.0,0.15,0.2,1.0,1.3434735734283225,1.4482491884853101,Base
SOH,0.65,0.0,0.2,0.15,1.0,1.3555508289274398,1.4225881825977216,Base
SOH,0.65,0.0,0.25,0.1,1.0,1.367628084426557,1.396927176710133,Base
SOH,0.65,0.0,0.3,0.05,1.0,1.3797053399256742,1.3712661708225442,Base
SOH,0.65,0.0,0.35,0.0,1.0,1.3917825954247913,1.3456051649349559,Base
SOH,0.65,0.05,0.0,0.3,1.0,1.3076126032840545,1.4830366054140323,Base
SOH,0.65,0.05,0.05,0.25,1.0,1.3196898587831718,1.4573755995264437,Base
SOH,0.65,0.05,0.1,0.2,1.0,1.331767114282289,1.4317145936388553,Base
SOH,0.65,0.05,0.15,0.15,1.0,1.3438443697814064,1.4060535877512665,Base
SOH,0.65,0.05,0.2,0.1,1.0000000000000002,1.3559216252805235,1.3803925818636782,Base
SOH,0.65,0.05,0.25,0.05,1.0,1.3679988807796408,1.3547315759760894,Base
SOH,0.65,0.05,0.3,0.0,1.0,1.3800761362787581,1.329070570088501,Base
SOH,0.65,0.1,0.0,0.25,1.0,1.3079833996371382,1.4408410046799889,Base
SOH,0.65,0.1,0.05,0.2,1.0,1.3200606551362555,1.4151799987924003,Base
SOH,0.65,0.1,0.1,0.15,1.0,1.3321379106353728,1.3895189929048117,Base
SOH,0.65,0.1,0.15,0.1,1.0,1.3442151661344899,1.3638579870172232,Base
SOH,0.65,0.1,0.2,0.05,1.0,1.3562924216336072,1.3381969811296346,Base
SOH,0.65,0.1,0.25,0.0,1.0,1.3683696771327245,1.312535975242046,Base
SOH,0.65,0.15,0.0,0.2,1.0,1.308354195990222,1.3986454039459453,Base
SOH,0.65,0.15,0.05,0.15,1.0,1.3204314514893394,1.3729843980583565,Base
SOH,0.65,0.15,0.1,0.1,1.0,1.3325087069884565,1.3473233921707681,Base
SOH,0.65,0.15,0.15,0.05,1.0,1.3445859624875738,1.3216623862831793,Base
SOH,0.65,0.15,0.2,0.0,1.0,1.356663217986691,1.296001380395591,Base
SOH,0.65,0.2,0.0,0.15,1.0,1.3087249923433057,1.3564498032119017,Base
SOH,0.65,0.2,0.05,0.1,1.0000000000000002,1.3208022478424228,1.330788797324313,Base
SOH,0.65,0.2,0.1,0.05,1.0,1.3328795033415402,1.3051277914367245,Base
SOH,0.65,0.2,0.15,0.0,1.0,1.3449567588406575,1.279466785549136,Base
SOH,0.65,0.25,0.0,0.1,1.0,1.3090957886963894,1.3142542024778583,Base
SOH,0.65,0.25,0.05,0.05,1.0,1.3211730441955067,1.2885931965902695,Base
SOH,0.65,0.25,0.1,0.0,1.0,1.333250299694624,1.2629321907026811,Base
SOH,0.65,0.3,0.0,0.05,1.0,1.3094665850494733,1.2720586017438147,Base
SOH,0.65,0.3,0.05,0.0,1.0,1.3215438405485906,1.2463975958562261,Base
SOH,0.65,0.35,0.0,0.0,1.0,1.309837381402557,1.2298630010097713,Base
SOH,0.7,0.0,0.0,0.3,1.0,1.3647439549392444,1.5437267718852568,Base
SOH,0.7,0.0,0.05,0.25,1.0,1.3768212104383617,1.5180657659976682,Base
SOH,0.7,0.0,0.1,0.2,1.0,1.388898465937479,1.4924047601100798,Base
SOH,0.7,0.0,0.15,0.15,1.0,1.4009757214365963,1.466743754222491,Base
SOH,0.7,0.0,0.2,0.1,0.9999999999999999,1.4130529769357134,1.4410827483349027,Base
SOH,0.7,0.0,0.25,0.05,1.0,1.4251302324348307,1.415421742447314,Base
SOH,0.7,0.0,0.3,0.0,1.0,1.437207487933948,1.3897607365597255,Base
SOH,0.7,0.05,0.0,0.25,1.0,1.3651147512923283,1.5015311711512134,Base
SOH,0.7,0.05,0.05,0.2,1.0,1.3771920067914456,1.4758701652636248,Base
SOH,0.7,0.05,0.1,0.15,1.0,1.389269262290563,1.4502091593760362,Base
SOH,0.7,0.05,0.15,0.1,1.0,1.40134651778968,1.4245481534884477,Base
SOH,0.7,0.05,0.2,0.05,1.0,1.4134237732887973,1.398887147600859,Base
SOH,0.7,0.05,0.25,0.0,1.0,1.4255010287879146,1.3732261417132705,Base
SOH,0.7,0.1,0.0,0.2,1.0,1.365485547645412,1.45933557041717,Base
SOH,0.7,0.1,0.05,0.15,1.0,1.3775628031445293,1.4336745645295812,Base
SOH,0.7,0.1,0.1,0.1,0.9999999999999999,1.3896400586436464,1.4080135586419928,Base
SOH,0.7,0.1,0.15,0.05,1.0,1.4017173141427637,1.382352552754404,Base
SOH,0.7,0.1,0.2,0.0,1.0,1.413794569641881,1.3566915468668157,Base
SOH,0.7,0.15,0.0,0.15,1.0,1.3658563439984959,1.4171399696831262,Base
SOH,0.7,0.15,0.05,0.1,1.0,1.377933599497613,1.3914789637955376,Base
SOH,0.7,0.15,0.1,0.05,1.0,1.3900108549967303,1.365817957907949,Base
SOH,0.7,0.15,0.15,0.0,1.0,1.4020881104958476,1.3401569520203604,Base
SOH,0.7,0.2,0.0,0.1,0.9999999999999999,1.3662271403515793,1.3749443689490828,Base
SOH,0.7,0.2,0.05,0.05,1.0,1.3783043958506966,1.349283363061494,Base
SOH,0.7,0.2,0.1,0.0,0.9999999999999999,1.390381651349814,1.3236223571739056,Base
SOH,0.7,0.25,0.0,0.05,1.0,1.3665979367046632,1.3327487682150392,Base
SOH,0.7,0.25,0.05,0.0,1.0,1.3786751922037805,1.3070877623274506,Base
SOH,0.7,0.3,0.0,0.0,1.0,1.3669687330577471,1.2905531674809958,Base
SOH,0.75,0.0,0.0,0.25,1.0,1.4222461029475184,1.562221337622438,Base
SOH,0.75,0.0,0.05,0.2,1.0,1.4343233584466357,1.5365603317348495,Base
SOH,0.75,0.0,0.1,0.15,1.0,1.446400613945753,1.510899325847261,Base
SOH,0.75,0.0,0.15,0.1,1.0,1.4584778694448701,1.4852383199596724,Base
SOH,0.75,0.0,0.2,0.05,1.0,1.4705551249439874,1.4595773140720838,Base
SOH,0.75,0.0,0.25,0.0,1.0,1.4826323804431047,1.4339163081844952,Base
SOH,0.75,0.05,0.0,0.2,1.0,1.4226168993006023,1.5200257368883947,Base
SOH,0.75,0.05,0.05,0.15,1.0,1.4346941547997196,1.494364731000806,Base
SOH,0.75,0.05,0.1,0.1,1.0,1.4467714102988367,1.4687037251132176,Base
SOH,0.75,0.05,0.15,0.05,1.0,1.458848665797954,1.4430427192256288,Base
SOH,0.75,0.05,0.2,0.0,1.0,1.4709259212970713,1.4173817133380404,Base
SOH,0.75,0.1,0.0,0.15,1.0,1.422987695653686,1.477830136154351,Base
SOH,0.75,0.1,0.05,0.1,1.0,1.435064951152803,1.4521691302667625,Base
SOH,0.75,0.1,0.1,0.05,1.0,1.4471422066519204,1.426508124379174,Base
SOH,0.75,0.1,0.15,0.0,1.0,1.4592194621510377,1.4008471184915854,Base
SOH,0.75,0.15,0.0,0.1,1.0,1.4233584920067697,1.4356345354203075,Base
SOH,0.75,0.15,0.05,0.05,1.0,1.435435747505887,1.4099735295327187,Base
SOH,0.75,0.15,0.1,0.0,1.0,1.4475130030050043,1.3843125236451304,Base
SOH,0.75,0.2,0.0,0.05,1.0,1.4237292883598534,1.393438934686264,Base
SOH,0.75,0.2,0.05,0.0,1.0,1.4358065438589707,1.3677779287986753,Base
SOH,0.75,0.25,0.0,0.0,1.0,1.4241000847129373,1.3512433339522205,Base
SOH,0.8,0.0,0.0,0.2,1.0,1.4797482509557924,1.5807159033596194,Base
SOH,0.8,0.0,0.05,0.15,1.0,1.4918255064549097,1.5550548974720306,Base
SOH,0.8,0.0,0.1,0.1,1.0,1.5039027619540268,1.5293938915844423,Base
SOH,0.8,0.0,0.15,0.05,1.0,1.5159800174531441,1.5037328856968535,Base
SOH,0.8,0.0,0.2,0.0,1.0,1.5280572729522615,1.4780718798092651,Base
SOH,0.8,0.05,0.0,0.15,1.0,1.4801190473088763,1.5385203026255758,Base
SOH,0.8,0.05,0.05,0.1,1.0000000000000002,1.4921963028079934,1.5128592967379872,Base
SOH,0.8,0.05,0.1,0.05,1.0,1.5042735583071107,1.4871982908503987,Base
SOH,0.8,0.05,0.15,0.0,1.0,1.516350813806228,1.46153728496281,Base
SOH,0.8,0.1,0.0,0.1,1.0,1.4804898436619598,1.4963247018915324,Base
SOH,0.8,0.1,0.05,0.05,1.0,1.492567099161077,1.4706636960039436,Base
SOH,0.8,0.1,0.1,0.0,1.0,1.5046443546601944,1.4450026901163553,Base
SOH,0.8,0.15,0.0,0.05,1.0,1.4808606400150437,1.4541291011574886,Base
SOH,0.8,0.15,0.05,0.0,1.0,1.492937895514161,1.4284680952699,Base
SOH,0.8,0.2,0.0,0.0,1.0,1.4812314363681274,1.4119335004234452,Base
SOH,0.85,0.0,0.0,0.15,1.0,1.5372503989640662,1.5992104690968003,Base
SOH,0.85,0.0,0.05,0.1,1.0,1.5493276544631833,1.5735494632092117,Base
SOH,0.85,0.0,0.1,0.05,1.0,1.5614049099623006,1.5478884573216232,Base
SOH,0.85,0.0,0.15,0.0,1.0,1.573482165461418,1.5222274514340346,Base
SOH,0.85,0.05,0.0,0.1,1.0,1.53762119531715,1.557014868362757,Base
SOH,0.85,0.05,0.05,0.05,1.0,1.5496984508162672,1.5313538624751681,Base
SOH,0.85,0.05,0.1,0.0,1.0,1.5617757063153845,1.5056928565875798,Base
SOH,0.85,0.1,0.0,0.05,1.0,1.5379919916702336,1.5148192676287133,Base
SOH,0.85,0.1,0.05,0.0,1.0,1.550069247169351,1.4891582617411248,Base
SOH,0.85,0.15,0.0,0.0,1.0,1.5383627880233175,1.4726236668946697,Base
SOH,0.9,0.0,0.0,0.1,1.0,1.59475254697234,1.6177050348339816,Base
SOH,0.9,0.0,0.05,0.05,1.0,1.6068298024714573,1.5920440289463929,Base
SOH,0.9,0.0,0.1,0.0,1.0,1.6189070579705747,1.5663830230588045,Base
SOH,0.9,0.05,0.0,0.05,1.0,1.595123343325424,1.575509434099938,Base
SOH,0.9,0.05,0.05,0.0,1.0,1.6072005988245412,1.5498484282123495,Base
SOH,0.9,0.1,0.0,0.0,1.0,1.5954941396785076,1.5333138333658947,Base
SOH,0.95,0.0,0.0,0.05,1.0,1.6522546949806138,1.6361996005711625,Base
SOH,0.95,0.0,0.05,0.0,1.0,1.6643319504797311,1.610538594683574,Base
SOH,0.95,0.05,0.0,0.0,1.0,1.6526254913336977,1.5940039998371192,Base
SOH,1.0,0.0,0.0,0.0,1.0,1.7097568429888879,1.6546941663083439,Base
