lookup_condition,lookup_label,cell,window_id,alias,current_offset_a,mae,baseline_mae,delta_mae,evaluation_start_sample,evaluation_samples,summary_path,baseline_summary_path
nominal_lookup,Nominal lookup,C09,C09_fresh,current_offset_neg_50mA,-0.05,0.27799110623245876,0.005802190829040719,0.27218891540341805,2023,84377,/home/florianr/MG_Farm/1_Scripts/DL_Models/LFP_SOC_SOH_Model/4_simulation_environment/campaigns/jes2_hecm_lookup_current_offset_20260901/runs/nominal_lookup/C09/C09_fresh/current_offset_neg_50mA/summary.json,/home/florianr/MG_Farm/1_Scripts/DL_Models/LFP_SOC_SOH_Model/4_simulation_environment/campaigns/jes2_hecm_full_lookup_sensitivity_20260901/runs/nominal_lookup/C09/C09_fresh/baseline/seed_42/summary.json
nominal_lookup,Nominal lookup,C09,C09_fresh,current_offset_pos_50mA,0.05,0.04357227816089622,0.005802190829040719,0.0377700873318555,2023,84377,/home/florianr/MG_Farm/1_Scripts/DL_Models/LFP_SOC_SOH_Model/4_simulation_environment/campaigns/jes2_hecm_lookup_current_offset_20260901/runs/nominal_lookup/C09/C09_fresh/current_offset_pos_50mA/summary.json,/home/florianr/MG_Farm/1_Scripts/DL_Models/LFP_SOC_SOH_Model/4_simulation_environment/campaigns/jes2_hecm_full_lookup_sensitivity_20260901/runs/nominal_lookup/C09/C09_fresh/baseline/seed_42/summary.json
nominal_lookup,Nominal lookup,C09,C09_mid_life,current_offset_neg_50mA,-0.05,0.16150049502813363,0.02057060403541189,0.14092989099272174,2023,84377,/home/florianr/MG_Farm/1_Scripts/DL_Models/LFP_SOC_SOH_Model/4_simulation_environment/campaigns/jes2_hecm_lookup_current_offset_20260901/runs/nominal_lookup/C09/C09_mid_life/current_offset_neg_50mA/summary.json,/home/florianr/MG_Farm/1_Scripts/DL_Models/LFP_SOC_SOH_Model/4_simulation_environment/campaigns/jes2_hecm_full_lookup_sensitivity_20260901/runs/nominal_lookup/C09/C09_mid_life/baseline/seed_42/summary.json
nominal_lookup,Nominal lookup,C09,C09_mid_life,current_offset_pos_50mA,0.05,0.11419311223247754,0.02057060403541189,0.09362250819706565,2023,84377,/home/florianr/MG_Farm/1_Scripts/DL_Models/LFP_SOC_SOH_Model/4_simulation_environment/campaigns/jes2_hecm_lookup_current_offset_20260901/runs/nominal_lookup/C09/C09_mid_life/current_offset_pos_50mA/summary.json,/home/florianr/MG_Farm/1_Scripts/DL_Models/LFP_SOC_SOH_Model/4_simulation_environment/campaigns/jes2_hecm_full_lookup_sensitivity_20260901/runs/nominal_lookup/C09/C09_mid_life/baseline/seed_42/summary.json
nominal_lookup,Nominal lookup,C09,C09_aged,current_offset_neg_50mA,-0.05,0.24101048621256962,0.06738950410093404,0.17362098211163557,2023,84377,/home/florianr/MG_Farm/1_Scripts/DL_Models/LFP_SOC_SOH_Model/4_simulation_environment/campaigns/jes2_hecm_lookup_current_offset_20260901/runs/nominal_lookup/C09/C09_aged/current_offset_neg_50mA/summary.json,/home/florianr/MG_Farm/1_Scripts/DL_Models/LFP_SOC_SOH_Model/4_simulation_environment/campaigns/jes2_hecm_full_lookup_sensitivity_20260901/runs/nominal_lookup/C09/C09_aged/baseline/seed_42/summary.json
nominal_lookup,Nominal lookup,C09,C09_aged,current_offset_pos_50mA,0.05,0.14381394466336486,0.06738950410093404,0.07642444056243082,2023,84377,/home/florianr/MG_Farm/1_Scripts/DL_Models/LFP_SOC_SOH_Model/4_simulation_environment/campaigns/jes2_hecm_lookup_current_offset_20260901/runs/nominal_lookup/C09/C09_aged/current_offset_pos_50mA/summary.json,/home/florianr/MG_Farm/1_Scripts/DL_Models/LFP_SOC_SOH_Model/4_simulation_environment/campaigns/jes2_hecm_full_lookup_sensitivity_20260901/runs/nominal_lookup/C09/C09_aged/baseline/seed_42/summary.json
nominal_lookup,Nominal lookup,C13,C13_fresh,current_offset_neg_50mA,-0.05,0.2715536768931432,0.007903246311262942,0.26365043058188026,2023,84377,/home/florianr/MG_Farm/1_Scripts/DL_Models/LFP_SOC_SOH_Model/4_simulation_environment/campaigns/jes2_hecm_lookup_current_offset_20260901/runs/nominal_lookup/C13/C13_fresh/current_offset_neg_50mA/summary.json,/home/florianr/MG_Farm/1_Scripts/DL_Models/LFP_SOC_SOH_Model/4_simulation_environment/campaigns/jes2_hecm_full_lookup_sensitivity_20260901/runs/nominal_lookup/C13/C13_fresh/baseline/seed_42/summary.json
nominal_lookup,Nominal lookup,C13,C13_fresh,current_offset_pos_50mA,0.05,0.03625431822003438,0.007903246311262942,0.02835107190877144,2023,84377,/home/florianr/MG_Farm/1_Scripts/DL_Models/LFP_SOC_SOH_Model/4_simulation_environment/campaigns/jes2_hecm_lookup_current_offset_20260901/runs/nominal_lookup/C13/C13_fresh/current_offset_pos_50mA/summary.json,/home/florianr/MG_Farm/1_Scripts/DL_Models/LFP_SOC_SOH_Model/4_simulation_environment/campaigns/jes2_hecm_full_lookup_sensitivity_20260901/runs/nominal_lookup/C13/C13_fresh/baseline/seed_42/summary.json
nominal_lookup,Nominal lookup,C13,C13_mid_life,current_offset_neg_50mA,-0.05,0.26830264950915134,0.022918310937209602,0.24538433857194172,2023,84377,/home/florianr/MG_Farm/1_Scripts/DL_Models/LFP_SOC_SOH_Model/4_simulation_environment/campaigns/jes2_hecm_lookup_current_offset_20260901/runs/nominal_lookup/C13/C13_mid_life/current_offset_neg_50mA/summary.json,/home/florianr/MG_Farm/1_Scripts/DL_Models/LFP_SOC_SOH_Model/4_simulation_environment/campaigns/jes2_hecm_full_lookup_sensitivity_20260901/runs/nominal_lookup/C13/C13_mid_life/baseline/seed_42/summary.json
nominal_lookup,Nominal lookup,C13,C13_mid_life,current_offset_pos_50mA,0.05,0.12471419940395245,0.022918310937209602,0.10179588846674285,2023,84377,/home/florianr/MG_Farm/1_Scripts/DL_Models/LFP_SOC_SOH_Model/4_simulation_environment/campaigns/jes2_hecm_lookup_current_offset_20260901/runs/nominal_lookup/C13/C13_mid_life/current_offset_pos_50mA/summary.json,/home/florianr/MG_Farm/1_Scripts/DL_Models/LFP_SOC_SOH_Model/4_simulation_environment/campaigns/jes2_hecm_full_lookup_sensitivity_20260901/runs/nominal_lookup/C13/C13_mid_life/baseline/seed_42/summary.json
nominal_lookup,Nominal lookup,C13,C13_aged,current_offset_neg_50mA,-0.05,0.1329304150026939,0.055936188226305715,0.07699422677638817,2023,84377,/home/florianr/MG_Farm/1_Scripts/DL_Models/LFP_SOC_SOH_Model/4_simulation_environment/campaigns/jes2_hecm_lookup_current_offset_20260901/runs/nominal_lookup/C13/C13_aged/current_offset_neg_50mA/summary.json,/home/florianr/MG_Farm/1_Scripts/DL_Models/LFP_SOC_SOH_Model/4_simulation_environment/campaigns/jes2_hecm_full_lookup_sensitivity_20260901/runs/nominal_lookup/C13/C13_aged/baseline/seed_42/summary.json
nominal_lookup,Nominal lookup,C13,C13_aged,current_offset_pos_50mA,0.05,0.2405637249925374,0.055936188226305715,0.18462753676623167,2023,84377,/home/florianr/MG_Farm/1_Scripts/DL_Models/LFP_SOC_SOH_Model/4_simulation_environment/campaigns/jes2_hecm_lookup_current_offset_20260901/runs/nominal_lookup/C13/C13_aged/current_offset_pos_50mA/summary.json,/home/florianr/MG_Farm/1_Scripts/DL_Models/LFP_SOC_SOH_Model/4_simulation_environment/campaigns/jes2_hecm_full_lookup_sensitivity_20260901/runs/nominal_lookup/C13/C13_aged/baseline/seed_42/summary.json
nominal_lookup,Nominal lookup,C15,C15_fresh,current_offset_neg_50mA,-0.05,0.19341575425100124,0.021407083998691852,0.1720086702523094,2023,84377,/home/florianr/MG_Farm/1_Scripts/DL_Models/LFP_SOC_SOH_Model/4_simulation_environment/campaigns/jes2_hecm_lookup_current_offset_20260901/runs/nominal_lookup/C15/C15_fresh/current_offset_neg_50mA/summary.json,/home/florianr/MG_Farm/1_Scripts/DL_Models/LFP_SOC_SOH_Model/4_simulation_environment/campaigns/jes2_hecm_full_lookup_sensitivity_20260901/runs/nominal_lookup/C15/C15_fresh/baseline/seed_42/summary.json
nominal_lookup,Nominal lookup,C15,C15_fresh,current_offset_pos_50mA,0.05,0.07357664933349878,0.021407083998691852,0.052169565334806926,2023,84377,/home/florianr/MG_Farm/1_Scripts/DL_Models/LFP_SOC_SOH_Model/4_simulation_environment/campaigns/jes2_hecm_lookup_current_offset_20260901/runs/nominal_lookup/C15/C15_fresh/current_offset_pos_50mA/summary.json,/home/florianr/MG_Farm/1_Scripts/DL_Models/LFP_SOC_SOH_Model/4_simulation_environment/campaigns/jes2_hecm_full_lookup_sensitivity_20260901/runs/nominal_lookup/C15/C15_fresh/baseline/seed_42/summary.json
nominal_lookup,Nominal lookup,C15,C15_mid_life,current_offset_neg_50mA,-0.05,0.1034854599037287,0.03311583357972383,0.07036962632400487,2023,84377,/home/florianr/MG_Farm/1_Scripts/DL_Models/LFP_SOC_SOH_Model/4_simulation_environment/campaigns/jes2_hecm_lookup_current_offset_20260901/runs/nominal_lookup/C15/C15_mid_life/current_offset_neg_50mA/summary.json,/home/florianr/MG_Farm/1_Scripts/DL_Models/LFP_SOC_SOH_Model/4_simulation_environment/campaigns/jes2_hecm_full_lookup_sensitivity_20260901/runs/nominal_lookup/C15/C15_mid_life/baseline/seed_42/summary.json
nominal_lookup,Nominal lookup,C15,C15_mid_life,current_offset_pos_50mA,0.05,0.15021461734845012,0.03311583357972383,0.11709878376872629,2023,84377,/home/florianr/MG_Farm/1_Scripts/DL_Models/LFP_SOC_SOH_Model/4_simulation_environment/campaigns/jes2_hecm_lookup_current_offset_20260901/runs/nominal_lookup/C15/C15_mid_life/current_offset_pos_50mA/summary.json,/home/florianr/MG_Farm/1_Scripts/DL_Models/LFP_SOC_SOH_Model/4_simulation_environment/campaigns/jes2_hecm_full_lookup_sensitivity_20260901/runs/nominal_lookup/C15/C15_mid_life/baseline/seed_42/summary.json
nominal_lookup,Nominal lookup,C15,C15_aged,current_offset_neg_50mA,-0.05,0.1301606249946235,0.10372215127914054,0.026438473715482955,2023,84377,/home/florianr/MG_Farm/1_Scripts/DL_Models/LFP_SOC_SOH_Model/4_simulation_environment/campaigns/jes2_hecm_lookup_current_offset_20260901/runs/nominal_lookup/C15/C15_aged/current_offset_neg_50mA/summary.json,/home/florianr/MG_Farm/1_Scripts/DL_Models/LFP_SOC_SOH_Model/4_simulation_environment/campaigns/jes2_hecm_full_lookup_sensitivity_20260901/runs/nominal_lookup/C15/C15_aged/baseline/seed_42/summary.json
nominal_lookup,Nominal lookup,C15,C15_aged,current_offset_pos_50mA,0.05,0.20712255053857576,0.10372215127914054,0.10340039925943521,2023,84377,/home/florianr/MG_Farm/1_Scripts/DL_Models/LFP_SOC_SOH_Model/4_simulation_environment/campaigns/jes2_hecm_lookup_current_offset_20260901/runs/nominal_lookup/C15/C15_aged/current_offset_pos_50mA/summary.json,/home/florianr/MG_Farm/1_Scripts/DL_Models/LFP_SOC_SOH_Model/4_simulation_environment/campaigns/jes2_hecm_full_lookup_sensitivity_20260901/runs/nominal_lookup/C15/C15_aged/baseline/seed_42/summary.json
nominal_lookup,Nominal lookup,C25,C25_fresh,current_offset_neg_50mA,-0.05,0.21772826401155926,0.008287661371239865,0.20944060264031938,2023,84377,/home/florianr/MG_Farm/1_Scripts/DL_Models/LFP_SOC_SOH_Model/4_simulation_environment/campaigns/jes2_hecm_lookup_current_offset_20260901/runs/nominal_lookup/C25/C25_fresh/current_offset_neg_50mA/summary.json,/home/florianr/MG_Farm/1_Scripts/DL_Models/LFP_SOC_SOH_Model/4_simulation_environment/campaigns/jes2_hecm_full_lookup_sensitivity_20260901/runs/nominal_lookup/C25/C25_fresh/baseline/seed_42/summary.json
nominal_lookup,Nominal lookup,C25,C25_fresh,current_offset_pos_50mA,0.05,0.03140630126669045,0.008287661371239865,0.023118639895450585,2023,84377,/home/florianr/MG_Farm/1_Scripts/DL_Models/LFP_SOC_SOH_Model/4_simulation_environment/campaigns/jes2_hecm_lookup_current_offset_20260901/runs/nominal_lookup/C25/C25_fresh/current_offset_pos_50mA/summary.json,/home/florianr/MG_Farm/1_Scripts/DL_Models/LFP_SOC_SOH_Model/4_simulation_environment/campaigns/jes2_hecm_full_lookup_sensitivity_20260901/runs/nominal_lookup/C25/C25_fresh/baseline/seed_42/summary.json
nominal_lookup,Nominal lookup,C25,C25_mid_life,current_offset_neg_50mA,-0.05,0.1864663531627882,0.0495356791547768,0.1369306740080114,2023,84377,/home/florianr/MG_Farm/1_Scripts/DL_Models/LFP_SOC_SOH_Model/4_simulation_environment/campaigns/jes2_hecm_lookup_current_offset_20260901/runs/nominal_lookup/C25/C25_mid_life/current_offset_neg_50mA/summary.json,/home/florianr/MG_Farm/1_Scripts/DL_Models/LFP_SOC_SOH_Model/4_simulation_environment/campaigns/jes2_hecm_full_lookup_sensitivity_20260901/runs/nominal_lookup/C25/C25_mid_life/baseline/seed_42/summary.json
nominal_lookup,Nominal lookup,C25,C25_mid_life,current_offset_pos_50mA,0.05,0.13247896658490818,0.0495356791547768,0.08294328743013138,2023,84377,/home/florianr/MG_Farm/1_Scripts/DL_Models/LFP_SOC_SOH_Model/4_simulation_environment/campaigns/jes2_hecm_lookup_current_offset_20260901/runs/nominal_lookup/C25/C25_mid_life/current_offset_pos_50mA/summary.json,/home/florianr/MG_Farm/1_Scripts/DL_Models/LFP_SOC_SOH_Model/4_simulation_environment/campaigns/jes2_hecm_full_lookup_sensitivity_20260901/runs/nominal_lookup/C25/C25_mid_life/baseline/seed_42/summary.json
nominal_lookup,Nominal lookup,C25,C25_aged,current_offset_neg_50mA,-0.05,0.13388327179859955,0.07933628992274085,0.0545469818758587,2023,84377,/home/florianr/MG_Farm/1_Scripts/DL_Models/LFP_SOC_SOH_Model/4_simulation_environment/campaigns/jes2_hecm_lookup_current_offset_20260901/runs/nominal_lookup/C25/C25_aged/current_offset_neg_50mA/summary.json,/home/florianr/MG_Farm/1_Scripts/DL_Models/LFP_SOC_SOH_Model/4_simulation_environment/campaigns/jes2_hecm_full_lookup_sensitivity_20260901/runs/nominal_lookup/C25/C25_aged/baseline/seed_42/summary.json
nominal_lookup,Nominal lookup,C25,C25_aged,current_offset_pos_50mA,0.05,0.1837165546294037,0.07933628992274085,0.10438026470666285,2023,84377,/home/florianr/MG_Farm/1_Scripts/DL_Models/LFP_SOC_SOH_Model/4_simulation_environment/campaigns/jes2_hecm_lookup_current_offset_20260901/runs/nominal_lookup/C25/C25_aged/current_offset_pos_50mA/summary.json,/home/florianr/MG_Farm/1_Scripts/DL_Models/LFP_SOC_SOH_Model/4_simulation_environment/campaigns/jes2_hecm_full_lookup_sensitivity_20260901/runs/nominal_lookup/C25/C25_aged/baseline/seed_42/summary.json
nominal_lookup,Nominal lookup,C27,C27_fresh,current_offset_neg_50mA,-0.05,0.26936275732338955,0.017712234309502025,0.2516505230138875,2023,84377,/home/florianr/MG_Farm/1_Scripts/DL_Models/LFP_SOC_SOH_Model/4_simulation_environment/campaigns/jes2_hecm_lookup_current_offset_20260901/runs/nominal_lookup/C27/C27_fresh/current_offset_neg_50mA/summary.json,/home/florianr/MG_Farm/1_Scripts/DL_Models/LFP_SOC_SOH_Model/4_simulation_environment/campaigns/jes2_hecm_full_lookup_sensitivity_20260901/runs/nominal_lookup/C27/C27_fresh/baseline/seed_42/summary.json
nominal_lookup,Nominal lookup,C27,C27_fresh,current_offset_pos_50mA,0.05,0.034729625722643646,0.017712234309502025,0.01701739141314162,2023,84377,/home/florianr/MG_Farm/1_Scripts/DL_Models/LFP_SOC_SOH_Model/4_simulation_environment/campaigns/jes2_hecm_lookup_current_offset_20260901/runs/nominal_lookup/C27/C27_fresh/current_offset_pos_50mA/summary.json,/home/florianr/MG_Farm/1_Scripts/DL_Models/LFP_SOC_SOH_Model/4_simulation_environment/campaigns/jes2_hecm_full_lookup_sensitivity_20260901/runs/nominal_lookup/C27/C27_fresh/baseline/seed_42/summary.json
nominal_lookup,Nominal lookup,C29,C29_fresh,current_offset_neg_50mA,-0.05,0.2540797115085362,0.00788780106164307,0.24619191044689312,2023,84377,/home/florianr/MG_Farm/1_Scripts/DL_Models/LFP_SOC_SOH_Model/4_simulation_environment/campaigns/jes2_hecm_lookup_current_offset_20260901/runs/nominal_lookup/C29/C29_fresh/current_offset_neg_50mA/summary.json,/home/florianr/MG_Farm/1_Scripts/DL_Models/LFP_SOC_SOH_Model/4_simulation_environment/campaigns/jes2_hecm_full_lookup_sensitivity_20260901/runs/nominal_lookup/C29/C29_fresh/baseline/seed_42/summary.json
nominal_lookup,Nominal lookup,C29,C29_fresh,current_offset_pos_50mA,0.05,0.030855398865455776,0.00788780106164307,0.022967597803812703,2023,84377,/home/florianr/MG_Farm/1_Scripts/DL_Models/LFP_SOC_SOH_Model/4_simulation_environment/campaigns/jes2_hecm_lookup_current_offset_20260901/runs/nominal_lookup/C29/C29_fresh/current_offset_pos_50mA/summary.json,/home/florianr/MG_Farm/1_Scripts/DL_Models/LFP_SOC_SOH_Model/4_simulation_environment/campaigns/jes2_hecm_full_lookup_sensitivity_20260901/runs/nominal_lookup/C29/C29_fresh/baseline/seed_42/summary.json
nominal_lookup,Nominal lookup,C29,C29_mid_life,current_offset_neg_50mA,-0.05,0.1954607667808476,0.025785512155953174,0.1696752546248944,2023,84377,/home/florianr/MG_Farm/1_Scripts/DL_Models/LFP_SOC_SOH_Model/4_simulation_environment/campaigns/jes2_hecm_lookup_current_offset_20260901/runs/nominal_lookup/C29/C29_mid_life/current_offset_neg_50mA/summary.json,/home/florianr/MG_Farm/1_Scripts/DL_Models/LFP_SOC_SOH_Model/4_simulation_environment/campaigns/jes2_hecm_full_lookup_sensitivity_20260901/runs/nominal_lookup/C29/C29_mid_life/baseline/seed_42/summary.json
nominal_lookup,Nominal lookup,C29,C29_mid_life,current_offset_pos_50mA,0.05,0.13261894860247478,0.025785512155953174,0.1068334364465216,2023,84377,/home/florianr/MG_Farm/1_Scripts/DL_Models/LFP_SOC_SOH_Model/4_simulation_environment/campaigns/jes2_hecm_lookup_current_offset_20260901/runs/nominal_lookup/C29/C29_mid_life/current_offset_pos_50mA/summary.json,/home/florianr/MG_Farm/1_Scripts/DL_Models/LFP_SOC_SOH_Model/4_simulation_environment/campaigns/jes2_hecm_full_lookup_sensitivity_20260901/runs/nominal_lookup/C29/C29_mid_life/baseline/seed_42/summary.json
nominal_lookup,Nominal lookup,C29,C29_aged,current_offset_neg_50mA,-0.05,0.20111233838883255,0.044501364789563125,0.15661097359926943,2023,84377,/home/florianr/MG_Farm/1_Scripts/DL_Models/LFP_SOC_SOH_Model/4_simulation_environment/campaigns/jes2_hecm_lookup_current_offset_20260901/runs/nominal_lookup/C29/C29_aged/current_offset_neg_50mA/summary.json,/home/florianr/MG_Farm/1_Scripts/DL_Models/LFP_SOC_SOH_Model/4_simulation_environment/campaigns/jes2_hecm_full_lookup_sensitivity_20260901/runs/nominal_lookup/C29/C29_aged/baseline/seed_42/summary.json
nominal_lookup,Nominal lookup,C29,C29_aged,current_offset_pos_50mA,0.05,0.18180910843734252,0.044501364789563125,0.1373077436477794,2023,84377,/home/florianr/MG_Farm/1_Scripts/DL_Models/LFP_SOC_SOH_Model/4_simulation_environment/campaigns/jes2_hecm_lookup_current_offset_20260901/runs/nominal_lookup/C29/C29_aged/current_offset_pos_50mA/summary.json,/home/florianr/MG_Farm/1_Scripts/DL_Models/LFP_SOC_SOH_Model/4_simulation_environment/campaigns/jes2_hecm_full_lookup_sensitivity_20260901/runs/nominal_lookup/C29/C29_aged/baseline/seed_42/summary.json
resistance_minus_10pct,Resistance -10%,C09,C09_fresh,current_offset_neg_50mA,-0.05,0.27853931002526366,0.005435771183454903,0.27310353884180877,2023,84377,/home/florianr/MG_Farm/1_Scripts/DL_Models/LFP_SOC_SOH_Model/4_simulation_environment/campaigns/jes2_hecm_lookup_current_offset_20260901/runs/resistance_minus_10pct/C09/C09_fresh/current_offset_neg_50mA/summary.json,/home/florianr/MG_Farm/1_Scripts/DL_Models/LFP_SOC_SOH_Model/4_simulation_environment/campaigns/jes2_hecm_full_lookup_sensitivity_20260901/runs/resistance_minus_10pct/C09/C09_fresh/baseline/seed_42/summary.json
resistance_minus_10pct,Resistance -10%,C09,C09_fresh,current_offset_pos_50mA,0.05,0.04330052399586813,0.005435771183454903,0.03786475281241323,2023,84377,/home/florianr/MG_Farm/1_Scripts/DL_Models/LFP_SOC_SOH_Model/4_simulation_environment/campaigns/jes2_hecm_lookup_current_offset_20260901/runs/resistance_minus_10pct/C09/C09_fresh/current_offset_pos_50mA/summary.json,/home/florianr/MG_Farm/1_Scripts/DL_Models/LFP_SOC_SOH_Model/4_simulation_environment/campaigns/jes2_hecm_full_lookup_sensitivity_20260901/runs/resistance_minus_10pct/C09/C09_fresh/baseline/seed_42/summary.json
resistance_minus_10pct,Resistance -10%,C09,C09_mid_life,current_offset_neg_50mA,-0.05,0.16129041039301645,0.020503771662302172,0.1407866387307143,2023,84377,/home/florianr/MG_Farm/1_Scripts/DL_Models/LFP_SOC_SOH_Model/4_simulation_environment/campaigns/jes2_hecm_lookup_current_offset_20260901/runs/resistance_minus_10pct/C09/C09_mid_life/current_offset_neg_50mA/summary.json,/home/florianr/MG_Farm/1_Scripts/DL_Models/LFP_SOC_SOH_Model/4_simulation_environment/campaigns/jes2_hecm_full_lookup_sensitivity_20260901/runs/resistance_minus_10pct/C09/C09_mid_life/baseline/seed_42/summary.json
resistance_minus_10pct,Resistance -10%,C09,C09_mid_life,current_offset_pos_50mA,0.05,0.11302595369939611,0.020503771662302172,0.09252218203709393,2023,84377,/home/florianr/MG_Farm/1_Scripts/DL_Models/LFP_SOC_SOH_Model/4_simulation_environment/campaigns/jes2_hecm_lookup_current_offset_20260901/runs/resistance_minus_10pct/C09/C09_mid_life/current_offset_pos_50mA/summary.json,/home/florianr/MG_Farm/1_Scripts/DL_Models/LFP_SOC_SOH_Model/4_simulation_environment/campaigns/jes2_hecm_full_lookup_sensitivity_20260901/runs/resistance_minus_10pct/C09/C09_mid_life/baseline/seed_42/summary.json
resistance_minus_10pct,Resistance -10%,C09,C09_aged,current_offset_neg_50mA,-0.05,0.24035601744748505,0.06753495405365156,0.1728210633938335,2023,84377,/home/florianr/MG_Farm/1_Scripts/DL_Models/LFP_SOC_SOH_Model/4_simulation_environment/campaigns/jes2_hecm_lookup_current_offset_20260901/runs/resistance_minus_10pct/C09/C09_aged/current_offset_neg_50mA/summary.json,/home/florianr/MG_Farm/1_Scripts/DL_Models/LFP_SOC_SOH_Model/4_simulation_environment/campaigns/jes2_hecm_full_lookup_sensitivity_20260901/runs/resistance_minus_10pct/C09/C09_aged/baseline/seed_42/summary.json
resistance_minus_10pct,Resistance -10%,C09,C09_aged,current_offset_pos_50mA,0.05,0.14336277498791095,0.06753495405365156,0.07582782093425938,2023,84377,/home/florianr/MG_Farm/1_Scripts/DL_Models/LFP_SOC_SOH_Model/4_simulation_environment/campaigns/jes2_hecm_lookup_current_offset_20260901/runs/resistance_minus_10pct/C09/C09_aged/current_offset_pos_50mA/summary.json,/home/florianr/MG_Farm/1_Scripts/DL_Models/LFP_SOC_SOH_Model/4_simulation_environment/campaigns/jes2_hecm_full_lookup_sensitivity_20260901/runs/resistance_minus_10pct/C09/C09_aged/baseline/seed_42/summary.json
resistance_minus_10pct,Resistance -10%,C13,C13_fresh,current_offset_neg_50mA,-0.05,0.27235771373259804,0.008592468747640972,0.26376524498495707,2023,84377,/home/florianr/MG_Farm/1_Scripts/DL_Models/LFP_SOC_SOH_Model/4_simulation_environment/campaigns/jes2_hecm_lookup_current_offset_20260901/runs/resistance_minus_10pct/C13/C13_fresh/current_offset_neg_50mA/summary.json,/home/florianr/MG_Farm/1_Scripts/DL_Models/LFP_SOC_SOH_Model/4_simulation_environment/campaigns/jes2_hecm_full_lookup_sensitivity_20260901/runs/resistance_minus_10pct/C13/C13_fresh/baseline/seed_42/summary.json
resistance_minus_10pct,Resistance -10%,C13,C13_fresh,current_offset_pos_50mA,0.05,0.03587910917689032,0.008592468747640972,0.02728664042924935,2023,84377,/home/florianr/MG_Farm/1_Scripts/DL_Models/LFP_SOC_SOH_Model/4_simulation_environment/campaigns/jes2_hecm_lookup_current_offset_20260901/runs/resistance_minus_10pct/C13/C13_fresh/current_offset_pos_50mA/summary.json,/home/florianr/MG_Farm/1_Scripts/DL_Models/LFP_SOC_SOH_Model/4_simulation_environment/campaigns/jes2_hecm_full_lookup_sensitivity_20260901/runs/resistance_minus_10pct/C13/C13_fresh/baseline/seed_42/summary.json
resistance_minus_10pct,Resistance -10%,C13,C13_mid_life,current_offset_neg_50mA,-0.05,0.2683666455341424,0.023771379396405844,0.24459526613773658,2023,84377,/home/florianr/MG_Farm/1_Scripts/DL_Models/LFP_SOC_SOH_Model/4_simulation_environment/campaigns/jes2_hecm_lookup_current_offset_20260901/runs/resistance_minus_10pct/C13/C13_mid_life/current_offset_neg_50mA/summary.json,/home/florianr/MG_Farm/1_Scripts/DL_Models/LFP_SOC_SOH_Model/4_simulation_environment/campaigns/jes2_hecm_full_lookup_sensitivity_20260901/runs/resistance_minus_10pct/C13/C13_mid_life/baseline/seed_42/summary.json
resistance_minus_10pct,Resistance -10%,C13,C13_mid_life,current_offset_pos_50mA,0.05,0.12411471787036178,0.023771379396405844,0.10034333847395593,2023,84377,/home/florianr/MG_Farm/1_Scripts/DL_Models/LFP_SOC_SOH_Model/4_simulation_environment/campaigns/jes2_hecm_lookup_current_offset_20260901/runs/resistance_minus_10pct/C13/C13_mid_life/current_offset_pos_50mA/summary.json,/home/florianr/MG_Farm/1_Scripts/DL_Models/LFP_SOC_SOH_Model/4_simulation_environment/campaigns/jes2_hecm_full_lookup_sensitivity_20260901/runs/resistance_minus_10pct/C13/C13_mid_life/baseline/seed_42/summary.json
resistance_minus_10pct,Resistance -10%,C13,C13_aged,current_offset_neg_50mA,-0.05,0.13172853752052363,0.055714775625472744,0.07601376189505088,2023,84377,/home/florianr/MG_Farm/1_Scripts/DL_Models/LFP_SOC_SOH_Model/4_simulation_environment/campaigns/jes2_hecm_lookup_current_offset_20260901/runs/resistance_minus_10pct/C13/C13_aged/current_offset_neg_50mA/summary.json,/home/florianr/MG_Farm/1_Scripts/DL_Models/LFP_SOC_SOH_Model/4_simulation_environment/campaigns/jes2_hecm_full_lookup_sensitivity_20260901/runs/resistance_minus_10pct/C13/C13_aged/baseline/seed_42/summary.json
resistance_minus_10pct,Resistance -10%,C13,C13_aged,current_offset_pos_50mA,0.05,0.2396085441826967,0.055714775625472744,0.18389376855722395,2023,84377,/home/florianr/MG_Farm/1_Scripts/DL_Models/LFP_SOC_SOH_Model/4_simulation_environment/campaigns/jes2_hecm_lookup_current_offset_20260901/runs/resistance_minus_10pct/C13/C13_aged/current_offset_pos_50mA/summary.json,/home/florianr/MG_Farm/1_Scripts/DL_Models/LFP_SOC_SOH_Model/4_simulation_environment/campaigns/jes2_hecm_full_lookup_sensitivity_20260901/runs/resistance_minus_10pct/C13/C13_aged/baseline/seed_42/summary.json
resistance_minus_10pct,Resistance -10%,C15,C15_fresh,current_offset_neg_50mA,-0.05,0.19308639396199564,0.02038536373491143,0.17270103022708422,2023,84377,/home/florianr/MG_Farm/1_Scripts/DL_Models/LFP_SOC_SOH_Model/4_simulation_environment/campaigns/jes2_hecm_lookup_current_offset_20260901/runs/resistance_minus_10pct/C15/C15_fresh/current_offset_neg_50mA/summary.json,/home/florianr/MG_Farm/1_Scripts/DL_Models/LFP_SOC_SOH_Model/4_simulation_environment/campaigns/jes2_hecm_full_lookup_sensitivity_20260901/runs/resistance_minus_10pct/C15/C15_fresh/baseline/seed_42/summary.json
resistance_minus_10pct,Resistance -10%,C15,C15_fresh,current_offset_pos_50mA,0.05,0.07311401551833434,0.02038536373491143,0.05272865178342291,2023,84377,/home/florianr/MG_Farm/1_Scripts/DL_Models/LFP_SOC_SOH_Model/4_simulation_environment/campaigns/jes2_hecm_lookup_current_offset_20260901/runs/resistance_minus_10pct/C15/C15_fresh/current_offset_pos_50mA/summary.json,/home/florianr/MG_Farm/1_Scripts/DL_Models/LFP_SOC_SOH_Model/4_simulation_environment/campaigns/jes2_hecm_full_lookup_sensitivity_20260901/runs/resistance_minus_10pct/C15/C15_fresh/baseline/seed_42/summary.json
resistance_minus_10pct,Resistance -10%,C15,C15_mid_life,current_offset_neg_50mA,-0.05,0.1029070294388455,0.03459696546500297,0.06831006397384254,2023,84377,/home/florianr/MG_Farm/1_Scripts/DL_Models/LFP_SOC_SOH_Model/4_simulation_environment/campaigns/jes2_hecm_lookup_current_offset_20260901/runs/resistance_minus_10pct/C15/C15_mid_life/current_offset_neg_50mA/summary.json,/home/florianr/MG_Farm/1_Scripts/DL_Models/LFP_SOC_SOH_Model/4_simulation_environment/campaigns/jes2_hecm_full_lookup_sensitivity_20260901/runs/resistance_minus_10pct/C15/C15_mid_life/baseline/seed_42/summary.json
resistance_minus_10pct,Resistance -10%,C15,C15_mid_life,current_offset_pos_50mA,0.05,0.14988512989266764,0.03459696546500297,0.11528816442766468,2023,84377,/home/florianr/MG_Farm/1_Scripts/DL_Models/LFP_SOC_SOH_Model/4_simulation_environment/campaigns/jes2_hecm_lookup_current_offset_20260901/runs/resistance_minus_10pct/C15/C15_mid_life/current_offset_pos_50mA/summary.json,/home/florianr/MG_Farm/1_Scripts/DL_Models/LFP_SOC_SOH_Model/4_simulation_environment/campaigns/jes2_hecm_full_lookup_sensitivity_20260901/runs/resistance_minus_10pct/C15/C15_mid_life/baseline/seed_42/summary.json
resistance_minus_10pct,Resistance -10%,C15,C15_aged,current_offset_neg_50mA,-0.05,0.1293937980557005,0.10325093638150101,0.02614286167419949,2023,84377,/home/florianr/MG_Farm/1_Scripts/DL_Models/LFP_SOC_SOH_Model/4_simulation_environment/campaigns/jes2_hecm_lookup_current_offset_20260901/runs/resistance_minus_10pct/C15/C15_aged/current_offset_neg_50mA/summary.json,/home/florianr/MG_Farm/1_Scripts/DL_Models/LFP_SOC_SOH_Model/4_simulation_environment/campaigns/jes2_hecm_full_lookup_sensitivity_20260901/runs/resistance_minus_10pct/C15/C15_aged/baseline/seed_42/summary.json
resistance_minus_10pct,Resistance -10%,C15,C15_aged,current_offset_pos_50mA,0.05,0.20653774239645573,0.10325093638150101,0.10328680601495471,2023,84377,/home/florianr/MG_Farm/1_Scripts/DL_Models/LFP_SOC_SOH_Model/4_simulation_environment/campaigns/jes2_hecm_lookup_current_offset_20260901/runs/resistance_minus_10pct/C15/C15_aged/current_offset_pos_50mA/summary.json,/home/florianr/MG_Farm/1_Scripts/DL_Models/LFP_SOC_SOH_Model/4_simulation_environment/campaigns/jes2_hecm_full_lookup_sensitivity_20260901/runs/resistance_minus_10pct/C15/C15_aged/baseline/seed_42/summary.json
resistance_minus_10pct,Resistance -10%,C25,C25_fresh,current_offset_neg_50mA,-0.05,0.21870515497675322,0.008288572885094433,0.21041658209165878,2023,84377,/home/florianr/MG_Farm/1_Scripts/DL_Models/LFP_SOC_SOH_Model/4_simulation_environment/campaigns/jes2_hecm_lookup_current_offset_20260901/runs/resistance_minus_10pct/C25/C25_fresh/current_offset_neg_50mA/summary.json,/home/florianr/MG_Farm/1_Scripts/DL_Models/LFP_SOC_SOH_Model/4_simulation_environment/campaigns/jes2_hecm_full_lookup_sensitivity_20260901/runs/resistance_minus_10pct/C25/C25_fresh/baseline/seed_42/summary.json
resistance_minus_10pct,Resistance -10%,C25,C25_fresh,current_offset_pos_50mA,0.05,0.03077183163183322,0.008288572885094433,0.022483258746738788,2023,84377,/home/florianr/MG_Farm/1_Scripts/DL_Models/LFP_SOC_SOH_Model/4_simulation_environment/campaigns/jes2_hecm_lookup_current_offset_20260901/runs/resistance_minus_10pct/C25/C25_fresh/current_offset_pos_50mA/summary.json,/home/florianr/MG_Farm/1_Scripts/DL_Models/LFP_SOC_SOH_Model/4_simulation_environment/campaigns/jes2_hecm_full_lookup_sensitivity_20260901/runs/resistance_minus_10pct/C25/C25_fresh/baseline/seed_42/summary.json
resistance_minus_10pct,Resistance -10%,C25,C25_mid_life,current_offset_neg_50mA,-0.05,0.1877340830059119,0.0507153370907182,0.1370187459151937,2023,84377,/home/florianr/MG_Farm/1_Scripts/DL_Models/LFP_SOC_SOH_Model/4_simulation_environment/campaigns/jes2_hecm_lookup_current_offset_20260901/runs/resistance_minus_10pct/C25/C25_mid_life/current_offset_neg_50mA/summary.json,/home/florianr/MG_Farm/1_Scripts/DL_Models/LFP_SOC_SOH_Model/4_simulation_environment/campaigns/jes2_hecm_full_lookup_sensitivity_20260901/runs/resistance_minus_10pct/C25/C25_mid_life/baseline/seed_42/summary.json
resistance_minus_10pct,Resistance -10%,C25,C25_mid_life,current_offset_pos_50mA,0.05,0.1318957835102619,0.0507153370907182,0.0811804464195437,2023,84377,/home/florianr/MG_Farm/1_Scripts/DL_Models/LFP_SOC_SOH_Model/4_simulation_environment/campaigns/jes2_hecm_lookup_current_offset_20260901/runs/resistance_minus_10pct/C25/C25_mid_life/current_offset_pos_50mA/summary.json,/home/florianr/MG_Farm/1_Scripts/DL_Models/LFP_SOC_SOH_Model/4_simulation_environment/campaigns/jes2_hecm_full_lookup_sensitivity_20260901/runs/resistance_minus_10pct/C25/C25_mid_life/baseline/seed_42/summary.json
resistance_minus_10pct,Resistance -10%,C25,C25_aged,current_offset_neg_50mA,-0.05,0.1339570559567464,0.07988603320255877,0.054071022754187625,2023,84377,/home/florianr/MG_Farm/1_Scripts/DL_Models/LFP_SOC_SOH_Model/4_simulation_environment/campaigns/jes2_hecm_lookup_current_offset_20260901/runs/resistance_minus_10pct/C25/C25_aged/current_offset_neg_50mA/summary.json,/home/florianr/MG_Farm/1_Scripts/DL_Models/LFP_SOC_SOH_Model/4_simulation_environment/campaigns/jes2_hecm_full_lookup_sensitivity_20260901/runs/resistance_minus_10pct/C25/C25_aged/baseline/seed_42/summary.json
resistance_minus_10pct,Resistance -10%,C25,C25_aged,current_offset_pos_50mA,0.05,0.1829919466854046,0.07988603320255877,0.10310591348284584,2023,84377,/home/florianr/MG_Farm/1_Scripts/DL_Models/LFP_SOC_SOH_Model/4_simulation_environment/campaigns/jes2_hecm_lookup_current_offset_20260901/runs/resistance_minus_10pct/C25/C25_aged/current_offset_pos_50mA/summary.json,/home/florianr/MG_Farm/1_Scripts/DL_Models/LFP_SOC_SOH_Model/4_simulation_environment/campaigns/jes2_hecm_full_lookup_sensitivity_20260901/runs/resistance_minus_10pct/C25/C25_aged/baseline/seed_42/summary.json
resistance_minus_10pct,Resistance -10%,C27,C27_fresh,current_offset_neg_50mA,-0.05,0.2798730293518185,0.0241238636319358,0.2557491657198827,2023,84377,/home/florianr/MG_Farm/1_Scripts/DL_Models/LFP_SOC_SOH_Model/4_simulation_environment/campaigns/jes2_hecm_lookup_current_offset_20260901/runs/resistance_minus_10pct/C27/C27_fresh/current_offset_neg_50mA/summary.json,/home/florianr/MG_Farm/1_Scripts/DL_Models/LFP_SOC_SOH_Model/4_simulation_environment/campaigns/jes2_hecm_full_lookup_sensitivity_20260901/runs/resistance_minus_10pct/C27/C27_fresh/baseline/seed_42/summary.json
resistance_minus_10pct,Resistance -10%,C27,C27_fresh,current_offset_pos_50mA,0.05,0.03359159404695921,0.0241238636319358,0.009467730415023409,2023,84377,/home/florianr/MG_Farm/1_Scripts/DL_Models/LFP_SOC_SOH_Model/4_simulation_environment/campaigns/jes2_hecm_lookup_current_offset_20260901/runs/resistance_minus_10pct/C27/C27_fresh/current_offset_pos_50mA/summary.json,/home/florianr/MG_Farm/1_Scripts/DL_Models/LFP_SOC_SOH_Model/4_simulation_environment/campaigns/jes2_hecm_full_lookup_sensitivity_20260901/runs/resistance_minus_10pct/C27/C27_fresh/baseline/seed_42/summary.json
resistance_minus_10pct,Resistance -10%,C29,C29_fresh,current_offset_neg_50mA,-0.05,0.2544552900945838,0.00883970936428972,0.24561558073029408,2023,84377,/home/florianr/MG_Farm/1_Scripts/DL_Models/LFP_SOC_SOH_Model/4_simulation_environment/campaigns/jes2_hecm_lookup_current_offset_20260901/runs/resistance_minus_10pct/C29/C29_fresh/current_offset_neg_50mA/summary.json,/home/florianr/MG_Farm/1_Scripts/DL_Models/LFP_SOC_SOH_Model/4_simulation_environment/campaigns/jes2_hecm_full_lookup_sensitivity_20260901/runs/resistance_minus_10pct/C29/C29_fresh/baseline/seed_42/summary.json
resistance_minus_10pct,Resistance -10%,C29,C29_fresh,current_offset_pos_50mA,0.05,0.03046457056401249,0.00883970936428972,0.02162486119972277,2023,84377,/home/florianr/MG_Farm/1_Scripts/DL_Models/LFP_SOC_SOH_Model/4_simulation_environment/campaigns/jes2_hecm_lookup_current_offset_20260901/runs/resistance_minus_10pct/C29/C29_fresh/current_offset_pos_50mA/summary.json,/home/florianr/MG_Farm/1_Scripts/DL_Models/LFP_SOC_SOH_Model/4_simulation_environment/campaigns/jes2_hecm_full_lookup_sensitivity_20260901/runs/resistance_minus_10pct/C29/C29_fresh/baseline/seed_42/summary.json
resistance_minus_10pct,Resistance -10%,C29,C29_mid_life,current_offset_neg_50mA,-0.05,0.19496882441690416,0.02753879406314373,0.16743003035376042,2023,84377,/home/florianr/MG_Farm/1_Scripts/DL_Models/LFP_SOC_SOH_Model/4_simulation_environment/campaigns/jes2_hecm_lookup_current_offset_20260901/runs/resistance_minus_10pct/C29/C29_mid_life/current_offset_neg_50mA/summary.json,/home/florianr/MG_Farm/1_Scripts/DL_Models/LFP_SOC_SOH_Model/4_simulation_environment/campaigns/jes2_hecm_full_lookup_sensitivity_20260901/runs/resistance_minus_10pct/C29/C29_mid_life/baseline/seed_42/summary.json
resistance_minus_10pct,Resistance -10%,C29,C29_mid_life,current_offset_pos_50mA,0.05,0.13355241526972295,0.02753879406314373,0.10601362120657921,2023,84377,/home/florianr/MG_Farm/1_Scripts/DL_Models/LFP_SOC_SOH_Model/4_simulation_environment/campaigns/jes2_hecm_lookup_current_offset_20260901/runs/resistance_minus_10pct/C29/C29_mid_life/current_offset_pos_50mA/summary.json,/home/florianr/MG_Farm/1_Scripts/DL_Models/LFP_SOC_SOH_Model/4_simulation_environment/campaigns/jes2_hecm_full_lookup_sensitivity_20260901/runs/resistance_minus_10pct/C29/C29_mid_life/baseline/seed_42/summary.json
resistance_minus_10pct,Resistance -10%,C29,C29_aged,current_offset_neg_50mA,-0.05,0.2003346784286273,0.0436375379441135,0.15669714048451377,2023,84377,/home/florianr/MG_Farm/1_Scripts/DL_Models/LFP_SOC_SOH_Model/4_simulation_environment/campaigns/jes2_hecm_lookup_current_offset_20260901/runs/resistance_minus_10pct/C29/C29_aged/current_offset_neg_50mA/summary.json,/home/florianr/MG_Farm/1_Scripts/DL_Models/LFP_SOC_SOH_Model/4_simulation_environment/campaigns/jes2_hecm_full_lookup_sensitivity_20260901/runs/resistance_minus_10pct/C29/C29_aged/baseline/seed_42/summary.json
resistance_minus_10pct,Resistance -10%,C29,C29_aged,current_offset_pos_50mA,0.05,0.18124948700872945,0.0436375379441135,0.13761194906461593,2023,84377,/home/florianr/MG_Farm/1_Scripts/DL_Models/LFP_SOC_SOH_Model/4_simulation_environment/campaigns/jes2_hecm_lookup_current_offset_20260901/runs/resistance_minus_10pct/C29/C29_aged/current_offset_pos_50mA/summary.json,/home/florianr/MG_Farm/1_Scripts/DL_Models/LFP_SOC_SOH_Model/4_simulation_environment/campaigns/jes2_hecm_full_lookup_sensitivity_20260901/runs/resistance_minus_10pct/C29/C29_aged/baseline/seed_42/summary.json
resistance_plus_10pct,Resistance +10%,C09,C09_fresh,current_offset_neg_50mA,-0.05,0.2774500227264663,0.006479720104724884,0.27097030262174143,2023,84377,/home/florianr/MG_Farm/1_Scripts/DL_Models/LFP_SOC_SOH_Model/4_simulation_environment/campaigns/jes2_hecm_lookup_current_offset_20260901/runs/resistance_plus_10pct/C09/C09_fresh/current_offset_neg_50mA/summary.json,/home/florianr/MG_Farm/1_Scripts/DL_Models/LFP_SOC_SOH_Model/4_simulation_environment/campaigns/jes2_hecm_full_lookup_sensitivity_20260901/runs/resistance_plus_10pct/C09/C09_fresh/baseline/seed_42/summary.json
resistance_plus_10pct,Resistance +10%,C09,C09_fresh,current_offset_pos_50mA,0.05,0.043904746548587975,0.006479720104724884,0.03742502644386309,2023,84377,/home/florianr/MG_Farm/1_Scripts/DL_Models/LFP_SOC_SOH_Model/4_simulation_environment/campaigns/jes2_hecm_lookup_current_offset_20260901/runs/resistance_plus_10pct/C09/C09_fresh/current_offset_pos_50mA/summary.json,/home/florianr/MG_Farm/1_Scripts/DL_Models/LFP_SOC_SOH_Model/4_simulation_environment/campaigns/jes2_hecm_full_lookup_sensitivity_20260901/runs/resistance_plus_10pct/C09/C09_fresh/baseline/seed_42/summary.json
resistance_plus_10pct,Resistance +10%,C09,C09_mid_life,current_offset_neg_50mA,-0.05,0.16171727174612718,0.020923079527488807,0.14079419221863837,2023,84377,/home/florianr/MG_Farm/1_Scripts/DL_Models/LFP_SOC_SOH_Model/4_simulation_environment/campaigns/jes2_hecm_lookup_current_offset_20260901/runs/resistance_plus_10pct/C09/C09_mid_life/current_offset_neg_50mA/summary.json,/home/florianr/MG_Farm/1_Scripts/DL_Models/LFP_SOC_SOH_Model/4_simulation_environment/campaigns/jes2_hecm_full_lookup_sensitivity_20260901/runs/resistance_plus_10pct/C09/C09_mid_life/baseline/seed_42/summary.json
resistance_plus_10pct,Resistance +10%,C09,C09_mid_life,current_offset_pos_50mA,0.05,0.11498256112188801,0.020923079527488807,0.0940594815943992,2023,84377,/home/florianr/MG_Farm/1_Scripts/DL_Models/LFP_SOC_SOH_Model/4_simulation_environment/campaigns/jes2_hecm_lookup_current_offset_20260901/runs/resistance_plus_10pct/C09/C09_mid_life/current_offset_pos_50mA/summary.json,/home/florianr/MG_Farm/1_Scripts/DL_Models/LFP_SOC_SOH_Model/4_simulation_environment/campaigns/jes2_hecm_full_lookup_sensitivity_20260901/runs/resistance_plus_10pct/C09/C09_mid_life/baseline/seed_42/summary.json
resistance_plus_10pct,Resistance +10%,C09,C09_aged,current_offset_neg_50mA,-0.05,0.2415927853591404,0.06752388615080998,0.1740688992083304,2023,84377,/home/florianr/MG_Farm/1_Scripts/DL_Models/LFP_SOC_SOH_Model/4_simulation_environment/campaigns/jes2_hecm_lookup_current_offset_20260901/runs/resistance_plus_10pct/C09/C09_aged/current_offset_neg_50mA/summary.json,/home/florianr/MG_Farm/1_Scripts/DL_Models/LFP_SOC_SOH_Model/4_simulation_environment/campaigns/jes2_hecm_full_lookup_sensitivity_20260901/runs/resistance_plus_10pct/C09/C09_aged/baseline/seed_42/summary.json
resistance_plus_10pct,Resistance +10%,C09,C09_aged,current_offset_pos_50mA,0.05,0.14420652927827735,0.06752388615080998,0.07668264312746736,2023,84377,/home/florianr/MG_Farm/1_Scripts/DL_Models/LFP_SOC_SOH_Model/4_simulation_environment/campaigns/jes2_hecm_lookup_current_offset_20260901/runs/resistance_plus_10pct/C09/C09_aged/current_offset_pos_50mA/summary.json,/home/florianr/MG_Farm/1_Scripts/DL_Models/LFP_SOC_SOH_Model/4_simulation_environment/campaigns/jes2_hecm_full_lookup_sensitivity_20260901/runs/resistance_plus_10pct/C09/C09_aged/baseline/seed_42/summary.json
resistance_plus_10pct,Resistance +10%,C13,C13_fresh,current_offset_neg_50mA,-0.05,0.2707569096118009,0.007628770941332438,0.2631281386704684,2023,84377,/home/florianr/MG_Farm/1_Scripts/DL_Models/LFP_SOC_SOH_Model/4_simulation_environment/campaigns/jes2_hecm_lookup_current_offset_20260901/runs/resistance_plus_10pct/C13/C13_fresh/current_offset_neg_50mA/summary.json,/home/florianr/MG_Farm/1_Scripts/DL_Models/LFP_SOC_SOH_Model/4_simulation_environment/campaigns/jes2_hecm_full_lookup_sensitivity_20260901/runs/resistance_plus_10pct/C13/C13_fresh/baseline/seed_42/summary.json
resistance_plus_10pct,Resistance +10%,C13,C13_fresh,current_offset_pos_50mA,0.05,0.03666904503398791,0.007628770941332438,0.029040274092655468,2023,84377,/home/florianr/MG_Farm/1_Scripts/DL_Models/LFP_SOC_SOH_Model/4_simulation_environment/campaigns/jes2_hecm_lookup_current_offset_20260901/runs/resistance_plus_10pct/C13/C13_fresh/current_offset_pos_50mA/summary.json,/home/florianr/MG_Farm/1_Scripts/DL_Models/LFP_SOC_SOH_Model/4_simulation_environment/campaigns/jes2_hecm_full_lookup_sensitivity_20260901/runs/resistance_plus_10pct/C13/C13_fresh/baseline/seed_42/summary.json
resistance_plus_10pct,Resistance +10%,C13,C13_mid_life,current_offset_neg_50mA,-0.05,0.2682010770507489,0.021563775299601698,0.24663730175114723,2023,84377,/home/florianr/MG_Farm/1_Scripts/DL_Models/LFP_SOC_SOH_Model/4_simulation_environment/campaigns/jes2_hecm_lookup_current_offset_20260901/runs/resistance_plus_10pct/C13/C13_mid_life/current_offset_neg_50mA/summary.json,/home/florianr/MG_Farm/1_Scripts/DL_Models/LFP_SOC_SOH_Model/4_simulation_environment/campaigns/jes2_hecm_full_lookup_sensitivity_20260901/runs/resistance_plus_10pct/C13/C13_mid_life/baseline/seed_42/summary.json
resistance_plus_10pct,Resistance +10%,C13,C13_mid_life,current_offset_pos_50mA,0.05,0.12510162190982024,0.021563775299601698,0.10353784661021855,2023,84377,/home/florianr/MG_Farm/1_Scripts/DL_Models/LFP_SOC_SOH_Model/4_simulation_environment/campaigns/jes2_hecm_lookup_current_offset_20260901/runs/resistance_plus_10pct/C13/C13_mid_life/current_offset_pos_50mA/summary.json,/home/florianr/MG_Farm/1_Scripts/DL_Models/LFP_SOC_SOH_Model/4_simulation_environment/campaigns/jes2_hecm_full_lookup_sensitivity_20260901/runs/resistance_plus_10pct/C13/C13_mid_life/baseline/seed_42/summary.json
resistance_plus_10pct,Resistance +10%,C13,C13_aged,current_offset_neg_50mA,-0.05,0.13408948837460716,0.054424376010699334,0.07966511236390783,2023,84377,/home/florianr/MG_Farm/1_Scripts/DL_Models/LFP_SOC_SOH_Model/4_simulation_environment/campaigns/jes2_hecm_lookup_current_offset_20260901/runs/resistance_plus_10pct/C13/C13_aged/current_offset_neg_50mA/summary.json,/home/florianr/MG_Farm/1_Scripts/DL_Models/LFP_SOC_SOH_Model/4_simulation_environment/campaigns/jes2_hecm_full_lookup_sensitivity_20260901/runs/resistance_plus_10pct/C13/C13_aged/baseline/seed_42/summary.json
resistance_plus_10pct,Resistance +10%,C13,C13_aged,current_offset_pos_50mA,0.05,0.24123518285597736,0.054424376010699334,0.18681080684527804,2023,84377,/home/florianr/MG_Farm/1_Scripts/DL_Models/LFP_SOC_SOH_Model/4_simulation_environment/campaigns/jes2_hecm_lookup_current_offset_20260901/runs/resistance_plus_10pct/C13/C13_aged/current_offset_pos_50mA/summary.json,/home/florianr/MG_Farm/1_Scripts/DL_Models/LFP_SOC_SOH_Model/4_simulation_environment/campaigns/jes2_hecm_full_lookup_sensitivity_20260901/runs/resistance_plus_10pct/C13/C13_aged/baseline/seed_42/summary.json
resistance_plus_10pct,Resistance +10%,C15,C15_fresh,current_offset_neg_50mA,-0.05,0.19371749065211702,0.022570646687704424,0.1711468439644126,2023,84377,/home/florianr/MG_Farm/1_Scripts/DL_Models/LFP_SOC_SOH_Model/4_simulation_environment/campaigns/jes2_hecm_lookup_current_offset_20260901/runs/resistance_plus_10pct/C15/C15_fresh/current_offset_neg_50mA/summary.json,/home/florianr/MG_Farm/1_Scripts/DL_Models/LFP_SOC_SOH_Model/4_simulation_environment/campaigns/jes2_hecm_full_lookup_sensitivity_20260901/runs/resistance_plus_10pct/C15/C15_fresh/baseline/seed_42/summary.json
resistance_plus_10pct,Resistance +10%,C15,C15_fresh,current_offset_pos_50mA,0.05,0.07411772542252816,0.022570646687704424,0.05154707873482374,2023,84377,/home/florianr/MG_Farm/1_Scripts/DL_Models/LFP_SOC_SOH_Model/4_simulation_environment/campaigns/jes2_hecm_lookup_current_offset_20260901/runs/resistance_plus_10pct/C15/C15_fresh/current_offset_pos_50mA/summary.json,/home/florianr/MG_Farm/1_Scripts/DL_Models/LFP_SOC_SOH_Model/4_simulation_environment/campaigns/jes2_hecm_full_lookup_sensitivity_20260901/runs/resistance_plus_10pct/C15/C15_fresh/baseline/seed_42/summary.json
resistance_plus_10pct,Resistance +10%,C15,C15_mid_life,current_offset_neg_50mA,-0.05,0.10405309907755096,0.032219358068681606,0.07183374100886936,2023,84377,/home/florianr/MG_Farm/1_Scripts/DL_Models/LFP_SOC_SOH_Model/4_simulation_environment/campaigns/jes2_hecm_lookup_current_offset_20260901/runs/resistance_plus_10pct/C15/C15_mid_life/current_offset_neg_50mA/summary.json,/home/florianr/MG_Farm/1_Scripts/DL_Models/LFP_SOC_SOH_Model/4_simulation_environment/campaigns/jes2_hecm_full_lookup_sensitivity_20260901/runs/resistance_plus_10pct/C15/C15_mid_life/baseline/seed_42/summary.json
resistance_plus_10pct,Resistance +10%,C15,C15_mid_life,current_offset_pos_50mA,0.05,0.15063673869742325,0.032219358068681606,0.11841738062874164,2023,84377,/home/florianr/MG_Farm/1_Scripts/DL_Models/LFP_SOC_SOH_Model/4_simulation_environment/campaigns/jes2_hecm_lookup_current_offset_20260901/runs/resistance_plus_10pct/C15/C15_mid_life/current_offset_pos_50mA/summary.json,/home/florianr/MG_Farm/1_Scripts/DL_Models/LFP_SOC_SOH_Model/4_simulation_environment/campaigns/jes2_hecm_full_lookup_sensitivity_20260901/runs/resistance_plus_10pct/C15/C15_mid_life/baseline/seed_42/summary.json
resistance_plus_10pct,Resistance +10%,C15,C15_aged,current_offset_neg_50mA,-0.05,0.13093760534937052,0.10384848456134722,0.027089120788023294,2023,84377,/home/florianr/MG_Farm/1_Scripts/DL_Models/LFP_SOC_SOH_Model/4_simulation_environment/campaigns/jes2_hecm_lookup_current_offset_20260901/runs/resistance_plus_10pct/C15/C15_aged/current_offset_neg_50mA/summary.json,/home/florianr/MG_Farm/1_Scripts/DL_Models/LFP_SOC_SOH_Model/4_simulation_environment/campaigns/jes2_hecm_full_lookup_sensitivity_20260901/runs/resistance_plus_10pct/C15/C15_aged/baseline/seed_42/summary.json
resistance_plus_10pct,Resistance +10%,C15,C15_aged,current_offset_pos_50mA,0.05,0.2077399014859034,0.10384848456134722,0.10389141692455618,2023,84377,/home/florianr/MG_Farm/1_Scripts/DL_Models/LFP_SOC_SOH_Model/4_simulation_environment/campaigns/jes2_hecm_lookup_current_offset_20260901/runs/resistance_plus_10pct/C15/C15_aged/current_offset_pos_50mA/summary.json,/home/florianr/MG_Farm/1_Scripts/DL_Models/LFP_SOC_SOH_Model/4_simulation_environment/campaigns/jes2_hecm_full_lookup_sensitivity_20260901/runs/resistance_plus_10pct/C15/C15_aged/baseline/seed_42/summary.json
resistance_plus_10pct,Resistance +10%,C25,C25_fresh,current_offset_neg_50mA,-0.05,0.21652121787264847,0.009317268588790282,0.20720394928385819,2023,84377,/home/florianr/MG_Farm/1_Scripts/DL_Models/LFP_SOC_SOH_Model/4_simulation_environment/campaigns/jes2_hecm_lookup_current_offset_20260901/runs/resistance_plus_10pct/C25/C25_fresh/current_offset_neg_50mA/summary.json,/home/florianr/MG_Farm/1_Scripts/DL_Models/LFP_SOC_SOH_Model/4_simulation_environment/campaigns/jes2_hecm_full_lookup_sensitivity_20260901/runs/resistance_plus_10pct/C25/C25_fresh/baseline/seed_42/summary.json
resistance_plus_10pct,Resistance +10%,C25,C25_fresh,current_offset_pos_50mA,0.05,0.032112811334128716,0.009317268588790282,0.022795542745338432,2023,84377,/home/florianr/MG_Farm/1_Scripts/DL_Models/LFP_SOC_SOH_Model/4_simulation_environment/campaigns/jes2_hecm_lookup_current_offset_20260901/runs/resistance_plus_10pct/C25/C25_fresh/current_offset_pos_50mA/summary.json,/home/florianr/MG_Farm/1_Scripts/DL_Models/LFP_SOC_SOH_Model/4_simulation_environment/campaigns/jes2_hecm_full_lookup_sensitivity_20260901/runs/resistance_plus_10pct/C25/C25_fresh/baseline/seed_42/summary.json
resistance_plus_10pct,Resistance +10%,C25,C25_mid_life,current_offset_neg_50mA,-0.05,0.18502287447211302,0.048910998103785276,0.13611187636832775,2023,84377,/home/florianr/MG_Farm/1_Scripts/DL_Models/LFP_SOC_SOH_Model/4_simulation_environment/campaigns/jes2_hecm_lookup_current_offset_20260901/runs/resistance_plus_10pct/C25/C25_mid_life/current_offset_neg_50mA/summary.json,/home/florianr/MG_Farm/1_Scripts/DL_Models/LFP_SOC_SOH_Model/4_simulation_environment/campaigns/jes2_hecm_full_lookup_sensitivity_20260901/runs/resistance_plus_10pct/C25/C25_mid_life/baseline/seed_42/summary.json
resistance_plus_10pct,Resistance +10%,C25,C25_mid_life,current_offset_pos_50mA,0.05,0.1330792599141487,0.048910998103785276,0.08416826181036344,2023,84377,/home/florianr/MG_Farm/1_Scripts/DL_Models/LFP_SOC_SOH_Model/4_simulation_environment/campaigns/jes2_hecm_lookup_current_offset_20260901/runs/resistance_plus_10pct/C25/C25_mid_life/current_offset_pos_50mA/summary.json,/home/florianr/MG_Farm/1_Scripts/DL_Models/LFP_SOC_SOH_Model/4_simulation_environment/campaigns/jes2_hecm_full_lookup_sensitivity_20260901/runs/resistance_plus_10pct/C25/C25_mid_life/baseline/seed_42/summary.json
resistance_plus_10pct,Resistance +10%,C25,C25_aged,current_offset_neg_50mA,-0.05,0.13386454531842723,0.07923649525919894,0.054628050059228286,2023,84377,/home/florianr/MG_Farm/1_Scripts/DL_Models/LFP_SOC_SOH_Model/4_simulation_environment/campaigns/jes2_hecm_lookup_current_offset_20260901/runs/resistance_plus_10pct/C25/C25_aged/current_offset_neg_50mA/summary.json,/home/florianr/MG_Farm/1_Scripts/DL_Models/LFP_SOC_SOH_Model/4_simulation_environment/campaigns/jes2_hecm_full_lookup_sensitivity_20260901/runs/resistance_plus_10pct/C25/C25_aged/baseline/seed_42/summary.json
resistance_plus_10pct,Resistance +10%,C25,C25_aged,current_offset_pos_50mA,0.05,0.1843244411320143,0.07923649525919894,0.10508794587281535,2023,84377,/home/florianr/MG_Farm/1_Scripts/DL_Models/LFP_SOC_SOH_Model/4_simulation_environment/campaigns/jes2_hecm_lookup_current_offset_20260901/runs/resistance_plus_10pct/C25/C25_aged/current_offset_pos_50mA/summary.json,/home/florianr/MG_Farm/1_Scripts/DL_Models/LFP_SOC_SOH_Model/4_simulation_environment/campaigns/jes2_hecm_full_lookup_sensitivity_20260901/runs/resistance_plus_10pct/C25/C25_aged/baseline/seed_42/summary.json
resistance_plus_10pct,Resistance +10%,C27,C27_fresh,current_offset_neg_50mA,-0.05,0.25737039822970453,0.01186043048660362,0.2455099677431009,2023,84377,/home/florianr/MG_Farm/1_Scripts/DL_Models/LFP_SOC_SOH_Model/4_simulation_environment/campaigns/jes2_hecm_lookup_current_offset_20260901/runs/resistance_plus_10pct/C27/C27_fresh/current_offset_neg_50mA/summary.json,/home/florianr/MG_Farm/1_Scripts/DL_Models/LFP_SOC_SOH_Model/4_simulation_environment/campaigns/jes2_hecm_full_lookup_sensitivity_20260901/runs/resistance_plus_10pct/C27/C27_fresh/baseline/seed_42/summary.json
resistance_plus_10pct,Resistance +10%,C27,C27_fresh,current_offset_pos_50mA,0.05,0.03580012101838547,0.01186043048660362,0.02393969053178185,2023,84377,/home/florianr/MG_Farm/1_Scripts/DL_Models/LFP_SOC_SOH_Model/4_simulation_environment/campaigns/jes2_hecm_lookup_current_offset_20260901/runs/resistance_plus_10pct/C27/C27_fresh/current_offset_pos_50mA/summary.json,/home/florianr/MG_Farm/1_Scripts/DL_Models/LFP_SOC_SOH_Model/4_simulation_environment/campaigns/jes2_hecm_full_lookup_sensitivity_20260901/runs/resistance_plus_10pct/C27/C27_fresh/baseline/seed_42/summary.json
resistance_plus_10pct,Resistance +10%,C29,C29_fresh,current_offset_neg_50mA,-0.05,0.2537213094011566,0.007193956908187456,0.24652735249296917,2023,84377,/home/florianr/MG_Farm/1_Scripts/DL_Models/LFP_SOC_SOH_Model/4_simulation_environment/campaigns/jes2_hecm_lookup_current_offset_20260901/runs/resistance_plus_10pct/C29/C29_fresh/current_offset_neg_50mA/summary.json,/home/florianr/MG_Farm/1_Scripts/DL_Models/LFP_SOC_SOH_Model/4_simulation_environment/campaigns/jes2_hecm_full_lookup_sensitivity_20260901/runs/resistance_plus_10pct/C29/C29_fresh/baseline/seed_42/summary.json
resistance_plus_10pct,Resistance +10%,C29,C29_fresh,current_offset_pos_50mA,0.05,0.03127751212138704,0.007193956908187456,0.024083555213199583,2023,84377,/home/florianr/MG_Farm/1_Scripts/DL_Models/LFP_SOC_SOH_Model/4_simulation_environment/campaigns/jes2_hecm_lookup_current_offset_20260901/runs/resistance_plus_10pct/C29/C29_fresh/current_offset_pos_50mA/summary.json,/home/florianr/MG_Farm/1_Scripts/DL_Models/LFP_SOC_SOH_Model/4_simulation_environment/campaigns/jes2_hecm_full_lookup_sensitivity_20260901/runs/resistance_plus_10pct/C29/C29_fresh/baseline/seed_42/summary.json
resistance_plus_10pct,Resistance +10%,C29,C29_mid_life,current_offset_neg_50mA,-0.05,0.19592431752828246,0.025119827526952083,0.17080449000133038,2023,84377,/home/florianr/MG_Farm/1_Scripts/DL_Models/LFP_SOC_SOH_Model/4_simulation_environment/campaigns/jes2_hecm_lookup_current_offset_20260901/runs/resistance_plus_10pct/C29/C29_mid_life/current_offset_neg_50mA/summary.json,/home/florianr/MG_Farm/1_Scripts/DL_Models/LFP_SOC_SOH_Model/4_simulation_environment/campaigns/jes2_hecm_full_lookup_sensitivity_20260901/runs/resistance_plus_10pct/C29/C29_mid_life/baseline/seed_42/summary.json
resistance_plus_10pct,Resistance +10%,C29,C29_mid_life,current_offset_pos_50mA,0.05,0.13182753177945503,0.025119827526952083,0.10670770425250295,2023,84377,/home/florianr/MG_Farm/1_Scripts/DL_Models/LFP_SOC_SOH_Model/4_simulation_environment/campaigns/jes2_hecm_lookup_current_offset_20260901/runs/resistance_plus_10pct/C29/C29_mid_life/current_offset_pos_50mA/summary.json,/home/florianr/MG_Farm/1_Scripts/DL_Models/LFP_SOC_SOH_Model/4_simulation_environment/campaigns/jes2_hecm_full_lookup_sensitivity_20260901/runs/resistance_plus_10pct/C29/C29_mid_life/baseline/seed_42/summary.json
resistance_plus_10pct,Resistance +10%,C29,C29_aged,current_offset_neg_50mA,-0.05,0.2018840403606908,0.04544016898996565,0.15644387137072516,2023,84377,/home/florianr/MG_Farm/1_Scripts/DL_Models/LFP_SOC_SOH_Model/4_simulation_environment/campaigns/jes2_hecm_lookup_current_offset_20260901/runs/resistance_plus_10pct/C29/C29_aged/current_offset_neg_50mA/summary.json,/home/florianr/MG_Farm/1_Scripts/DL_Models/LFP_SOC_SOH_Model/4_simulation_environment/campaigns/jes2_hecm_full_lookup_sensitivity_20260901/runs/resistance_plus_10pct/C29/C29_aged/baseline/seed_42/summary.json
resistance_plus_10pct,Resistance +10%,C29,C29_aged,current_offset_pos_50mA,0.05,0.18238421780614023,0.04544016898996565,0.13694404881617459,2023,84377,/home/florianr/MG_Farm/1_Scripts/DL_Models/LFP_SOC_SOH_Model/4_simulation_environment/campaigns/jes2_hecm_lookup_current_offset_20260901/runs/resistance_plus_10pct/C29/C29_aged/current_offset_pos_50mA/summary.json,/home/florianr/MG_Farm/1_Scripts/DL_Models/LFP_SOC_SOH_Model/4_simulation_environment/campaigns/jes2_hecm_full_lookup_sensitivity_20260901/runs/resistance_plus_10pct/C29/C29_aged/baseline/seed_42/summary.json
tau_minus_10pct,Time constants -10%,C09,C09_fresh,current_offset_neg_50mA,-0.05,0.2763974408647113,0.005704595867383966,0.2706928449973273,2023,84377,/home/florianr/MG_Farm/1_Scripts/DL_Models/LFP_SOC_SOH_Model/4_simulation_environment/campaigns/jes2_hecm_lookup_current_offset_20260901/runs/tau_minus_10pct/C09/C09_fresh/current_offset_neg_50mA/summary.json,/home/florianr/MG_Farm/1_Scripts/DL_Models/LFP_SOC_SOH_Model/4_simulation_environment/campaigns/jes2_hecm_full_lookup_sensitivity_20260901/runs/tau_minus_10pct/C09/C09_fresh/baseline/seed_42/summary.json
tau_minus_10pct,Time constants -10%,C09,C09_fresh,current_offset_pos_50mA,0.05,0.0437030852880604,0.005704595867383966,0.037998489420676435,2023,84377,/home/florianr/MG_Farm/1_Scripts/DL_Models/LFP_SOC_SOH_Model/4_simulation_environment/campaigns/jes2_hecm_lookup_current_offset_20260901/runs/tau_minus_10pct/C09/C09_fresh/current_offset_pos_50mA/summary.json,/home/florianr/MG_Farm/1_Scripts/DL_Models/LFP_SOC_SOH_Model/4_simulation_environment/campaigns/jes2_hecm_full_lookup_sensitivity_20260901/runs/tau_minus_10pct/C09/C09_fresh/baseline/seed_42/summary.json
tau_minus_10pct,Time constants -10%,C09,C09_mid_life,current_offset_neg_50mA,-0.05,0.15659256109917932,0.021045464868298454,0.13554709623088088,2023,84377,/home/florianr/MG_Farm/1_Scripts/DL_Models/LFP_SOC_SOH_Model/4_simulation_environment/campaigns/jes2_hecm_lookup_current_offset_20260901/runs/tau_minus_10pct/C09/C09_mid_life/current_offset_neg_50mA/summary.json,/home/florianr/MG_Farm/1_Scripts/DL_Models/LFP_SOC_SOH_Model/4_simulation_environment/campaigns/jes2_hecm_full_lookup_sensitivity_20260901/runs/tau_minus_10pct/C09/C09_mid_life/baseline/seed_42/summary.json
tau_minus_10pct,Time constants -10%,C09,C09_mid_life,current_offset_pos_50mA,0.05,0.11350614364154935,0.021045464868298454,0.0924606787732509,2023,84377,/home/florianr/MG_Farm/1_Scripts/DL_Models/LFP_SOC_SOH_Model/4_simulation_environment/campaigns/jes2_hecm_lookup_current_offset_20260901/runs/tau_minus_10pct/C09/C09_mid_life/current_offset_pos_50mA/summary.json,/home/florianr/MG_Farm/1_Scripts/DL_Models/LFP_SOC_SOH_Model/4_simulation_environment/campaigns/jes2_hecm_full_lookup_sensitivity_20260901/runs/tau_minus_10pct/C09/C09_mid_life/baseline/seed_42/summary.json
tau_minus_10pct,Time constants -10%,C09,C09_aged,current_offset_neg_50mA,-0.05,0.239932325656167,0.06867053330668163,0.17126179234948538,2023,84377,/home/florianr/MG_Farm/1_Scripts/DL_Models/LFP_SOC_SOH_Model/4_simulation_environment/campaigns/jes2_hecm_lookup_current_offset_20260901/runs/tau_minus_10pct/C09/C09_aged/current_offset_neg_50mA/summary.json,/home/florianr/MG_Farm/1_Scripts/DL_Models/LFP_SOC_SOH_Model/4_simulation_environment/campaigns/jes2_hecm_full_lookup_sensitivity_20260901/runs/tau_minus_10pct/C09/C09_aged/baseline/seed_42/summary.json
tau_minus_10pct,Time constants -10%,C09,C09_aged,current_offset_pos_50mA,0.05,0.14363751936487437,0.06867053330668163,0.07496698605819274,2023,84377,/home/florianr/MG_Farm/1_Scripts/DL_Models/LFP_SOC_SOH_Model/4_simulation_environment/campaigns/jes2_hecm_lookup_current_offset_20260901/runs/tau_minus_10pct/C09/C09_aged/current_offset_pos_50mA/summary.json,/home/florianr/MG_Farm/1_Scripts/DL_Models/LFP_SOC_SOH_Model/4_simulation_environment/campaigns/jes2_hecm_full_lookup_sensitivity_20260901/runs/tau_minus_10pct/C09/C09_aged/baseline/seed_42/summary.json
tau_minus_10pct,Time constants -10%,C13,C13_fresh,current_offset_neg_50mA,-0.05,0.2665901040690436,0.00783238937165794,0.2587577146973857,2023,84377,/home/florianr/MG_Farm/1_Scripts/DL_Models/LFP_SOC_SOH_Model/4_simulation_environment/campaigns/jes2_hecm_lookup_current_offset_20260901/runs/tau_minus_10pct/C13/C13_fresh/current_offset_neg_50mA/summary.json,/home/florianr/MG_Farm/1_Scripts/DL_Models/LFP_SOC_SOH_Model/4_simulation_environment/campaigns/jes2_hecm_full_lookup_sensitivity_20260901/runs/tau_minus_10pct/C13/C13_fresh/baseline/seed_42/summary.json
tau_minus_10pct,Time constants -10%,C13,C13_fresh,current_offset_pos_50mA,0.05,0.036455591082854594,0.00783238937165794,0.028623201711196655,2023,84377,/home/florianr/MG_Farm/1_Scripts/DL_Models/LFP_SOC_SOH_Model/4_simulation_environment/campaigns/jes2_hecm_lookup_current_offset_20260901/runs/tau_minus_10pct/C13/C13_fresh/current_offset_pos_50mA/summary.json,/home/florianr/MG_Farm/1_Scripts/DL_Models/LFP_SOC_SOH_Model/4_simulation_environment/campaigns/jes2_hecm_full_lookup_sensitivity_20260901/runs/tau_minus_10pct/C13/C13_fresh/baseline/seed_42/summary.json
tau_minus_10pct,Time constants -10%,C13,C13_mid_life,current_offset_neg_50mA,-0.05,0.2686629857773327,0.023602135370959537,0.24506085040637318,2023,84377,/home/florianr/MG_Farm/1_Scripts/DL_Models/LFP_SOC_SOH_Model/4_simulation_environment/campaigns/jes2_hecm_lookup_current_offset_20260901/runs/tau_minus_10pct/C13/C13_mid_life/current_offset_neg_50mA/summary.json,/home/florianr/MG_Farm/1_Scripts/DL_Models/LFP_SOC_SOH_Model/4_simulation_environment/campaigns/jes2_hecm_full_lookup_sensitivity_20260901/runs/tau_minus_10pct/C13/C13_mid_life/baseline/seed_42/summary.json
tau_minus_10pct,Time constants -10%,C13,C13_mid_life,current_offset_pos_50mA,0.05,0.12437322156503025,0.023602135370959537,0.10077108619407071,2023,84377,/home/florianr/MG_Farm/1_Scripts/DL_Models/LFP_SOC_SOH_Model/4_simulation_environment/campaigns/jes2_hecm_lookup_current_offset_20260901/runs/tau_minus_10pct/C13/C13_mid_life/current_offset_pos_50mA/summary.json,/home/florianr/MG_Farm/1_Scripts/DL_Models/LFP_SOC_SOH_Model/4_simulation_environment/campaigns/jes2_hecm_full_lookup_sensitivity_20260901/runs/tau_minus_10pct/C13/C13_mid_life/baseline/seed_42/summary.json
tau_minus_10pct,Time constants -10%,C13,C13_aged,current_offset_neg_50mA,-0.05,0.15165345937877214,0.05830886703404797,0.09334459234472417,2023,84377,/home/florianr/MG_Farm/1_Scripts/DL_Models/LFP_SOC_SOH_Model/4_simulation_environment/campaigns/jes2_hecm_lookup_current_offset_20260901/runs/tau_minus_10pct/C13/C13_aged/current_offset_neg_50mA/summary.json,/home/florianr/MG_Farm/1_Scripts/DL_Models/LFP_SOC_SOH_Model/4_simulation_environment/campaigns/jes2_hecm_full_lookup_sensitivity_20260901/runs/tau_minus_10pct/C13/C13_aged/baseline/seed_42/summary.json
tau_minus_10pct,Time constants -10%,C13,C13_aged,current_offset_pos_50mA,0.05,0.2400667436842584,0.05830886703404797,0.18175787665021043,2023,84377,/home/florianr/MG_Farm/1_Scripts/DL_Models/LFP_SOC_SOH_Model/4_simulation_environment/campaigns/jes2_hecm_lookup_current_offset_20260901/runs/tau_minus_10pct/C13/C13_aged/current_offset_pos_50mA/summary.json,/home/florianr/MG_Farm/1_Scripts/DL_Models/LFP_SOC_SOH_Model/4_simulation_environment/campaigns/jes2_hecm_full_lookup_sensitivity_20260901/runs/tau_minus_10pct/C13/C13_aged/baseline/seed_42/summary.json
tau_minus_10pct,Time constants -10%,C15,C15_fresh,current_offset_neg_50mA,-0.05,0.19263595599854963,0.020048648606554437,0.17258730739199518,2023,84377,/home/florianr/MG_Farm/1_Scripts/DL_Models/LFP_SOC_SOH_Model/4_simulation_environment/campaigns/jes2_hecm_lookup_current_offset_20260901/runs/tau_minus_10pct/C15/C15_fresh/current_offset_neg_50mA/summary.json,/home/florianr/MG_Farm/1_Scripts/DL_Models/LFP_SOC_SOH_Model/4_simulation_environment/campaigns/jes2_hecm_full_lookup_sensitivity_20260901/runs/tau_minus_10pct/C15/C15_fresh/baseline/seed_42/summary.json
tau_minus_10pct,Time constants -10%,C15,C15_fresh,current_offset_pos_50mA,0.05,0.0737324366060597,0.020048648606554437,0.05368378799950527,2023,84377,/home/florianr/MG_Farm/1_Scripts/DL_Models/LFP_SOC_SOH_Model/4_simulation_environment/campaigns/jes2_hecm_lookup_current_offset_20260901/runs/tau_minus_10pct/C15/C15_fresh/current_offset_pos_50mA/summary.json,/home/florianr/MG_Farm/1_Scripts/DL_Models/LFP_SOC_SOH_Model/4_simulation_environment/campaigns/jes2_hecm_full_lookup_sensitivity_20260901/runs/tau_minus_10pct/C15/C15_fresh/baseline/seed_42/summary.json
tau_minus_10pct,Time constants -10%,C15,C15_mid_life,current_offset_neg_50mA,-0.05,0.10239205743551257,0.0354920138192651,0.06690004361624746,2023,84377,/home/florianr/MG_Farm/1_Scripts/DL_Models/LFP_SOC_SOH_Model/4_simulation_environment/campaigns/jes2_hecm_lookup_current_offset_20260901/runs/tau_minus_10pct/C15/C15_mid_life/current_offset_neg_50mA/summary.json,/home/florianr/MG_Farm/1_Scripts/DL_Models/LFP_SOC_SOH_Model/4_simulation_environment/campaigns/jes2_hecm_full_lookup_sensitivity_20260901/runs/tau_minus_10pct/C15/C15_mid_life/baseline/seed_42/summary.json
tau_minus_10pct,Time constants -10%,C15,C15_mid_life,current_offset_pos_50mA,0.05,0.1500443418569637,0.0354920138192651,0.11455232803769859,2023,84377,/home/florianr/MG_Farm/1_Scripts/DL_Models/LFP_SOC_SOH_Model/4_simulation_environment/campaigns/jes2_hecm_lookup_current_offset_20260901/runs/tau_minus_10pct/C15/C15_mid_life/current_offset_pos_50mA/summary.json,/home/florianr/MG_Farm/1_Scripts/DL_Models/LFP_SOC_SOH_Model/4_simulation_environment/campaigns/jes2_hecm_full_lookup_sensitivity_20260901/runs/tau_minus_10pct/C15/C15_mid_life/baseline/seed_42/summary.json
tau_minus_10pct,Time constants -10%,C15,C15_aged,current_offset_neg_50mA,-0.05,0.12795859292878173,0.10336130033344985,0.024597292595331874,2023,84377,/home/florianr/MG_Farm/1_Scripts/DL_Models/LFP_SOC_SOH_Model/4_simulation_environment/campaigns/jes2_hecm_lookup_current_offset_20260901/runs/tau_minus_10pct/C15/C15_aged/current_offset_neg_50mA/summary.json,/home/florianr/MG_Farm/1_Scripts/DL_Models/LFP_SOC_SOH_Model/4_simulation_environment/campaigns/jes2_hecm_full_lookup_sensitivity_20260901/runs/tau_minus_10pct/C15/C15_aged/baseline/seed_42/summary.json
tau_minus_10pct,Time constants -10%,C15,C15_aged,current_offset_pos_50mA,0.05,0.20691229399815605,0.10336130033344985,0.1035509936647062,2023,84377,/home/florianr/MG_Farm/1_Scripts/DL_Models/LFP_SOC_SOH_Model/4_simulation_environment/campaigns/jes2_hecm_lookup_current_offset_20260901/runs/tau_minus_10pct/C15/C15_aged/current_offset_pos_50mA/summary.json,/home/florianr/MG_Farm/1_Scripts/DL_Models/LFP_SOC_SOH_Model/4_simulation_environment/campaigns/jes2_hecm_full_lookup_sensitivity_20260901/runs/tau_minus_10pct/C15/C15_aged/baseline/seed_42/summary.json
tau_minus_10pct,Time constants -10%,C25,C25_fresh,current_offset_neg_50mA,-0.05,0.21757693235466502,0.008664940105687469,0.20891199224897755,2023,84377,/home/florianr/MG_Farm/1_Scripts/DL_Models/LFP_SOC_SOH_Model/4_simulation_environment/campaigns/jes2_hecm_lookup_current_offset_20260901/runs/tau_minus_10pct/C25/C25_fresh/current_offset_neg_50mA/summary.json,/home/florianr/MG_Farm/1_Scripts/DL_Models/LFP_SOC_SOH_Model/4_simulation_environment/campaigns/jes2_hecm_full_lookup_sensitivity_20260901/runs/tau_minus_10pct/C25/C25_fresh/baseline/seed_42/summary.json
tau_minus_10pct,Time constants -10%,C25,C25_fresh,current_offset_pos_50mA,0.05,0.031550155630728625,0.008664940105687469,0.022885215525041157,2023,84377,/home/florianr/MG_Farm/1_Scripts/DL_Models/LFP_SOC_SOH_Model/4_simulation_environment/campaigns/jes2_hecm_lookup_current_offset_20260901/runs/tau_minus_10pct/C25/C25_fresh/current_offset_pos_50mA/summary.json,/home/florianr/MG_Farm/1_Scripts/DL_Models/LFP_SOC_SOH_Model/4_simulation_environment/campaigns/jes2_hecm_full_lookup_sensitivity_20260901/runs/tau_minus_10pct/C25/C25_fresh/baseline/seed_42/summary.json
tau_minus_10pct,Time constants -10%,C25,C25_mid_life,current_offset_neg_50mA,-0.05,0.20477002167473207,0.05093606972481347,0.1538339519499186,2023,84377,/home/florianr/MG_Farm/1_Scripts/DL_Models/LFP_SOC_SOH_Model/4_simulation_environment/campaigns/jes2_hecm_lookup_current_offset_20260901/runs/tau_minus_10pct/C25/C25_mid_life/current_offset_neg_50mA/summary.json,/home/florianr/MG_Farm/1_Scripts/DL_Models/LFP_SOC_SOH_Model/4_simulation_environment/campaigns/jes2_hecm_full_lookup_sensitivity_20260901/runs/tau_minus_10pct/C25/C25_mid_life/baseline/seed_42/summary.json
tau_minus_10pct,Time constants -10%,C25,C25_mid_life,current_offset_pos_50mA,0.05,0.13230914610679587,0.05093606972481347,0.0813730763819824,2023,84377,/home/florianr/MG_Farm/1_Scripts/DL_Models/LFP_SOC_SOH_Model/4_simulation_environment/campaigns/jes2_hecm_lookup_current_offset_20260901/runs/tau_minus_10pct/C25/C25_mid_life/current_offset_pos_50mA/summary.json,/home/florianr/MG_Farm/1_Scripts/DL_Models/LFP_SOC_SOH_Model/4_simulation_environment/campaigns/jes2_hecm_full_lookup_sensitivity_20260901/runs/tau_minus_10pct/C25/C25_mid_life/baseline/seed_42/summary.json
tau_minus_10pct,Time constants -10%,C25,C25_aged,current_offset_neg_50mA,-0.05,0.13910140351578434,0.08135074474453204,0.05775065877125231,2023,84377,/home/florianr/MG_Farm/1_Scripts/DL_Models/LFP_SOC_SOH_Model/4_simulation_environment/campaigns/jes2_hecm_lookup_current_offset_20260901/runs/tau_minus_10pct/C25/C25_aged/current_offset_neg_50mA/summary.json,/home/florianr/MG_Farm/1_Scripts/DL_Models/LFP_SOC_SOH_Model/4_simulation_environment/campaigns/jes2_hecm_full_lookup_sensitivity_20260901/runs/tau_minus_10pct/C25/C25_aged/baseline/seed_42/summary.json
tau_minus_10pct,Time constants -10%,C25,C25_aged,current_offset_pos_50mA,0.05,0.18337102042032175,0.08135074474453204,0.10202027567578971,2023,84377,/home/florianr/MG_Farm/1_Scripts/DL_Models/LFP_SOC_SOH_Model/4_simulation_environment/campaigns/jes2_hecm_lookup_current_offset_20260901/runs/tau_minus_10pct/C25/C25_aged/current_offset_pos_50mA/summary.json,/home/florianr/MG_Farm/1_Scripts/DL_Models/LFP_SOC_SOH_Model/4_simulation_environment/campaigns/jes2_hecm_full_lookup_sensitivity_20260901/runs/tau_minus_10pct/C25/C25_aged/baseline/seed_42/summary.json
tau_minus_10pct,Time constants -10%,C27,C27_fresh,current_offset_neg_50mA,-0.05,0.25981966055543526,0.01675321834636106,0.2430664422090742,2023,84377,/home/florianr/MG_Farm/1_Scripts/DL_Models/LFP_SOC_SOH_Model/4_simulation_environment/campaigns/jes2_hecm_lookup_current_offset_20260901/runs/tau_minus_10pct/C27/C27_fresh/current_offset_neg_50mA/summary.json,/home/florianr/MG_Farm/1_Scripts/DL_Models/LFP_SOC_SOH_Model/4_simulation_environment/campaigns/jes2_hecm_full_lookup_sensitivity_20260901/runs/tau_minus_10pct/C27/C27_fresh/baseline/seed_42/summary.json
tau_minus_10pct,Time constants -10%,C27,C27_fresh,current_offset_pos_50mA,0.05,0.03488493292334075,0.01675321834636106,0.01813171457697969,2023,84377,/home/florianr/MG_Farm/1_Scripts/DL_Models/LFP_SOC_SOH_Model/4_simulation_environment/campaigns/jes2_hecm_lookup_current_offset_20260901/runs/tau_minus_10pct/C27/C27_fresh/current_offset_pos_50mA/summary.json,/home/florianr/MG_Farm/1_Scripts/DL_Models/LFP_SOC_SOH_Model/4_simulation_environment/campaigns/jes2_hecm_full_lookup_sensitivity_20260901/runs/tau_minus_10pct/C27/C27_fresh/baseline/seed_42/summary.json
tau_minus_10pct,Time constants -10%,C29,C29_fresh,current_offset_neg_50mA,-0.05,0.24979358389719483,0.00772243966425446,0.24207114423294038,2023,84377,/home/florianr/MG_Farm/1_Scripts/DL_Models/LFP_SOC_SOH_Model/4_simulation_environment/campaigns/jes2_hecm_lookup_current_offset_20260901/runs/tau_minus_10pct/C29/C29_fresh/current_offset_neg_50mA/summary.json,/home/florianr/MG_Farm/1_Scripts/DL_Models/LFP_SOC_SOH_Model/4_simulation_environment/campaigns/jes2_hecm_full_lookup_sensitivity_20260901/runs/tau_minus_10pct/C29/C29_fresh/baseline/seed_42/summary.json
tau_minus_10pct,Time constants -10%,C29,C29_fresh,current_offset_pos_50mA,0.05,0.031053590143584532,0.00772243966425446,0.02333115047933007,2023,84377,/home/florianr/MG_Farm/1_Scripts/DL_Models/LFP_SOC_SOH_Model/4_simulation_environment/campaigns/jes2_hecm_lookup_current_offset_20260901/runs/tau_minus_10pct/C29/C29_fresh/current_offset_pos_50mA/summary.json,/home/florianr/MG_Farm/1_Scripts/DL_Models/LFP_SOC_SOH_Model/4_simulation_environment/campaigns/jes2_hecm_full_lookup_sensitivity_20260901/runs/tau_minus_10pct/C29/C29_fresh/baseline/seed_42/summary.json
tau_minus_10pct,Time constants -10%,C29,C29_mid_life,current_offset_neg_50mA,-0.05,0.19527492574413224,0.0281029850097741,0.16717194073435815,2023,84377,/home/florianr/MG_Farm/1_Scripts/DL_Models/LFP_SOC_SOH_Model/4_simulation_environment/campaigns/jes2_hecm_lookup_current_offset_20260901/runs/tau_minus_10pct/C29/C29_mid_life/current_offset_neg_50mA/summary.json,/home/florianr/MG_Farm/1_Scripts/DL_Models/LFP_SOC_SOH_Model/4_simulation_environment/campaigns/jes2_hecm_full_lookup_sensitivity_20260901/runs/tau_minus_10pct/C29/C29_mid_life/baseline/seed_42/summary.json
tau_minus_10pct,Time constants -10%,C29,C29_mid_life,current_offset_pos_50mA,0.05,0.13280883507030963,0.0281029850097741,0.10470585006053554,2023,84377,/home/florianr/MG_Farm/1_Scripts/DL_Models/LFP_SOC_SOH_Model/4_simulation_environment/campaigns/jes2_hecm_lookup_current_offset_20260901/runs/tau_minus_10pct/C29/C29_mid_life/current_offset_pos_50mA/summary.json,/home/florianr/MG_Farm/1_Scripts/DL_Models/LFP_SOC_SOH_Model/4_simulation_environment/campaigns/jes2_hecm_full_lookup_sensitivity_20260901/runs/tau_minus_10pct/C29/C29_mid_life/baseline/seed_42/summary.json
tau_minus_10pct,Time constants -10%,C29,C29_aged,current_offset_neg_50mA,-0.05,0.1995603533001565,0.04617385507173247,0.15338649822842404,2023,84377,/home/florianr/MG_Farm/1_Scripts/DL_Models/LFP_SOC_SOH_Model/4_simulation_environment/campaigns/jes2_hecm_lookup_current_offset_20260901/runs/tau_minus_10pct/C29/C29_aged/current_offset_neg_50mA/summary.json,/home/florianr/MG_Farm/1_Scripts/DL_Models/LFP_SOC_SOH_Model/4_simulation_environment/campaigns/jes2_hecm_full_lookup_sensitivity_20260901/runs/tau_minus_10pct/C29/C29_aged/baseline/seed_42/summary.json
tau_minus_10pct,Time constants -10%,C29,C29_aged,current_offset_pos_50mA,0.05,0.18172433999197146,0.04617385507173247,0.135550484920239,2023,84377,/home/florianr/MG_Farm/1_Scripts/DL_Models/LFP_SOC_SOH_Model/4_simulation_environment/campaigns/jes2_hecm_lookup_current_offset_20260901/runs/tau_minus_10pct/C29/C29_aged/current_offset_pos_50mA/summary.json,/home/florianr/MG_Farm/1_Scripts/DL_Models/LFP_SOC_SOH_Model/4_simulation_environment/campaigns/jes2_hecm_full_lookup_sensitivity_20260901/runs/tau_minus_10pct/C29/C29_aged/baseline/seed_42/summary.json
tau_plus_10pct,Time constants +10%,C09,C09_fresh,current_offset_neg_50mA,-0.05,0.25549053057198884,0.00576774959067014,0.2497227809813187,2023,84377,/home/florianr/MG_Farm/1_Scripts/DL_Models/LFP_SOC_SOH_Model/4_simulation_environment/campaigns/jes2_hecm_lookup_current_offset_20260901/runs/tau_plus_10pct/C09/C09_fresh/current_offset_neg_50mA/summary.json,/home/florianr/MG_Farm/1_Scripts/DL_Models/LFP_SOC_SOH_Model/4_simulation_environment/campaigns/jes2_hecm_full_lookup_sensitivity_20260901/runs/tau_plus_10pct/C09/C09_fresh/baseline/seed_42/summary.json
tau_plus_10pct,Time constants +10%,C09,C09_fresh,current_offset_pos_50mA,0.05,0.04344039426998841,0.00576774959067014,0.037672644679318266,2023,84377,/home/florianr/MG_Farm/1_Scripts/DL_Models/LFP_SOC_SOH_Model/4_simulation_environment/campaigns/jes2_hecm_lookup_current_offset_20260901/runs/tau_plus_10pct/C09/C09_fresh/current_offset_pos_50mA/summary.json,/home/florianr/MG_Farm/1_Scripts/DL_Models/LFP_SOC_SOH_Model/4_simulation_environment/campaigns/jes2_hecm_full_lookup_sensitivity_20260901/runs/tau_plus_10pct/C09/C09_fresh/baseline/seed_42/summary.json
tau_plus_10pct,Time constants +10%,C09,C09_mid_life,current_offset_neg_50mA,-0.05,0.17669780338997312,0.02025291762495149,0.15644488576502164,2023,84377,/home/florianr/MG_Farm/1_Scripts/DL_Models/LFP_SOC_SOH_Model/4_simulation_environment/campaigns/jes2_hecm_lookup_current_offset_20260901/runs/tau_plus_10pct/C09/C09_mid_life/current_offset_neg_50mA/summary.json,/home/florianr/MG_Farm/1_Scripts/DL_Models/LFP_SOC_SOH_Model/4_simulation_environment/campaigns/jes2_hecm_full_lookup_sensitivity_20260901/runs/tau_plus_10pct/C09/C09_mid_life/baseline/seed_42/summary.json
tau_plus_10pct,Time constants +10%,C09,C09_mid_life,current_offset_pos_50mA,0.05,0.11481076573606883,0.02025291762495149,0.09455784811111734,2023,84377,/home/florianr/MG_Farm/1_Scripts/DL_Models/LFP_SOC_SOH_Model/4_simulation_environment/campaigns/jes2_hecm_lookup_current_offset_20260901/runs/tau_plus_10pct/C09/C09_mid_life/current_offset_pos_50mA/summary.json,/home/florianr/MG_Farm/1_Scripts/DL_Models/LFP_SOC_SOH_Model/4_simulation_environment/campaigns/jes2_hecm_full_lookup_sensitivity_20260901/runs/tau_plus_10pct/C09/C09_mid_life/baseline/seed_42/summary.json
tau_plus_10pct,Time constants +10%,C09,C09_aged,current_offset_neg_50mA,-0.05,0.24292437949527745,0.0662035803847784,0.17672079911049904,2023,84377,/home/florianr/MG_Farm/1_Scripts/DL_Models/LFP_SOC_SOH_Model/4_simulation_environment/campaigns/jes2_hecm_lookup_current_offset_20260901/runs/tau_plus_10pct/C09/C09_aged/current_offset_neg_50mA/summary.json,/home/florianr/MG_Farm/1_Scripts/DL_Models/LFP_SOC_SOH_Model/4_simulation_environment/campaigns/jes2_hecm_full_lookup_sensitivity_20260901/runs/tau_plus_10pct/C09/C09_aged/baseline/seed_42/summary.json
tau_plus_10pct,Time constants +10%,C09,C09_aged,current_offset_pos_50mA,0.05,0.14391067759219636,0.0662035803847784,0.07770709720741796,2023,84377,/home/florianr/MG_Farm/1_Scripts/DL_Models/LFP_SOC_SOH_Model/4_simulation_environment/campaigns/jes2_hecm_lookup_current_offset_20260901/runs/tau_plus_10pct/C09/C09_aged/current_offset_pos_50mA/summary.json,/home/florianr/MG_Farm/1_Scripts/DL_Models/LFP_SOC_SOH_Model/4_simulation_environment/campaigns/jes2_hecm_full_lookup_sensitivity_20260901/runs/tau_plus_10pct/C09/C09_aged/baseline/seed_42/summary.json
tau_plus_10pct,Time constants +10%,C13,C13_fresh,current_offset_neg_50mA,-0.05,0.265381234749201,0.008009066363514636,0.2573721683856864,2023,84377,/home/florianr/MG_Farm/1_Scripts/DL_Models/LFP_SOC_SOH_Model/4_simulation_environment/campaigns/jes2_hecm_lookup_current_offset_20260901/runs/tau_plus_10pct/C13/C13_fresh/current_offset_neg_50mA/summary.json,/home/florianr/MG_Farm/1_Scripts/DL_Models/LFP_SOC_SOH_Model/4_simulation_environment/campaigns/jes2_hecm_full_lookup_sensitivity_20260901/runs/tau_plus_10pct/C13/C13_fresh/baseline/seed_42/summary.json
tau_plus_10pct,Time constants +10%,C13,C13_fresh,current_offset_pos_50mA,0.05,0.03607251729905963,0.008009066363514636,0.028063450935544992,2023,84377,/home/florianr/MG_Farm/1_Scripts/DL_Models/LFP_SOC_SOH_Model/4_simulation_environment/campaigns/jes2_hecm_lookup_current_offset_20260901/runs/tau_plus_10pct/C13/C13_fresh/current_offset_pos_50mA/summary.json,/home/florianr/MG_Farm/1_Scripts/DL_Models/LFP_SOC_SOH_Model/4_simulation_environment/campaigns/jes2_hecm_full_lookup_sensitivity_20260901/runs/tau_plus_10pct/C13/C13_fresh/baseline/seed_42/summary.json
tau_plus_10pct,Time constants +10%,C13,C13_mid_life,current_offset_neg_50mA,-0.05,0.2230163432289384,0.022704547030750203,0.2003117961981882,2023,84377,/home/florianr/MG_Farm/1_Scripts/DL_Models/LFP_SOC_SOH_Model/4_simulation_environment/campaigns/jes2_hecm_lookup_current_offset_20260901/runs/tau_plus_10pct/C13/C13_mid_life/current_offset_neg_50mA/summary.json,/home/florianr/MG_Farm/1_Scripts/DL_Models/LFP_SOC_SOH_Model/4_simulation_environment/campaigns/jes2_hecm_full_lookup_sensitivity_20260901/runs/tau_plus_10pct/C13/C13_mid_life/baseline/seed_42/summary.json
tau_plus_10pct,Time constants +10%,C13,C13_mid_life,current_offset_pos_50mA,0.05,0.12495235382957345,0.022704547030750203,0.10224780679882325,2023,84377,/home/florianr/MG_Farm/1_Scripts/DL_Models/LFP_SOC_SOH_Model/4_simulation_environment/campaigns/jes2_hecm_lookup_current_offset_20260901/runs/tau_plus_10pct/C13/C13_mid_life/current_offset_pos_50mA/summary.json,/home/florianr/MG_Farm/1_Scripts/DL_Models/LFP_SOC_SOH_Model/4_simulation_environment/campaigns/jes2_hecm_full_lookup_sensitivity_20260901/runs/tau_plus_10pct/C13/C13_mid_life/baseline/seed_42/summary.json
tau_plus_10pct,Time constants +10%,C13,C13_aged,current_offset_neg_50mA,-0.05,0.1328126542839142,0.05394274223630194,0.07886991204761226,2023,84377,/home/florianr/MG_Farm/1_Scripts/DL_Models/LFP_SOC_SOH_Model/4_simulation_environment/campaigns/jes2_hecm_lookup_current_offset_20260901/runs/tau_plus_10pct/C13/C13_aged/current_offset_neg_50mA/summary.json,/home/florianr/MG_Farm/1_Scripts/DL_Models/LFP_SOC_SOH_Model/4_simulation_environment/campaigns/jes2_hecm_full_lookup_sensitivity_20260901/runs/tau_plus_10pct/C13/C13_aged/baseline/seed_42/summary.json
tau_plus_10pct,Time constants +10%,C13,C13_aged,current_offset_pos_50mA,0.05,0.24090398606743157,0.05394274223630194,0.18696124383112964,2023,84377,/home/florianr/MG_Farm/1_Scripts/DL_Models/LFP_SOC_SOH_Model/4_simulation_environment/campaigns/jes2_hecm_lookup_current_offset_20260901/runs/tau_plus_10pct/C13/C13_aged/current_offset_pos_50mA/summary.json,/home/florianr/MG_Farm/1_Scripts/DL_Models/LFP_SOC_SOH_Model/4_simulation_environment/campaigns/jes2_hecm_full_lookup_sensitivity_20260901/runs/tau_plus_10pct/C13/C13_aged/baseline/seed_42/summary.json
tau_plus_10pct,Time constants +10%,C15,C15_fresh,current_offset_neg_50mA,-0.05,0.17404264412936257,0.02226437750926395,0.15177826662009863,2023,84377,/home/florianr/MG_Farm/1_Scripts/DL_Models/LFP_SOC_SOH_Model/4_simulation_environment/campaigns/jes2_hecm_lookup_current_offset_20260901/runs/tau_plus_10pct/C15/C15_fresh/current_offset_neg_50mA/summary.json,/home/florianr/MG_Farm/1_Scripts/DL_Models/LFP_SOC_SOH_Model/4_simulation_environment/campaigns/jes2_hecm_full_lookup_sensitivity_20260901/runs/tau_plus_10pct/C15/C15_fresh/baseline/seed_42/summary.json
tau_plus_10pct,Time constants +10%,C15,C15_fresh,current_offset_pos_50mA,0.05,0.073415673302001,0.02226437750926395,0.05115129579273704,2023,84377,/home/florianr/MG_Farm/1_Scripts/DL_Models/LFP_SOC_SOH_Model/4_simulation_environment/campaigns/jes2_hecm_lookup_current_offset_20260901/runs/tau_plus_10pct/C15/C15_fresh/current_offset_pos_50mA/summary.json,/home/florianr/MG_Farm/1_Scripts/DL_Models/LFP_SOC_SOH_Model/4_simulation_environment/campaigns/jes2_hecm_full_lookup_sensitivity_20260901/runs/tau_plus_10pct/C15/C15_fresh/baseline/seed_42/summary.json
tau_plus_10pct,Time constants +10%,C15,C15_mid_life,current_offset_neg_50mA,-0.05,0.10550957599527412,0.030922971469429628,0.0745866045258445,2023,84377,/home/florianr/MG_Farm/1_Scripts/DL_Models/LFP_SOC_SOH_Model/4_simulation_environment/campaigns/jes2_hecm_lookup_current_offset_20260901/runs/tau_plus_10pct/C15/C15_mid_life/current_offset_neg_50mA/summary.json,/home/florianr/MG_Farm/1_Scripts/DL_Models/LFP_SOC_SOH_Model/4_simulation_environment/campaigns/jes2_hecm_full_lookup_sensitivity_20260901/runs/tau_plus_10pct/C15/C15_mid_life/baseline/seed_42/summary.json
tau_plus_10pct,Time constants +10%,C15,C15_mid_life,current_offset_pos_50mA,0.05,0.15030695824215187,0.030922971469429628,0.11938398677272224,2023,84377,/home/florianr/MG_Farm/1_Scripts/DL_Models/LFP_SOC_SOH_Model/4_simulation_environment/campaigns/jes2_hecm_lookup_current_offset_20260901/runs/tau_plus_10pct/C15/C15_mid_life/current_offset_pos_50mA/summary.json,/home/florianr/MG_Farm/1_Scripts/DL_Models/LFP_SOC_SOH_Model/4_simulation_environment/campaigns/jes2_hecm_full_lookup_sensitivity_20260901/runs/tau_plus_10pct/C15/C15_mid_life/baseline/seed_42/summary.json
tau_plus_10pct,Time constants +10%,C15,C15_aged,current_offset_neg_50mA,-0.05,0.12129410775224718,0.10429756989002152,0.016996537862225658,2023,84377,/home/florianr/MG_Farm/1_Scripts/DL_Models/LFP_SOC_SOH_Model/4_simulation_environment/campaigns/jes2_hecm_lookup_current_offset_20260901/runs/tau_plus_10pct/C15/C15_aged/current_offset_neg_50mA/summary.json,/home/florianr/MG_Farm/1_Scripts/DL_Models/LFP_SOC_SOH_Model/4_simulation_environment/campaigns/jes2_hecm_full_lookup_sensitivity_20260901/runs/tau_plus_10pct/C15/C15_aged/baseline/seed_42/summary.json
tau_plus_10pct,Time constants +10%,C15,C15_aged,current_offset_pos_50mA,0.05,0.20725191967988033,0.10429756989002152,0.1029543497898588,2023,84377,/home/florianr/MG_Farm/1_Scripts/DL_Models/LFP_SOC_SOH_Model/4_simulation_environment/campaigns/jes2_hecm_lookup_current_offset_20260901/runs/tau_plus_10pct/C15/C15_aged/current_offset_pos_50mA/summary.json,/home/florianr/MG_Farm/1_Scripts/DL_Models/LFP_SOC_SOH_Model/4_simulation_environment/campaigns/jes2_hecm_full_lookup_sensitivity_20260901/runs/tau_plus_10pct/C15/C15_aged/baseline/seed_42/summary.json
tau_plus_10pct,Time constants +10%,C25,C25_fresh,current_offset_neg_50mA,-0.05,0.21791955494763002,0.007923188634590983,0.20999636631303903,2023,84377,/home/florianr/MG_Farm/1_Scripts/DL_Models/LFP_SOC_SOH_Model/4_simulation_environment/campaigns/jes2_hecm_lookup_current_offset_20260901/runs/tau_plus_10pct/C25/C25_fresh/current_offset_neg_50mA/summary.json,/home/florianr/MG_Farm/1_Scripts/DL_Models/LFP_SOC_SOH_Model/4_simulation_environment/campaigns/jes2_hecm_full_lookup_sensitivity_20260901/runs/tau_plus_10pct/C25/C25_fresh/baseline/seed_42/summary.json
tau_plus_10pct,Time constants +10%,C25,C25_fresh,current_offset_pos_50mA,0.05,0.03128952769385217,0.007923188634590983,0.023366339059261186,2023,84377,/home/florianr/MG_Farm/1_Scripts/DL_Models/LFP_SOC_SOH_Model/4_simulation_environment/campaigns/jes2_hecm_lookup_current_offset_20260901/runs/tau_plus_10pct/C25/C25_fresh/current_offset_pos_50mA/summary.json,/home/florianr/MG_Farm/1_Scripts/DL_Models/LFP_SOC_SOH_Model/4_simulation_environment/campaigns/jes2_hecm_full_lookup_sensitivity_20260901/runs/tau_plus_10pct/C25/C25_fresh/baseline/seed_42/summary.json
tau_plus_10pct,Time constants +10%,C25,C25_mid_life,current_offset_neg_50mA,-0.05,0.17216899051813325,0.048749572882739255,0.12341941763539399,2023,84377,/home/florianr/MG_Farm/1_Scripts/DL_Models/LFP_SOC_SOH_Model/4_simulation_environment/campaigns/jes2_hecm_lookup_current_offset_20260901/runs/tau_plus_10pct/C25/C25_mid_life/current_offset_neg_50mA/summary.json,/home/florianr/MG_Farm/1_Scripts/DL_Models/LFP_SOC_SOH_Model/4_simulation_environment/campaigns/jes2_hecm_full_lookup_sensitivity_20260901/runs/tau_plus_10pct/C25/C25_mid_life/baseline/seed_42/summary.json
tau_plus_10pct,Time constants +10%,C25,C25_mid_life,current_offset_pos_50mA,0.05,0.13257811303174422,0.048749572882739255,0.08382854014900495,2023,84377,/home/florianr/MG_Farm/1_Scripts/DL_Models/LFP_SOC_SOH_Model/4_simulation_environment/campaigns/jes2_hecm_lookup_current_offset_20260901/runs/tau_plus_10pct/C25/C25_mid_life/current_offset_pos_50mA/summary.json,/home/florianr/MG_Farm/1_Scripts/DL_Models/LFP_SOC_SOH_Model/4_simulation_environment/campaigns/jes2_hecm_full_lookup_sensitivity_20260901/runs/tau_plus_10pct/C25/C25_mid_life/baseline/seed_42/summary.json
tau_plus_10pct,Time constants +10%,C25,C25_aged,current_offset_neg_50mA,-0.05,0.13712944575870112,0.07788346729329333,0.059245978465407786,2023,84377,/home/florianr/MG_Farm/1_Scripts/DL_Models/LFP_SOC_SOH_Model/4_simulation_environment/campaigns/jes2_hecm_lookup_current_offset_20260901/runs/tau_plus_10pct/C25/C25_aged/current_offset_neg_50mA/summary.json,/home/florianr/MG_Farm/1_Scripts/DL_Models/LFP_SOC_SOH_Model/4_simulation_environment/campaigns/jes2_hecm_full_lookup_sensitivity_20260901/runs/tau_plus_10pct/C25/C25_aged/baseline/seed_42/summary.json
tau_plus_10pct,Time constants +10%,C25,C25_aged,current_offset_pos_50mA,0.05,0.18394116858591644,0.07788346729329333,0.10605770129262311,2023,84377,/home/florianr/MG_Farm/1_Scripts/DL_Models/LFP_SOC_SOH_Model/4_simulation_environment/campaigns/jes2_hecm_lookup_current_offset_20260901/runs/tau_plus_10pct/C25/C25_aged/current_offset_pos_50mA/summary.json,/home/florianr/MG_Farm/1_Scripts/DL_Models/LFP_SOC_SOH_Model/4_simulation_environment/campaigns/jes2_hecm_full_lookup_sensitivity_20260901/runs/tau_plus_10pct/C25/C25_aged/baseline/seed_42/summary.json
tau_plus_10pct,Time constants +10%,C27,C27_fresh,current_offset_neg_50mA,-0.05,0.2779758799037077,0.019473138910421767,0.25850274099328596,2023,84377,/home/florianr/MG_Farm/1_Scripts/DL_Models/LFP_SOC_SOH_Model/4_simulation_environment/campaigns/jes2_hecm_lookup_current_offset_20260901/runs/tau_plus_10pct/C27/C27_fresh/current_offset_neg_50mA/summary.json,/home/florianr/MG_Farm/1_Scripts/DL_Models/LFP_SOC_SOH_Model/4_simulation_environment/campaigns/jes2_hecm_full_lookup_sensitivity_20260901/runs/tau_plus_10pct/C27/C27_fresh/baseline/seed_42/summary.json
tau_plus_10pct,Time constants +10%,C27,C27_fresh,current_offset_pos_50mA,0.05,0.03450957714572109,0.019473138910421767,0.015036438235299321,2023,84377,/home/florianr/MG_Farm/1_Scripts/DL_Models/LFP_SOC_SOH_Model/4_simulation_environment/campaigns/jes2_hecm_lookup_current_offset_20260901/runs/tau_plus_10pct/C27/C27_fresh/current_offset_pos_50mA/summary.json,/home/florianr/MG_Farm/1_Scripts/DL_Models/LFP_SOC_SOH_Model/4_simulation_environment/campaigns/jes2_hecm_full_lookup_sensitivity_20260901/runs/tau_plus_10pct/C27/C27_fresh/baseline/seed_42/summary.json
tau_plus_10pct,Time constants +10%,C29,C29_fresh,current_offset_neg_50mA,-0.05,0.24386495830808466,0.008048731895030536,0.23581622641305414,2023,84377,/home/florianr/MG_Farm/1_Scripts/DL_Models/LFP_SOC_SOH_Model/4_simulation_environment/campaigns/jes2_hecm_lookup_current_offset_20260901/runs/tau_plus_10pct/C29/C29_fresh/current_offset_neg_50mA/summary.json,/home/florianr/MG_Farm/1_Scripts/DL_Models/LFP_SOC_SOH_Model/4_simulation_environment/campaigns/jes2_hecm_full_lookup_sensitivity_20260901/runs/tau_plus_10pct/C29/C29_fresh/baseline/seed_42/summary.json
tau_plus_10pct,Time constants +10%,C29,C29_fresh,current_offset_pos_50mA,0.05,0.030675462481822825,0.008048731895030536,0.02262673058679229,2023,84377,/home/florianr/MG_Farm/1_Scripts/DL_Models/LFP_SOC_SOH_Model/4_simulation_environment/campaigns/jes2_hecm_lookup_current_offset_20260901/runs/tau_plus_10pct/C29/C29_fresh/current_offset_pos_50mA/summary.json,/home/florianr/MG_Farm/1_Scripts/DL_Models/LFP_SOC_SOH_Model/4_simulation_environment/campaigns/jes2_hecm_full_lookup_sensitivity_20260901/runs/tau_plus_10pct/C29/C29_fresh/baseline/seed_42/summary.json
tau_plus_10pct,Time constants +10%,C29,C29_mid_life,current_offset_neg_50mA,-0.05,0.1786169362425913,0.02350270117860677,0.15511423506398453,2023,84377,/home/florianr/MG_Farm/1_Scripts/DL_Models/LFP_SOC_SOH_Model/4_simulation_environment/campaigns/jes2_hecm_lookup_current_offset_20260901/runs/tau_plus_10pct/C29/C29_mid_life/current_offset_neg_50mA/summary.json,/home/florianr/MG_Farm/1_Scripts/DL_Models/LFP_SOC_SOH_Model/4_simulation_environment/campaigns/jes2_hecm_full_lookup_sensitivity_20260901/runs/tau_plus_10pct/C29/C29_mid_life/baseline/seed_42/summary.json
tau_plus_10pct,Time constants +10%,C29,C29_mid_life,current_offset_pos_50mA,0.05,0.13240066551769408,0.02350270117860677,0.10889796433908731,2023,84377,/home/florianr/MG_Farm/1_Scripts/DL_Models/LFP_SOC_SOH_Model/4_simulation_environment/campaigns/jes2_hecm_lookup_current_offset_20260901/runs/tau_plus_10pct/C29/C29_mid_life/current_offset_pos_50mA/summary.json,/home/florianr/MG_Farm/1_Scripts/DL_Models/LFP_SOC_SOH_Model/4_simulation_environment/campaigns/jes2_hecm_full_lookup_sensitivity_20260901/runs/tau_plus_10pct/C29/C29_mid_life/baseline/seed_42/summary.json
tau_plus_10pct,Time constants +10%,C29,C29_aged,current_offset_neg_50mA,-0.05,0.18120230589341124,0.04326536702376494,0.1379369388696463,2023,84377,/home/florianr/MG_Farm/1_Scripts/DL_Models/LFP_SOC_SOH_Model/4_simulation_environment/campaigns/jes2_hecm_lookup_current_offset_20260901/runs/tau_plus_10pct/C29/C29_aged/current_offset_neg_50mA/summary.json,/home/florianr/MG_Farm/1_Scripts/DL_Models/LFP_SOC_SOH_Model/4_simulation_environment/campaigns/jes2_hecm_full_lookup_sensitivity_20260901/runs/tau_plus_10pct/C29/C29_aged/baseline/seed_42/summary.json
tau_plus_10pct,Time constants +10%,C29,C29_aged,current_offset_pos_50mA,0.05,0.18183678712123247,0.04326536702376494,0.13857142009746753,2023,84377,/home/florianr/MG_Farm/1_Scripts/DL_Models/LFP_SOC_SOH_Model/4_simulation_environment/campaigns/jes2_hecm_lookup_current_offset_20260901/runs/tau_plus_10pct/C29/C29_aged/current_offset_pos_50mA/summary.json,/home/florianr/MG_Farm/1_Scripts/DL_Models/LFP_SOC_SOH_Model/4_simulation_environment/campaigns/jes2_hecm_full_lookup_sensitivity_20260901/runs/tau_plus_10pct/C29/C29_aged/baseline/seed_42/summary.json
ocv_minus_10mV,OCV -10 mV,C09,C09_fresh,current_offset_neg_50mA,-0.05,0.2758284440014935,0.006518297967432639,0.26931014603406084,2023,84377,/home/florianr/MG_Farm/1_Scripts/DL_Models/LFP_SOC_SOH_Model/4_simulation_environment/campaigns/jes2_hecm_lookup_current_offset_20260901/runs/ocv_minus_10mV/C09/C09_fresh/current_offset_neg_50mA/summary.json,/home/florianr/MG_Farm/1_Scripts/DL_Models/LFP_SOC_SOH_Model/4_simulation_environment/campaigns/jes2_hecm_full_lookup_sensitivity_20260901/runs/ocv_minus_10mV/C09/C09_fresh/baseline/seed_42/summary.json
ocv_minus_10mV,OCV -10 mV,C09,C09_fresh,current_offset_pos_50mA,0.05,0.04360834581959679,0.006518297967432639,0.03709004785216415,2023,84377,/home/florianr/MG_Farm/1_Scripts/DL_Models/LFP_SOC_SOH_Model/4_simulation_environment/campaigns/jes2_hecm_lookup_current_offset_20260901/runs/ocv_minus_10mV/C09/C09_fresh/current_offset_pos_50mA/summary.json,/home/florianr/MG_Farm/1_Scripts/DL_Models/LFP_SOC_SOH_Model/4_simulation_environment/campaigns/jes2_hecm_full_lookup_sensitivity_20260901/runs/ocv_minus_10mV/C09/C09_fresh/baseline/seed_42/summary.json
ocv_minus_10mV,OCV -10 mV,C09,C09_mid_life,current_offset_neg_50mA,-0.05,0.16044172886712854,0.01949346133292924,0.1409482675341993,2023,84377,/home/florianr/MG_Farm/1_Scripts/DL_Models/LFP_SOC_SOH_Model/4_simulation_environment/campaigns/jes2_hecm_lookup_current_offset_20260901/runs/ocv_minus_10mV/C09/C09_mid_life/current_offset_neg_50mA/summary.json,/home/florianr/MG_Farm/1_Scripts/DL_Models/LFP_SOC_SOH_Model/4_simulation_environment/campaigns/jes2_hecm_full_lookup_sensitivity_20260901/runs/ocv_minus_10mV/C09/C09_mid_life/baseline/seed_42/summary.json
ocv_minus_10mV,OCV -10 mV,C09,C09_mid_life,current_offset_pos_50mA,0.05,0.11509864495497267,0.01949346133292924,0.09560518362204343,2023,84377,/home/florianr/MG_Farm/1_Scripts/DL_Models/LFP_SOC_SOH_Model/4_simulation_environment/campaigns/jes2_hecm_lookup_current_offset_20260901/runs/ocv_minus_10mV/C09/C09_mid_life/current_offset_pos_50mA/summary.json,/home/florianr/MG_Farm/1_Scripts/DL_Models/LFP_SOC_SOH_Model/4_simulation_environment/campaigns/jes2_hecm_full_lookup_sensitivity_20260901/runs/ocv_minus_10mV/C09/C09_mid_life/baseline/seed_42/summary.json
ocv_minus_10mV,OCV -10 mV,C09,C09_aged,current_offset_neg_50mA,-0.05,0.24054226375683407,0.06615437758890487,0.17438788616792922,2023,84377,/home/florianr/MG_Farm/1_Scripts/DL_Models/LFP_SOC_SOH_Model/4_simulation_environment/campaigns/jes2_hecm_lookup_current_offset_20260901/runs/ocv_minus_10mV/C09/C09_aged/current_offset_neg_50mA/summary.json,/home/florianr/MG_Farm/1_Scripts/DL_Models/LFP_SOC_SOH_Model/4_simulation_environment/campaigns/jes2_hecm_full_lookup_sensitivity_20260901/runs/ocv_minus_10mV/C09/C09_aged/baseline/seed_42/summary.json
ocv_minus_10mV,OCV -10 mV,C09,C09_aged,current_offset_pos_50mA,0.05,0.14393536044612998,0.06615437758890487,0.07778098285722511,2023,84377,/home/florianr/MG_Farm/1_Scripts/DL_Models/LFP_SOC_SOH_Model/4_simulation_environment/campaigns/jes2_hecm_lookup_current_offset_20260901/runs/ocv_minus_10mV/C09/C09_aged/current_offset_pos_50mA/summary.json,/home/florianr/MG_Farm/1_Scripts/DL_Models/LFP_SOC_SOH_Model/4_simulation_environment/campaigns/jes2_hecm_full_lookup_sensitivity_20260901/runs/ocv_minus_10mV/C09/C09_aged/baseline/seed_42/summary.json
ocv_minus_10mV,OCV -10 mV,C13,C13_fresh,current_offset_neg_50mA,-0.05,0.27029584462192646,0.007364851749768403,0.26293099287215804,2023,84377,/home/florianr/MG_Farm/1_Scripts/DL_Models/LFP_SOC_SOH_Model/4_simulation_environment/campaigns/jes2_hecm_lookup_current_offset_20260901/runs/ocv_minus_10mV/C13/C13_fresh/current_offset_neg_50mA/summary.json,/home/florianr/MG_Farm/1_Scripts/DL_Models/LFP_SOC_SOH_Model/4_simulation_environment/campaigns/jes2_hecm_full_lookup_sensitivity_20260901/runs/ocv_minus_10mV/C13/C13_fresh/baseline/seed_42/summary.json
ocv_minus_10mV,OCV -10 mV,C13,C13_fresh,current_offset_pos_50mA,0.05,0.03624825630200229,0.007364851749768403,0.02888340455223389,2023,84377,/home/florianr/MG_Farm/1_Scripts/DL_Models/LFP_SOC_SOH_Model/4_simulation_environment/campaigns/jes2_hecm_lookup_current_offset_20260901/runs/ocv_minus_10mV/C13/C13_fresh/current_offset_pos_50mA/summary.json,/home/florianr/MG_Farm/1_Scripts/DL_Models/LFP_SOC_SOH_Model/4_simulation_environment/campaigns/jes2_hecm_full_lookup_sensitivity_20260901/runs/ocv_minus_10mV/C13/C13_fresh/baseline/seed_42/summary.json
ocv_minus_10mV,OCV -10 mV,C13,C13_mid_life,current_offset_neg_50mA,-0.05,0.2674631870607836,0.022268630943213172,0.2451945561175704,2023,84377,/home/florianr/MG_Farm/1_Scripts/DL_Models/LFP_SOC_SOH_Model/4_simulation_environment/campaigns/jes2_hecm_lookup_current_offset_20260901/runs/ocv_minus_10mV/C13/C13_mid_life/current_offset_neg_50mA/summary.json,/home/florianr/MG_Farm/1_Scripts/DL_Models/LFP_SOC_SOH_Model/4_simulation_environment/campaigns/jes2_hecm_full_lookup_sensitivity_20260901/runs/ocv_minus_10mV/C13/C13_mid_life/baseline/seed_42/summary.json
ocv_minus_10mV,OCV -10 mV,C13,C13_mid_life,current_offset_pos_50mA,0.05,0.12483540969533802,0.022268630943213172,0.10256677875212485,2023,84377,/home/florianr/MG_Farm/1_Scripts/DL_Models/LFP_SOC_SOH_Model/4_simulation_environment/campaigns/jes2_hecm_lookup_current_offset_20260901/runs/ocv_minus_10mV/C13/C13_mid_life/current_offset_pos_50mA/summary.json,/home/florianr/MG_Farm/1_Scripts/DL_Models/LFP_SOC_SOH_Model/4_simulation_environment/campaigns/jes2_hecm_full_lookup_sensitivity_20260901/runs/ocv_minus_10mV/C13/C13_mid_life/baseline/seed_42/summary.json
ocv_minus_10mV,OCV -10 mV,C13,C13_aged,current_offset_neg_50mA,-0.05,0.13200198364682894,0.054131735113307544,0.0778702485335214,2023,84377,/home/florianr/MG_Farm/1_Scripts/DL_Models/LFP_SOC_SOH_Model/4_simulation_environment/campaigns/jes2_hecm_lookup_current_offset_20260901/runs/ocv_minus_10mV/C13/C13_aged/current_offset_neg_50mA/summary.json,/home/florianr/MG_Farm/1_Scripts/DL_Models/LFP_SOC_SOH_Model/4_simulation_environment/campaigns/jes2_hecm_full_lookup_sensitivity_20260901/runs/ocv_minus_10mV/C13/C13_aged/baseline/seed_42/summary.json
ocv_minus_10mV,OCV -10 mV,C13,C13_aged,current_offset_pos_50mA,0.05,0.24091719682734444,0.054131735113307544,0.1867854617140369,2023,84377,/home/florianr/MG_Farm/1_Scripts/DL_Models/LFP_SOC_SOH_Model/4_simulation_environment/campaigns/jes2_hecm_lookup_current_offset_20260901/runs/ocv_minus_10mV/C13/C13_aged/current_offset_pos_50mA/summary.json,/home/florianr/MG_Farm/1_Scripts/DL_Models/LFP_SOC_SOH_Model/4_simulation_environment/campaigns/jes2_hecm_full_lookup_sensitivity_20260901/runs/ocv_minus_10mV/C13/C13_aged/baseline/seed_42/summary.json
ocv_minus_10mV,OCV -10 mV,C15,C15_fresh,current_offset_neg_50mA,-0.05,0.19279918258643933,0.02281287663981673,0.1699863059466226,2023,84377,/home/florianr/MG_Farm/1_Scripts/DL_Models/LFP_SOC_SOH_Model/4_simulation_environment/campaigns/jes2_hecm_lookup_current_offset_20260901/runs/ocv_minus_10mV/C15/C15_fresh/current_offset_neg_50mA/summary.json,/home/florianr/MG_Farm/1_Scripts/DL_Models/LFP_SOC_SOH_Model/4_simulation_environment/campaigns/jes2_hecm_full_lookup_sensitivity_20260901/runs/ocv_minus_10mV/C15/C15_fresh/baseline/seed_42/summary.json
ocv_minus_10mV,OCV -10 mV,C15,C15_fresh,current_offset_pos_50mA,0.05,0.07359855721482873,0.02281287663981673,0.050785680575012,2023,84377,/home/florianr/MG_Farm/1_Scripts/DL_Models/LFP_SOC_SOH_Model/4_simulation_environment/campaigns/jes2_hecm_lookup_current_offset_20260901/runs/ocv_minus_10mV/C15/C15_fresh/current_offset_pos_50mA/summary.json,/home/florianr/MG_Farm/1_Scripts/DL_Models/LFP_SOC_SOH_Model/4_simulation_environment/campaigns/jes2_hecm_full_lookup_sensitivity_20260901/runs/ocv_minus_10mV/C15/C15_fresh/baseline/seed_42/summary.json
ocv_minus_10mV,OCV -10 mV,C15,C15_mid_life,current_offset_neg_50mA,-0.05,0.10334430202570441,0.029763462264568462,0.07358083976113594,2023,84377,/home/florianr/MG_Farm/1_Scripts/DL_Models/LFP_SOC_SOH_Model/4_simulation_environment/campaigns/jes2_hecm_lookup_current_offset_20260901/runs/ocv_minus_10mV/C15/C15_mid_life/current_offset_neg_50mA/summary.json,/home/florianr/MG_Farm/1_Scripts/DL_Models/LFP_SOC_SOH_Model/4_simulation_environment/campaigns/jes2_hecm_full_lookup_sensitivity_20260901/runs/ocv_minus_10mV/C15/C15_mid_life/baseline/seed_42/summary.json
ocv_minus_10mV,OCV -10 mV,C15,C15_mid_life,current_offset_pos_50mA,0.05,0.1503208178893953,0.029763462264568462,0.12055735562482683,2023,84377,/home/florianr/MG_Farm/1_Scripts/DL_Models/LFP_SOC_SOH_Model/4_simulation_environment/campaigns/jes2_hecm_lookup_current_offset_20260901/runs/ocv_minus_10mV/C15/C15_mid_life/current_offset_pos_50mA/summary.json,/home/florianr/MG_Farm/1_Scripts/DL_Models/LFP_SOC_SOH_Model/4_simulation_environment/campaigns/jes2_hecm_full_lookup_sensitivity_20260901/runs/ocv_minus_10mV/C15/C15_mid_life/baseline/seed_42/summary.json
ocv_minus_10mV,OCV -10 mV,C15,C15_aged,current_offset_neg_50mA,-0.05,0.13010451109778406,0.10298448513549992,0.027120025962284147,2023,84377,/home/florianr/MG_Farm/1_Scripts/DL_Models/LFP_SOC_SOH_Model/4_simulation_environment/campaigns/jes2_hecm_lookup_current_offset_20260901/runs/ocv_minus_10mV/C15/C15_aged/current_offset_neg_50mA/summary.json,/home/florianr/MG_Farm/1_Scripts/DL_Models/LFP_SOC_SOH_Model/4_simulation_environment/campaigns/jes2_hecm_full_lookup_sensitivity_20260901/runs/ocv_minus_10mV/C15/C15_aged/baseline/seed_42/summary.json
ocv_minus_10mV,OCV -10 mV,C15,C15_aged,current_offset_pos_50mA,0.05,0.2073563312995437,0.10298448513549992,0.10437184616404378,2023,84377,/home/florianr/MG_Farm/1_Scripts/DL_Models/LFP_SOC_SOH_Model/4_simulation_environment/campaigns/jes2_hecm_lookup_current_offset_20260901/runs/ocv_minus_10mV/C15/C15_aged/current_offset_pos_50mA/summary.json,/home/florianr/MG_Farm/1_Scripts/DL_Models/LFP_SOC_SOH_Model/4_simulation_environment/campaigns/jes2_hecm_full_lookup_sensitivity_20260901/runs/ocv_minus_10mV/C15/C15_aged/baseline/seed_42/summary.json
ocv_minus_10mV,OCV -10 mV,C25,C25_fresh,current_offset_neg_50mA,-0.05,0.21582564466783177,0.008012574656251248,0.20781307001158053,2023,84377,/home/florianr/MG_Farm/1_Scripts/DL_Models/LFP_SOC_SOH_Model/4_simulation_environment/campaigns/jes2_hecm_lookup_current_offset_20260901/runs/ocv_minus_10mV/C25/C25_fresh/current_offset_neg_50mA/summary.json,/home/florianr/MG_Farm/1_Scripts/DL_Models/LFP_SOC_SOH_Model/4_simulation_environment/campaigns/jes2_hecm_full_lookup_sensitivity_20260901/runs/ocv_minus_10mV/C25/C25_fresh/baseline/seed_42/summary.json
ocv_minus_10mV,OCV -10 mV,C25,C25_fresh,current_offset_pos_50mA,0.05,0.03152293663033528,0.008012574656251248,0.02351036197408403,2023,84377,/home/florianr/MG_Farm/1_Scripts/DL_Models/LFP_SOC_SOH_Model/4_simulation_environment/campaigns/jes2_hecm_lookup_current_offset_20260901/runs/ocv_minus_10mV/C25/C25_fresh/current_offset_pos_50mA/summary.json,/home/florianr/MG_Farm/1_Scripts/DL_Models/LFP_SOC_SOH_Model/4_simulation_environment/campaigns/jes2_hecm_full_lookup_sensitivity_20260901/runs/ocv_minus_10mV/C25/C25_fresh/baseline/seed_42/summary.json
ocv_minus_10mV,OCV -10 mV,C25,C25_mid_life,current_offset_neg_50mA,-0.05,0.18337596814651036,0.047555944178126135,0.13582002396838422,2023,84377,/home/florianr/MG_Farm/1_Scripts/DL_Models/LFP_SOC_SOH_Model/4_simulation_environment/campaigns/jes2_hecm_lookup_current_offset_20260901/runs/ocv_minus_10mV/C25/C25_mid_life/current_offset_neg_50mA/summary.json,/home/florianr/MG_Farm/1_Scripts/DL_Models/LFP_SOC_SOH_Model/4_simulation_environment/campaigns/jes2_hecm_full_lookup_sensitivity_20260901/runs/ocv_minus_10mV/C25/C25_mid_life/baseline/seed_42/summary.json
ocv_minus_10mV,OCV -10 mV,C25,C25_mid_life,current_offset_pos_50mA,0.05,0.13267748345280317,0.047555944178126135,0.08512153927467703,2023,84377,/home/florianr/MG_Farm/1_Scripts/DL_Models/LFP_SOC_SOH_Model/4_simulation_environment/campaigns/jes2_hecm_lookup_current_offset_20260901/runs/ocv_minus_10mV/C25/C25_mid_life/current_offset_pos_50mA/summary.json,/home/florianr/MG_Farm/1_Scripts/DL_Models/LFP_SOC_SOH_Model/4_simulation_environment/campaigns/jes2_hecm_full_lookup_sensitivity_20260901/runs/ocv_minus_10mV/C25/C25_mid_life/baseline/seed_42/summary.json
ocv_minus_10mV,OCV -10 mV,C25,C25_aged,current_offset_neg_50mA,-0.05,0.1327880864934567,0.07453310752584798,0.058254978967608714,2023,84377,/home/florianr/MG_Farm/1_Scripts/DL_Models/LFP_SOC_SOH_Model/4_simulation_environment/campaigns/jes2_hecm_lookup_current_offset_20260901/runs/ocv_minus_10mV/C25/C25_aged/current_offset_neg_50mA/summary.json,/home/florianr/MG_Farm/1_Scripts/DL_Models/LFP_SOC_SOH_Model/4_simulation_environment/campaigns/jes2_hecm_full_lookup_sensitivity_20260901/runs/ocv_minus_10mV/C25/C25_aged/baseline/seed_42/summary.json
ocv_minus_10mV,OCV -10 mV,C25,C25_aged,current_offset_pos_50mA,0.05,0.18419453925747048,0.07453310752584798,0.1096614317316225,2023,84377,/home/florianr/MG_Farm/1_Scripts/DL_Models/LFP_SOC_SOH_Model/4_simulation_environment/campaigns/jes2_hecm_lookup_current_offset_20260901/runs/ocv_minus_10mV/C25/C25_aged/current_offset_pos_50mA/summary.json,/home/florianr/MG_Farm/1_Scripts/DL_Models/LFP_SOC_SOH_Model/4_simulation_environment/campaigns/jes2_hecm_full_lookup_sensitivity_20260901/runs/ocv_minus_10mV/C25/C25_aged/baseline/seed_42/summary.json
ocv_minus_10mV,OCV -10 mV,C27,C27_fresh,current_offset_neg_50mA,-0.05,0.25399908384697273,0.009544102049043175,0.24445498179792954,2023,84377,/home/florianr/MG_Farm/1_Scripts/DL_Models/LFP_SOC_SOH_Model/4_simulation_environment/campaigns/jes2_hecm_lookup_current_offset_20260901/runs/ocv_minus_10mV/C27/C27_fresh/current_offset_neg_50mA/summary.json,/home/florianr/MG_Farm/1_Scripts/DL_Models/LFP_SOC_SOH_Model/4_simulation_environment/campaigns/jes2_hecm_full_lookup_sensitivity_20260901/runs/ocv_minus_10mV/C27/C27_fresh/baseline/seed_42/summary.json
ocv_minus_10mV,OCV -10 mV,C27,C27_fresh,current_offset_pos_50mA,0.05,0.035196170498336836,0.009544102049043175,0.02565206844929366,2023,84377,/home/florianr/MG_Farm/1_Scripts/DL_Models/LFP_SOC_SOH_Model/4_simulation_environment/campaigns/jes2_hecm_lookup_current_offset_20260901/runs/ocv_minus_10mV/C27/C27_fresh/current_offset_pos_50mA/summary.json,/home/florianr/MG_Farm/1_Scripts/DL_Models/LFP_SOC_SOH_Model/4_simulation_environment/campaigns/jes2_hecm_full_lookup_sensitivity_20260901/runs/ocv_minus_10mV/C27/C27_fresh/baseline/seed_42/summary.json
ocv_minus_10mV,OCV -10 mV,C29,C29_fresh,current_offset_neg_50mA,-0.05,0.25283074770683694,0.007509101950044936,0.245321645756792,2023,84377,/home/florianr/MG_Farm/1_Scripts/DL_Models/LFP_SOC_SOH_Model/4_simulation_environment/campaigns/jes2_hecm_lookup_current_offset_20260901/runs/ocv_minus_10mV/C29/C29_fresh/current_offset_neg_50mA/summary.json,/home/florianr/MG_Farm/1_Scripts/DL_Models/LFP_SOC_SOH_Model/4_simulation_environment/campaigns/jes2_hecm_full_lookup_sensitivity_20260901/runs/ocv_minus_10mV/C29/C29_fresh/baseline/seed_42/summary.json
ocv_minus_10mV,OCV -10 mV,C29,C29_fresh,current_offset_pos_50mA,0.05,0.03086289184607209,0.007509101950044936,0.023353789896027155,2023,84377,/home/florianr/MG_Farm/1_Scripts/DL_Models/LFP_SOC_SOH_Model/4_simulation_environment/campaigns/jes2_hecm_lookup_current_offset_20260901/runs/ocv_minus_10mV/C29/C29_fresh/current_offset_pos_50mA/summary.json,/home/florianr/MG_Farm/1_Scripts/DL_Models/LFP_SOC_SOH_Model/4_simulation_environment/campaigns/jes2_hecm_full_lookup_sensitivity_20260901/runs/ocv_minus_10mV/C29/C29_fresh/baseline/seed_42/summary.json
ocv_minus_10mV,OCV -10 mV,C29,C29_mid_life,current_offset_neg_50mA,-0.05,0.19504057216247633,0.023882773562690685,0.17115779859978564,2023,84377,/home/florianr/MG_Farm/1_Scripts/DL_Models/LFP_SOC_SOH_Model/4_simulation_environment/campaigns/jes2_hecm_lookup_current_offset_20260901/runs/ocv_minus_10mV/C29/C29_mid_life/current_offset_neg_50mA/summary.json,/home/florianr/MG_Farm/1_Scripts/DL_Models/LFP_SOC_SOH_Model/4_simulation_environment/campaigns/jes2_hecm_full_lookup_sensitivity_20260901/runs/ocv_minus_10mV/C29/C29_mid_life/baseline/seed_42/summary.json
ocv_minus_10mV,OCV -10 mV,C29,C29_mid_life,current_offset_pos_50mA,0.05,0.1324234870982967,0.023882773562690685,0.10854071353560603,2023,84377,/home/florianr/MG_Farm/1_Scripts/DL_Models/LFP_SOC_SOH_Model/4_simulation_environment/campaigns/jes2_hecm_lookup_current_offset_20260901/runs/ocv_minus_10mV/C29/C29_mid_life/current_offset_pos_50mA/summary.json,/home/florianr/MG_Farm/1_Scripts/DL_Models/LFP_SOC_SOH_Model/4_simulation_environment/campaigns/jes2_hecm_full_lookup_sensitivity_20260901/runs/ocv_minus_10mV/C29/C29_mid_life/baseline/seed_42/summary.json
ocv_minus_10mV,OCV -10 mV,C29,C29_aged,current_offset_neg_50mA,-0.05,0.20088032996360117,0.04294232787897897,0.1579380020846222,2023,84377,/home/florianr/MG_Farm/1_Scripts/DL_Models/LFP_SOC_SOH_Model/4_simulation_environment/campaigns/jes2_hecm_lookup_current_offset_20260901/runs/ocv_minus_10mV/C29/C29_aged/current_offset_neg_50mA/summary.json,/home/florianr/MG_Farm/1_Scripts/DL_Models/LFP_SOC_SOH_Model/4_simulation_environment/campaigns/jes2_hecm_full_lookup_sensitivity_20260901/runs/ocv_minus_10mV/C29/C29_aged/baseline/seed_42/summary.json
ocv_minus_10mV,OCV -10 mV,C29,C29_aged,current_offset_pos_50mA,0.05,0.18195589188984973,0.04294232787897897,0.13901356401087075,2023,84377,/home/florianr/MG_Farm/1_Scripts/DL_Models/LFP_SOC_SOH_Model/4_simulation_environment/campaigns/jes2_hecm_lookup_current_offset_20260901/runs/ocv_minus_10mV/C29/C29_aged/current_offset_pos_50mA/summary.json,/home/florianr/MG_Farm/1_Scripts/DL_Models/LFP_SOC_SOH_Model/4_simulation_environment/campaigns/jes2_hecm_full_lookup_sensitivity_20260901/runs/ocv_minus_10mV/C29/C29_aged/baseline/seed_42/summary.json
ocv_plus_10mV,OCV +10 mV,C09,C09_fresh,current_offset_neg_50mA,-0.05,0.2801177596576559,0.005509759969159827,0.2746079996884961,2023,84377,/home/florianr/MG_Farm/1_Scripts/DL_Models/LFP_SOC_SOH_Model/4_simulation_environment/campaigns/jes2_hecm_lookup_current_offset_20260901/runs/ocv_plus_10mV/C09/C09_fresh/current_offset_neg_50mA/summary.json,/home/florianr/MG_Farm/1_Scripts/DL_Models/LFP_SOC_SOH_Model/4_simulation_environment/campaigns/jes2_hecm_full_lookup_sensitivity_20260901/runs/ocv_plus_10mV/C09/C09_fresh/baseline/seed_42/summary.json
ocv_plus_10mV,OCV +10 mV,C09,C09_fresh,current_offset_pos_50mA,0.05,0.04353753509193793,0.005509759969159827,0.03802777512277811,2023,84377,/home/florianr/MG_Farm/1_Scripts/DL_Models/LFP_SOC_SOH_Model/4_simulation_environment/campaigns/jes2_hecm_lookup_current_offset_20260901/runs/ocv_plus_10mV/C09/C09_fresh/current_offset_pos_50mA/summary.json,/home/florianr/MG_Farm/1_Scripts/DL_Models/LFP_SOC_SOH_Model/4_simulation_environment/campaigns/jes2_hecm_full_lookup_sensitivity_20260901/runs/ocv_plus_10mV/C09/C09_fresh/baseline/seed_42/summary.json
ocv_plus_10mV,OCV +10 mV,C09,C09_mid_life,current_offset_neg_50mA,-0.05,0.16258716259006598,0.021964972861606993,0.14062218972845897,2023,84377,/home/florianr/MG_Farm/1_Scripts/DL_Models/LFP_SOC_SOH_Model/4_simulation_environment/campaigns/jes2_hecm_lookup_current_offset_20260901/runs/ocv_plus_10mV/C09/C09_mid_life/current_offset_neg_50mA/summary.json,/home/florianr/MG_Farm/1_Scripts/DL_Models/LFP_SOC_SOH_Model/4_simulation_environment/campaigns/jes2_hecm_full_lookup_sensitivity_20260901/runs/ocv_plus_10mV/C09/C09_mid_life/baseline/seed_42/summary.json
ocv_plus_10mV,OCV +10 mV,C09,C09_mid_life,current_offset_pos_50mA,0.05,0.1133084687361331,0.021964972861606993,0.0913434958745261,2023,84377,/home/florianr/MG_Farm/1_Scripts/DL_Models/LFP_SOC_SOH_Model/4_simulation_environment/campaigns/jes2_hecm_lookup_current_offset_20260901/runs/ocv_plus_10mV/C09/C09_mid_life/current_offset_pos_50mA/summary.json,/home/florianr/MG_Farm/1_Scripts/DL_Models/LFP_SOC_SOH_Model/4_simulation_environment/campaigns/jes2_hecm_full_lookup_sensitivity_20260901/runs/ocv_plus_10mV/C09/C09_mid_life/baseline/seed_42/summary.json
ocv_plus_10mV,OCV +10 mV,C09,C09_aged,current_offset_neg_50mA,-0.05,0.24147185851204855,0.06863518094652943,0.17283667756551913,2023,84377,/home/florianr/MG_Farm/1_Scripts/DL_Models/LFP_SOC_SOH_Model/4_simulation_environment/campaigns/jes2_hecm_lookup_current_offset_20260901/runs/ocv_plus_10mV/C09/C09_aged/current_offset_neg_50mA/summary.json,/home/florianr/MG_Farm/1_Scripts/DL_Models/LFP_SOC_SOH_Model/4_simulation_environment/campaigns/jes2_hecm_full_lookup_sensitivity_20260901/runs/ocv_plus_10mV/C09/C09_aged/baseline/seed_42/summary.json
ocv_plus_10mV,OCV +10 mV,C09,C09_aged,current_offset_pos_50mA,0.05,0.1436909335129256,0.06863518094652943,0.07505575256639618,2023,84377,/home/florianr/MG_Farm/1_Scripts/DL_Models/LFP_SOC_SOH_Model/4_simulation_environment/campaigns/jes2_hecm_lookup_current_offset_20260901/runs/ocv_plus_10mV/C09/C09_aged/current_offset_pos_50mA/summary.json,/home/florianr/MG_Farm/1_Scripts/DL_Models/LFP_SOC_SOH_Model/4_simulation_environment/campaigns/jes2_hecm_full_lookup_sensitivity_20260901/runs/ocv_plus_10mV/C09/C09_aged/baseline/seed_42/summary.json
ocv_plus_10mV,OCV +10 mV,C13,C13_fresh,current_offset_neg_50mA,-0.05,0.27284128888812764,0.008498329793741061,0.2643429590943866,2023,84377,/home/florianr/MG_Farm/1_Scripts/DL_Models/LFP_SOC_SOH_Model/4_simulation_environment/campaigns/jes2_hecm_lookup_current_offset_20260901/runs/ocv_plus_10mV/C13/C13_fresh/current_offset_neg_50mA/summary.json,/home/florianr/MG_Farm/1_Scripts/DL_Models/LFP_SOC_SOH_Model/4_simulation_environment/campaigns/jes2_hecm_full_lookup_sensitivity_20260901/runs/ocv_plus_10mV/C13/C13_fresh/baseline/seed_42/summary.json
ocv_plus_10mV,OCV +10 mV,C13,C13_fresh,current_offset_pos_50mA,0.05,0.03626138653254654,0.008498329793741061,0.02776305673880548,2023,84377,/home/florianr/MG_Farm/1_Scripts/DL_Models/LFP_SOC_SOH_Model/4_simulation_environment/campaigns/jes2_hecm_lookup_current_offset_20260901/runs/ocv_plus_10mV/C13/C13_fresh/current_offset_pos_50mA/summary.json,/home/florianr/MG_Farm/1_Scripts/DL_Models/LFP_SOC_SOH_Model/4_simulation_environment/campaigns/jes2_hecm_full_lookup_sensitivity_20260901/runs/ocv_plus_10mV/C13/C13_fresh/baseline/seed_42/summary.json
ocv_plus_10mV,OCV +10 mV,C13,C13_mid_life,current_offset_neg_50mA,-0.05,0.2690815209773106,0.023670293721503567,0.24541122725580702,2023,84377,/home/florianr/MG_Farm/1_Scripts/DL_Models/LFP_SOC_SOH_Model/4_simulation_environment/campaigns/jes2_hecm_lookup_current_offset_20260901/runs/ocv_plus_10mV/C13/C13_mid_life/current_offset_neg_50mA/summary.json,/home/florianr/MG_Farm/1_Scripts/DL_Models/LFP_SOC_SOH_Model/4_simulation_environment/campaigns/jes2_hecm_full_lookup_sensitivity_20260901/runs/ocv_plus_10mV/C13/C13_mid_life/baseline/seed_42/summary.json
ocv_plus_10mV,OCV +10 mV,C13,C13_mid_life,current_offset_pos_50mA,0.05,0.124582165407334,0.023670293721503567,0.10091187168583043,2023,84377,/home/florianr/MG_Farm/1_Scripts/DL_Models/LFP_SOC_SOH_Model/4_simulation_environment/campaigns/jes2_hecm_lookup_current_offset_20260901/runs/ocv_plus_10mV/C13/C13_mid_life/current_offset_pos_50mA/summary.json,/home/florianr/MG_Farm/1_Scripts/DL_Models/LFP_SOC_SOH_Model/4_simulation_environment/campaigns/jes2_hecm_full_lookup_sensitivity_20260901/runs/ocv_plus_10mV/C13/C13_mid_life/baseline/seed_42/summary.json
ocv_plus_10mV,OCV +10 mV,C13,C13_aged,current_offset_neg_50mA,-0.05,0.13391120620127903,0.05781706487597972,0.0760941413252993,2023,84377,/home/florianr/MG_Farm/1_Scripts/DL_Models/LFP_SOC_SOH_Model/4_simulation_environment/campaigns/jes2_hecm_lookup_current_offset_20260901/runs/ocv_plus_10mV/C13/C13_aged/current_offset_neg_50mA/summary.json,/home/florianr/MG_Farm/1_Scripts/DL_Models/LFP_SOC_SOH_Model/4_simulation_environment/campaigns/jes2_hecm_full_lookup_sensitivity_20260901/runs/ocv_plus_10mV/C13/C13_aged/baseline/seed_42/summary.json
ocv_plus_10mV,OCV +10 mV,C13,C13_aged,current_offset_pos_50mA,0.05,0.2402134101856931,0.05781706487597972,0.18239634530971338,2023,84377,/home/florianr/MG_Farm/1_Scripts/DL_Models/LFP_SOC_SOH_Model/4_simulation_environment/campaigns/jes2_hecm_lookup_current_offset_20260901/runs/ocv_plus_10mV/C13/C13_aged/current_offset_pos_50mA/summary.json,/home/florianr/MG_Farm/1_Scripts/DL_Models/LFP_SOC_SOH_Model/4_simulation_environment/campaigns/jes2_hecm_full_lookup_sensitivity_20260901/runs/ocv_plus_10mV/C13/C13_aged/baseline/seed_42/summary.json
ocv_plus_10mV,OCV +10 mV,C15,C15_fresh,current_offset_neg_50mA,-0.05,0.19401181408742596,0.01998337977348924,0.17402843431393672,2023,84377,/home/florianr/MG_Farm/1_Scripts/DL_Models/LFP_SOC_SOH_Model/4_simulation_environment/campaigns/jes2_hecm_lookup_current_offset_20260901/runs/ocv_plus_10mV/C15/C15_fresh/current_offset_neg_50mA/summary.json,/home/florianr/MG_Farm/1_Scripts/DL_Models/LFP_SOC_SOH_Model/4_simulation_environment/campaigns/jes2_hecm_full_lookup_sensitivity_20260901/runs/ocv_plus_10mV/C15/C15_fresh/baseline/seed_42/summary.json
ocv_plus_10mV,OCV +10 mV,C15,C15_fresh,current_offset_pos_50mA,0.05,0.07356880473751398,0.01998337977348924,0.05358542496402474,2023,84377,/home/florianr/MG_Farm/1_Scripts/DL_Models/LFP_SOC_SOH_Model/4_simulation_environment/campaigns/jes2_hecm_lookup_current_offset_20260901/runs/ocv_plus_10mV/C15/C15_fresh/current_offset_pos_50mA/summary.json,/home/florianr/MG_Farm/1_Scripts/DL_Models/LFP_SOC_SOH_Model/4_simulation_environment/campaigns/jes2_hecm_full_lookup_sensitivity_20260901/runs/ocv_plus_10mV/C15/C15_fresh/baseline/seed_42/summary.json
ocv_plus_10mV,OCV +10 mV,C15,C15_mid_life,current_offset_neg_50mA,-0.05,0.10362567886134834,0.035922845793977407,0.06770283306737093,2023,84377,/home/florianr/MG_Farm/1_Scripts/DL_Models/LFP_SOC_SOH_Model/4_simulation_environment/campaigns/jes2_hecm_lookup_current_offset_20260901/runs/ocv_plus_10mV/C15/C15_mid_life/current_offset_neg_50mA/summary.json,/home/florianr/MG_Farm/1_Scripts/DL_Models/LFP_SOC_SOH_Model/4_simulation_environment/campaigns/jes2_hecm_full_lookup_sensitivity_20260901/runs/ocv_plus_10mV/C15/C15_mid_life/baseline/seed_42/summary.json
ocv_plus_10mV,OCV +10 mV,C15,C15_mid_life,current_offset_pos_50mA,0.05,0.15010596142308436,0.035922845793977407,0.11418311562910695,2023,84377,/home/florianr/MG_Farm/1_Scripts/DL_Models/LFP_SOC_SOH_Model/4_simulation_environment/campaigns/jes2_hecm_lookup_current_offset_20260901/runs/ocv_plus_10mV/C15/C15_mid_life/current_offset_pos_50mA/summary.json,/home/florianr/MG_Farm/1_Scripts/DL_Models/LFP_SOC_SOH_Model/4_simulation_environment/campaigns/jes2_hecm_full_lookup_sensitivity_20260901/runs/ocv_plus_10mV/C15/C15_mid_life/baseline/seed_42/summary.json
ocv_plus_10mV,OCV +10 mV,C15,C15_aged,current_offset_neg_50mA,-0.05,0.13021920779438895,0.10440237849758288,0.025816829296806065,2023,84377,/home/florianr/MG_Farm/1_Scripts/DL_Models/LFP_SOC_SOH_Model/4_simulation_environment/campaigns/jes2_hecm_lookup_current_offset_20260901/runs/ocv_plus_10mV/C15/C15_aged/current_offset_neg_50mA/summary.json,/home/florianr/MG_Farm/1_Scripts/DL_Models/LFP_SOC_SOH_Model/4_simulation_environment/campaigns/jes2_hecm_full_lookup_sensitivity_20260901/runs/ocv_plus_10mV/C15/C15_aged/baseline/seed_42/summary.json
ocv_plus_10mV,OCV +10 mV,C15,C15_aged,current_offset_pos_50mA,0.05,0.20688935985459914,0.10440237849758288,0.10248698135701625,2023,84377,/home/florianr/MG_Farm/1_Scripts/DL_Models/LFP_SOC_SOH_Model/4_simulation_environment/campaigns/jes2_hecm_lookup_current_offset_20260901/runs/ocv_plus_10mV/C15/C15_aged/current_offset_pos_50mA/summary.json,/home/florianr/MG_Farm/1_Scripts/DL_Models/LFP_SOC_SOH_Model/4_simulation_environment/campaigns/jes2_hecm_full_lookup_sensitivity_20260901/runs/ocv_plus_10mV/C15/C15_aged/baseline/seed_42/summary.json
ocv_plus_10mV,OCV +10 mV,C25,C25_fresh,current_offset_neg_50mA,-0.05,0.21958644871607275,0.00877691053450623,0.2108095381815665,2023,84377,/home/florianr/MG_Farm/1_Scripts/DL_Models/LFP_SOC_SOH_Model/4_simulation_environment/campaigns/jes2_hecm_lookup_current_offset_20260901/runs/ocv_plus_10mV/C25/C25_fresh/current_offset_neg_50mA/summary.json,/home/florianr/MG_Farm/1_Scripts/DL_Models/LFP_SOC_SOH_Model/4_simulation_environment/campaigns/jes2_hecm_full_lookup_sensitivity_20260901/runs/ocv_plus_10mV/C25/C25_fresh/baseline/seed_42/summary.json
ocv_plus_10mV,OCV +10 mV,C25,C25_fresh,current_offset_pos_50mA,0.05,0.031283295736673086,0.00877691053450623,0.022506385202166856,2023,84377,/home/florianr/MG_Farm/1_Scripts/DL_Models/LFP_SOC_SOH_Model/4_simulation_environment/campaigns/jes2_hecm_lookup_current_offset_20260901/runs/ocv_plus_10mV/C25/C25_fresh/current_offset_pos_50mA/summary.json,/home/florianr/MG_Farm/1_Scripts/DL_Models/LFP_SOC_SOH_Model/4_simulation_environment/campaigns/jes2_hecm_full_lookup_sensitivity_20260901/runs/ocv_plus_10mV/C25/C25_fresh/baseline/seed_42/summary.json
ocv_plus_10mV,OCV +10 mV,C25,C25_mid_life,current_offset_neg_50mA,-0.05,0.18943164146754593,0.051604521636916034,0.1378271198306299,2023,84377,/home/florianr/MG_Farm/1_Scripts/DL_Models/LFP_SOC_SOH_Model/4_simulation_environment/campaigns/jes2_hecm_lookup_current_offset_20260901/runs/ocv_plus_10mV/C25/C25_mid_life/current_offset_neg_50mA/summary.json,/home/florianr/MG_Farm/1_Scripts/DL_Models/LFP_SOC_SOH_Model/4_simulation_environment/campaigns/jes2_hecm_full_lookup_sensitivity_20260901/runs/ocv_plus_10mV/C25/C25_mid_life/baseline/seed_42/summary.json
ocv_plus_10mV,OCV +10 mV,C25,C25_mid_life,current_offset_pos_50mA,0.05,0.13228405460616877,0.051604521636916034,0.08067953296925273,2023,84377,/home/florianr/MG_Farm/1_Scripts/DL_Models/LFP_SOC_SOH_Model/4_simulation_environment/campaigns/jes2_hecm_lookup_current_offset_20260901/runs/ocv_plus_10mV/C25/C25_mid_life/current_offset_pos_50mA/summary.json,/home/florianr/MG_Farm/1_Scripts/DL_Models/LFP_SOC_SOH_Model/4_simulation_environment/campaigns/jes2_hecm_full_lookup_sensitivity_20260901/runs/ocv_plus_10mV/C25/C25_mid_life/baseline/seed_42/summary.json
ocv_plus_10mV,OCV +10 mV,C25,C25_aged,current_offset_neg_50mA,-0.05,0.13502940354725776,0.08443116165521687,0.05059824189204089,2023,84377,/home/florianr/MG_Farm/1_Scripts/DL_Models/LFP_SOC_SOH_Model/4_simulation_environment/campaigns/jes2_hecm_lookup_current_offset_20260901/runs/ocv_plus_10mV/C25/C25_aged/current_offset_neg_50mA/summary.json,/home/florianr/MG_Farm/1_Scripts/DL_Models/LFP_SOC_SOH_Model/4_simulation_environment/campaigns/jes2_hecm_full_lookup_sensitivity_20260901/runs/ocv_plus_10mV/C25/C25_aged/baseline/seed_42/summary.json
ocv_plus_10mV,OCV +10 mV,C25,C25_aged,current_offset_pos_50mA,0.05,0.18324555909713397,0.08443116165521687,0.0988143974419171,2023,84377,/home/florianr/MG_Farm/1_Scripts/DL_Models/LFP_SOC_SOH_Model/4_simulation_environment/campaigns/jes2_hecm_lookup_current_offset_20260901/runs/ocv_plus_10mV/C25/C25_aged/current_offset_pos_50mA/summary.json,/home/florianr/MG_Farm/1_Scripts/DL_Models/LFP_SOC_SOH_Model/4_simulation_environment/campaigns/jes2_hecm_full_lookup_sensitivity_20260901/runs/ocv_plus_10mV/C25/C25_aged/baseline/seed_42/summary.json
ocv_plus_10mV,OCV +10 mV,C27,C27_fresh,current_offset_neg_50mA,-0.05,0.2852391774229318,0.032613545909159276,0.25262563151377254,2023,84377,/home/florianr/MG_Farm/1_Scripts/DL_Models/LFP_SOC_SOH_Model/4_simulation_environment/campaigns/jes2_hecm_lookup_current_offset_20260901/runs/ocv_plus_10mV/C27/C27_fresh/current_offset_neg_50mA/summary.json,/home/florianr/MG_Farm/1_Scripts/DL_Models/LFP_SOC_SOH_Model/4_simulation_environment/campaigns/jes2_hecm_full_lookup_sensitivity_20260901/runs/ocv_plus_10mV/C27/C27_fresh/baseline/seed_42/summary.json
ocv_plus_10mV,OCV +10 mV,C27,C27_fresh,current_offset_pos_50mA,0.05,0.03425842216373765,0.032613545909159276,0.0016448762545783757,2023,84377,/home/florianr/MG_Farm/1_Scripts/DL_Models/LFP_SOC_SOH_Model/4_simulation_environment/campaigns/jes2_hecm_lookup_current_offset_20260901/runs/ocv_plus_10mV/C27/C27_fresh/current_offset_pos_50mA/summary.json,/home/florianr/MG_Farm/1_Scripts/DL_Models/LFP_SOC_SOH_Model/4_simulation_environment/campaigns/jes2_hecm_full_lookup_sensitivity_20260901/runs/ocv_plus_10mV/C27/C27_fresh/baseline/seed_42/summary.json
ocv_plus_10mV,OCV +10 mV,C29,C29_fresh,current_offset_neg_50mA,-0.05,0.25530524239792696,0.008299813193047576,0.2470054292048794,2023,84377,/home/florianr/MG_Farm/1_Scripts/DL_Models/LFP_SOC_SOH_Model/4_simulation_environment/campaigns/jes2_hecm_lookup_current_offset_20260901/runs/ocv_plus_10mV/C29/C29_fresh/current_offset_neg_50mA/summary.json,/home/florianr/MG_Farm/1_Scripts/DL_Models/LFP_SOC_SOH_Model/4_simulation_environment/campaigns/jes2_hecm_full_lookup_sensitivity_20260901/runs/ocv_plus_10mV/C29/C29_fresh/baseline/seed_42/summary.json
ocv_plus_10mV,OCV +10 mV,C29,C29_fresh,current_offset_pos_50mA,0.05,0.03084878520741874,0.008299813193047576,0.022548972014371164,2023,84377,/home/florianr/MG_Farm/1_Scripts/DL_Models/LFP_SOC_SOH_Model/4_simulation_environment/campaigns/jes2_hecm_lookup_current_offset_20260901/runs/ocv_plus_10mV/C29/C29_fresh/current_offset_pos_50mA/summary.json,/home/florianr/MG_Farm/1_Scripts/DL_Models/LFP_SOC_SOH_Model/4_simulation_environment/campaigns/jes2_hecm_full_lookup_sensitivity_20260901/runs/ocv_plus_10mV/C29/C29_fresh/baseline/seed_42/summary.json
ocv_plus_10mV,OCV +10 mV,C29,C29_mid_life,current_offset_neg_50mA,-0.05,0.1958785075610574,0.02766351602694044,0.16821499153411695,2023,84377,/home/florianr/MG_Farm/1_Scripts/DL_Models/LFP_SOC_SOH_Model/4_simulation_environment/campaigns/jes2_hecm_lookup_current_offset_20260901/runs/ocv_plus_10mV/C29/C29_mid_life/current_offset_neg_50mA/summary.json,/home/florianr/MG_Farm/1_Scripts/DL_Models/LFP_SOC_SOH_Model/4_simulation_environment/campaigns/jes2_hecm_full_lookup_sensitivity_20260901/runs/ocv_plus_10mV/C29/C29_mid_life/baseline/seed_42/summary.json
ocv_plus_10mV,OCV +10 mV,C29,C29_mid_life,current_offset_pos_50mA,0.05,0.13269075455851245,0.02766351602694044,0.10502723853157202,2023,84377,/home/florianr/MG_Farm/1_Scripts/DL_Models/LFP_SOC_SOH_Model/4_simulation_environment/campaigns/jes2_hecm_lookup_current_offset_20260901/runs/ocv_plus_10mV/C29/C29_mid_life/current_offset_pos_50mA/summary.json,/home/florianr/MG_Farm/1_Scripts/DL_Models/LFP_SOC_SOH_Model/4_simulation_environment/campaigns/jes2_hecm_full_lookup_sensitivity_20260901/runs/ocv_plus_10mV/C29/C29_mid_life/baseline/seed_42/summary.json
ocv_plus_10mV,OCV +10 mV,C29,C29_aged,current_offset_neg_50mA,-0.05,0.20133496925447514,0.04612100303053434,0.1552139662239408,2023,84377,/home/florianr/MG_Farm/1_Scripts/DL_Models/LFP_SOC_SOH_Model/4_simulation_environment/campaigns/jes2_hecm_lookup_current_offset_20260901/runs/ocv_plus_10mV/C29/C29_aged/current_offset_neg_50mA/summary.json,/home/florianr/MG_Farm/1_Scripts/DL_Models/LFP_SOC_SOH_Model/4_simulation_environment/campaigns/jes2_hecm_full_lookup_sensitivity_20260901/runs/ocv_plus_10mV/C29/C29_aged/baseline/seed_42/summary.json
ocv_plus_10mV,OCV +10 mV,C29,C29_aged,current_offset_pos_50mA,0.05,0.1816638908114874,0.04612100303053434,0.13554288778095305,2023,84377,/home/florianr/MG_Farm/1_Scripts/DL_Models/LFP_SOC_SOH_Model/4_simulation_environment/campaigns/jes2_hecm_lookup_current_offset_20260901/runs/ocv_plus_10mV/C29/C29_aged/current_offset_pos_50mA/summary.json,/home/florianr/MG_Farm/1_Scripts/DL_Models/LFP_SOC_SOH_Model/4_simulation_environment/campaigns/jes2_hecm_full_lookup_sensitivity_20260901/runs/ocv_plus_10mV/C29/C29_aged/baseline/seed_42/summary.json
